AnnoMese;SKU;GiacenzaPezzi;SafetyStock;ReorderPoint;ValoreGiacenza;GiorniCopertura;FlagStockout;FlagDeadStock
2024-01;MLT-03-0325;35;30,4;49,4;18142,32;25,8;0;0
2024-02;MLT-03-0325;58;30,4;49,4;30064,41;42,7;0;0
2024-03;MLT-03-0325;57;30,4;49,4;29546,06;42,0;0;0
2024-04;MLT-03-0325;66;30,4;49,4;34211,23;48,6;0;0
2024-05;MLT-03-0325;50;30,4;49,4;25917,6;36,8;0;0
2024-06;MLT-03-0325;30;30,4;49,4;15550,56;22,1;0;0
2024-07;MLT-03-0325;21;30,4;49,4;10885,39;15,5;0;0
2024-08;MLT-03-0325;74;30,4;49,4;38358,04;54,5;0;0
2024-09;MLT-03-0325;0;30,4;49,4;0,0;0,0;1;0
2024-10;MLT-03-0325;35;30,4;49,4;18142,32;25,8;0;0
2024-11;MLT-03-0325;23;30,4;49,4;11922,09;16,9;0;0
2024-12;MLT-03-0325;51;30,4;49,4;26435,95;37,5;0;0
2025-01;MLT-03-0325;36;30,4;49,4;18660,67;26,5;0;0
2025-02;MLT-03-0325;38;30,4;49,4;19697,37;28,0;0;0
2025-03;MLT-03-0325;68;30,4;49,4;35247,93;50,1;0;0
2025-04;MLT-03-0325;35;30,4;49,4;18142,32;25,8;0;0
2025-05;MLT-03-0325;20;30,4;49,4;10367,04;14,7;0;0
2025-06;MLT-03-0325;73;30,4;49,4;37839,69;53,7;0;0
2025-07;MLT-03-0325;70;30,4;49,4;36284,64;51,5;0;0
2025-08;MLT-03-0325;79;30,4;49,4;40949,8;58,2;0;0
2025-09;MLT-03-0325;62;30,4;49,4;32137,82;45,6;0;0
2025-10;MLT-03-0325;31;30,4;49,4;16068,91;22,8;0;0
2025-11;MLT-03-0325;78;30,4;49,4;40431,45;57,4;0;0
2025-12;MLT-03-0325;39;30,4;49,4;20215,73;28,7;0;0
2024-01;LOAD-04-0781;50;28,4;46,2;33821,32;84,5;0;0
2024-02;LOAD-04-0781;20;28,4;46,2;13528,53;33,8;0;0
2024-03;LOAD-04-0781;31;28,4;46,2;20969,22;52,4;0;0
2024-04;LOAD-04-0781;56;28,4;46,2;37879,88;94,6;0;0
2024-05;LOAD-04-0781;61;28,4;46,2;41262,01;103,1;0;0
2024-06;LOAD-04-0781;46;28,4;46,2;31115,61;77,7;0;0
2024-07;LOAD-04-0781;74;28,4;46,2;50055,55;125,1;0;0
2024-08;LOAD-04-0781;44;28,4;46,2;29762,76;74,4;0;0
2024-09;LOAD-04-0781;0;28,4;46,2;0,0;0,0;1;0
2024-10;LOAD-04-0781;57;28,4;46,2;38556,3;96,3;0;0
2024-11;LOAD-04-0781;0;28,4;46,2;0,0;0,0;1;0
2024-12;LOAD-04-0781;7;28,4;46,2;4734,98;11,8;0;0
2025-01;LOAD-04-0781;36;28,4;46,2;24351,35;60,8;0;0
2025-02;LOAD-04-0781;58;28,4;46,2;39232,73;98,0;0;0
2025-03;LOAD-04-0781;58;28,4;46,2;39232,73;98,0;0;0
2025-04;LOAD-04-0781;39;28,4;46,2;26380,63;65,9;0;0
2025-05;LOAD-04-0781;54;28,4;46,2;36527,02;91,3;0;0
2025-06;LOAD-04-0781;16;28,4;46,2;10822,82;27,0;0;0
2025-07;LOAD-04-0781;101;28,4;46,2;68319,06;170,7;0;0
2025-08;LOAD-04-0781;40;28,4;46,2;27057,05;67,6;0;0
2025-09;LOAD-04-0781;42;28,4;46,2;28409,91;71,0;0;0
2025-10;LOAD-04-0781;40;28,4;46,2;27057,05;67,6;0;0
2025-11;LOAD-04-0781;72;28,4;46,2;48702,7;121,7;0;0
2025-12;LOAD-04-0781;49;28,4;46,2;33144,89;82,8;0;0
2024-01;MLT-07-0311;23;11,9;21,9;7832,56;11,6;0;0
2024-02;MLT-07-0311;17;11,9;21,9;5789,28;8,5;0;0
2024-03;MLT-07-0311;17;11,9;21,9;5789,28;8,5;0;0
2024-04;MLT-07-0311;23;11,9;21,9;7832,56;11,6;0;0
2024-05;MLT-07-0311;21;11,9;21,9;7151,46;10,6;0;0
2024-06;MLT-07-0311;22;11,9;21,9;7492,01;11,1;0;0
2024-07;MLT-07-0311;15;11,9;21,9;5108,19;7,5;0;0
2024-08;MLT-07-0311;33;11,9;21,9;11238,02;16,6;0;0
2024-09;MLT-07-0311;27;11,9;21,9;9194,74;13,6;0;0
2024-10;MLT-07-0311;40;11,9;21,9;13621,84;20,1;0;0
2024-11;MLT-07-0311;28;11,9;21,9;9535,29;14,1;0;0
2024-12;MLT-07-0311;24;11,9;21,9;8173,1;12,1;0;0
2025-01;MLT-07-0311;21;11,9;21,9;7151,46;10,6;0;0
2025-02;MLT-07-0311;33;11,9;21,9;11238,02;16,6;0;0
2025-03;MLT-07-0311;22;11,9;21,9;7492,01;11,1;0;0
2025-04;MLT-07-0311;11;11,9;21,9;3746,01;5,5;0;0
2025-05;MLT-07-0311;13;11,9;21,9;4427,1;6,5;0;0
2025-06;MLT-07-0311;0;11,9;21,9;0,0;0,0;1;0
2025-07;MLT-07-0311;36;11,9;21,9;12259,65;18,1;0;0
2025-08;MLT-07-0311;37;11,9;21,9;12600,2;18,6;0;0
2025-09;MLT-07-0311;7;11,9;21,9;2383,82;3,5;0;0
2025-10;MLT-07-0311;11;11,9;21,9;3746,01;5,5;0;0
2025-11;MLT-07-0311;13;11,9;21,9;4427,1;6,5;0;0
2025-12;MLT-07-0311;14;11,9;21,9;4767,64;7,0;0;0
2024-01;LOAD-M-10-0819;37;16,5;30,3;15973,17;80,5;0;0
2024-02;LOAD-M-10-0819;35;16,5;30,3;15109,75;76,1;0;0
2024-03;LOAD-M-10-0819;34;16,5;30,3;14678,05;74,0;0;0
2024-04;LOAD-M-10-0819;38;16,5;30,3;16404,88;82,7;0;0
2024-05;LOAD-M-10-0819;36;16,5;30,3;15541,46;78,3;0;0
2024-06;LOAD-M-10-0819;38;16,5;30,3;16404,88;82,7;0;0
2024-07;LOAD-M-10-0819;6;16,5;30,3;2590,24;13,1;0;0
2024-08;LOAD-M-10-0819;20;16,5;30,3;8634,14;43,5;0;0
2024-09;LOAD-M-10-0819;39;16,5;30,3;16836,58;84,8;0;0
2024-10;LOAD-M-10-0819;2;16,5;30,3;863,41;4,4;0;0
2024-11;LOAD-M-10-0819;51;16,5;30,3;22017,07;110,9;0;0
2024-12;LOAD-M-10-0819;49;16,5;30,3;21153,65;106,6;0;0
2025-01;LOAD-M-10-0819;32;16,5;30,3;13814,63;69,6;0;0
2025-02;LOAD-M-10-0819;35;16,5;30,3;15109,75;76,1;0;0
2025-03;LOAD-M-10-0819;25;16,5;30,3;10792,68;54,4;0;0
2025-04;LOAD-M-10-0819;49;16,5;30,3;21153,65;106,6;0;0
2025-05;LOAD-M-10-0819;40;16,5;30,3;17268,29;87,0;0;0
2025-06;LOAD-M-10-0819;33;16,5;30,3;14246,34;71,8;0;0
2025-07;LOAD-M-10-0819;7;16,5;30,3;3021,95;15,2;0;0
2025-08;LOAD-M-10-0819;47;16,5;30,3;20290,24;102,2;0;0
2025-09;LOAD-M-10-0819;17;16,5;30,3;7339,02;37,0;0;0
2025-10;LOAD-M-10-0819;39;16,5;30,3;16836,58;84,8;0;0
2025-11;LOAD-M-10-0819;25;16,5;30,3;10792,68;54,4;0;0
2025-12;LOAD-M-10-0819;35;16,5;30,3;15109,75;76,1;0;0
2024-01;MT-07-0094;18;6,2;10,1;7991,65;13,9;0;0
2024-02;MT-07-0094;2;6,2;10,1;887,96;1,5;0;0
2024-03;MT-07-0094;9;6,2;10,1;3995,83;6,9;0;0
2024-04;MT-07-0094;5;6,2;10,1;2219,9;3,9;0;0
2024-05;MT-07-0094;6;6,2;10,1;2663,88;4,6;0;0
2024-06;MT-07-0094;11;6,2;10,1;4883,79;8,5;0;0
2024-07;MT-07-0094;5;6,2;10,1;2219,9;3,9;0;0
2024-08;MT-07-0094;4;6,2;10,1;1775,92;3,1;0;0
2024-09;MT-07-0094;6;6,2;10,1;2663,88;4,6;0;0
2024-10;MT-07-0094;19;6,2;10,1;8435,63;14,7;0;0
2024-11;MT-07-0094;9;6,2;10,1;3995,83;6,9;0;0
2024-12;MT-07-0094;6;6,2;10,1;2663,88;4,6;0;0
2025-01;MT-07-0094;12;6,2;10,1;5327,77;9,3;0;0
2025-02;MT-07-0094;3;6,2;10,1;1331,94;2,3;0;0
2025-03;MT-07-0094;10;6,2;10,1;4439,81;7,7;0;0
2025-04;MT-07-0094;14;6,2;10,1;6215,73;10,8;0;0
2025-05;MT-07-0094;10;6,2;10,1;4439,81;7,7;0;0
2025-06;MT-07-0094;8;6,2;10,1;3551,85;6,2;0;0
2025-07;MT-07-0094;0;6,2;10,1;0,0;0,0;1;0
2025-08;MT-07-0094;15;6,2;10,1;6659,71;11,6;0;0
2025-09;MT-07-0094;9;6,2;10,1;3995,83;6,9;0;0
2025-10;MT-07-0094;16;6,2;10,1;7103,69;12,3;0;0
2025-11;MT-07-0094;18;6,2;10,1;7991,65;13,9;0;0
2025-12;MT-07-0094;4;6,2;10,1;1775,92;3,1;0;0
2024-01;AWP-02-0677;24;11,5;21,2;6497,06;34,9;0;0
2024-02;AWP-02-0677;8;11,5;21,2;2165,69;11,6;0;0
2024-03;AWP-02-0677;28;11,5;21,2;7579,9;40,7;0;0
2024-04;AWP-02-0677;17;11,5;21,2;4602,08;24,7;0;0
2024-05;AWP-02-0677;29;11,5;21,2;7850,62;42,2;0;0
2024-06;AWP-02-0677;13;11,5;21,2;3519,24;18,9;0;0
2024-07;AWP-02-0677;13;11,5;21,2;3519,24;18,9;0;0
2024-08;AWP-02-0677;8;11,5;21,2;2165,69;11,6;0;0
2024-09;AWP-02-0677;17;11,5;21,2;4602,08;24,7;0;0
2024-10;AWP-02-0677;36;11,5;21,2;9745,59;52,4;0;0
2024-11;AWP-02-0677;0;11,5;21,2;0,0;0,0;1;0
2024-12;AWP-02-0677;2;11,5;21,2;541,42;2,9;0;0
2025-01;AWP-02-0677;15;11,5;21,2;4060,66;21,8;0;0
2025-02;AWP-02-0677;11;11,5;21,2;2977,82;16,0;0;0
2025-03;AWP-02-0677;5;11,5;21,2;1353,55;7,3;0;0
2025-04;AWP-02-0677;36;11,5;21,2;9745,59;52,4;0;0
2025-05;AWP-02-0677;12;11,5;21,2;3248,53;17,5;0;0
2025-06;AWP-02-0677;34;11,5;21,2;9204,17;49,5;0;0
2025-07;AWP-02-0677;11;11,5;21,2;2977,82;16,0;0;0
2025-08;AWP-02-0677;0;11,5;21,2;0,0;0,0;1;0
2025-09;AWP-02-0677;26;11,5;21,2;7038,48;37,8;0;0
2025-10;AWP-02-0677;35;11,5;21,2;9474,88;50,9;0;0
2025-11;AWP-02-0677;28;11,5;21,2;7579,9;40,7;0;0
2025-12;AWP-02-0677;34;11,5;21,2;9204,17;49,5;0;0
2024-01;MI-MC-10-0481;8;8,6;15,8;2457,25;11,2;0;0
2024-02;MI-MC-10-0481;4;8,6;15,8;1228,62;5,6;0;0
2024-03;MI-MC-10-0481;19;8,6;15,8;5835,97;26,5;0;0
2024-04;MI-MC-10-0481;11;8,6;15,8;3378,72;15,3;0;0
2024-05;MI-MC-10-0481;20;8,6;15,8;6143,12;27,9;0;0
2024-06;MI-MC-10-0481;10;8,6;15,8;3071,56;14,0;0;0
2024-07;MI-MC-10-0481;12;8,6;15,8;3685,87;16,7;0;0
2024-08;MI-MC-10-0481;18;8,6;15,8;5528,81;25,1;0;0
2024-09;MI-MC-10-0481;15;8,6;15,8;4607,34;20,9;0;0
2024-10;MI-MC-10-0481;15;8,6;15,8;4607,34;20,9;0;0
2024-11;MI-MC-10-0481;11;8,6;15,8;3378,72;15,3;0;0
2024-12;MI-MC-10-0481;26;8,6;15,8;7986,06;36,3;0;0
2025-01;MI-MC-10-0481;15;8,6;15,8;4607,34;20,9;0;0
2025-02;MI-MC-10-0481;10;8,6;15,8;3071,56;14,0;0;0
2025-03;MI-MC-10-0481;17;8,6;15,8;5221,66;23,7;0;0
2025-04;MI-MC-10-0481;7;8,6;15,8;2150,09;9,8;0;0
2025-05;MI-MC-10-0481;19;8,6;15,8;5835,97;26,5;0;0
2025-06;MI-MC-10-0481;28;8,6;15,8;8600,37;39,1;0;0
2025-07;MI-MC-10-0481;15;8,6;15,8;4607,34;20,9;0;0
2025-08;MI-MC-10-0481;6;8,6;15,8;1842,94;8,4;0;0
2025-09;MI-MC-10-0481;5;8,6;15,8;1535,78;7,0;0;0
2025-10;MI-MC-10-0481;13;8,6;15,8;3993,03;18,1;0;0
2025-11;MI-MC-10-0481;6;8,6;15,8;1842,94;8,4;0;0
2025-12;MI-MC-10-0481;5;8,6;15,8;1535,78;7,0;0;0
2024-01;LOAD-M-04-0852;5;3,1;5,1;2423,0;12,9;0;0
2024-02;LOAD-M-04-0852;3;3,1;5,1;1453,8;7,7;0;0
2024-03;LOAD-M-04-0852;6;3,1;5,1;2907,6;15,4;0;0
2024-04;LOAD-M-04-0852;5;3,1;5,1;2423,0;12,9;0;0
2024-05;LOAD-M-04-0852;3;3,1;5,1;1453,8;7,7;0;0
2024-06;LOAD-M-04-0852;8;3,1;5,1;3876,8;20,6;0;0
2024-07;LOAD-M-04-0852;7;3,1;5,1;3392,2;18,0;0;0
2024-08;LOAD-M-04-0852;4;3,1;5,1;1938,4;10,3;0;0
2024-09;LOAD-M-04-0852;2;3,1;5,1;969,2;5,1;0;0
2024-10;LOAD-M-04-0852;7;3,1;5,1;3392,2;18,0;0;0
2024-11;LOAD-M-04-0852;8;3,1;5,1;3876,8;20,6;0;0
2024-12;LOAD-M-04-0852;3;3,1;5,1;1453,8;7,7;0;0
2025-01;LOAD-M-04-0852;3;3,1;5,1;1453,8;7,7;0;0
2025-02;LOAD-M-04-0852;9;3,1;5,1;4361,4;23,1;0;0
2025-03;LOAD-M-04-0852;9;3,1;5,1;4361,4;23,1;0;0
2025-04;LOAD-M-04-0852;4;3,1;5,1;1938,4;10,3;0;0
2025-05;LOAD-M-04-0852;3;3,1;5,1;1453,8;7,7;0;0
2025-06;LOAD-M-04-0852;5;3,1;5,1;2423,0;12,9;0;0
2025-07;LOAD-M-04-0852;3;3,1;5,1;1453,8;7,7;0;0
2025-08;LOAD-M-04-0852;5;3,1;5,1;2423,0;12,9;0;0
2025-09;LOAD-M-04-0852;6;3,1;5,1;2907,6;15,4;0;0
2025-10;LOAD-M-04-0852;7;3,1;5,1;3392,2;18,0;0;0
2025-11;LOAD-M-04-0852;7;3,1;5,1;3392,2;18,0;0;0
2025-12;LOAD-M-04-0852;1;3,1;5,1;484,6;2,6;0;0
2024-01;MRT-07-0380;0;3,0;4,9;0,0;0,0;1;0
2024-02;MRT-07-0380;7;3,0;4,9;2957,07;11,2;0;0
2024-03;MRT-07-0380;5;3,0;4,9;2112,2;8,0;0;0
2024-04;MRT-07-0380;6;3,0;4,9;2534,63;9,6;0;0
2024-05;MRT-07-0380;4;3,0;4,9;1689,76;6,4;0;0
2024-06;MRT-07-0380;8;3,0;4,9;3379,51;12,7;0;0
2024-07;MRT-07-0380;6;3,0;4,9;2534,63;9,6;0;0
2024-08;MRT-07-0380;3;3,0;4,9;1267,32;4,8;0;0
2024-09;MRT-07-0380;7;3,0;4,9;2957,07;11,2;0;0
2024-10;MRT-07-0380;0;3,0;4,9;0,0;0,0;1;0
2024-11;MRT-07-0380;0;3,0;4,9;0,0;0,0;1;0
2024-12;MRT-07-0380;5;3,0;4,9;2112,2;8,0;0;0
2025-01;MRT-07-0380;7;3,0;4,9;2957,07;11,2;0;0
2025-02;MRT-07-0380;3;3,0;4,9;1267,32;4,8;0;0
2025-03;MRT-07-0380;5;3,0;4,9;2112,2;8,0;0;0
2025-04;MRT-07-0380;5;3,0;4,9;2112,2;8,0;0;0
2025-05;MRT-07-0380;5;3,0;4,9;2112,2;8,0;0;0
2025-06;MRT-07-0380;7;3,0;4,9;2957,07;11,2;0;0
2025-07;MRT-07-0380;7;3,0;4,9;2957,07;11,2;0;0
2025-08;MRT-07-0380;5;3,0;4,9;2112,2;8,0;0;0
2025-09;MRT-07-0380;2;3,0;4,9;844,88;3,2;0;0
2025-10;MRT-07-0380;4;3,0;4,9;1689,76;6,4;0;0
2025-11;MRT-07-0380;4;3,0;4,9;1689,76;6,4;0;0
2025-12;MRT-07-0380;1;3,0;4,9;422,44;1,6;0;0
2024-01;MT-07-0054;2;3,6;6,6;824,42;2,0;0;0
2024-02;MT-07-0054;5;3,6;6,6;2061,06;5,0;0;0
2024-03;MT-07-0054;3;3,6;6,6;1236,63;3,0;0;0
2024-04;MT-07-0054;4;3,6;6,6;1648,85;4,0;0;0
2024-05;MT-07-0054;8;3,6;6,6;3297,69;8,0;0;0
2024-06;MT-07-0054;10;3,6;6,6;4122,11;10,0;0;0
2024-07;MT-07-0054;7;3,6;6,6;2885,48;7,0;0;0
2024-08;MT-07-0054;6;3,6;6,6;2473,27;6,0;0;0
2024-09;MT-07-0054;5;3,6;6,6;2061,06;5,0;0;0
2024-10;MT-07-0054;8;3,6;6,6;3297,69;8,0;0;0
2024-11;MT-07-0054;6;3,6;6,6;2473,27;6,0;0;0
2024-12;MT-07-0054;4;3,6;6,6;1648,85;4,0;0;0
2025-01;MT-07-0054;1;3,6;6,6;412,21;1,0;0;0
2025-02;MT-07-0054;8;3,6;6,6;3297,69;8,0;0;0
2025-03;MT-07-0054;1;3,6;6,6;412,21;1,0;0;0
2025-04;MT-07-0054;9;3,6;6,6;3709,9;9,0;0;0
2025-05;MT-07-0054;8;3,6;6,6;3297,69;8,0;0;0
2025-06;MT-07-0054;7;3,6;6,6;2885,48;7,0;0;0
2025-07;MT-07-0054;6;3,6;6,6;2473,27;6,0;0;0
2025-08;MT-07-0054;9;3,6;6,6;3709,9;9,0;0;0
2025-09;MT-07-0054;4;3,6;6,6;1648,85;4,0;0;0
2025-10;MT-07-0054;5;3,6;6,6;2061,06;5,0;0;0
2025-11;MT-07-0054;1;3,6;6,6;412,21;1,0;0;0
2025-12;MT-07-0054;4;3,6;6,6;1648,85;4,0;0;0
2024-01;MLT-07-0222;24;28,4;52,1;6300,27;14,2;0;0
2024-02;MLT-07-0222;12;28,4;52,1;3150,13;7,1;0;0
2024-03;MLT-07-0222;86;28,4;52,1;22575,96;50,8;0;0
2024-04;MLT-07-0222;71;28,4;52,1;18638,29;42,0;0;0
2024-05;MLT-07-0222;44;28,4;52,1;11550,49;26,0;0;0
2024-06;MLT-07-0222;4;28,4;52,1;1050,04;2,4;0;0
2024-07;MLT-07-0222;58;28,4;52,1;15225,65;34,3;0;0
2024-08;MLT-07-0222;61;28,4;52,1;16013,18;36,1;0;0
2024-09;MLT-07-0222;54;28,4;52,1;14175,6;31,9;0;0
2024-10;MLT-07-0222;14;28,4;52,1;3675,16;8,3;0;0
2024-11;MLT-07-0222;78;28,4;52,1;20475,87;46,1;0;0
2024-12;MLT-07-0222;97;28,4;52,1;25463,58;57,3;0;0
2025-01;MLT-07-0222;44;28,4;52,1;11550,49;26,0;0;0
2025-02;MLT-07-0222;16;28,4;52,1;4200,18;9,5;0;0
2025-03;MLT-07-0222;54;28,4;52,1;14175,6;31,9;0;0
2025-04;MLT-07-0222;16;28,4;52,1;4200,18;9,5;0;0
2025-05;MLT-07-0222;47;28,4;52,1;12338,02;27,8;0;0
2025-06;MLT-07-0222;59;28,4;52,1;15488,16;34,9;0;0
2025-07;MLT-07-0222;32;28,4;52,1;8400,36;18,9;0;0
2025-08;MLT-07-0222;82;28,4;52,1;21525,91;48,5;0;0
2025-09;MLT-07-0222;58;28,4;52,1;15225,65;34,3;0;0
2025-10;MLT-07-0222;67;28,4;52,1;17588,25;39,6;0;0
2025-11;MLT-07-0222;75;28,4;52,1;19688,34;44,3;0;0
2025-12;MLT-07-0222;71;28,4;52,1;18638,29;42,0;0;0
2024-01;MI-MC-02-0516;11;4,0;6,5;2732,3;13,1;0;0
2024-02;MI-MC-02-0516;5;4,0;6,5;1241,95;6,0;0;0
2024-03;MI-MC-02-0516;9;4,0;6,5;2235,52;10,7;0;0
2024-04;MI-MC-02-0516;6;4,0;6,5;1490,34;7,2;0;0
2024-05;MI-MC-02-0516;5;4,0;6,5;1241,95;6,0;0;0
2024-06;MI-MC-02-0516;5;4,0;6,5;1241,95;6,0;0;0
2024-07;MI-MC-02-0516;7;4,0;6,5;1738,73;8,4;0;0
2024-08;MI-MC-02-0516;4;4,0;6,5;993,56;4,8;0;0
2024-09;MI-MC-02-0516;1;4,0;6,5;248,39;1,2;0;0
2024-10;MI-MC-02-0516;8;4,0;6,5;1987,12;9,6;0;0
2024-11;MI-MC-02-0516;7;4,0;6,5;1738,73;8,4;0;0
2024-12;MI-MC-02-0516;5;4,0;6,5;1241,95;6,0;0;0
2025-01;MI-MC-02-0516;9;4,0;6,5;2235,52;10,7;0;0
2025-02;MI-MC-02-0516;0;4,0;6,5;0,0;0,0;1;0
2025-03;MI-MC-02-0516;9;4,0;6,5;2235,52;10,7;0;0
2025-04;MI-MC-02-0516;1;4,0;6,5;248,39;1,2;0;0
2025-05;MI-MC-02-0516;4;4,0;6,5;993,56;4,8;0;0
2025-06;MI-MC-02-0516;8;4,0;6,5;1987,12;9,6;0;0
2025-07;MI-MC-02-0516;9;4,0;6,5;2235,52;10,7;0;0
2025-08;MI-MC-02-0516;7;4,0;6,5;1738,73;8,4;0;0
2025-09;MI-MC-02-0516;5;4,0;6,5;1241,95;6,0;0;0
2025-10;MI-MC-02-0516;8;4,0;6,5;1987,12;9,6;0;0
2025-11;MI-MC-02-0516;12;4,0;6,5;2980,69;14,3;0;0
2025-12;MI-MC-02-0516;4;4,0;6,5;993,56;4,8;0;0
2024-01;MI-MC-04-0482;6;3,2;5,9;2212,86;15,5;0;0
2024-02;MI-MC-04-0482;3;3,2;5,9;1106,43;7,8;0;0
2024-03;MI-MC-04-0482;8;3,2;5,9;2950,48;20,7;0;0
2024-04;MI-MC-04-0482;8;3,2;5,9;2950,48;20,7;0;0
2024-05;MI-MC-04-0482;8;3,2;5,9;2950,48;20,7;0;0
2024-06;MI-MC-04-0482;7;3,2;5,9;2581,67;18,1;0;0
2024-07;MI-MC-04-0482;3;3,2;5,9;1106,43;7,8;0;0
2024-08;MI-MC-04-0482;4;3,2;5,9;1475,24;10,4;0;0
2024-09;MI-MC-04-0482;4;3,2;5,9;1475,24;10,4;0;0
2024-10;MI-MC-04-0482;8;3,2;5,9;2950,48;20,7;0;0
2024-11;MI-MC-04-0482;6;3,2;5,9;2212,86;15,5;0;0
2024-12;MI-MC-04-0482;5;3,2;5,9;1844,05;12,9;0;0
2025-01;MI-MC-04-0482;7;3,2;5,9;2581,67;18,1;0;0
2025-02;MI-MC-04-0482;2;3,2;5,9;737,62;5,2;0;0
2025-03;MI-MC-04-0482;1;3,2;5,9;368,81;2,6;0;0
2025-04;MI-MC-04-0482;4;3,2;5,9;1475,24;10,4;0;0
2025-05;MI-MC-04-0482;11;3,2;5,9;4056,91;28,5;0;0
2025-06;MI-MC-04-0482;6;3,2;5,9;2212,86;15,5;0;0
2025-07;MI-MC-04-0482;5;3,2;5,9;1844,05;12,9;0;0
2025-08;MI-MC-04-0482;8;3,2;5,9;2950,48;20,7;0;0
2025-09;MI-MC-04-0482;0;3,2;5,9;0,0;0,0;1;0
2025-10;MI-MC-04-0482;5;3,2;5,9;1844,05;12,9;0;0
2025-11;MI-MC-04-0482;6;3,2;5,9;2212,86;15,5;0;0
2025-12;MI-MC-04-0482;9;3,2;5,9;3319,29;23,3;0;0
2024-01;AWP-04-0672;26;10,9;20,1;17976,25;128,2;0;0
2024-02;AWP-04-0672;19;10,9;20,1;13136,49;93,7;0;0
2024-03;AWP-04-0672;16;10,9;20,1;11062,31;78,9;0;0
2024-04;AWP-04-0672;15;10,9;20,1;10370,92;74,0;0;0
2024-05;AWP-04-0672;10;10,9;20,1;6913,94;49,3;0;0
2024-06;AWP-04-0672;15;10,9;20,1;10370,92;74,0;0;0
2024-07;AWP-04-0672;17;10,9;20,1;11753,7;83,8;0;0
2024-08;AWP-04-0672;19;10,9;20,1;13136,49;93,7;0;0
2024-09;AWP-04-0672;26;10,9;20,1;17976,25;128,2;0;0
2024-10;AWP-04-0672;40;10,9;20,1;27655,78;197,3;0;0
2024-11;AWP-04-0672;23;10,9;20,1;15902,07;113,4;0;0
2024-12;AWP-04-0672;27;10,9;20,1;18667,65;133,2;0;0
2025-01;AWP-04-0672;27;10,9;20,1;18667,65;133,2;0;0
2025-02;AWP-04-0672;19;10,9;20,1;13136,49;93,7;0;0
2025-03;AWP-04-0672;10;10,9;20,1;6913,94;49,3;0;0
2025-04;AWP-04-0672;14;10,9;20,1;9679,52;69,0;0;0
2025-05;AWP-04-0672;34;10,9;20,1;23507,41;167,7;0;0
2025-06;AWP-04-0672;20;10,9;20,1;13827,89;98,6;0;0
2025-07;AWP-04-0672;0;10,9;20,1;0,0;0,0;1;0
2025-08;AWP-04-0672;19;10,9;20,1;13136,49;93,7;0;0
2025-09;AWP-04-0672;23;10,9;20,1;15902,07;113,4;0;0
2025-10;AWP-04-0672;19;10,9;20,1;13136,49;93,7;0;0
2025-11;AWP-04-0672;12;10,9;20,1;8296,73;59,2;0;0
2025-12;AWP-04-0672;15;10,9;20,1;10370,92;74,0;0;0
2024-01;MRT-10-0393;5;2,1;3,3;1477,4;11,7;0;0
2024-02;MRT-10-0393;6;2,1;3,3;1772,88;14,0;0;0
2024-03;MRT-10-0393;5;2,1;3,3;1477,4;11,7;0;0
2024-04;MRT-10-0393;4;2,1;3,3;1181,92;9,3;0;0
2024-05;MRT-10-0393;3;2,1;3,3;886,44;7,0;0;0
2024-06;MRT-10-0393;5;2,1;3,3;1477,4;11,7;0;0
2024-07;MRT-10-0393;4;2,1;3,3;1181,92;9,3;0;0
2024-08;MRT-10-0393;6;2,1;3,3;1772,88;14,0;0;0
2024-09;MRT-10-0393;2;2,1;3,3;590,96;4,7;0;0
2024-10;MRT-10-0393;3;2,1;3,3;886,44;7,0;0;0
2024-11;MRT-10-0393;3;2,1;3,3;886,44;7,0;0;0
2024-12;MRT-10-0393;2;2,1;3,3;590,96;4,7;0;0
2025-01;MRT-10-0393;3;2,1;3,3;886,44;7,0;0;0
2025-02;MRT-10-0393;2;2,1;3,3;590,96;4,7;0;0
2025-03;MRT-10-0393;4;2,1;3,3;1181,92;9,3;0;0
2025-04;MRT-10-0393;2;2,1;3,3;590,96;4,7;0;0
2025-05;MRT-10-0393;1;2,1;3,3;295,48;2,3;0;0
2025-06;MRT-10-0393;1;2,1;3,3;295,48;2,3;0;0
2025-07;MRT-10-0393;0;2,1;3,3;0,0;0,0;1;0
2025-08;MRT-10-0393;3;2,1;3,3;886,44;7,0;0;0
2025-09;MRT-10-0393;2;2,1;3,3;590,96;4,7;0;0
2025-10;MRT-10-0393;3;2,1;3,3;886,44;7,0;0;0
2025-11;MRT-10-0393;0;2,1;3,3;0,0;0,0;1;0
2025-12;MRT-10-0393;2;2,1;3,3;590,96;4,7;0;0
2024-01;MLT-10-0204;8;11,2;18,2;937,0;3,4;0;0
2024-02;MLT-10-0204;23;11,2;18,2;2693,88;9,9;0;0
2024-03;MLT-10-0204;24;11,2;18,2;2811,0;10,3;0;0
2024-04;MLT-10-0204;21;11,2;18,2;2459,63;9,0;0;0
2024-05;MLT-10-0204;19;11,2;18,2;2225,38;8,2;0;0
2024-06;MLT-10-0204;10;11,2;18,2;1171,25;4,3;0;0
2024-07;MLT-10-0204;24;11,2;18,2;2811,0;10,3;0;0
2024-08;MLT-10-0204;33;11,2;18,2;3865,13;14,2;0;0
2024-09;MLT-10-0204;20;11,2;18,2;2342,5;8,6;0;0
2024-10;MLT-10-0204;18;11,2;18,2;2108,25;7,7;0;0
2024-11;MLT-10-0204;23;11,2;18,2;2693,88;9,9;0;0
2024-12;MLT-10-0204;20;11,2;18,2;2342,5;8,6;0;0
2025-01;MLT-10-0204;25;11,2;18,2;2928,13;10,7;0;0
2025-02;MLT-10-0204;20;11,2;18,2;2342,5;8,6;0;0
2025-03;MLT-10-0204;15;11,2;18,2;1756,88;6,4;0;0
2025-04;MLT-10-0204;38;11,2;18,2;4450,75;16,3;0;0
2025-05;MLT-10-0204;17;11,2;18,2;1991,13;7,3;0;0
2025-06;MLT-10-0204;30;11,2;18,2;3513,75;12,9;0;0
2025-07;MLT-10-0204;14;11,2;18,2;1639,75;6,0;0;0
2025-08;MLT-10-0204;32;11,2;18,2;3748,0;13,7;0;0
2025-09;MLT-10-0204;24;11,2;18,2;2811,0;10,3;0;0
2025-10;MLT-10-0204;23;11,2;18,2;2693,88;9,9;0;0
2025-11;MLT-10-0204;23;11,2;18,2;2693,88;9,9;0;0
2025-12;MLT-10-0204;24;11,2;18,2;2811,0;10,3;0;0
2024-01;LOAD-05-0714;54;35,1;57,0;7551,06;51,7;0;0
2024-02;LOAD-05-0714;88;35,1;57,0;12305,44;84,3;0;0
2024-03;LOAD-05-0714;63;35,1;57,0;8809,57;60,3;0;0
2024-04;LOAD-05-0714;54;35,1;57,0;7551,06;51,7;0;0
2024-05;LOAD-05-0714;61;35,1;57,0;8529,9;58,4;0;0
2024-06;LOAD-05-0714;95;35,1;57,0;13284,28;91,0;0;0
2024-07;LOAD-05-0714;71;35,1;57,0;9928,25;68,0;0;0
2024-08;LOAD-05-0714;33;35,1;57,0;4614,54;31,6;0;0
2024-09;LOAD-05-0714;41;35,1;57,0;5733,21;39,3;0;0
2024-10;LOAD-05-0714;76;35,1;57,0;10627,42;72,8;0;0
2024-11;LOAD-05-0714;31;35,1;57,0;4334,87;29,7;0;0
2024-12;LOAD-05-0714;82;35,1;57,0;11466,43;78,5;0;0
2025-01;LOAD-05-0714;58;35,1;57,0;8110,4;55,5;0;0
2025-02;LOAD-05-0714;51;35,1;57,0;7131,56;48,8;0;0
2025-03;LOAD-05-0714;66;35,1;57,0;9229,08;63,2;0;0
2025-04;LOAD-05-0714;75;35,1;57,0;10487,59;71,8;0;0
2025-05;LOAD-05-0714;22;35,1;57,0;3076,36;21,1;0;0
2025-06;LOAD-05-0714;23;35,1;57,0;3216,19;22,0;0;0
2025-07;LOAD-05-0714;58;35,1;57,0;8110,4;55,5;0;0
2025-08;LOAD-05-0714;57;35,1;57,0;7970,57;54,6;0;0
2025-09;LOAD-05-0714;80;35,1;57,0;11186,76;76,6;0;0
2025-10;LOAD-05-0714;77;35,1;57,0;10767,26;73,7;0;0
2025-11;LOAD-05-0714;29;35,1;57,0;4055,2;27,8;0;0
2025-12;LOAD-05-0714;0;35,1;57,0;0,0;0,0;1;0
2024-01;MT-04-0052;20;19,6;31,9;13714,24;49,0;0;0
2024-02;MT-04-0052;44;19,6;31,9;30171,34;107,8;0;0
2024-03;MT-04-0052;51;19,6;31,9;34971,32;124,9;0;0
2024-04;MT-04-0052;12;19,6;31,9;8228,55;29,4;0;0
2024-05;MT-04-0052;42;19,6;31,9;28799,91;102,9;0;0
2024-06;MT-04-0052;24;19,6;31,9;16457,09;58,8;0;0
2024-07;MT-04-0052;25;19,6;31,9;17142,8;61,2;0;0
2024-08;MT-04-0052;3;19,6;31,9;2057,14;7,3;0;0
2024-09;MT-04-0052;30;19,6;31,9;20571,37;73,5;0;0
2024-10;MT-04-0052;43;19,6;31,9;29485,62;105,3;0;0
2024-11;MT-04-0052;42;19,6;31,9;28799,91;102,9;0;0
2024-12;MT-04-0052;27;19,6;31,9;18514,23;66,1;0;0
2025-01;MT-04-0052;28;19,6;31,9;19199,94;68,6;0;0
2025-02;MT-04-0052;38;19,6;31,9;26057,06;93,1;0;0
2025-03;MT-04-0052;47;19,6;31,9;32228,47;115,1;0;0
2025-04;MT-04-0052;16;19,6;31,9;10971,39;39,2;0;0
2025-05;MT-04-0052;32;19,6;31,9;21942,79;78,4;0;0
2025-06;MT-04-0052;49;19,6;31,9;33599,9;120,0;0;0
2025-07;MT-04-0052;29;19,6;31,9;19885,65;71,0;0;0
2025-08;MT-04-0052;32;19,6;31,9;21942,79;78,4;0;0
2025-09;MT-04-0052;31;19,6;31,9;21257,08;75,9;0;0
2025-10;MT-04-0052;25;19,6;31,9;17142,8;61,2;0;0
2025-11;MT-04-0052;12;19,6;31,9;8228,55;29,4;0;0
2025-12;MT-04-0052;49;19,6;31,9;33599,9;120,0;0;0
2024-01;LOAD-04-0734;20;15,1;24,5;10080,29;44,6;0;0
2024-02;LOAD-04-0734;44;15,1;24,5;22176,63;98,1;0;0
2024-03;LOAD-04-0734;40;15,1;24,5;20160,58;89,2;0;0
2024-04;LOAD-04-0734;13;15,1;24,5;6552,19;29,0;0;0
2024-05;LOAD-04-0734;0;15,1;24,5;0,0;0,0;1;0
2024-06;LOAD-04-0734;37;15,1;24,5;18648,53;82,5;0;0
2024-07;LOAD-04-0734;6;15,1;24,5;3024,09;13,4;0;0
2024-08;LOAD-04-0734;61;15,1;24,5;30744,88;136,0;0;0
2024-09;LOAD-04-0734;12;15,1;24,5;6048,17;26,7;0;0
2024-10;LOAD-04-0734;15;15,1;24,5;7560,22;33,4;0;0
2024-11;LOAD-04-0734;28;15,1;24,5;14112,4;62,4;0;0
2024-12;LOAD-04-0734;20;15,1;24,5;10080,29;44,6;0;0
2025-01;LOAD-04-0734;19;15,1;24,5;9576,27;42,4;0;0
2025-02;LOAD-04-0734;45;15,1;24,5;22680,65;100,3;0;0
2025-03;LOAD-04-0734;49;15,1;24,5;24696,71;109,2;0;0
2025-04;LOAD-04-0734;36;15,1;24,5;18144,52;80,2;0;0
2025-05;LOAD-04-0734;10;15,1;24,5;5040,14;22,3;0;0
2025-06;LOAD-04-0734;28;15,1;24,5;14112,4;62,4;0;0
2025-07;LOAD-04-0734;29;15,1;24,5;14616,42;64,6;0;0
2025-08;LOAD-04-0734;24;15,1;24,5;12096,35;53,5;0;0
2025-09;LOAD-04-0734;40;15,1;24,5;20160,58;89,2;0;0
2025-10;LOAD-04-0734;26;15,1;24,5;13104,37;58,0;0;0
2025-11;LOAD-04-0734;8;15,1;24,5;4032,12;17,8;0;0
2025-12;LOAD-04-0734;6;15,1;24,5;3024,09;13,4;0;0
2024-01;AWP-03-0650;7;3,0;5,5;3284,74;19,6;0;0
2024-02;AWP-03-0650;10;3,0;5,5;4692,49;28,0;0;0
2024-03;AWP-03-0650;3;3,0;5,5;1407,75;8,4;0;0
2024-04;AWP-03-0650;2;3,0;5,5;938,5;5,6;0;0
2024-05;AWP-03-0650;10;3,0;5,5;4692,49;28,0;0;0
2024-06;AWP-03-0650;6;3,0;5,5;2815,49;16,8;0;0
2024-07;AWP-03-0650;6;3,0;5,5;2815,49;16,8;0;0
2024-08;AWP-03-0650;9;3,0;5,5;4223,24;25,2;0;0
2024-09;AWP-03-0650;5;3,0;5,5;2346,24;14,0;0;0
2024-10;AWP-03-0650;5;3,0;5,5;2346,24;14,0;0;0
2024-11;AWP-03-0650;0;3,0;5,5;0,0;0,0;1;0
2024-12;AWP-03-0650;8;3,0;5,5;3753,99;22,4;0;0
2025-01;AWP-03-0650;4;3,0;5,5;1877,0;11,2;0;0
2025-02;AWP-03-0650;10;3,0;5,5;4692,49;28,0;0;0
2025-03;AWP-03-0650;7;3,0;5,5;3284,74;19,6;0;0
2025-04;AWP-03-0650;1;3,0;5,5;469,25;2,8;0;0
2025-05;AWP-03-0650;9;3,0;5,5;4223,24;25,2;0;0
2025-06;AWP-03-0650;5;3,0;5,5;2346,24;14,0;0;0
2025-07;AWP-03-0650;9;3,0;5,5;4223,24;25,2;0;0
2025-08;AWP-03-0650;8;3,0;5,5;3753,99;22,4;0;0
2025-09;AWP-03-0650;5;3,0;5,5;2346,24;14,0;0;0
2025-10;AWP-03-0650;2;3,0;5,5;938,5;5,6;0;0
2025-11;AWP-03-0650;7;3,0;5,5;3284,74;19,6;0;0
2025-12;AWP-03-0650;6;3,0;5,5;2815,49;16,8;0;0
2024-01;MLT-09-0340;11;9,9;18,2;2311,5;9,3;0;0
2024-02;MLT-09-0340;17;9,9;18,2;3572,32;14,4;0;0
2024-03;MLT-09-0340;23;9,9;18,2;4833,14;19,4;0;0
2024-04;MLT-09-0340;17;9,9;18,2;3572,32;14,4;0;0
2024-05;MLT-09-0340;17;9,9;18,2;3572,32;14,4;0;0
2024-06;MLT-09-0340;22;9,9;18,2;4623,0;18,6;0;0
2024-07;MLT-09-0340;18;9,9;18,2;3782,45;15,2;0;0
2024-08;MLT-09-0340;1;9,9;18,2;210,14;0,8;0;0
2024-09;MLT-09-0340;18;9,9;18,2;3782,45;15,2;0;0
2024-10;MLT-09-0340;27;9,9;18,2;5673,68;22,8;0;0
2024-11;MLT-09-0340;27;9,9;18,2;5673,68;22,8;0;0
2024-12;MLT-09-0340;10;9,9;18,2;2101,36;8,5;0;0
2025-01;MLT-09-0340;24;9,9;18,2;5043,27;20,3;0;0
2025-02;MLT-09-0340;48;9,9;18,2;10086,54;40,6;0;0
2025-03;MLT-09-0340;19;9,9;18,2;3992,59;16,1;0;0
2025-04;MLT-09-0340;10;9,9;18,2;2101,36;8,5;0;0
2025-05;MLT-09-0340;8;9,9;18,2;1681,09;6,8;0;0
2025-06;MLT-09-0340;21;9,9;18,2;4412,86;17,7;0;0
2025-07;MLT-09-0340;11;9,9;18,2;2311,5;9,3;0;0
2025-08;MLT-09-0340;10;9,9;18,2;2101,36;8,5;0;0
2025-09;MLT-09-0340;23;9,9;18,2;4833,14;19,4;0;0
2025-10;MLT-09-0340;24;9,9;18,2;5043,27;20,3;0;0
2025-11;MLT-09-0340;25;9,9;18,2;5253,41;21,1;0;0
2025-12;MLT-09-0340;26;9,9;18,2;5463,54;22,0;0;0
2024-01;MLT-06-0312;87;98,1;179,8;11651,14;47,9;0;0
2024-02;MLT-06-0312;99;98,1;179,8;13258,19;54,5;0;0
2024-03;MLT-06-0312;283;98,1;179,8;37899,69;155,8;0;0
2024-04;MLT-06-0312;228;98,1;179,8;30534,02;125,5;0;0
2024-05;MLT-06-0312;202;98,1;179,8;27052,07;111,2;0;0
2024-06;MLT-06-0312;64;98,1;179,8;8570,95;35,2;0;0
2024-07;MLT-06-0312;97;98,1;179,8;12990,35;53,4;0;0
2024-08;MLT-06-0312;314;98,1;179,8;42051,24;172,8;0;0
2024-09;MLT-06-0312;50;98,1;179,8;6696,06;27,5;0;0
2024-10;MLT-06-0312;274;98,1;179,8;36694,4;150,8;0;0
2024-11;MLT-06-0312;218;98,1;179,8;29194,81;120,0;0;0
2024-12;MLT-06-0312;182;98,1;179,8;24373,65;100,2;0;0
2025-01;MLT-06-0312;143;98,1;179,8;19150,72;78,7;0;0
2025-02;MLT-06-0312;189;98,1;179,8;25311,1;104,0;0;0
2025-03;MLT-06-0312;250;98,1;179,8;33480,29;137,6;0;0
2025-04;MLT-06-0312;376;98,1;179,8;50354,35;207,0;0;0
2025-05;MLT-06-0312;192;98,1;179,8;25712,86;105,7;0;0
2025-06;MLT-06-0312;105;98,1;179,8;14061,72;57,8;0;0
2025-07;MLT-06-0312;289;98,1;179,8;38703,21;159,1;0;0
2025-08;MLT-06-0312;275;98,1;179,8;36828,32;151,4;0;0
2025-09;MLT-06-0312;165;98,1;179,8;22096,99;90,8;0;0
2025-10;MLT-06-0312;126;98,1;179,8;16874,06;69,4;0;0
2025-11;MLT-06-0312;58;98,1;179,8;7767,43;31,9;0;0
2025-12;MLT-06-0312;136;98,1;179,8;18213,28;74,9;0;0
2024-01;MRT-07-0453;30;13,6;24,9;13441,33;79,4;0;0
2024-02;MRT-07-0453;28;13,6;24,9;12545,24;74,1;0;0
2024-03;MRT-07-0453;48;13,6;24,9;21506,13;127,1;0;0
2024-04;MRT-07-0453;28;13,6;24,9;12545,24;74,1;0;0
2024-05;MRT-07-0453;21;13,6;24,9;9408,93;55,6;0;0
2024-06;MRT-07-0453;35;13,6;24,9;15681,55;92,6;0;0
2024-07;MRT-07-0453;42;13,6;24,9;18817,86;111,2;0;0
2024-08;MRT-07-0453;29;13,6;24,9;12993,28;76,8;0;0
2024-09;MRT-07-0453;24;13,6;24,9;10753,06;63,5;0;0
2024-10;MRT-07-0453;40;13,6;24,9;17921,77;105,9;0;0
2024-11;MRT-07-0453;18;13,6;24,9;8064,8;47,6;0;0
2024-12;MRT-07-0453;34;13,6;24,9;15233,51;90,0;0;0
2025-01;MRT-07-0453;35;13,6;24,9;15681,55;92,6;0;0
2025-02;MRT-07-0453;27;13,6;24,9;12097,2;71,5;0;0
2025-03;MRT-07-0453;50;13,6;24,9;22402,22;132,4;0;0
2025-04;MRT-07-0453;9;13,6;24,9;4032,4;23,8;0;0
2025-05;MRT-07-0453;45;13,6;24,9;20161,99;119,1;0;0
2025-06;MRT-07-0453;12;13,6;24,9;5376,53;31,8;0;0
2025-07;MRT-07-0453;31;13,6;24,9;13889,37;82,1;0;0
2025-08;MRT-07-0453;8;13,6;24,9;3584,35;21,2;0;0
2025-09;MRT-07-0453;9;13,6;24,9;4032,4;23,8;0;0
2025-10;MRT-07-0453;12;13,6;24,9;5376,53;31,8;0;0
2025-11;MRT-07-0453;41;13,6;24,9;18369,82;108,5;0;0
2025-12;MRT-07-0453;20;13,6;24,9;8960,89;52,9;0;0
2024-01;MRT-04-0396;2;6,0;9,8;1101,04;7,5;0;0
2024-02;MRT-04-0396;6;6,0;9,8;3303,13;22,4;0;0
2024-03;MRT-04-0396;13;6,0;9,8;7156,77;48,5;0;0
2024-04;MRT-04-0396;4;6,0;9,8;2202,08;14,9;0;0
2024-05;MRT-04-0396;16;6,0;9,8;8808,34;59,7;0;0
2024-06;MRT-04-0396;10;6,0;9,8;5505,21;37,3;0;0
2024-07;MRT-04-0396;8;6,0;9,8;4404,17;29,8;0;0
2024-08;MRT-04-0396;11;6,0;9,8;6055,73;41,0;0;0
2024-09;MRT-04-0396;15;6,0;9,8;8257,81;56,0;0;0
2024-10;MRT-04-0396;11;6,0;9,8;6055,73;41,0;0;0
2024-11;MRT-04-0396;15;6,0;9,8;8257,81;56,0;0;0
2024-12;MRT-04-0396;8;6,0;9,8;4404,17;29,8;0;0
2025-01;MRT-04-0396;11;6,0;9,8;6055,73;41,0;0;0
2025-02;MRT-04-0396;7;6,0;9,8;3853,65;26,1;0;0
2025-03;MRT-04-0396;3;6,0;9,8;1651,56;11,2;0;0
2025-04;MRT-04-0396;20;6,0;9,8;11010,42;74,6;0;0
2025-05;MRT-04-0396;6;6,0;9,8;3303,13;22,4;0;0
2025-06;MRT-04-0396;2;6,0;9,8;1101,04;7,5;0;0
2025-07;MRT-04-0396;7;6,0;9,8;3853,65;26,1;0;0
2025-08;MRT-04-0396;16;6,0;9,8;8808,34;59,7;0;0
2025-09;MRT-04-0396;7;6,0;9,8;3853,65;26,1;0;0
2025-10;MRT-04-0396;12;6,0;9,8;6606,25;44,8;0;0
2025-11;MRT-04-0396;11;6,0;9,8;6055,73;41,0;0;0
2025-12;MRT-04-0396;12;6,0;9,8;6606,25;44,8;0;0
2024-01;LOAD-07-0770;7;3,0;5,6;3107,68;19,3;0;0
2024-02;LOAD-07-0770;7;3,0;5,6;3107,68;19,3;0;0
2024-03;LOAD-07-0770;7;3,0;5,6;3107,68;19,3;0;0
2024-04;LOAD-07-0770;2;3,0;5,6;887,91;5,5;0;0
2024-05;LOAD-07-0770;2;3,0;5,6;887,91;5,5;0;0
2024-06;LOAD-07-0770;8;3,0;5,6;3551,64;22,1;0;0
2024-07;LOAD-07-0770;7;3,0;5,6;3107,68;19,3;0;0
2024-08;LOAD-07-0770;4;3,0;5,6;1775,82;11,0;0;0
2024-09;LOAD-07-0770;12;3,0;5,6;5327,46;33,1;0;0
2024-10;LOAD-07-0770;1;3,0;5,6;443,95;2,8;0;0
2024-11;LOAD-07-0770;4;3,0;5,6;1775,82;11,0;0;0
2024-12;LOAD-07-0770;6;3,0;5,6;2663,73;16,6;0;0
2025-01;LOAD-07-0770;2;3,0;5,6;887,91;5,5;0;0
2025-02;LOAD-07-0770;0;3,0;5,6;0,0;0,0;1;0
2025-03;LOAD-07-0770;3;3,0;5,6;1331,86;8,3;0;0
2025-04;LOAD-07-0770;7;3,0;5,6;3107,68;19,3;0;0
2025-05;LOAD-07-0770;5;3,0;5,6;2219,77;13,8;0;0
2025-06;LOAD-07-0770;7;3,0;5,6;3107,68;19,3;0;0
2025-07;LOAD-07-0770;4;3,0;5,6;1775,82;11,0;0;0
2025-08;LOAD-07-0770;3;3,0;5,6;1331,86;8,3;0;0
2025-09;LOAD-07-0770;8;3,0;5,6;3551,64;22,1;0;0
2025-10;LOAD-07-0770;4;3,0;5,6;1775,82;11,0;0;0
2025-11;LOAD-07-0770;8;3,0;5,6;3551,64;22,1;0;0
2025-12;LOAD-07-0770;8;3,0;5,6;3551,64;22,1;0;0
2024-01;TMM-04-0603;52;22,5;41,2;11929,49;124,8;0;0
2024-02;TMM-04-0603;39;22,5;41,2;8947,12;93,6;0;0
2024-03;TMM-04-0603;71;22,5;41,2;16288,35;170,4;0;0
2024-04;TMM-04-0603;35;22,5;41,2;8029,47;84,0;0;0
2024-05;TMM-04-0603;46;22,5;41,2;10553,01;110,4;0;0
2024-06;TMM-04-0603;0;22,5;41,2;0,0;0,0;1;0
2024-07;TMM-04-0603;16;22,5;41,2;3670,61;38,4;0;0
2024-08;TMM-04-0603;33;22,5;41,2;7570,64;79,2;0;0
2024-09;TMM-04-0603;54;22,5;41,2;12388,32;129,6;0;0
2024-10;TMM-04-0603;57;22,5;41,2;13076,56;136,8;0;0
2024-11;TMM-04-0603;25;22,5;41,2;5735,33;60,0;0;0
2024-12;TMM-04-0603;36;22,5;41,2;8258,88;86,4;0;0
2025-01;TMM-04-0603;22;22,5;41,2;5047,09;52,8;0;0
2025-02;TMM-04-0603;49;22,5;41,2;11241,25;117,6;0;0
2025-03;TMM-04-0603;51;22,5;41,2;11700,08;122,4;0;0
2025-04;TMM-04-0603;25;22,5;41,2;5735,33;60,0;0;0
2025-05;TMM-04-0603;53;22,5;41,2;12158,91;127,2;0;0
2025-06;TMM-04-0603;32;22,5;41,2;7341,23;76,8;0;0
2025-07;TMM-04-0603;27;22,5;41,2;6194,16;64,8;0;0
2025-08;TMM-04-0603;21;22,5;41,2;4817,68;50,4;0;0
2025-09;TMM-04-0603;29;22,5;41,2;6652,99;69,6;0;0
2025-10;TMM-04-0603;75;22,5;41,2;17206,0;180,0;0;0
2025-11;TMM-04-0603;51;22,5;41,2;11700,08;122,4;0;0
2025-12;TMM-04-0603;40;22,5;41,2;9176,53;96,0;0;0
2024-01;MLT-09-0276;137;69,8;127,9;21856,87;106,1;0;0
2024-02;MLT-09-0276;105;69,8;127,9;16751,62;81,3;0;0
2024-03;MLT-09-0276;29;69,8;127,9;4626,64;22,5;0;0
2024-04;MLT-09-0276;254;69,8;127,9;40522,96;196,6;0;0
2024-05;MLT-09-0276;270;69,8;127,9;43075,58;209,0;0;0
2024-06;MLT-09-0276;96;69,8;127,9;15315,76;74,3;0;0
2024-07;MLT-09-0276;63;69,8;127,9;10050,97;48,8;0;0
2024-08;MLT-09-0276;210;69,8;127,9;33503,23;162,6;0;0
2024-09;MLT-09-0276;151;69,8;127,9;24090,42;116,9;0;0
2024-10;MLT-09-0276;124;69,8;127,9;19782,86;96,0;0;0
2024-11;MLT-09-0276;176;69,8;127,9;28078,9;136,3;0;0
2024-12;MLT-09-0276;37;69,8;127,9;5902,95;28,6;0;0
2025-01;MLT-09-0276;191;69,8;127,9;30471,99;147,9;0;0
2025-02;MLT-09-0276;98;69,8;127,9;15634,84;75,9;0;0
2025-03;MLT-09-0276;60;69,8;127,9;9572,35;46,5;0;0
2025-04;MLT-09-0276;43;69,8;127,9;6860,19;33,3;0;0
2025-05;MLT-09-0276;26;69,8;127,9;4148,02;20,1;0;0
2025-06;MLT-09-0276;130;69,8;127,9;20740,1;100,6;0;0
2025-07;MLT-09-0276;131;69,8;127,9;20899,64;101,4;0;0
2025-08;MLT-09-0276;146;69,8;127,9;23292,72;113,0;0;0
2025-09;MLT-09-0276;162;69,8;127,9;25845,35;125,4;0;0
2025-10;MLT-09-0276;310;69,8;127,9;49457,15;240,0;0;0
2025-11;MLT-09-0276;6;69,8;127,9;957,24;4,6;0;0
2025-12;MLT-09-0276;183;69,8;127,9;29195,67;141,7;0;0
2024-01;LOAD-04-0748;84;24,8;40,3;26156,8;162,6;0;0
2024-02;LOAD-04-0748;31;24,8;40,3;9653,1;60,0;0;0
2024-03;LOAD-04-0748;24;24,8;40,3;7473,37;46,5;0;0
2024-04;LOAD-04-0748;35;24,8;40,3;10898,67;67,7;0;0
2024-05;LOAD-04-0748;13;24,8;40,3;4048,08;25,2;0;0
2024-06;LOAD-04-0748;18;24,8;40,3;5605,03;34,8;0;0
2024-07;LOAD-04-0748;39;24,8;40,3;12144,23;75,5;0;0
2024-08;LOAD-04-0748;35;24,8;40,3;10898,67;67,7;0;0
2024-09;LOAD-04-0748;45;24,8;40,3;14012,57;87,1;0;0
2024-10;LOAD-04-0748;42;24,8;40,3;13078,4;81,3;0;0
2024-11;LOAD-04-0748;40;24,8;40,3;12455,62;77,4;0;0
2024-12;LOAD-04-0748;60;24,8;40,3;18683,43;116,1;0;0
2025-01;LOAD-04-0748;16;24,8;40,3;4982,25;31,0;0;0
2025-02;LOAD-04-0748;64;24,8;40,3;19928,99;123,9;0;0
2025-03;LOAD-04-0748;41;24,8;40,3;12767,01;79,4;0;0
2025-04;LOAD-04-0748;23;24,8;40,3;7161,98;44,5;0;0
2025-05;LOAD-04-0748;15;24,8;40,3;4670,86;29,0;0;0
2025-06;LOAD-04-0748;74;24,8;40,3;23042,89;143,2;0;0
2025-07;LOAD-04-0748;38;24,8;40,3;11832,84;73,5;0;0
2025-08;LOAD-04-0748;35;24,8;40,3;10898,67;67,7;0;0
2025-09;LOAD-04-0748;22;24,8;40,3;6850,59;42,6;0;0
2025-10;LOAD-04-0748;73;24,8;40,3;22731,5;141,3;0;0
2025-11;LOAD-04-0748;27;24,8;40,3;8407,54;52,3;0;0
2025-12;LOAD-04-0748;37;24,8;40,3;11521,45;71,6;0;0
2024-01;MI-MC-04-0534;2;3,3;6,0;1327,99;10,3;0;0
2024-02;MI-MC-04-0534;8;3,3;6,0;5311,95;41,1;0;0
2024-03;MI-MC-04-0534;6;3,3;6,0;3983,96;30,9;0;0
2024-04;MI-MC-04-0534;8;3,3;6,0;5311,95;41,1;0;0
2024-05;MI-MC-04-0534;7;3,3;6,0;4647,95;36,0;0;0
2024-06;MI-MC-04-0534;3;3,3;6,0;1991,98;15,4;0;0
2024-07;MI-MC-04-0534;0;3,3;6,0;0,0;0,0;1;0
2024-08;MI-MC-04-0534;10;3,3;6,0;6639,93;51,4;0;0
2024-09;MI-MC-04-0534;8;3,3;6,0;5311,95;41,1;0;0
2024-10;MI-MC-04-0534;5;3,3;6,0;3319,97;25,7;0;0
2024-11;MI-MC-04-0534;7;3,3;6,0;4647,95;36,0;0;0
2024-12;MI-MC-04-0534;5;3,3;6,0;3319,97;25,7;0;0
2025-01;MI-MC-04-0534;10;3,3;6,0;6639,93;51,4;0;0
2025-02;MI-MC-04-0534;5;3,3;6,0;3319,97;25,7;0;0
2025-03;MI-MC-04-0534;6;3,3;6,0;3983,96;30,9;0;0
2025-04;MI-MC-04-0534;12;3,3;6,0;7967,92;61,7;0;0
2025-05;MI-MC-04-0534;9;3,3;6,0;5975,94;46,3;0;0
2025-06;MI-MC-04-0534;2;3,3;6,0;1327,99;10,3;0;0
2025-07;MI-MC-04-0534;9;3,3;6,0;5975,94;46,3;0;0
2025-08;MI-MC-04-0534;6;3,3;6,0;3983,96;30,9;0;0
2025-09;MI-MC-04-0534;6;3,3;6,0;3983,96;30,9;0;0
2025-10;MI-MC-04-0534;8;3,3;6,0;5311,95;41,1;0;0
2025-11;MI-MC-04-0534;3;3,3;6,0;1991,98;15,4;0;0
2025-12;MI-MC-04-0534;7;3,3;6,0;4647,95;36,0;0;0
2024-01;TMM-04-0592;12;5,0;9,2;5711,07;60,4;0;0
2024-02;TMM-04-0592;6;5,0;9,2;2855,53;30,2;0;0
2024-03;TMM-04-0592;10;5,0;9,2;4759,22;50,3;0;0
2024-04;TMM-04-0592;11;5,0;9,2;5235,14;55,4;0;0
2024-05;TMM-04-0592;5;5,0;9,2;2379,61;25,2;0;0
2024-06;TMM-04-0592;10;5,0;9,2;4759,22;50,3;0;0
2024-07;TMM-04-0592;12;5,0;9,2;5711,07;60,4;0;0
2024-08;TMM-04-0592;3;5,0;9,2;1427,77;15,1;0;0
2024-09;TMM-04-0592;8;5,0;9,2;3807,38;40,3;0;0
2024-10;TMM-04-0592;6;5,0;9,2;2855,53;30,2;0;0
2024-11;TMM-04-0592;2;5,0;9,2;951,84;10,1;0;0
2024-12;TMM-04-0592;6;5,0;9,2;2855,53;30,2;0;0
2025-01;TMM-04-0592;13;5,0;9,2;6186,99;65,5;0;0
2025-02;TMM-04-0592;10;5,0;9,2;4759,22;50,3;0;0
2025-03;TMM-04-0592;7;5,0;9,2;3331,45;35,2;0;0
2025-04;TMM-04-0592;6;5,0;9,2;2855,53;30,2;0;0
2025-05;TMM-04-0592;12;5,0;9,2;5711,07;60,4;0;0
2025-06;TMM-04-0592;8;5,0;9,2;3807,38;40,3;0;0
2025-07;TMM-04-0592;14;5,0;9,2;6662,91;70,5;0;0
2025-08;TMM-04-0592;13;5,0;9,2;6186,99;65,5;0;0
2025-09;TMM-04-0592;17;5,0;9,2;8090,68;85,6;0;0
2025-10;TMM-04-0592;8;5,0;9,2;3807,38;40,3;0;0
2025-11;TMM-04-0592;5;5,0;9,2;2379,61;25,2;0;0
2025-12;TMM-04-0592;8;5,0;9,2;3807,38;40,3;0;0
2024-01;MI-MC-03-0458;36;19,3;35,4;9497,57;67,2;0;0
2024-02;MI-MC-03-0458;41;19,3;35,4;10816,68;76,5;0;0
2024-03;MI-MC-03-0458;39;19,3;35,4;10289,03;72,7;0;0
2024-04;MI-MC-03-0458;59;19,3;35,4;15565,46;110,1;0;0
2024-05;MI-MC-03-0458;36;19,3;35,4;9497,57;67,2;0;0
2024-06;MI-MC-03-0458;88;19,3;35,4;23216,28;164,1;0;0
2024-07;MI-MC-03-0458;42;19,3;35,4;11080,5;78,3;0;0
2024-08;MI-MC-03-0458;46;19,3;35,4;12135,78;85,8;0;0
2024-09;MI-MC-03-0458;0;19,3;35,4;0,0;0,0;1;0
2024-10;MI-MC-03-0458;59;19,3;35,4;15565,46;110,1;0;0
2024-11;MI-MC-03-0458;29;19,3;35,4;7650,82;54,1;0;0
2024-12;MI-MC-03-0458;44;19,3;35,4;11608,14;82,1;0;0
2025-01;MI-MC-03-0458;34;19,3;35,4;8969,93;63,4;0;0
2025-02;MI-MC-03-0458;27;19,3;35,4;7123,18;50,4;0;0
2025-03;MI-MC-03-0458;23;19,3;35,4;6067,89;42,9;0;0
2025-04;MI-MC-03-0458;37;19,3;35,4;9761,39;69,0;0;0
2025-05;MI-MC-03-0458;54;19,3;35,4;14246,35;100,7;0;0
2025-06;MI-MC-03-0458;32;19,3;35,4;8442,28;59,7;0;0
2025-07;MI-MC-03-0458;0;19,3;35,4;0,0;0,0;1;0
2025-08;MI-MC-03-0458;33;19,3;35,4;8706,1;61,6;0;0
2025-09;MI-MC-03-0458;3;19,3;35,4;791,46;5,6;0;0
2025-10;MI-MC-03-0458;0;19,3;35,4;0,0;0,0;1;0
2025-11;MI-MC-03-0458;3;19,3;35,4;791,46;5,6;0;0
2025-12;MI-MC-03-0458;50;19,3;35,4;13191,07;93,3;0;0
2024-01;LOAD-04-0727;0;1;1,6;0,0;0,0;1;0
2024-02;LOAD-04-0727;1;1;1,6;680,02;5,4;0;0
2024-03;LOAD-04-0727;2;1;1,6;1360,04;10,8;0;0
2024-04;LOAD-04-0727;1;1;1,6;680,02;5,4;0;0
2024-05;LOAD-04-0727;2;1;1,6;1360,04;10,8;0;0
2024-06;LOAD-04-0727;2;1;1,6;1360,04;10,8;0;0
2024-07;LOAD-04-0727;1;1;1,6;680,02;5,4;0;0
2024-08;LOAD-04-0727;1;1;1,6;680,02;5,4;0;0
2024-09;LOAD-04-0727;0;1;1,6;0,0;0,0;1;0
2024-10;LOAD-04-0727;1;1;1,6;680,02;5,4;0;0
2024-11;LOAD-04-0727;2;1;1,6;1360,04;10,8;0;0
2024-12;LOAD-04-0727;2;1;1,6;1360,04;10,8;0;0
2025-01;LOAD-04-0727;0;1;1,6;0,0;0,0;1;0
2025-02;LOAD-04-0727;1;1;1,6;680,02;5,4;0;0
2025-03;LOAD-04-0727;0;1;1,6;0,0;0,0;1;0
2025-04;LOAD-04-0727;1;1;1,6;680,02;5,4;0;0
2025-05;LOAD-04-0727;1;1;1,6;680,02;5,4;0;0
2025-06;LOAD-04-0727;0;1;1,6;0,0;0,0;1;0
2025-07;LOAD-04-0727;3;1;1,6;2040,06;16,2;0;0
2025-08;LOAD-04-0727;1;1;1,6;680,02;5,4;0;0
2025-09;LOAD-04-0727;1;1;1,6;680,02;5,4;0;0
2025-10;LOAD-04-0727;1;1;1,6;680,02;5,4;0;0
2025-11;LOAD-04-0727;0;1;1,6;0,0;0,0;1;0
2025-12;LOAD-04-0727;1;1;1,6;680,02;5,4;0;0
2024-01;LOAD-03-0806;43;18,0;33,0;22273,02;129,0;0;0
2024-02;LOAD-03-0806;23;18,0;33,0;11913,48;69,0;0;0
2024-03;LOAD-03-0806;43;18,0;33,0;22273,02;129,0;0;0
2024-04;LOAD-03-0806;36;18,0;33,0;18647,18;108,0;0;0
2024-05;LOAD-03-0806;39;18,0;33,0;20201,11;117,0;0;0
2024-06;LOAD-03-0806;27;18,0;33,0;13985,39;81,0;0;0
2024-07;LOAD-03-0806;47;18,0;33,0;24344,93;141,0;0;0
2024-08;LOAD-03-0806;23;18,0;33,0;11913,48;69,0;0;0
2024-09;LOAD-03-0806;6;18,0;33,0;3107,86;18,0;0;0
2024-10;LOAD-03-0806;25;18,0;33,0;12949,43;75,0;0;0
2024-11;LOAD-03-0806;38;18,0;33,0;19683,14;114,0;0;0
2024-12;LOAD-03-0806;27;18,0;33,0;13985,39;81,0;0;0
2025-01;LOAD-03-0806;23;18,0;33,0;11913,48;69,0;0;0
2025-02;LOAD-03-0806;27;18,0;33,0;13985,39;81,0;0;0
2025-03;LOAD-03-0806;60;18,0;33,0;31078,63;180,0;0;0
2025-04;LOAD-03-0806;25;18,0;33,0;12949,43;75,0;0;0
2025-05;LOAD-03-0806;32;18,0;33,0;16575,27;96,0;0;0
2025-06;LOAD-03-0806;48;18,0;33,0;24862,91;144,0;0;0
2025-07;LOAD-03-0806;74;18,0;33,0;38330,32;222,0;0;0
2025-08;LOAD-03-0806;26;18,0;33,0;13467,41;78,0;0;0
2025-09;LOAD-03-0806;33;18,0;33,0;17093,25;99,0;0;0
2025-10;LOAD-03-0806;28;18,0;33,0;14503,36;84,0;0;0
2025-11;LOAD-03-0806;37;18,0;33,0;19165,16;111,0;0;0
2025-12;LOAD-03-0806;55;18,0;33,0;28488,75;165,0;0;0
2024-01;LOAD-04-0746;1;1;1,5;641,76;5,8;0;0
2024-02;LOAD-04-0746;2;1;1,5;1283,51;11,6;0;0
2024-03;LOAD-04-0746;2;1;1,5;1283,51;11,6;0;0
2024-04;LOAD-04-0746;1;1;1,5;641,76;5,8;0;0
2024-05;LOAD-04-0746;0;1;1,5;0,0;0,0;1;0
2024-06;LOAD-04-0746;1;1;1,5;641,76;5,8;0;0
2024-07;LOAD-04-0746;0;1;1,5;0,0;0,0;1;0
2024-08;LOAD-04-0746;2;1;1,5;1283,51;11,6;0;0
2024-09;LOAD-04-0746;1;1;1,5;641,76;5,8;0;0
2024-10;LOAD-04-0746;1;1;1,5;641,76;5,8;0;0
2024-11;LOAD-04-0746;1;1;1,5;641,76;5,8;0;0
2024-12;LOAD-04-0746;1;1;1,5;641,76;5,8;0;0
2025-01;LOAD-04-0746;2;1;1,5;1283,51;11,6;0;0
2025-02;LOAD-04-0746;1;1;1,5;641,76;5,8;0;0
2025-03;LOAD-04-0746;2;1;1,5;1283,51;11,6;0;0
2025-04;LOAD-04-0746;1;1;1,5;641,76;5,8;0;0
2025-05;LOAD-04-0746;2;1;1,5;1283,51;11,6;0;0
2025-06;LOAD-04-0746;0;1;1,5;0,0;0,0;1;0
2025-07;LOAD-04-0746;1;1;1,5;641,76;5,8;0;0
2025-08;LOAD-04-0746;2;1;1,5;1283,51;11,6;0;0
2025-09;LOAD-04-0746;1;1;1,5;641,76;5,8;0;0
2025-10;LOAD-04-0746;1;1;1,5;641,76;5,8;0;0
2025-11;LOAD-04-0746;1;1;1,5;641,76;5,8;0;0
2025-12;LOAD-04-0746;0;1;1,5;0,0;0,0;1;0
2024-01;AWP-07-0686;4;3,3;5,4;1413,41;9,7;0;0
2024-02;AWP-07-0686;9;3,3;5,4;3180,18;21,7;0;0
2024-03;AWP-07-0686;5;3,3;5,4;1766,77;12,1;0;0
2024-04;AWP-07-0686;5;3,3;5,4;1766,77;12,1;0;0
2024-05;AWP-07-0686;8;3,3;5,4;2826,82;19,3;0;0
2024-06;AWP-07-0686;5;3,3;5,4;1766,77;12,1;0;0
2024-07;AWP-07-0686;6;3,3;5,4;2120,12;14,5;0;0
2024-08;AWP-07-0686;6;3,3;5,4;2120,12;14,5;0;0
2024-09;AWP-07-0686;11;3,3;5,4;3886,88;26,6;0;0
2024-10;AWP-07-0686;2;3,3;5,4;706,71;4,8;0;0
2024-11;AWP-07-0686;3;3,3;5,4;1060,06;7,2;0;0
2024-12;AWP-07-0686;0;3,3;5,4;0,0;0,0;1;0
2025-01;AWP-07-0686;3;3,3;5,4;1060,06;7,2;0;0
2025-02;AWP-07-0686;0;3,3;5,4;0,0;0,0;1;0
2025-03;AWP-07-0686;7;3,3;5,4;2473,47;16,9;0;0
2025-04;AWP-07-0686;5;3,3;5,4;1766,77;12,1;0;0
2025-05;AWP-07-0686;3;3,3;5,4;1060,06;7,2;0;0
2025-06;AWP-07-0686;7;3,3;5,4;2473,47;16,9;0;0
2025-07;AWP-07-0686;5;3,3;5,4;1766,77;12,1;0;0
2025-08;AWP-07-0686;7;3,3;5,4;2473,47;16,9;0;0
2025-09;AWP-07-0686;5;3,3;5,4;1766,77;12,1;0;0
2025-10;AWP-07-0686;0;3,3;5,4;0,0;0,0;1;0
2025-11;AWP-07-0686;7;3,3;5,4;2473,47;16,9;0;0
2025-12;AWP-07-0686;4;3,3;5,4;1413,41;9,7;0;0
2024-01;MT-04-0154;21;16,5;30,2;13224,98;68,7;0;0
2024-02;MT-04-0154;23;16,5;30,2;14484,51;75,3;0;0
2024-03;MT-04-0154;18;16,5;30,2;11335,7;58,9;0;0
2024-04;MT-04-0154;61;16,5;30,2;38415,43;199,6;0;0
2024-05;MT-04-0154;23;16,5;30,2;14484,51;75,3;0;0
2024-06;MT-04-0154;28;16,5;30,2;17633,31;91,6;0;0
2024-07;MT-04-0154;3;16,5;30,2;1889,28;9,8;0;0
2024-08;MT-04-0154;33;16,5;30,2;20782,12;108,0;0;0
2024-09;MT-04-0154;27;16,5;30,2;17003,55;88,4;0;0
2024-10;MT-04-0154;23;16,5;30,2;14484,51;75,3;0;0
2024-11;MT-04-0154;20;16,5;30,2;12595,22;65,5;0;0
2024-12;MT-04-0154;38;16,5;30,2;23930,92;124,4;0;0
2025-01;MT-04-0154;32;16,5;30,2;20152,36;104,7;0;0
2025-02;MT-04-0154;41;16,5;30,2;25820,21;134,2;0;0
2025-03;MT-04-0154;40;16,5;30,2;25190,45;130,9;0;0
2025-04;MT-04-0154;13;16,5;30,2;8186,89;42,5;0;0
2025-05;MT-04-0154;35;16,5;30,2;22041,64;114,5;0;0
2025-06;MT-04-0154;15;16,5;30,2;9446,42;49,1;0;0
2025-07;MT-04-0154;31;16,5;30,2;19522,6;101,5;0;0
2025-08;MT-04-0154;28;16,5;30,2;17633,31;91,6;0;0
2025-09;MT-04-0154;24;16,5;30,2;15114,27;78,5;0;0
2025-10;MT-04-0154;38;16,5;30,2;23930,92;124,4;0;0
2025-11;MT-04-0154;27;16,5;30,2;17003,55;88,4;0;0
2025-12;MT-04-0154;54;16,5;30,2;34007,1;176,7;0;0
2024-01;MLT-07-0262;106;40,3;73,8;31918,29;142,1;0;0
2024-02;MLT-07-0262;142;40,3;73,8;42758,46;190,4;0;0
2024-03;MLT-07-0262;7;40,3;73,8;2107,81;9,4;0;0
2024-04;MLT-07-0262;37;40,3;73,8;11141,29;49,6;0;0
2024-05;MLT-07-0262;86;40,3;73,8;25895,97;115,3;0;0
2024-06;MLT-07-0262;75;40,3;73,8;22583,69;100,6;0;0
2024-07;MLT-07-0262;180;40,3;73,8;54200,86;241,3;0;0
2024-08;MLT-07-0262;96;40,3;73,8;28907,13;128,7;0;0
2024-09;MLT-07-0262;61;40,3;73,8;18368,07;81,8;0;0
2024-10;MLT-07-0262;76;40,3;73,8;22884,81;101,9;0;0
2024-11;MLT-07-0262;65;40,3;73,8;19572,53;87,2;0;0
2024-12;MLT-07-0262;107;40,3;73,8;32219,4;143,5;0;0
2025-01;MLT-07-0262;72;40,3;73,8;21680,35;96,5;0;0
2025-02;MLT-07-0262;105;40,3;73,8;31617,17;140,8;0;0
2025-03;MLT-07-0262;75;40,3;73,8;22583,69;100,6;0;0
2025-04;MLT-07-0262;101;40,3;73,8;30412,71;135,4;0;0
2025-05;MLT-07-0262;57;40,3;73,8;17163,61;76,4;0;0
2025-06;MLT-07-0262;81;40,3;73,8;24390,39;108,6;0;0
2025-07;MLT-07-0262;19;40,3;73,8;5721,2;25,5;0;0
2025-08;MLT-07-0262;35;40,3;73,8;10539,06;46,9;0;0
2025-09;MLT-07-0262;97;40,3;73,8;29208,24;130,1;0;0
2025-10;MLT-07-0262;120;40,3;73,8;36133,91;160,9;0;0
2025-11;MLT-07-0262;61;40,3;73,8;18368,07;81,8;0;0
2025-12;MLT-07-0262;44;40,3;73,8;13249,1;59,0;0;0
2024-01;MRT-04-0389;7;5,6;9,2;3720,13;41,7;0;0
2024-02;MRT-04-0389;10;5,6;9,2;5314,47;59,5;0;0
2024-03;MRT-04-0389;0;5,6;9,2;0,0;0,0;1;0
2024-04;MRT-04-0389;0;5,6;9,2;0,0;0,0;1;0
2024-05;MRT-04-0389;9;5,6;9,2;4783,02;53,6;0;0
2024-06;MRT-04-0389;6;5,6;9,2;3188,68;35,7;0;0
2024-07;MRT-04-0389;4;5,6;9,2;2125,79;23,8;0;0
2024-08;MRT-04-0389;11;5,6;9,2;5845,91;65,5;0;0
2024-09;MRT-04-0389;6;5,6;9,2;3188,68;35,7;0;0
2024-10;MRT-04-0389;20;5,6;9,2;10628,93;119,0;0;0
2024-11;MRT-04-0389;12;5,6;9,2;6377,36;71,4;0;0
2024-12;MRT-04-0389;5;5,6;9,2;2657,23;29,8;0;0
2025-01;MRT-04-0389;10;5,6;9,2;5314,47;59,5;0;0
2025-02;MRT-04-0389;16;5,6;9,2;8503,15;95,2;0;0
2025-03;MRT-04-0389;1;5,6;9,2;531,45;6,0;0;0
2025-04;MRT-04-0389;8;5,6;9,2;4251,57;47,6;0;0
2025-05;MRT-04-0389;17;5,6;9,2;9034,59;101,2;0;0
2025-06;MRT-04-0389;0;5,6;9,2;0,0;0,0;1;0
2025-07;MRT-04-0389;9;5,6;9,2;4783,02;53,6;0;0
2025-08;MRT-04-0389;6;5,6;9,2;3188,68;35,7;0;0
2025-09;MRT-04-0389;2;5,6;9,2;1062,89;11,9;0;0
2025-10;MRT-04-0389;6;5,6;9,2;3188,68;35,7;0;0
2025-11;MRT-04-0389;15;5,6;9,2;7971,7;89,3;0;0
2025-12;MRT-04-0389;21;5,6;9,2;11160,38;125,0;0;0
2024-01;LOAD-M-04-0808;1;1;1,5;548,76;6,4;0;0
2024-02;LOAD-M-04-0808;2;1;1,5;1097,53;12,7;0;0
2024-03;LOAD-M-04-0808;1;1;1,5;548,76;6,4;0;0
2024-04;LOAD-M-04-0808;1;1;1,5;548,76;6,4;0;0
2024-05;LOAD-M-04-0808;1;1;1,5;548,76;6,4;0;0
2024-06;LOAD-M-04-0808;1;1;1,5;548,76;6,4;0;0
2024-07;LOAD-M-04-0808;1;1;1,5;548,76;6,4;0;0
2024-08;LOAD-M-04-0808;1;1;1,5;548,76;6,4;0;0
2024-09;LOAD-M-04-0808;1;1;1,5;548,76;6,4;0;0
2024-10;LOAD-M-04-0808;0;1;1,5;0,0;0,0;1;0
2024-11;LOAD-M-04-0808;1;1;1,5;548,76;6,4;0;0
2024-12;LOAD-M-04-0808;0;1;1,5;0,0;0,0;1;0
2025-01;LOAD-M-04-0808;1;1;1,5;548,76;6,4;0;0
2025-02;LOAD-M-04-0808;1;1;1,5;548,76;6,4;0;0
2025-03;LOAD-M-04-0808;1;1;1,5;548,76;6,4;0;0
2025-04;LOAD-M-04-0808;1;1;1,5;548,76;6,4;0;0
2025-05;LOAD-M-04-0808;1;1;1,5;548,76;6,4;0;0
2025-06;LOAD-M-04-0808;1;1;1,5;548,76;6,4;0;0
2025-07;LOAD-M-04-0808;0;1;1,5;0,0;0,0;1;0
2025-08;LOAD-M-04-0808;1;1;1,5;548,76;6,4;0;0
2025-09;LOAD-M-04-0808;0;1;1,5;0,0;0,0;1;0
2025-10;LOAD-M-04-0808;2;1;1,5;1097,53;12,7;0;0
2025-11;LOAD-M-04-0808;1;1;1,5;548,76;6,4;0;0
2025-12;LOAD-M-04-0808;0;1;1,5;0,0;0,0;1;0
2024-01;MT-09-0184;14;6,9;11,2;2839,34;16,3;0;0
2024-02;MT-09-0184;12;6,9;11,2;2433,72;13,9;0;0
2024-03;MT-09-0184;13;6,9;11,2;2636,53;15,1;0;0
2024-04;MT-09-0184;17;6,9;11,2;3447,77;19,7;0;0
2024-05;MT-09-0184;7;6,9;11,2;1419,67;8,1;0;0
2024-06;MT-09-0184;18;6,9;11,2;3650,58;20,9;0;0
2024-07;MT-09-0184;9;6,9;11,2;1825,29;10,5;0;0
2024-08;MT-09-0184;9;6,9;11,2;1825,29;10,5;0;0
2024-09;MT-09-0184;14;6,9;11,2;2839,34;16,3;0;0
2024-10;MT-09-0184;6;6,9;11,2;1216,86;7,0;0;0
2024-11;MT-09-0184;11;6,9;11,2;2230,91;12,8;0;0
2024-12;MT-09-0184;12;6,9;11,2;2433,72;13,9;0;0
2025-01;MT-09-0184;8;6,9;11,2;1622,48;9,3;0;0
2025-02;MT-09-0184;11;6,9;11,2;2230,91;12,8;0;0
2025-03;MT-09-0184;11;6,9;11,2;2230,91;12,8;0;0
2025-04;MT-09-0184;7;6,9;11,2;1419,67;8,1;0;0
2025-05;MT-09-0184;13;6,9;11,2;2636,53;15,1;0;0
2025-06;MT-09-0184;16;6,9;11,2;3244,96;18,6;0;0
2025-07;MT-09-0184;22;6,9;11,2;4461,82;25,5;0;0
2025-08;MT-09-0184;16;6,9;11,2;3244,96;18,6;0;0
2025-09;MT-09-0184;12;6,9;11,2;2433,72;13,9;0;0
2025-10;MT-09-0184;9;6,9;11,2;1825,29;10,5;0;0
2025-11;MT-09-0184;11;6,9;11,2;2230,91;12,8;0;0
2025-12;MT-09-0184;21;6,9;11,2;4259,01;24,4;0;0
2024-01;MLT-03-0291;42;21,4;39,3;19970,61;105,7;0;0
2024-02;MLT-03-0291;15;21,4;39,3;7132,36;37,8;0;0
2024-03;MLT-03-0291;29;21,4;39,3;13789,23;73,0;0;0
2024-04;MLT-03-0291;20;21,4;39,3;9509,81;50,3;0;0
2024-05;MLT-03-0291;18;21,4;39,3;8558,83;45,3;0;0
2024-06;MLT-03-0291;22;21,4;39,3;10460,79;55,4;0;0
2024-07;MLT-03-0291;37;21,4;39,3;17593,15;93,1;0;0
2024-08;MLT-03-0291;0;21,4;39,3;0,0;0,0;1;0
2024-09;MLT-03-0291;29;21,4;39,3;13789,23;73,0;0;0
2024-10;MLT-03-0291;38;21,4;39,3;18068,64;95,7;0;0
2024-11;MLT-03-0291;46;21,4;39,3;21872,57;115,8;0;0
2024-12;MLT-03-0291;0;21,4;39,3;0,0;0,0;1;0
2025-01;MLT-03-0291;0;21,4;39,3;0,0;0,0;1;0
2025-02;MLT-03-0291;28;21,4;39,3;13313,74;70,5;0;0
2025-03;MLT-03-0291;39;21,4;39,3;18544,13;98,2;0;0
2025-04;MLT-03-0291;6;21,4;39,3;2852,94;15,1;0;0
2025-05;MLT-03-0291;46;21,4;39,3;21872,57;115,8;0;0
2025-06;MLT-03-0291;13;21,4;39,3;6181,38;32,7;0;0
2025-07;MLT-03-0291;47;21,4;39,3;22348,06;118,3;0;0
2025-08;MLT-03-0291;46;21,4;39,3;21872,57;115,8;0;0
2025-09;MLT-03-0291;58;21,4;39,3;27578,46;146,0;0;0
2025-10;MLT-03-0291;18;21,4;39,3;8558,83;45,3;0;0
2025-11;MLT-03-0291;46;21,4;39,3;21872,57;115,8;0;0
2025-12;MLT-03-0291;52;21,4;39,3;24725,51;130,9;0;0
2024-01;MI-MC-02-0461;14;7,6;12,4;3773,05;41,1;0;0
2024-02;MI-MC-02-0461;10;7,6;12,4;2695,04;29,4;0;0
2024-03;MI-MC-02-0461;3;7,6;12,4;808,51;8,8;0;0
2024-04;MI-MC-02-0461;7;7,6;12,4;1886,53;20,6;0;0
2024-05;MI-MC-02-0461;12;7,6;12,4;3234,05;35,3;0;0
2024-06;MI-MC-02-0461;13;7,6;12,4;3503,55;38,2;0;0
2024-07;MI-MC-02-0461;5;7,6;12,4;1347,52;14,7;0;0
2024-08;MI-MC-02-0461;18;7,6;12,4;4851,07;52,9;0;0
2024-09;MI-MC-02-0461;18;7,6;12,4;4851,07;52,9;0;0
2024-10;MI-MC-02-0461;6;7,6;12,4;1617,02;17,6;0;0
2024-11;MI-MC-02-0461;16;7,6;12,4;4312,06;47,0;0;0
2024-12;MI-MC-02-0461;14;7,6;12,4;3773,05;41,1;0;0
2025-01;MI-MC-02-0461;7;7,6;12,4;1886,53;20,6;0;0
2025-02;MI-MC-02-0461;12;7,6;12,4;3234,05;35,3;0;0
2025-03;MI-MC-02-0461;14;7,6;12,4;3773,05;41,1;0;0
2025-04;MI-MC-02-0461;15;7,6;12,4;4042,56;44,1;0;0
2025-05;MI-MC-02-0461;13;7,6;12,4;3503,55;38,2;0;0
2025-06;MI-MC-02-0461;6;7,6;12,4;1617,02;17,6;0;0
2025-07;MI-MC-02-0461;21;7,6;12,4;5659,58;61,7;0;0
2025-08;MI-MC-02-0461;0;7,6;12,4;0,0;0,0;1;0
2025-09;MI-MC-02-0461;7;7,6;12,4;1886,53;20,6;0;0
2025-10;MI-MC-02-0461;20;7,6;12,4;5390,08;58,8;0;0
2025-11;MI-MC-02-0461;13;7,6;12,4;3503,55;38,2;0;0
2025-12;MI-MC-02-0461;17;7,6;12,4;4581,56;50,0;0;0
2024-01;MLT-03-0351;53;26,2;48,1;19007,01;109,0;0;0
2024-02;MLT-03-0351;76;26,2;48,1;27255,33;156,3;0;0
2024-03;MLT-03-0351;83;26,2;48,1;29765,69;170,7;0;0
2024-04;MLT-03-0351;74;26,2;48,1;26538,09;152,2;0;0
2024-05;MLT-03-0351;44;26,2;48,1;15779,4;90,5;0;0
2024-06;MLT-03-0351;36;26,2;48,1;12910,42;74,1;0;0
2024-07;MLT-03-0351;44;26,2;48,1;15779,4;90,5;0;0
2024-08;MLT-03-0351;66;26,2;48,1;23669,11;135,8;0;0
2024-09;MLT-03-0351;96;26,2;48,1;34427,79;197,5;0;0
2024-10;MLT-03-0351;30;26,2;48,1;10758,68;61,7;0;0
2024-11;MLT-03-0351;55;26,2;48,1;19724,25;113,1;0;0
2024-12;MLT-03-0351;80;26,2;48,1;28689,82;164,6;0;0
2025-01;MLT-03-0351;48;26,2;48,1;17213,89;98,7;0;0
2025-02;MLT-03-0351;18;26,2;48,1;6455,21;37,0;0;0
2025-03;MLT-03-0351;39;26,2;48,1;13986,29;80,2;0;0
2025-04;MLT-03-0351;94;26,2;48,1;33710,54;193,4;0;0
2025-05;MLT-03-0351;104;26,2;48,1;37296,77;213,9;0;0
2025-06;MLT-03-0351;53;26,2;48,1;19007,01;109,0;0;0
2025-07;MLT-03-0351;48;26,2;48,1;17213,89;98,7;0;0
2025-08;MLT-03-0351;14;26,2;48,1;5020,72;28,8;0;0
2025-09;MLT-03-0351;46;26,2;48,1;16496,65;94,6;0;0
2025-10;MLT-03-0351;58;26,2;48,1;20800,12;119,3;0;0
2025-11;MLT-03-0351;25;26,2;48,1;8965,57;51,4;0;0
2025-12;MLT-03-0351;66;26,2;48,1;23669,11;135,8;0;0
2024-01;MRT-10-0422;5;4,4;8,1;1319,57;13,6;0;0
2024-02;MRT-10-0422;6;4,4;8,1;1583,49;16,4;0;0
2024-03;MRT-10-0422;6;4,4;8,1;1583,49;16,4;0;0
2024-04;MRT-10-0422;9;4,4;8,1;2375,23;24,5;0;0
2024-05;MRT-10-0422;12;4,4;8,1;3166,97;32,7;0;0
2024-06;MRT-10-0422;8;4,4;8,1;2111,32;21,8;0;0
2024-07;MRT-10-0422;2;4,4;8,1;527,83;5,5;0;0
2024-08;MRT-10-0422;8;4,4;8,1;2111,32;21,8;0;0
2024-09;MRT-10-0422;2;4,4;8,1;527,83;5,5;0;0
2024-10;MRT-10-0422;10;4,4;8,1;2639,15;27,3;0;0
2024-11;MRT-10-0422;11;4,4;8,1;2903,06;30,0;0;0
2024-12;MRT-10-0422;6;4,4;8,1;1583,49;16,4;0;0
2025-01;MRT-10-0422;3;4,4;8,1;791,74;8,2;0;0
2025-02;MRT-10-0422;5;4,4;8,1;1319,57;13,6;0;0
2025-03;MRT-10-0422;7;4,4;8,1;1847,4;19,1;0;0
2025-04;MRT-10-0422;8;4,4;8,1;2111,32;21,8;0;0
2025-05;MRT-10-0422;12;4,4;8,1;3166,97;32,7;0;0
2025-06;MRT-10-0422;10;4,4;8,1;2639,15;27,3;0;0
2025-07;MRT-10-0422;4;4,4;8,1;1055,66;10,9;0;0
2025-08;MRT-10-0422;6;4,4;8,1;1583,49;16,4;0;0
2025-09;MRT-10-0422;7;4,4;8,1;1847,4;19,1;0;0
2025-10;MRT-10-0422;9;4,4;8,1;2375,23;24,5;0;0
2025-11;MRT-10-0422;5;4,4;8,1;1319,57;13,6;0;0
2025-12;MRT-10-0422;2;4,4;8,1;527,83;5,5;0;0
2024-01;LOAD-M-03-0858;3;1,4;2,5;945,36;13,3;0;0
2024-02;LOAD-M-03-0858;2;1,4;2,5;630,24;8,8;0;0
2024-03;LOAD-M-03-0858;2;1,4;2,5;630,24;8,8;0;0
2024-04;LOAD-M-03-0858;3;1,4;2,5;945,36;13,3;0;0
2024-05;LOAD-M-03-0858;0;1,4;2,5;0,0;0,0;1;0
2024-06;LOAD-M-03-0858;1;1,4;2,5;315,12;4,4;0;0
2024-07;LOAD-M-03-0858;0;1,4;2,5;0,0;0,0;1;0
2024-08;LOAD-M-03-0858;1;1,4;2,5;315,12;4,4;0;0
2024-09;LOAD-M-03-0858;2;1,4;2,5;630,24;8,8;0;0
2024-10;LOAD-M-03-0858;3;1,4;2,5;945,36;13,3;0;0
2024-11;LOAD-M-03-0858;1;1,4;2,5;315,12;4,4;0;0
2024-12;LOAD-M-03-0858;0;1,4;2,5;0,0;0,0;1;0
2025-01;LOAD-M-03-0858;4;1,4;2,5;1260,49;17,7;0;0
2025-02;LOAD-M-03-0858;1;1,4;2,5;315,12;4,4;0;0
2025-03;LOAD-M-03-0858;3;1,4;2,5;945,36;13,3;0;0
2025-04;LOAD-M-03-0858;3;1,4;2,5;945,36;13,3;0;0
2025-05;LOAD-M-03-0858;3;1,4;2,5;945,36;13,3;0;0
2025-06;LOAD-M-03-0858;2;1,4;2,5;630,24;8,8;0;0
2025-07;LOAD-M-03-0858;0;1,4;2,5;0,0;0,0;1;0
2025-08;LOAD-M-03-0858;3;1,4;2,5;945,36;13,3;0;0
2025-09;LOAD-M-03-0858;2;1,4;2,5;630,24;8,8;0;0
2025-10;LOAD-M-03-0858;3;1,4;2,5;945,36;13,3;0;0
2025-11;LOAD-M-03-0858;2;1,4;2,5;630,24;8,8;0;0
2025-12;LOAD-M-03-0858;3;1,4;2,5;945,36;13,3;0;0
2024-01;LOAD-03-0737;43;13,8;25,3;8883,26;112,2;0;0
2024-02;LOAD-03-0737;10;13,8;25,3;2065,88;26,1;0;0
2024-03;LOAD-03-0737;26;13,8;25,3;5371,28;67,8;0;0
2024-04;LOAD-03-0737;18;13,8;25,3;3718,58;47,0;0;0
2024-05;LOAD-03-0737;38;13,8;25,3;7850,33;99,1;0;0
2024-06;LOAD-03-0737;0;13,8;25,3;0,0;0,0;1;0
2024-07;LOAD-03-0737;33;13,8;25,3;6817,39;86,1;0;0
2024-08;LOAD-03-0737;29;13,8;25,3;5991,04;75,7;0;0
2024-09;LOAD-03-0737;23;13,8;25,3;4751,51;60,0;0;0
2024-10;LOAD-03-0737;33;13,8;25,3;6817,39;86,1;0;0
2024-11;LOAD-03-0737;6;13,8;25,3;1239,53;15,7;0;0
2024-12;LOAD-03-0737;17;13,8;25,3;3511,99;44,3;0;0
2025-01;LOAD-03-0737;2;13,8;25,3;413,18;5,2;0;0
2025-02;LOAD-03-0737;11;13,8;25,3;2272,46;28,7;0;0
2025-03;LOAD-03-0737;8;13,8;25,3;1652,7;20,9;0;0
2025-04;LOAD-03-0737;12;13,8;25,3;2479,05;31,3;0;0
2025-05;LOAD-03-0737;5;13,8;25,3;1032,94;13,0;0;0
2025-06;LOAD-03-0737;31;13,8;25,3;6404,21;80,9;0;0
2025-07;LOAD-03-0737;34;13,8;25,3;7023,98;88,7;0;0
2025-08;LOAD-03-0737;36;13,8;25,3;7437,15;93,9;0;0
2025-09;LOAD-03-0737;25;13,8;25,3;5164,69;65,2;0;0
2025-10;LOAD-03-0737;37;13,8;25,3;7643,74;96,5;0;0
2025-11;LOAD-03-0737;21;13,8;25,3;4338,34;54,8;0;0
2025-12;LOAD-03-0737;28;13,8;25,3;5784,45;73,0;0;0
2024-01;AWP-10-0643;2;2,1;3,8;369,04;5,7;0;0
2024-02;AWP-10-0643;3;2,1;3,8;553,55;8,6;0;0
2024-03;AWP-10-0643;1;2,1;3,8;184,52;2,9;0;0
2024-04;AWP-10-0643;3;2,1;3,8;553,55;8,6;0;0
2024-05;AWP-10-0643;0;2,1;3,8;0,0;0,0;1;0
2024-06;AWP-10-0643;5;2,1;3,8;922,59;14,3;0;0
2024-07;AWP-10-0643;1;2,1;3,8;184,52;2,9;0;0
2024-08;AWP-10-0643;3;2,1;3,8;553,55;8,6;0;0
2024-09;AWP-10-0643;5;2,1;3,8;922,59;14,3;0;0
2024-10;AWP-10-0643;3;2,1;3,8;553,55;8,6;0;0
2024-11;AWP-10-0643;5;2,1;3,8;922,59;14,3;0;0
2024-12;AWP-10-0643;2;2,1;3,8;369,04;5,7;0;0
2025-01;AWP-10-0643;5;2,1;3,8;922,59;14,3;0;0
2025-02;AWP-10-0643;3;2,1;3,8;553,55;8,6;0;0
2025-03;AWP-10-0643;3;2,1;3,8;553,55;8,6;0;0
2025-04;AWP-10-0643;6;2,1;3,8;1107,11;17,2;0;0
2025-05;AWP-10-0643;5;2,1;3,8;922,59;14,3;0;0
2025-06;AWP-10-0643;6;2,1;3,8;1107,11;17,2;0;0
2025-07;AWP-10-0643;2;2,1;3,8;369,04;5,7;0;0
2025-08;AWP-10-0643;6;2,1;3,8;1107,11;17,2;0;0
2025-09;AWP-10-0643;6;2,1;3,8;1107,11;17,2;0;0
2025-10;AWP-10-0643;2;2,1;3,8;369,04;5,7;0;0
2025-11;AWP-10-0643;3;2,1;3,8;553,55;8,6;0;0
2025-12;AWP-10-0643;1;2,1;3,8;184,52;2,9;0;0
2024-01;LOAD-M-04-0846;6;7,6;12,4;3615,79;56,8;0;0
2024-02;LOAD-M-04-0846;9;7,6;12,4;5423,68;85,3;0;0
2024-03;LOAD-M-04-0846;12;7,6;12,4;7231,58;113,7;0;0
2024-04;LOAD-M-04-0846;5;7,6;12,4;3013,16;47,4;0;0
2024-05;LOAD-M-04-0846;3;7,6;12,4;1807,89;28,4;0;0
2024-06;LOAD-M-04-0846;18;7,6;12,4;10847,37;170,5;0;0
2024-07;LOAD-M-04-0846;12;7,6;12,4;7231,58;113,7;0;0
2024-08;LOAD-M-04-0846;11;7,6;12,4;6628,95;104,2;0;0
2024-09;LOAD-M-04-0846;10;7,6;12,4;6026,32;94,7;0;0
2024-10;LOAD-M-04-0846;17;7,6;12,4;10244,74;161,1;0;0
2024-11;LOAD-M-04-0846;11;7,6;12,4;6628,95;104,2;0;0
2024-12;LOAD-M-04-0846;15;7,6;12,4;9039,47;142,1;0;0
2025-01;LOAD-M-04-0846;5;7,6;12,4;3013,16;47,4;0;0
2025-02;LOAD-M-04-0846;13;7,6;12,4;7834,21;123,2;0;0
2025-03;LOAD-M-04-0846;7;7,6;12,4;4218,42;66,3;0;0
2025-04;LOAD-M-04-0846;8;7,6;12,4;4821,05;75,8;0;0
2025-05;LOAD-M-04-0846;14;7,6;12,4;8436,84;132,6;0;0
2025-06;LOAD-M-04-0846;2;7,6;12,4;1205,26;18,9;0;0
2025-07;LOAD-M-04-0846;13;7,6;12,4;7834,21;123,2;0;0
2025-08;LOAD-M-04-0846;11;7,6;12,4;6628,95;104,2;0;0
2025-09;LOAD-M-04-0846;19;7,6;12,4;11450,0;180,0;0;0
2025-10;LOAD-M-04-0846;0;7,6;12,4;0,0;0,0;1;0
2025-11;LOAD-M-04-0846;4;7,6;12,4;2410,53;37,9;0;0
2025-12;LOAD-M-04-0846;11;7,6;12,4;6628,95;104,2;0;0
2024-01;MT-03-0110;82;37,1;60,3;17341,76;106,0;0;0
2024-02;MT-03-0110;45;37,1;60,3;9516,82;58,2;0;0
2024-03;MT-03-0110;74;37,1;60,3;15649,88;95,7;0;0
2024-04;MT-03-0110;29;37,1;60,3;6133,06;37,5;0;0
2024-05;MT-03-0110;90;37,1;60,3;19033,64;116,3;0;0
2024-06;MT-03-0110;20;37,1;60,3;4229,7;25,9;0;0
2024-07;MT-03-0110;42;37,1;60,3;8882,36;54,3;0;0
2024-08;MT-03-0110;63;37,1;60,3;13323,54;81,4;0;0
2024-09;MT-03-0110;50;37,1;60,3;10574,24;64,6;0;0
2024-10;MT-03-0110;101;37,1;60,3;21359,97;130,6;0;0
2024-11;MT-03-0110;50;37,1;60,3;10574,24;64,6;0;0
2024-12;MT-03-0110;77;37,1;60,3;16284,33;99,5;0;0
2025-01;MT-03-0110;56;37,1;60,3;11843,15;72,4;0;0
2025-02;MT-03-0110;94;37,1;60,3;19879,57;121,5;0;0
2025-03;MT-03-0110;17;37,1;60,3;3595,24;22,0;0;0
2025-04;MT-03-0110;36;37,1;60,3;7613,45;46,5;0;0
2025-05;MT-03-0110;100;37,1;60,3;21148,48;129,3;0;0
2025-06;MT-03-0110;68;37,1;60,3;14380,97;87,9;0;0
2025-07;MT-03-0110;91;37,1;60,3;19245,12;117,6;0;0
2025-08;MT-03-0110;79;37,1;60,3;16707,3;102,1;0;0
2025-09;MT-03-0110;70;37,1;60,3;14803,94;90,5;0;0
2025-10;MT-03-0110;107;37,1;60,3;22628,88;138,3;0;0
2025-11;MT-03-0110;45;37,1;60,3;9516,82;58,2;0;0
2025-12;MT-03-0110;62;37,1;60,3;13112,06;80,1;0;0
2024-01;MT-10-0128;6;8,3;15,3;1284,81;8,6;0;0
2024-02;MT-10-0128;15;8,3;15,3;3212,03;21,6;0;0
2024-03;MT-10-0128;11;8,3;15,3;2355,49;15,8;0;0
2024-04;MT-10-0128;0;8,3;15,3;0,0;0,0;1;0
2024-05;MT-10-0128;35;8,3;15,3;7494,74;50,4;0;0
2024-06;MT-10-0128;15;8,3;15,3;3212,03;21,6;0;0
2024-07;MT-10-0128;24;8,3;15,3;5139,25;34,6;0;0
2024-08;MT-10-0128;18;8,3;15,3;3854,44;25,9;0;0
2024-09;MT-10-0128;4;8,3;15,3;856,54;5,8;0;0
2024-10;MT-10-0128;24;8,3;15,3;5139,25;34,6;0;0
2024-11;MT-10-0128;14;8,3;15,3;2997,9;20,2;0;0
2024-12;MT-10-0128;32;8,3;15,3;6852,33;46,1;0;0
2025-01;MT-10-0128;18;8,3;15,3;3854,44;25,9;0;0
2025-02;MT-10-0128;18;8,3;15,3;3854,44;25,9;0;0
2025-03;MT-10-0128;14;8,3;15,3;2997,9;20,2;0;0
2025-04;MT-10-0128;22;8,3;15,3;4710,98;31,7;0;0
2025-05;MT-10-0128;17;8,3;15,3;3640,3;24,5;0;0
2025-06;MT-10-0128;8;8,3;15,3;1713,08;11,5;0;0
2025-07;MT-10-0128;1;8,3;15,3;214,14;1,4;0;0
2025-08;MT-10-0128;9;8,3;15,3;1927,22;13,0;0;0
2025-09;MT-10-0128;22;8,3;15,3;4710,98;31,7;0;0
2025-10;MT-10-0128;20;8,3;15,3;4282,71;28,8;0;0
2025-11;MT-10-0128;7;8,3;15,3;1498,95;10,1;0;0
2025-12;MT-10-0128;6;8,3;15,3;1284,81;8,6;0;0
2024-01;MI-MC-07-0478;15;5,8;10,7;5587,28;64,7;0;0
2024-02;MI-MC-07-0478;12;5,8;10,7;4469,82;51,7;0;0
2024-03;MI-MC-07-0478;9;5,8;10,7;3352,37;38,8;0;0
2024-04;MI-MC-07-0478;8;5,8;10,7;2979,88;34,5;0;0
2024-05;MI-MC-07-0478;20;5,8;10,7;7449,7;86,2;0;0
2024-06;MI-MC-07-0478;11;5,8;10,7;4097,34;47,4;0;0
2024-07;MI-MC-07-0478;15;5,8;10,7;5587,28;64,7;0;0
2024-08;MI-MC-07-0478;15;5,8;10,7;5587,28;64,7;0;0
2024-09;MI-MC-07-0478;7;5,8;10,7;2607,4;30,2;0;0
2024-10;MI-MC-07-0478;15;5,8;10,7;5587,28;64,7;0;0
2024-11;MI-MC-07-0478;15;5,8;10,7;5587,28;64,7;0;0
2024-12;MI-MC-07-0478;2;5,8;10,7;744,97;8,6;0;0
2025-01;MI-MC-07-0478;8;5,8;10,7;2979,88;34,5;0;0
2025-02;MI-MC-07-0478;0;5,8;10,7;0,0;0,0;1;0
2025-03;MI-MC-07-0478;16;5,8;10,7;5959,76;69,0;0;0
2025-04;MI-MC-07-0478;4;5,8;10,7;1489,94;17,2;0;0
2025-05;MI-MC-07-0478;17;5,8;10,7;6332,25;73,3;0;0
2025-06;MI-MC-07-0478;13;5,8;10,7;4842,31;56,0;0;0
2025-07;MI-MC-07-0478;16;5,8;10,7;5959,76;69,0;0;0
2025-08;MI-MC-07-0478;20;5,8;10,7;7449,7;86,2;0;0
2025-09;MI-MC-07-0478;11;5,8;10,7;4097,34;47,4;0;0
2025-10;MI-MC-07-0478;0;5,8;10,7;0,0;0,0;1;0
2025-11;MI-MC-07-0478;5;5,8;10,7;1862,43;21,6;0;0
2025-12;MI-MC-07-0478;9;5,8;10,7;3352,37;38,8;0;0
2024-01;MLT-10-0318;4;4,9;9,1;1095,44;6,8;0;0
2024-02;MLT-10-0318;18;4,9;9,1;4929,5;30,6;0;0
2024-03;MLT-10-0318;11;4,9;9,1;3012,47;18,7;0;0
2024-04;MLT-10-0318;7;4,9;9,1;1917,03;11,9;0;0
2024-05;MLT-10-0318;14;4,9;9,1;3834,05;23,8;0;0
2024-06;MLT-10-0318;12;4,9;9,1;3286,33;20,4;0;0
2024-07;MLT-10-0318;7;4,9;9,1;1917,03;11,9;0;0
2024-08;MLT-10-0318;14;4,9;9,1;3834,05;23,8;0;0
2024-09;MLT-10-0318;5;4,9;9,1;1369,3;8,5;0;0
2024-10;MLT-10-0318;5;4,9;9,1;1369,3;8,5;0;0
2024-11;MLT-10-0318;13;4,9;9,1;3560,19;22,1;0;0
2024-12;MLT-10-0318;12;4,9;9,1;3286,33;20,4;0;0
2025-01;MLT-10-0318;13;4,9;9,1;3560,19;22,1;0;0
2025-02;MLT-10-0318;6;4,9;9,1;1643,17;10,2;0;0
2025-03;MLT-10-0318;10;4,9;9,1;2738,61;17,0;0;0
2025-04;MLT-10-0318;11;4,9;9,1;3012,47;18,7;0;0
2025-05;MLT-10-0318;15;4,9;9,1;4107,91;25,5;0;0
2025-06;MLT-10-0318;7;4,9;9,1;1917,03;11,9;0;0
2025-07;MLT-10-0318;6;4,9;9,1;1643,17;10,2;0;0
2025-08;MLT-10-0318;13;4,9;9,1;3560,19;22,1;0;0
2025-09;MLT-10-0318;12;4,9;9,1;3286,33;20,4;0;0
2025-10;MLT-10-0318;5;4,9;9,1;1369,3;8,5;0;0
2025-11;MLT-10-0318;11;4,9;9,1;3012,47;18,7;0;0
2025-12;MLT-10-0318;17;4,9;9,1;4655,64;28,9;0;0
2024-01;AWP-05-0689;3;3,7;6,8;552,99;9,7;0;0
2024-02;AWP-05-0689;4;3,7;6,8;737,32;13,0;0;0
2024-03;AWP-05-0689;8;3,7;6,8;1474,65;25,9;0;0
2024-04;AWP-05-0689;11;3,7;6,8;2027,64;35,7;0;0
2024-05;AWP-05-0689;4;3,7;6,8;737,32;13,0;0;0
2024-06;AWP-05-0689;6;3,7;6,8;1105,99;19,5;0;0
2024-07;AWP-05-0689;10;3,7;6,8;1843,31;32,4;0;0
2024-08;AWP-05-0689;6;3,7;6,8;1105,99;19,5;0;0
2024-09;AWP-05-0689;3;3,7;6,8;552,99;9,7;0;0
2024-10;AWP-05-0689;3;3,7;6,8;552,99;9,7;0;0
2024-11;AWP-05-0689;7;3,7;6,8;1290,32;22,7;0;0
2024-12;AWP-05-0689;7;3,7;6,8;1290,32;22,7;0;0
2025-01;AWP-05-0689;9;3,7;6,8;1658,98;29,2;0;0
2025-02;AWP-05-0689;4;3,7;6,8;737,32;13,0;0;0
2025-03;AWP-05-0689;4;3,7;6,8;737,32;13,0;0;0
2025-04;AWP-05-0689;7;3,7;6,8;1290,32;22,7;0;0
2025-05;AWP-05-0689;2;3,7;6,8;368,66;6,5;0;0
2025-06;AWP-05-0689;3;3,7;6,8;552,99;9,7;0;0
2025-07;AWP-05-0689;4;3,7;6,8;737,32;13,0;0;0
2025-08;AWP-05-0689;9;3,7;6,8;1658,98;29,2;0;0
2025-09;AWP-05-0689;8;3,7;6,8;1474,65;25,9;0;0
2025-10;AWP-05-0689;11;3,7;6,8;2027,64;35,7;0;0
2025-11;AWP-05-0689;4;3,7;6,8;737,32;13,0;0;0
2025-12;AWP-05-0689;12;3,7;6,8;2211,97;38,9;0;0
2024-01;MT-03-0108;5;3,1;5,7;1354,1;9,7;0;0
2024-02;MT-03-0108;5;3,1;5,7;1354,1;9,7;0;0
2024-03;MT-03-0108;3;3,1;5,7;812,46;5,8;0;0
2024-04;MT-03-0108;4;3,1;5,7;1083,28;7,7;0;0
2024-05;MT-03-0108;5;3,1;5,7;1354,1;9,7;0;0
2024-06;MT-03-0108;7;3,1;5,7;1895,73;13,5;0;0
2024-07;MT-03-0108;5;3,1;5,7;1354,1;9,7;0;0
2024-08;MT-03-0108;6;3,1;5,7;1624,91;11,6;0;0
2024-09;MT-03-0108;6;3,1;5,7;1624,91;11,6;0;0
2024-10;MT-03-0108;6;3,1;5,7;1624,91;11,6;0;0
2024-11;MT-03-0108;2;3,1;5,7;541,64;3,9;0;0
2024-12;MT-03-0108;11;3,1;5,7;2979,01;21,3;0;0
2025-01;MT-03-0108;2;3,1;5,7;541,64;3,9;0;0
2025-02;MT-03-0108;10;3,1;5,7;2708,19;19,4;0;0
2025-03;MT-03-0108;7;3,1;5,7;1895,73;13,5;0;0
2025-04;MT-03-0108;9;3,1;5,7;2437,37;17,4;0;0
2025-05;MT-03-0108;7;3,1;5,7;1895,73;13,5;0;0
2025-06;MT-03-0108;5;3,1;5,7;1354,1;9,7;0;0
2025-07;MT-03-0108;1;3,1;5,7;270,82;1,9;0;0
2025-08;MT-03-0108;3;3,1;5,7;812,46;5,8;0;0
2025-09;MT-03-0108;6;3,1;5,7;1624,91;11,6;0;0
2025-10;MT-03-0108;5;3,1;5,7;1354,1;9,7;0;0
2025-11;MT-03-0108;3;3,1;5,7;812,46;5,8;0;0
2025-12;MT-03-0108;6;3,1;5,7;1624,91;11,6;0;0
2024-01;AWP-04-0656;4;4,3;8,0;626,25;11,0;0;0
2024-02;AWP-04-0656;11;4,3;8,0;1722,2;30,3;0;0
2024-03;AWP-04-0656;8;4,3;8,0;1252,51;22,1;0;0
2024-04;AWP-04-0656;5;4,3;8,0;782,82;13,8;0;0
2024-05;AWP-04-0656;9;4,3;8,0;1409,07;24,8;0;0
2024-06;AWP-04-0656;5;4,3;8,0;782,82;13,8;0;0
2024-07;AWP-04-0656;3;4,3;8,0;469,69;8,3;0;0
2024-08;AWP-04-0656;0;4,3;8,0;0,0;0,0;1;0
2024-09;AWP-04-0656;15;4,3;8,0;2348,45;41,4;0;0
2024-10;AWP-04-0656;14;4,3;8,0;2191,88;38,6;0;0
2024-11;AWP-04-0656;9;4,3;8,0;1409,07;24,8;0;0
2024-12;AWP-04-0656;7;4,3;8,0;1095,94;19,3;0;0
2025-01;AWP-04-0656;3;4,3;8,0;469,69;8,3;0;0
2025-02;AWP-04-0656;4;4,3;8,0;626,25;11,0;0;0
2025-03;AWP-04-0656;13;4,3;8,0;2035,32;35,9;0;0
2025-04;AWP-04-0656;5;4,3;8,0;782,82;13,8;0;0
2025-05;AWP-04-0656;10;4,3;8,0;1565,63;27,6;0;0
2025-06;AWP-04-0656;12;4,3;8,0;1878,76;33,1;0;0
2025-07;AWP-04-0656;15;4,3;8,0;2348,45;41,4;0;0
2025-08;AWP-04-0656;6;4,3;8,0;939,38;16,6;0;0
2025-09;AWP-04-0656;7;4,3;8,0;1095,94;19,3;0;0
2025-10;AWP-04-0656;5;4,3;8,0;782,82;13,8;0;0
2025-11;AWP-04-0656;3;4,3;8,0;469,69;8,3;0;0
2025-12;AWP-04-0656;9;4,3;8,0;1409,07;24,8;0;0
2024-01;LOAD-M-10-0835;30;12,3;22,5;5604,11;87,8;0;0
2024-02;LOAD-M-10-0835;30;12,3;22,5;5604,11;87,8;0;0
2024-03;LOAD-M-10-0835;12;12,3;22,5;2241,65;35,1;0;0
2024-04;LOAD-M-10-0835;26;12,3;22,5;4856,9;76,1;0;0
2024-05;LOAD-M-10-0835;23;12,3;22,5;4296,49;67,3;0;0
2024-06;LOAD-M-10-0835;13;12,3;22,5;2428,45;38,0;0;0
2024-07;LOAD-M-10-0835;0;12,3;22,5;0,0;0,0;1;0
2024-08;LOAD-M-10-0835;24;12,3;22,5;4483,29;70,2;0;0
2024-09;LOAD-M-10-0835;11;12,3;22,5;2054,84;32,2;0;0
2024-10;LOAD-M-10-0835;14;12,3;22,5;2615,25;41,0;0;0
2024-11;LOAD-M-10-0835;20;12,3;22,5;3736,08;58,5;0;0
2024-12;LOAD-M-10-0835;5;12,3;22,5;934,02;14,6;0;0
2025-01;LOAD-M-10-0835;12;12,3;22,5;2241,65;35,1;0;0
2025-02;LOAD-M-10-0835;19;12,3;22,5;3549,27;55,6;0;0
2025-03;LOAD-M-10-0835;0;12,3;22,5;0,0;0,0;1;0
2025-04;LOAD-M-10-0835;10;12,3;22,5;1868,04;29,3;0;0
2025-05;LOAD-M-10-0835;8;12,3;22,5;1494,43;23,4;0;0
2025-06;LOAD-M-10-0835;30;12,3;22,5;5604,11;87,8;0;0
2025-07;LOAD-M-10-0835;21;12,3;22,5;3922,88;61,5;0;0
2025-08;LOAD-M-10-0835;36;12,3;22,5;6724,94;105,4;0;0
2025-09;LOAD-M-10-0835;19;12,3;22,5;3549,27;55,6;0;0
2025-10;LOAD-M-10-0835;31;12,3;22,5;5790,92;90,7;0;0
2025-11;LOAD-M-10-0835;24;12,3;22,5;4483,29;70,2;0;0
2025-12;LOAD-M-10-0835;29;12,3;22,5;5417,31;84,9;0;0
2024-01;MT-03-0033;101;49,0;89,9;11316,4;74,1;0;0
2024-02;MT-03-0033;98;49,0;89,9;10980,27;71,9;0;0
2024-03;MT-03-0033;154;49,0;89,9;17254,71;113,0;0;0
2024-04;MT-03-0033;71;49,0;89,9;7955,09;52,1;0;0
2024-05;MT-03-0033;106;49,0;89,9;11876,62;77,8;0;0
2024-06;MT-03-0033;135;49,0;89,9;15125,88;99,1;0;0
2024-07;MT-03-0033;102;49,0;89,9;11428,45;74,9;0;0
2024-08;MT-03-0033;70;49,0;89,9;7843,05;51,4;0;0
2024-09;MT-03-0033;98;49,0;89,9;10980,27;71,9;0;0
2024-10;MT-03-0033;108;49,0;89,9;12100,71;79,3;0;0
2024-11;MT-03-0033;41;49,0;89,9;4593,79;30,1;0;0
2024-12;MT-03-0033;101;49,0;89,9;11316,4;74,1;0;0
2025-01;MT-03-0033;144;49,0;89,9;16134,28;105,7;0;0
2025-02;MT-03-0033;109;49,0;89,9;12212,75;80,0;0;0
2025-03;MT-03-0033;30;49,0;89,9;3361,31;22,0;0;0
2025-04;MT-03-0033;55;49,0;89,9;6162,4;40,4;0;0
2025-05;MT-03-0033;80;49,0;89,9;8963,49;58,7;0;0
2025-06;MT-03-0033;82;49,0;89,9;9187,57;60,2;0;0
2025-07;MT-03-0033;138;49,0;89,9;15462,01;101,3;0;0
2025-08;MT-03-0033;108;49,0;89,9;12100,71;79,3;0;0
2025-09;MT-03-0033;94;49,0;89,9;10532,1;69,0;0;0
2025-10;MT-03-0033;128;49,0;89,9;14341,58;93,9;0;0
2025-11;MT-03-0033;62;49,0;89,9;6946,7;45,5;0;0
2025-12;MT-03-0033;25;49,0;89,9;2801,09;18,3;0;0
2024-01;LOAD-10-0720;10;10,3;19,0;3285,01;52,2;0;0
2024-02;LOAD-10-0720;34;10,3;19,0;11169,04;177,4;0;0
2024-03;LOAD-10-0720;22;10,3;19,0;7227,02;114,8;0;0
2024-04;LOAD-10-0720;22;10,3;19,0;7227,02;114,8;0;0
2024-05;LOAD-10-0720;28;10,3;19,0;9198,03;146,1;0;0
2024-06;LOAD-10-0720;36;10,3;19,0;11826,04;187,8;0;0
2024-07;LOAD-10-0720;5;10,3;19,0;1642,51;26,1;0;0
2024-08;LOAD-10-0720;14;10,3;19,0;4599,02;73,0;0;0
2024-09;LOAD-10-0720;31;10,3;19,0;10183,53;161,7;0;0
2024-10;LOAD-10-0720;19;10,3;19,0;6241,52;99,1;0;0
2024-11;LOAD-10-0720;26;10,3;19,0;8541,03;135,7;0;0
2024-12;LOAD-10-0720;10;10,3;19,0;3285,01;52,2;0;0
2025-01;LOAD-10-0720;16;10,3;19,0;5256,02;83,5;0;0
2025-02;LOAD-10-0720;10;10,3;19,0;3285,01;52,2;0;0
2025-03;LOAD-10-0720;13;10,3;19,0;4270,51;67,8;0;0
2025-04;LOAD-10-0720;36;10,3;19,0;11826,04;187,8;0;0
2025-05;LOAD-10-0720;19;10,3;19,0;6241,52;99,1;0;0
2025-06;LOAD-10-0720;16;10,3;19,0;5256,02;83,5;0;0
2025-07;LOAD-10-0720;16;10,3;19,0;5256,02;83,5;0;0
2025-08;LOAD-10-0720;22;10,3;19,0;7227,02;114,8;0;0
2025-09;LOAD-10-0720;22;10,3;19,0;7227,02;114,8;0;0
2025-10;LOAD-10-0720;27;10,3;19,0;8869,53;140,9;0;0
2025-11;LOAD-10-0720;13;10,3;19,0;4270,51;67,8;0;0
2025-12;LOAD-10-0720;39;10,3;19,0;12811,54;203,5;0;0
2024-01;MT-02-0071;8;3,2;5,2;1800,31;11,9;0;0
2024-02;MT-02-0071;2;3,2;5,2;450,08;3,0;0;0
2024-03;MT-02-0071;4;3,2;5,2;900,15;6,0;0;0
2024-04;MT-02-0071;7;3,2;5,2;1575,27;10,4;0;0
2024-05;MT-02-0071;6;3,2;5,2;1350,23;8,9;0;0
2024-06;MT-02-0071;4;3,2;5,2;900,15;6,0;0;0
2024-07;MT-02-0071;4;3,2;5,2;900,15;6,0;0;0
2024-08;MT-02-0071;5;3,2;5,2;1125,19;7,4;0;0
2024-09;MT-02-0071;2;3,2;5,2;450,08;3,0;0;0
2024-10;MT-02-0071;3;3,2;5,2;675,12;4,5;0;0
2024-11;MT-02-0071;4;3,2;5,2;900,15;6,0;0;0
2024-12;MT-02-0071;4;3,2;5,2;900,15;6,0;0;0
2025-01;MT-02-0071;4;3,2;5,2;900,15;6,0;0;0
2025-02;MT-02-0071;6;3,2;5,2;1350,23;8,9;0;0
2025-03;MT-02-0071;7;3,2;5,2;1575,27;10,4;0;0
2025-04;MT-02-0071;4;3,2;5,2;900,15;6,0;0;0
2025-05;MT-02-0071;6;3,2;5,2;1350,23;8,9;0;0
2025-06;MT-02-0071;5;3,2;5,2;1125,19;7,4;0;0
2025-07;MT-02-0071;2;3,2;5,2;450,08;3,0;0;0
2025-08;MT-02-0071;5;3,2;5,2;1125,19;7,4;0;0
2025-09;MT-02-0071;0;3,2;5,2;0,0;0,0;1;0
2025-10;MT-02-0071;1;3,2;5,2;225,04;1,5;0;0
2025-11;MT-02-0071;2;3,2;5,2;450,08;3,0;0;0
2025-12;MT-02-0071;6;3,2;5,2;1350,23;8,9;0;0
2024-01;LOAD-M-06-0831;5;3,0;5,6;590,39;9,9;0;0
2024-02;LOAD-M-06-0831;11;3,0;5,6;1298,87;21,7;0;0
2024-03;LOAD-M-06-0831;0;3,0;5,6;0,0;0,0;1;0
2024-04;LOAD-M-06-0831;1;3,0;5,6;118,08;2,0;0;0
2024-05;LOAD-M-06-0831;0;3,0;5,6;0,0;0,0;1;0
2024-06;LOAD-M-06-0831;5;3,0;5,6;590,39;9,9;0;0
2024-07;LOAD-M-06-0831;8;3,0;5,6;944,63;15,8;0;0
2024-08;LOAD-M-06-0831;10;3,0;5,6;1180,79;19,7;0;0
2024-09;LOAD-M-06-0831;4;3,0;5,6;472,32;7,9;0;0
2024-10;LOAD-M-06-0831;5;3,0;5,6;590,39;9,9;0;0
2024-11;LOAD-M-06-0831;3;3,0;5,6;354,24;5,9;0;0
2024-12;LOAD-M-06-0831;4;3,0;5,6;472,32;7,9;0;0
2025-01;LOAD-M-06-0831;6;3,0;5,6;708,47;11,8;0;0
2025-02;LOAD-M-06-0831;5;3,0;5,6;590,39;9,9;0;0
2025-03;LOAD-M-06-0831;8;3,0;5,6;944,63;15,8;0;0
2025-04;LOAD-M-06-0831;5;3,0;5,6;590,39;9,9;0;0
2025-05;LOAD-M-06-0831;7;3,0;5,6;826,55;13,8;0;0
2025-06;LOAD-M-06-0831;2;3,0;5,6;236,16;3,9;0;0
2025-07;LOAD-M-06-0831;4;3,0;5,6;472,32;7,9;0;0
2025-08;LOAD-M-06-0831;4;3,0;5,6;472,32;7,9;0;0
2025-09;LOAD-M-06-0831;3;3,0;5,6;354,24;5,9;0;0
2025-10;LOAD-M-06-0831;3;3,0;5,6;354,24;5,9;0;0
2025-11;LOAD-M-06-0831;7;3,0;5,6;826,55;13,8;0;0
2025-12;LOAD-M-06-0831;7;3,0;5,6;826,55;13,8;0;0
2024-01;LOAD-04-0786;7;3,3;5,3;3620,8;72,0;0;0
2024-02;LOAD-04-0786;1;3,3;5,3;517,26;10,3;0;0
2024-03;LOAD-04-0786;5;3,3;5,3;2586,29;51,4;0;0
2024-04;LOAD-04-0786;5;3,3;5,3;2586,29;51,4;0;0
2024-05;LOAD-04-0786;4;3,3;5,3;2069,03;41,1;0;0
2024-06;LOAD-04-0786;14;3,3;5,3;7241,6;144,0;0;0
2024-07;LOAD-04-0786;6;3,3;5,3;3103,54;61,7;0;0
2024-08;LOAD-04-0786;5;3,3;5,3;2586,29;51,4;0;0
2024-09;LOAD-04-0786;4;3,3;5,3;2069,03;41,1;0;0
2024-10;LOAD-04-0786;5;3,3;5,3;2586,29;51,4;0;0
2024-11;LOAD-04-0786;6;3,3;5,3;3103,54;61,7;0;0
2024-12;LOAD-04-0786;10;3,3;5,3;5172,57;102,9;0;0
2025-01;LOAD-04-0786;2;3,3;5,3;1034,51;20,6;0;0
2025-02;LOAD-04-0786;2;3,3;5,3;1034,51;20,6;0;0
2025-03;LOAD-04-0786;5;3,3;5,3;2586,29;51,4;0;0
2025-04;LOAD-04-0786;0;3,3;5,3;0,0;0,0;1;0
2025-05;LOAD-04-0786;6;3,3;5,3;3103,54;61,7;0;0
2025-06;LOAD-04-0786;6;3,3;5,3;3103,54;61,7;0;0
2025-07;LOAD-04-0786;7;3,3;5,3;3620,8;72,0;0;0
2025-08;LOAD-04-0786;5;3,3;5,3;2586,29;51,4;0;0
2025-09;LOAD-04-0786;4;3,3;5,3;2069,03;41,1;0;0
2025-10;LOAD-04-0786;3;3,3;5,3;1551,77;30,9;0;0
2025-11;LOAD-04-0786;0;3,3;5,3;0,0;0,0;1;0
2025-12;LOAD-04-0786;0;3,3;5,3;0,0;0,0;1;0
2024-01;MRT-10-0373;0;1;1,8;0,0;0,0;1;0
2024-02;MRT-10-0373;2;1;1,8;565,8;7,4;0;0
2024-03;MRT-10-0373;0;1;1,8;0,0;0,0;1;0
2024-04;MRT-10-0373;1;1;1,8;282,9;3,7;0;0
2024-05;MRT-10-0373;2;1;1,8;565,8;7,4;0;0
2024-06;MRT-10-0373;2;1;1,8;565,8;7,4;0;0
2024-07;MRT-10-0373;2;1;1,8;565,8;7,4;0;0
2024-08;MRT-10-0373;0;1;1,8;0,0;0,0;1;0
2024-09;MRT-10-0373;3;1;1,8;848,7;11,1;0;0
2024-10;MRT-10-0373;0;1;1,8;0,0;0,0;1;0
2024-11;MRT-10-0373;2;1;1,8;565,8;7,4;0;0
2024-12;MRT-10-0373;1;1;1,8;282,9;3,7;0;0
2025-01;MRT-10-0373;2;1;1,8;565,8;7,4;0;0
2025-02;MRT-10-0373;1;1;1,8;282,9;3,7;0;0
2025-03;MRT-10-0373;1;1;1,8;282,9;3,7;0;0
2025-04;MRT-10-0373;2;1;1,8;565,8;7,4;0;0
2025-05;MRT-10-0373;1;1;1,8;282,9;3,7;0;0
2025-06;MRT-10-0373;3;1;1,8;848,7;11,1;0;0
2025-07;MRT-10-0373;1;1;1,8;282,9;3,7;0;0
2025-08;MRT-10-0373;1;1;1,8;282,9;3,7;0;0
2025-09;MRT-10-0373;2;1;1,8;565,8;7,4;0;0
2025-10;MRT-10-0373;0;1;1,8;0,0;0,0;1;0
2025-11;MRT-10-0373;1;1;1,8;282,9;3,7;0;0
2025-12;MRT-10-0373;1;1;1,8;282,9;3,7;0;0
2024-01;MT-04-0028;13;12,6;23,2;5269,12;37,0;0;0
2024-02;MT-04-0028;21;12,6;23,2;8511,65;59,8;0;0
2024-03;MT-04-0028;21;12,6;23,2;8511,65;59,8;0;0
2024-04;MT-04-0028;22;12,6;23,2;8916,97;62,6;0;0
2024-05;MT-04-0028;34;12,6;23,2;13780,77;96,8;0;0
2024-06;MT-04-0028;26;12,6;23,2;10538,23;74,0;0;0
2024-07;MT-04-0028;18;12,6;23,2;7295,7;51,2;0;0
2024-08;MT-04-0028;42;12,6;23,2;17023,3;119,5;0;0
2024-09;MT-04-0028;28;12,6;23,2;11348,87;79,7;0;0
2024-10;MT-04-0028;25;12,6;23,2;10132,92;71,1;0;0
2024-11;MT-04-0028;13;12,6;23,2;5269,12;37,0;0;0
2024-12;MT-04-0028;8;12,6;23,2;3242,53;22,8;0;0
2025-01;MT-04-0028;39;12,6;23,2;15807,35;111,0;0;0
2025-02;MT-04-0028;17;12,6;23,2;6890,38;48,4;0;0
2025-03;MT-04-0028;26;12,6;23,2;10538,23;74,0;0;0
2025-04;MT-04-0028;32;12,6;23,2;12970,13;91,1;0;0
2025-05;MT-04-0028;22;12,6;23,2;8916,97;62,6;0;0
2025-06;MT-04-0028;9;12,6;23,2;3647,85;25,6;0;0
2025-07;MT-04-0028;37;12,6;23,2;14996,72;105,3;0;0
2025-08;MT-04-0028;24;12,6;23,2;9727,6;68,3;0;0
2025-09;MT-04-0028;7;12,6;23,2;2837,22;19,9;0;0
2025-10;MT-04-0028;32;12,6;23,2;12970,13;91,1;0;0
2025-11;MT-04-0028;37;12,6;23,2;14996,72;105,3;0;0
2025-12;MT-04-0028;25;12,6;23,2;10132,92;71,1;0;0
2024-01;MT-09-0170;47;18,9;30,7;3674,8;27,8;0;0
2024-02;MT-09-0170;21;18,9;30,7;1641,93;12,4;0;0
2024-03;MT-09-0170;22;18,9;30,7;1720,12;13,0;0;0
2024-04;MT-09-0170;36;18,9;30,7;2814,74;21,3;0;0
2024-05;MT-09-0170;41;18,9;30,7;3205,68;24,3;0;0
2024-06;MT-09-0170;42;18,9;30,7;3283,86;24,9;0;0
2024-07;MT-09-0170;13;18,9;30,7;1016,43;7,7;0;0
2024-08;MT-09-0170;41;18,9;30,7;3205,68;24,3;0;0
2024-09;MT-09-0170;42;18,9;30,7;3283,86;24,9;0;0
2024-10;MT-09-0170;38;18,9;30,7;2971,11;22,5;0;0
2024-11;MT-09-0170;34;18,9;30,7;2658,36;20,1;0;0
2024-12;MT-09-0170;24;18,9;30,7;1876,49;14,2;0;0
2025-01;MT-09-0170;34;18,9;30,7;2658,36;20,1;0;0
2025-02;MT-09-0170;59;18,9;30,7;4613,04;34,9;0;0
2025-03;MT-09-0170;31;18,9;30,7;2423,8;18,4;0;0
2025-04;MT-09-0170;46;18,9;30,7;3596,61;27,2;0;0
2025-05;MT-09-0170;3;18,9;30,7;234,56;1,8;0;0
2025-06;MT-09-0170;8;18,9;30,7;625,5;4,7;0;0
2025-07;MT-09-0170;44;18,9;30,7;3440,24;26,1;0;0
2025-08;MT-09-0170;21;18,9;30,7;1641,93;12,4;0;0
2025-09;MT-09-0170;12;18,9;30,7;938,25;7,1;0;0
2025-10;MT-09-0170;30;18,9;30,7;2345,62;17,8;0;0
2025-11;MT-09-0170;22;18,9;30,7;1720,12;13,0;0;0
2025-12;MT-09-0170;53;18,9;30,7;4143,92;31,4;0;0
2024-01;MLT-05-0336;142;51,5;83,7;22363,09;198,5;0;0
2024-02;MLT-05-0336;99;51,5;83,7;15591,17;138,4;0;0
2024-03;MLT-05-0336;119;51,5;83,7;18740,9;166,4;0;0
2024-04;MLT-05-0336;91;51,5;83,7;14331,28;127,2;0;0
2024-05;MLT-05-0336;54;51,5;83,7;8504,27;75,5;0;0
2024-06;MLT-05-0336;148;51,5;83,7;23308,01;206,9;0;0
2024-07;MLT-05-0336;95;51,5;83,7;14961,22;132,8;0;0
2024-08;MLT-05-0336;124;51,5;83,7;19528,33;173,4;0;0
2024-09;MLT-05-0336;70;51,5;83,7;11024,06;97,9;0;0
2024-10;MLT-05-0336;87;51,5;83,7;13701,33;121,6;0;0
2024-11;MLT-05-0336;67;51,5;83,7;10551,6;93,7;0;0
2024-12;MLT-05-0336;62;51,5;83,7;9764,17;86,7;0;0
2025-01;MLT-05-0336;173;51,5;83,7;27245,17;241,9;0;0
2025-02;MLT-05-0336;144;51,5;83,7;22678,06;201,3;0;0
2025-03;MLT-05-0336;126;51,5;83,7;19843,31;176,2;0;0
2025-04;MLT-05-0336;62;51,5;83,7;9764,17;86,7;0;0
2025-05;MLT-05-0336;85;51,5;83,7;13386,36;118,8;0;0
2025-06;MLT-05-0336;128;51,5;83,7;20158,28;179,0;0;0
2025-07;MLT-05-0336;9;51,5;83,7;1417,38;12,6;0;0
2025-08;MLT-05-0336;82;51,5;83,7;12913,9;114,6;0;0
2025-09;MLT-05-0336;85;51,5;83,7;13386,36;118,8;0;0
2025-10;MLT-05-0336;107;51,5;83,7;16851,06;149,6;0;0
2025-11;MLT-05-0336;153;51,5;83,7;24095,44;213,9;0;0
2025-12;MLT-05-0336;36;51,5;83,7;5669,52;50,3;0;0
2024-01;MT-04-0024;30;15,8;25,7;13103,6;91,1;0;0
2024-02;MT-04-0024;6;15,8;25,7;2620,72;18,2;0;0
2024-03;MT-04-0024;3;15,8;25,7;1310,36;9,1;0;0
2024-04;MT-04-0024;27;15,8;25,7;11793,24;82,0;0;0
2024-05;MT-04-0024;44;15,8;25,7;19218,62;133,7;0;0
2024-06;MT-04-0024;7;15,8;25,7;3057,51;21,3;0;0
2024-07;MT-04-0024;33;15,8;25,7;14413,96;100,3;0;0
2024-08;MT-04-0024;31;15,8;25,7;13540,39;94,2;0;0
2024-09;MT-04-0024;24;15,8;25,7;10482,88;72,9;0;0
2024-10;MT-04-0024;44;15,8;25,7;19218,62;133,7;0;0
2024-11;MT-04-0024;49;15,8;25,7;21402,55;148,9;0;0
2024-12;MT-04-0024;28;15,8;25,7;12230,03;85,1;0;0
2025-01;MT-04-0024;32;15,8;25,7;13977,18;97,2;0;0
2025-02;MT-04-0024;18;15,8;25,7;7862,16;54,7;0;0
2025-03;MT-04-0024;26;15,8;25,7;11356,46;79,0;0;0
2025-04;MT-04-0024;49;15,8;25,7;21402,55;148,9;0;0
2025-05;MT-04-0024;17;15,8;25,7;7425,37;51,6;0;0
2025-06;MT-04-0024;27;15,8;25,7;11793,24;82,0;0;0
2025-07;MT-04-0024;19;15,8;25,7;8298,95;57,7;0;0
2025-08;MT-04-0024;27;15,8;25,7;11793,24;82,0;0;0
2025-09;MT-04-0024;22;15,8;25,7;9609,31;66,8;0;0
2025-10;MT-04-0024;10;15,8;25,7;4367,87;30,4;0;0
2025-11;MT-04-0024;0;15,8;25,7;0,0;0,0;1;0
2025-12;MT-04-0024;36;15,8;25,7;15724,32;109,4;0;0
2024-01;LOAD-04-0716;21;11,1;18,0;7578,17;91,1;0;0
2024-02;LOAD-04-0716;12;11,1;18,0;4330,39;52,0;0;0
2024-03;LOAD-04-0716;11;11,1;18,0;3969,52;47,7;0;0
2024-04;LOAD-04-0716;25;11,1;18,0;9021,64;108,4;0;0
2024-05;LOAD-04-0716;22;11,1;18,0;7939,04;95,4;0;0
2024-06;LOAD-04-0716;20;11,1;18,0;7217,31;86,7;0;0
2024-07;LOAD-04-0716;11;11,1;18,0;3969,52;47,7;0;0
2024-08;LOAD-04-0716;31;11,1;18,0;11186,83;134,5;0;0
2024-09;LOAD-04-0716;11;11,1;18,0;3969,52;47,7;0;0
2024-10;LOAD-04-0716;20;11,1;18,0;7217,31;86,7;0;0
2024-11;LOAD-04-0716;10;11,1;18,0;3608,65;43,4;0;0
2024-12;LOAD-04-0716;1;11,1;18,0;360,87;4,3;0;0
2025-01;LOAD-04-0716;9;11,1;18,0;3247,79;39,0;0;0
2025-02;LOAD-04-0716;21;11,1;18,0;7578,17;91,1;0;0
2025-03;LOAD-04-0716;16;11,1;18,0;5773,85;69,4;0;0
2025-04;LOAD-04-0716;28;11,1;18,0;10104,23;121,4;0;0
2025-05;LOAD-04-0716;20;11,1;18,0;7217,31;86,7;0;0
2025-06;LOAD-04-0716;20;11,1;18,0;7217,31;86,7;0;0
2025-07;LOAD-04-0716;15;11,1;18,0;5412,98;65,1;0;0
2025-08;LOAD-04-0716;13;11,1;18,0;4691,25;56,4;0;0
2025-09;LOAD-04-0716;14;11,1;18,0;5052,12;60,7;0;0
2025-10;LOAD-04-0716;6;11,1;18,0;2165,19;26,0;0;0
2025-11;LOAD-04-0716;18;11,1;18,0;6495,58;78,1;0;0
2025-12;LOAD-04-0716;9;11,1;18,0;3247,79;39,0;0;0
2024-01;MT-07-0119;50;23,6;43,3;10888,75;76,3;0;0
2024-02;MT-07-0119;39;23,6;43,3;8493,23;59,5;0;0
2024-03;MT-07-0119;66;23,6;43,3;14373,15;100,7;0;0
2024-04;MT-07-0119;55;23,6;43,3;11977,63;83,9;0;0
2024-05;MT-07-0119;43;23,6;43,3;9364,33;65,6;0;0
2024-06;MT-07-0119;49;23,6;43,3;10670,98;74,7;0;0
2024-07;MT-07-0119;0;23,6;43,3;0,0;0,0;1;0
2024-08;MT-07-0119;48;23,6;43,3;10453,2;73,2;0;0
2024-09;MT-07-0119;23;23,6;43,3;5008,83;35,1;0;0
2024-10;MT-07-0119;55;23,6;43,3;11977,63;83,9;0;0
2024-11;MT-07-0119;58;23,6;43,3;12630,95;88,5;0;0
2024-12;MT-07-0119;3;23,6;43,3;653,33;4,6;0;0
2025-01;MT-07-0119;55;23,6;43,3;11977,63;83,9;0;0
2025-02;MT-07-0119;74;23,6;43,3;16115,35;112,9;0;0
2025-03;MT-07-0119;33;23,6;43,3;7186,58;50,3;0;0
2025-04;MT-07-0119;28;23,6;43,3;6097,7;42,7;0;0
2025-05;MT-07-0119;78;23,6;43,3;16986,45;119,0;0;0
2025-06;MT-07-0119;60;23,6;43,3;13066,5;91,5;0;0
2025-07;MT-07-0119;48;23,6;43,3;10453,2;73,2;0;0
2025-08;MT-07-0119;66;23,6;43,3;14373,15;100,7;0;0
2025-09;MT-07-0119;10;23,6;43,3;2177,75;15,3;0;0
2025-10;MT-07-0119;54;23,6;43,3;11759,85;82,4;0;0
2025-11;MT-07-0119;12;23,6;43,3;2613,3;18,3;0;0
2025-12;MT-07-0119;27;23,6;43,3;5879,93;41,2;0;0
2024-01;TMM-07-0623;3;1,4;2,4;969,14;23,2;0;0
2024-02;TMM-07-0623;1;1,4;2,4;323,05;7,7;0;0
2024-03;TMM-07-0623;5;1,4;2,4;1615,24;38,7;0;0
2024-04;TMM-07-0623;2;1,4;2,4;646,09;15,5;0;0
2024-05;TMM-07-0623;1;1,4;2,4;323,05;7,7;0;0
2024-06;TMM-07-0623;3;1,4;2,4;969,14;23,2;0;0
2024-07;TMM-07-0623;1;1,4;2,4;323,05;7,7;0;0
2024-08;TMM-07-0623;4;1,4;2,4;1292,19;31,0;0;0
2024-09;TMM-07-0623;2;1,4;2,4;646,09;15,5;0;0
2024-10;TMM-07-0623;2;1,4;2,4;646,09;15,5;0;0
2024-11;TMM-07-0623;1;1,4;2,4;323,05;7,7;0;0
2024-12;TMM-07-0623;2;1,4;2,4;646,09;15,5;0;0
2025-01;TMM-07-0623;2;1,4;2,4;646,09;15,5;0;0
2025-02;TMM-07-0623;2;1,4;2,4;646,09;15,5;0;0
2025-03;TMM-07-0623;3;1,4;2,4;969,14;23,2;0;0
2025-04;TMM-07-0623;0;1,4;2,4;0,0;0,0;1;0
2025-05;TMM-07-0623;1;1,4;2,4;323,05;7,7;0;0
2025-06;TMM-07-0623;1;1,4;2,4;323,05;7,7;0;0
2025-07;TMM-07-0623;2;1,4;2,4;646,09;15,5;0;0
2025-08;TMM-07-0623;2;1,4;2,4;646,09;15,5;0;0
2025-09;TMM-07-0623;2;1,4;2,4;646,09;15,5;0;0
2025-10;TMM-07-0623;2;1,4;2,4;646,09;15,5;0;0
2025-11;TMM-07-0623;0;1,4;2,4;0,0;0,0;1;0
2025-12;TMM-07-0623;3;1,4;2,4;969,14;23,2;0;0
2024-01;AWP-07-0697;3;1;1,7;1300,12;20,2;0;0
2024-02;AWP-07-0697;1;1;1,7;433,37;6,7;0;0
2024-03;AWP-07-0697;0;1;1,7;0,0;0,0;1;0
2024-04;AWP-07-0697;1;1;1,7;433,37;6,7;0;0
2024-05;AWP-07-0697;0;1;1,7;0,0;0,0;1;0
2024-06;AWP-07-0697;2;1;1,7;866,74;13,5;0;0
2024-07;AWP-07-0697;2;1;1,7;866,74;13,5;0;0
2024-08;AWP-07-0697;3;1;1,7;1300,12;20,2;0;0
2024-09;AWP-07-0697;1;1;1,7;433,37;6,7;0;0
2024-10;AWP-07-0697;0;1;1,7;0,0;0,0;1;0
2024-11;AWP-07-0697;2;1;1,7;866,74;13,5;0;0
2024-12;AWP-07-0697;1;1;1,7;433,37;6,7;0;0
2025-01;AWP-07-0697;2;1;1,7;866,74;13,5;0;0
2025-02;AWP-07-0697;2;1;1,7;866,74;13,5;0;0
2025-03;AWP-07-0697;1;1;1,7;433,37;6,7;0;0
2025-04;AWP-07-0697;2;1;1,7;866,74;13,5;0;0
2025-05;AWP-07-0697;2;1;1,7;866,74;13,5;0;0
2025-06;AWP-07-0697;0;1;1,7;0,0;0,0;1;0
2025-07;AWP-07-0697;2;1;1,7;866,74;13,5;0;0
2025-08;AWP-07-0697;1;1;1,7;433,37;6,7;0;0
2025-09;AWP-07-0697;1;1;1,7;433,37;6,7;0;0
2025-10;AWP-07-0697;1;1;1,7;433,37;6,7;0;0
2025-11;AWP-07-0697;0;1;1,7;0,0;0,0;1;0
2025-12;AWP-07-0697;2;1;1,7;866,74;13,5;0;0
2024-01;MLT-02-0344;10;5,4;9,8;1818,06;15,7;0;0
2024-02;MLT-02-0344;6;5,4;9,8;1090,84;9,4;0;0
2024-03;MLT-02-0344;0;5,4;9,8;0,0;0,0;1;0
2024-04;MLT-02-0344;7;5,4;9,8;1272,64;11,0;0;0
2024-05;MLT-02-0344;6;5,4;9,8;1090,84;9,4;0;0
2024-06;MLT-02-0344;0;5,4;9,8;0,0;0,0;1;0
2024-07;MLT-02-0344;14;5,4;9,8;2545,29;21,9;0;0
2024-08;MLT-02-0344;11;5,4;9,8;1999,87;17,2;0;0
2024-09;MLT-02-0344;11;5,4;9,8;1999,87;17,2;0;0
2024-10;MLT-02-0344;13;5,4;9,8;2363,48;20,3;0;0
2024-11;MLT-02-0344;3;5,4;9,8;545,42;4,7;0;0
2024-12;MLT-02-0344;10;5,4;9,8;1818,06;15,7;0;0
2025-01;MLT-02-0344;0;5,4;9,8;0,0;0,0;1;0
2025-02;MLT-02-0344;3;5,4;9,8;545,42;4,7;0;0
2025-03;MLT-02-0344;5;5,4;9,8;909,03;7,8;0;0
2025-04;MLT-02-0344;5;5,4;9,8;909,03;7,8;0;0
2025-05;MLT-02-0344;19;5,4;9,8;3454,32;29,7;0;0
2025-06;MLT-02-0344;13;5,4;9,8;2363,48;20,3;0;0
2025-07;MLT-02-0344;7;5,4;9,8;1272,64;11,0;0;0
2025-08;MLT-02-0344;15;5,4;9,8;2727,09;23,5;0;0
2025-09;MLT-02-0344;13;5,4;9,8;2363,48;20,3;0;0
2025-10;MLT-02-0344;16;5,4;9,8;2908,9;25,0;0;0
2025-11;MLT-02-0344;11;5,4;9,8;1999,87;17,2;0;0
2025-12;MLT-02-0344;17;5,4;9,8;3090,71;26,6;0;0
2024-01;LOAD-02-0710;1;1;1,6;266,95;4,9;0;0
2024-02;LOAD-02-0710;0;1;1,6;0,0;0,0;1;0
2024-03;LOAD-02-0710;1;1;1,6;266,95;4,9;0;0
2024-04;LOAD-02-0710;3;1;1,6;800,86;14,7;0;0
2024-05;LOAD-02-0710;1;1;1,6;266,95;4,9;0;0
2024-06;LOAD-02-0710;1;1;1,6;266,95;4,9;0;0
2024-07;LOAD-02-0710;2;1;1,6;533,91;9,8;0;0
2024-08;LOAD-02-0710;0;1;1,6;0,0;0,0;1;0
2024-09;LOAD-02-0710;1;1;1,6;266,95;4,9;0;0
2024-10;LOAD-02-0710;0;1;1,6;0,0;0,0;1;0
2024-11;LOAD-02-0710;2;1;1,6;533,91;9,8;0;0
2024-12;LOAD-02-0710;2;1;1,6;533,91;9,8;0;0
2025-01;LOAD-02-0710;1;1;1,6;266,95;4,9;0;0
2025-02;LOAD-02-0710;0;1;1,6;0,0;0,0;1;0
2025-03;LOAD-02-0710;1;1;1,6;266,95;4,9;0;0
2025-04;LOAD-02-0710;1;1;1,6;266,95;4,9;0;0
2025-05;LOAD-02-0710;2;1;1,6;533,91;9,8;0;0
2025-06;LOAD-02-0710;2;1;1,6;533,91;9,8;0;0
2025-07;LOAD-02-0710;1;1;1,6;266,95;4,9;0;0
2025-08;LOAD-02-0710;1;1;1,6;266,95;4,9;0;0
2025-09;LOAD-02-0710;1;1;1,6;266,95;4,9;0;0
2025-10;LOAD-02-0710;1;1;1,6;266,95;4,9;0;0
2025-11;LOAD-02-0710;2;1;1,6;533,91;9,8;0;0
2025-12;LOAD-02-0710;2;1;1,6;533,91;9,8;0;0
2024-01;MRT-07-0452;34;9,7;17,8;11176,56;126,2;0;0
2024-02;MRT-07-0452;15;9,7;17,8;4930,83;55,7;0;0
2024-03;MRT-07-0452;19;9,7;17,8;6245,72;70,5;0;0
2024-04;MRT-07-0452;25;9,7;17,8;8218,06;92,8;0;0
2024-05;MRT-07-0452;28;9,7;17,8;9204,22;103,9;0;0
2024-06;MRT-07-0452;33;9,7;17,8;10847,84;122,5;0;0
2024-07;MRT-07-0452;15;9,7;17,8;4930,83;55,7;0;0
2024-08;MRT-07-0452;23;9,7;17,8;7560,61;85,4;0;0
2024-09;MRT-07-0452;23;9,7;17,8;7560,61;85,4;0;0
2024-10;MRT-07-0452;30;9,7;17,8;9861,67;111,3;0;0
2024-11;MRT-07-0452;2;9,7;17,8;657,44;7,4;0;0
2024-12;MRT-07-0452;0;9,7;17,8;0,0;0,0;1;0
2025-01;MRT-07-0452;23;9,7;17,8;7560,61;85,4;0;0
2025-02;MRT-07-0452;9;9,7;17,8;2958,5;33,4;0;0
2025-03;MRT-07-0452;16;9,7;17,8;5259,56;59,4;0;0
2025-04;MRT-07-0452;16;9,7;17,8;5259,56;59,4;0;0
2025-05;MRT-07-0452;19;9,7;17,8;6245,72;70,5;0;0
2025-06;MRT-07-0452;13;9,7;17,8;4273,39;48,2;0;0
2025-07;MRT-07-0452;22;9,7;17,8;7231,89;81,6;0;0
2025-08;MRT-07-0452;7;9,7;17,8;2301,06;26,0;0;0
2025-09;MRT-07-0452;29;9,7;17,8;9532,95;107,6;0;0
2025-10;MRT-07-0452;8;9,7;17,8;2629,78;29,7;0;0
2025-11;MRT-07-0452;12;9,7;17,8;3944,67;44,5;0;0
2025-12;MRT-07-0452;25;9,7;17,8;8218,06;92,8;0;0
2024-01;MI-MC-04-0551;6;4,1;6,7;3793,41;69,7;0;0
2024-02;MI-MC-04-0551;4;4,1;6,7;2528,94;46,5;0;0
2024-03;MI-MC-04-0551;15;4,1;6,7;9483,53;174,2;0;0
2024-04;MI-MC-04-0551;6;4,1;6,7;3793,41;69,7;0;0
2024-05;MI-MC-04-0551;12;4,1;6,7;7586,82;139,4;0;0
2024-06;MI-MC-04-0551;10;4,1;6,7;6322,35;116,1;0;0
2024-07;MI-MC-04-0551;8;4,1;6,7;5057,88;92,9;0;0
2024-08;MI-MC-04-0551;10;4,1;6,7;6322,35;116,1;0;0
2024-09;MI-MC-04-0551;5;4,1;6,7;3161,17;58,1;0;0
2024-10;MI-MC-04-0551;3;4,1;6,7;1896,7;34,8;0;0
2024-11;MI-MC-04-0551;5;4,1;6,7;3161,17;58,1;0;0
2024-12;MI-MC-04-0551;10;4,1;6,7;6322,35;116,1;0;0
2025-01;MI-MC-04-0551;6;4,1;6,7;3793,41;69,7;0;0
2025-02;MI-MC-04-0551;6;4,1;6,7;3793,41;69,7;0;0
2025-03;MI-MC-04-0551;7;4,1;6,7;4425,65;81,3;0;0
2025-04;MI-MC-04-0551;11;4,1;6,7;6954,59;127,7;0;0
2025-05;MI-MC-04-0551;2;4,1;6,7;1264,47;23,2;0;0
2025-06;MI-MC-04-0551;3;4,1;6,7;1896,7;34,8;0;0
2025-07;MI-MC-04-0551;7;4,1;6,7;4425,65;81,3;0;0
2025-08;MI-MC-04-0551;14;4,1;6,7;8851,29;162,6;0;0
2025-09;MI-MC-04-0551;5;4,1;6,7;3161,17;58,1;0;0
2025-10;MI-MC-04-0551;5;4,1;6,7;3161,17;58,1;0;0
2025-11;MI-MC-04-0551;8;4,1;6,7;5057,88;92,9;0;0
2025-12;MI-MC-04-0551;13;4,1;6,7;8219,06;151,0;0;0
2024-01;MLT-05-0219;36;54,1;87,9;5204,6;47,9;0;0
2024-02;MLT-05-0219;95;54,1;87,9;13734,37;126,4;0;0
2024-03;MLT-05-0219;62;54,1;87,9;8963,49;82,5;0;0
2024-04;MLT-05-0219;132;54,1;87,9;19083,55;175,7;0;0
2024-05;MLT-05-0219;80;54,1;87,9;11565,79;106,5;0;0
2024-06;MLT-05-0219;220;54,1;87,9;31805,91;292,8;0;0
2024-07;MLT-05-0219;24;54,1;87,9;3469,74;31,9;0;0
2024-08;MLT-05-0219;68;54,1;87,9;9830,92;90,5;0;0
2024-09;MLT-05-0219;86;54,1;87,9;12433,22;114,5;0;0
2024-10;MLT-05-0219;118;54,1;87,9;17059,54;157,0;0;0
2024-11;MLT-05-0219;111;54,1;87,9;16047,53;147,7;0;0
2024-12;MLT-05-0219;64;54,1;87,9;9252,63;85,2;0;0
2025-01;MLT-05-0219;51;54,1;87,9;7373,19;67,9;0;0
2025-02;MLT-05-0219;58;54,1;87,9;8385,2;77,2;0;0
2025-03;MLT-05-0219;43;54,1;87,9;6216,61;57,2;0;0
2025-04;MLT-05-0219;90;54,1;87,9;13011,51;119,8;0;0
2025-05;MLT-05-0219;93;54,1;87,9;13445,23;123,8;0;0
2025-06;MLT-05-0219;86;54,1;87,9;12433,22;114,5;0;0
2025-07;MLT-05-0219;110;54,1;87,9;15902,96;146,4;0;0
2025-08;MLT-05-0219;110;54,1;87,9;15902,96;146,4;0;0
2025-09;MLT-05-0219;25;54,1;87,9;3614,31;33,3;0;0
2025-10;MLT-05-0219;65;54,1;87,9;9397,2;86,5;0;0
2025-11;MLT-05-0219;54;54,1;87,9;7806,91;71,9;0;0
2025-12;MLT-05-0219;85;54,1;87,9;12288,65;113,1;0;0
2024-01;AWP-09-0671;13;4,0;7,3;1750,21;27,3;0;0
2024-02;AWP-09-0671;2;4,0;7,3;269,26;4,2;0;0
2024-03;AWP-09-0671;15;4,0;7,3;2019,47;31,5;0;0
2024-04;AWP-09-0671;5;4,0;7,3;673,16;10,5;0;0
2024-05;AWP-09-0671;11;4,0;7,3;1480,95;23,1;0;0
2024-06;AWP-09-0671;2;4,0;7,3;269,26;4,2;0;0
2024-07;AWP-09-0671;9;4,0;7,3;1211,68;18,9;0;0
2024-08;AWP-09-0671;6;4,0;7,3;807,79;12,6;0;0
2024-09;AWP-09-0671;11;4,0;7,3;1480,95;23,1;0;0
2024-10;AWP-09-0671;12;4,0;7,3;1615,58;25,2;0;0
2024-11;AWP-09-0671;11;4,0;7,3;1480,95;23,1;0;0
2024-12;AWP-09-0671;5;4,0;7,3;673,16;10,5;0;0
2025-01;AWP-09-0671;2;4,0;7,3;269,26;4,2;0;0
2025-02;AWP-09-0671;5;4,0;7,3;673,16;10,5;0;0
2025-03;AWP-09-0671;5;4,0;7,3;673,16;10,5;0;0
2025-04;AWP-09-0671;3;4,0;7,3;403,89;6,3;0;0
2025-05;AWP-09-0671;9;4,0;7,3;1211,68;18,9;0;0
2025-06;AWP-09-0671;8;4,0;7,3;1077,05;16,8;0;0
2025-07;AWP-09-0671;5;4,0;7,3;673,16;10,5;0;0
2025-08;AWP-09-0671;7;4,0;7,3;942,42;14,7;0;0
2025-09;AWP-09-0671;11;4,0;7,3;1480,95;23,1;0;0
2025-10;AWP-09-0671;9;4,0;7,3;1211,68;18,9;0;0
2025-11;AWP-09-0671;10;4,0;7,3;1346,32;21,0;0;0
2025-12;AWP-09-0671;6;4,0;7,3;807,79;12,6;0;0
2024-01;LOAD-07-0729;5;2,7;5,0;1692,15;22,1;0;0
2024-02;LOAD-07-0729;1;2,7;5,0;338,43;4,4;0;0
2024-03;LOAD-07-0729;1;2,7;5,0;338,43;4,4;0;0
2024-04;LOAD-07-0729;6;2,7;5,0;2030,58;26,5;0;0
2024-05;LOAD-07-0729;6;2,7;5,0;2030,58;26,5;0;0
2024-06;LOAD-07-0729;4;2,7;5,0;1353,72;17,7;0;0
2024-07;LOAD-07-0729;3;2,7;5,0;1015,29;13,3;0;0
2024-08;LOAD-07-0729;4;2,7;5,0;1353,72;17,7;0;0
2024-09;LOAD-07-0729;1;2,7;5,0;338,43;4,4;0;0
2024-10;LOAD-07-0729;2;2,7;5,0;676,86;8,8;0;0
2024-11;LOAD-07-0729;4;2,7;5,0;1353,72;17,7;0;0
2024-12;LOAD-07-0729;6;2,7;5,0;2030,58;26,5;0;0
2025-01;LOAD-07-0729;4;2,7;5,0;1353,72;17,7;0;0
2025-02;LOAD-07-0729;5;2,7;5,0;1692,15;22,1;0;0
2025-03;LOAD-07-0729;3;2,7;5,0;1015,29;13,3;0;0
2025-04;LOAD-07-0729;3;2,7;5,0;1015,29;13,3;0;0
2025-05;LOAD-07-0729;6;2,7;5,0;2030,58;26,5;0;0
2025-06;LOAD-07-0729;6;2,7;5,0;2030,58;26,5;0;0
2025-07;LOAD-07-0729;0;2,7;5,0;0,0;0,0;1;0
2025-08;LOAD-07-0729;2;2,7;5,0;676,86;8,8;0;0
2025-09;LOAD-07-0729;6;2,7;5,0;2030,58;26,5;0;0
2025-10;LOAD-07-0729;3;2,7;5,0;1015,29;13,3;0;0
2025-11;LOAD-07-0729;2;2,7;5,0;676,86;8,8;0;0
2025-12;LOAD-07-0729;10;2,7;5,0;3384,29;44,2;0;0
2024-01;MLT-09-0334;37;18,4;30,0;7298,74;67,4;0;0
2024-02;MLT-09-0334;23;18,4;30,0;4537,05;41,9;0;0
2024-03;MLT-09-0334;40;18,4;30,0;7890,53;72,9;0;0
2024-04;MLT-09-0334;40;18,4;30,0;7890,53;72,9;0;0
2024-05;MLT-09-0334;33;18,4;30,0;6509,69;60,2;0;0
2024-06;MLT-09-0334;15;18,4;30,0;2958,95;27,3;0;0
2024-07;MLT-09-0334;29;18,4;30,0;5720,63;52,9;0;0
2024-08;MLT-09-0334;30;18,4;30,0;5917,9;54,7;0;0
2024-09;MLT-09-0334;27;18,4;30,0;5326,11;49,2;0;0
2024-10;MLT-09-0334;34;18,4;30,0;6706,95;62,0;0;0
2024-11;MLT-09-0334;28;18,4;30,0;5523,37;51,0;0;0
2024-12;MLT-09-0334;32;18,4;30,0;6312,42;58,3;0;0
2025-01;MLT-09-0334;37;18,4;30,0;7298,74;67,4;0;0
2025-02;MLT-09-0334;45;18,4;30,0;8876,85;82,0;0;0
2025-03;MLT-09-0334;8;18,4;30,0;1578,11;14,6;0;0
2025-04;MLT-09-0334;53;18,4;30,0;10454,95;96,6;0;0
2025-05;MLT-09-0334;20;18,4;30,0;3945,26;36,5;0;0
2025-06;MLT-09-0334;30;18,4;30,0;5917,9;54,7;0;0
2025-07;MLT-09-0334;36;18,4;30,0;7101,48;65,6;0;0
2025-08;MLT-09-0334;43;18,4;30,0;8482,32;78,4;0;0
2025-09;MLT-09-0334;33;18,4;30,0;6509,69;60,2;0;0
2025-10;MLT-09-0334;21;18,4;30,0;4142,53;38,3;0;0
2025-11;MLT-09-0334;45;18,4;30,0;8876,85;82,0;0;0
2025-12;MLT-09-0334;22;18,4;30,0;4339,79;40,1;0;0
2024-01;TMM-10-0608;1;1;1,5;366,9;11,1;0;0
2024-02;TMM-10-0608;2;1;1,5;733,79;22,2;0;0
2024-03;TMM-10-0608;1;1;1,5;366,9;11,1;0;0
2024-04;TMM-10-0608;3;1;1,5;1100,69;33,2;0;0
2024-05;TMM-10-0608;1;1;1,5;366,9;11,1;0;0
2024-06;TMM-10-0608;2;1;1,5;733,79;22,2;0;0
2024-07;TMM-10-0608;0;1;1,5;0,0;0,0;1;0
2024-08;TMM-10-0608;1;1;1,5;366,9;11,1;0;0
2024-09;TMM-10-0608;2;1;1,5;733,79;22,2;0;0
2024-10;TMM-10-0608;1;1;1,5;366,9;11,1;0;0
2024-11;TMM-10-0608;1;1;1,5;366,9;11,1;0;0
2024-12;TMM-10-0608;1;1;1,5;366,9;11,1;0;0
2025-01;TMM-10-0608;2;1;1,5;733,79;22,2;0;0
2025-02;TMM-10-0608;2;1;1,5;733,79;22,2;0;0
2025-03;TMM-10-0608;1;1;1,5;366,9;11,1;0;0
2025-04;TMM-10-0608;1;1;1,5;366,9;11,1;0;0
2025-05;TMM-10-0608;0;1;1,5;0,0;0,0;1;0
2025-06;TMM-10-0608;1;1;1,5;366,9;11,1;0;0
2025-07;TMM-10-0608;0;1;1,5;0,0;0,0;1;0
2025-08;TMM-10-0608;3;1;1,5;1100,69;33,2;0;0
2025-09;TMM-10-0608;2;1;1,5;733,79;22,2;0;0
2025-10;TMM-10-0608;1;1;1,5;366,9;11,1;0;0
2025-11;TMM-10-0608;1;1;1,5;366,9;11,1;0;0
2025-12;TMM-10-0608;1;1;1,5;366,9;11,1;0;0
2024-01;LOAD-03-0801;1;1;1,6;474,57;5,2;0;0
2024-02;LOAD-03-0801;0;1;1,6;0,0;0,0;1;0
2024-03;LOAD-03-0801;0;1;1,6;0,0;0,0;1;0
2024-04;LOAD-03-0801;1;1;1,6;474,57;5,2;0;0
2024-05;LOAD-03-0801;2;1;1,6;949,14;10,4;0;0
2024-06;LOAD-03-0801;1;1;1,6;474,57;5,2;0;0
2024-07;LOAD-03-0801;1;1;1,6;474,57;5,2;0;0
2024-08;LOAD-03-0801;1;1;1,6;474,57;5,2;0;0
2024-09;LOAD-03-0801;2;1;1,6;949,14;10,4;0;0
2024-10;LOAD-03-0801;0;1;1,6;0,0;0,0;1;0
2024-11;LOAD-03-0801;2;1;1,6;949,14;10,4;0;0
2024-12;LOAD-03-0801;2;1;1,6;949,14;10,4;0;0
2025-01;LOAD-03-0801;2;1;1,6;949,14;10,4;0;0
2025-02;LOAD-03-0801;1;1;1,6;474,57;5,2;0;0
2025-03;LOAD-03-0801;1;1;1,6;474,57;5,2;0;0
2025-04;LOAD-03-0801;0;1;1,6;0,0;0,0;1;0
2025-05;LOAD-03-0801;2;1;1,6;949,14;10,4;0;0
2025-06;LOAD-03-0801;0;1;1,6;0,0;0,0;1;0
2025-07;LOAD-03-0801;2;1;1,6;949,14;10,4;0;0
2025-08;LOAD-03-0801;1;1;1,6;474,57;5,2;0;0
2025-09;LOAD-03-0801;1;1;1,6;474,57;5,2;0;0
2025-10;LOAD-03-0801;1;1;1,6;474,57;5,2;0;0
2025-11;LOAD-03-0801;2;1;1,6;949,14;10,4;0;0
2025-12;LOAD-03-0801;2;1;1,6;949,14;10,4;0;0
2024-01;MRT-04-0412;26;7,9;14,4;9556,77;178,3;0;0
2024-02;MRT-04-0412;27;7,9;14,4;9924,34;185,1;0;0
2024-03;MRT-04-0412;11;7,9;14,4;4043,25;75,4;0;0
2024-04;MRT-04-0412;23;7,9;14,4;8454,07;157,7;0;0
2024-05;MRT-04-0412;23;7,9;14,4;8454,07;157,7;0;0
2024-06;MRT-04-0412;17;7,9;14,4;6248,66;116,6;0;0
2024-07;MRT-04-0412;5;7,9;14,4;1837,84;34,3;0;0
2024-08;MRT-04-0412;31;7,9;14,4;11394,61;212,6;0;0
2024-09;MRT-04-0412;8;7,9;14,4;2940,54;54,9;0;0
2024-10;MRT-04-0412;5;7,9;14,4;1837,84;34,3;0;0
2024-11;MRT-04-0412;17;7,9;14,4;6248,66;116,6;0;0
2024-12;MRT-04-0412;18;7,9;14,4;6616,23;123,4;0;0
2025-01;MRT-04-0412;16;7,9;14,4;5881,09;109,7;0;0
2025-02;MRT-04-0412;5;7,9;14,4;1837,84;34,3;0;0
2025-03;MRT-04-0412;14;7,9;14,4;5145,95;96,0;0;0
2025-04;MRT-04-0412;11;7,9;14,4;4043,25;75,4;0;0
2025-05;MRT-04-0412;9;7,9;14,4;3308,11;61,7;0;0
2025-06;MRT-04-0412;5;7,9;14,4;1837,84;34,3;0;0
2025-07;MRT-04-0412;17;7,9;14,4;6248,66;116,6;0;0
2025-08;MRT-04-0412;3;7,9;14,4;1102,7;20,6;0;0
2025-09;MRT-04-0412;14;7,9;14,4;5145,95;96,0;0;0
2025-10;MRT-04-0412;20;7,9;14,4;7351,36;137,1;0;0
2025-11;MRT-04-0412;0;7,9;14,4;0,0;0,0;1;0
2025-12;MRT-04-0412;11;7,9;14,4;4043,25;75,4;0;0
2024-01;MLT-03-0299;2;2,1;3,8;935,6;11,5;0;0
2024-02;MLT-03-0299;3;2,1;3,8;1403,4;17,3;0;0
2024-03;MLT-03-0299;4;2,1;3,8;1871,21;23,0;0;0
2024-04;MLT-03-0299;3;2,1;3,8;1403,4;17,3;0;0
2024-05;MLT-03-0299;2;2,1;3,8;935,6;11,5;0;0
2024-06;MLT-03-0299;0;2,1;3,8;0,0;0,0;1;0
2024-07;MLT-03-0299;5;2,1;3,8;2339,01;28,8;0;0
2024-08;MLT-03-0299;4;2,1;3,8;1871,21;23,0;0;0
2024-09;MLT-03-0299;5;2,1;3,8;2339,01;28,8;0;0
2024-10;MLT-03-0299;0;2,1;3,8;0,0;0,0;1;0
2024-11;MLT-03-0299;4;2,1;3,8;1871,21;23,0;0;0
2024-12;MLT-03-0299;1;2,1;3,8;467,8;5,8;0;0
2025-01;MLT-03-0299;4;2,1;3,8;1871,21;23,0;0;0
2025-02;MLT-03-0299;7;2,1;3,8;3274,61;40,3;0;0
2025-03;MLT-03-0299;0;2,1;3,8;0,0;0,0;1;0
2025-04;MLT-03-0299;5;2,1;3,8;2339,01;28,8;0;0
2025-05;MLT-03-0299;4;2,1;3,8;1871,21;23,0;0;0
2025-06;MLT-03-0299;4;2,1;3,8;1871,21;23,0;0;0
2025-07;MLT-03-0299;0;2,1;3,8;0,0;0,0;1;0
2025-08;MLT-03-0299;5;2,1;3,8;2339,01;28,8;0;0
2025-09;MLT-03-0299;2;2,1;3,8;935,6;11,5;0;0
2025-10;MLT-03-0299;3;2,1;3,8;1403,4;17,3;0;0
2025-11;MLT-03-0299;2;2,1;3,8;935,6;11,5;0;0
2025-12;MLT-03-0299;3;2,1;3,8;1403,4;17,3;0;0
2024-01;MT-03-0165;54;20,1;36,8;7326,26;67,9;0;0
2024-02;MT-03-0165;30;20,1;36,8;4070,14;37,7;0;0
2024-03;MT-03-0165;36;20,1;36,8;4884,17;45,2;0;0
2024-04;MT-03-0165;62;20,1;36,8;8411,63;77,9;0;0
2024-05;MT-03-0165;2;20,1;36,8;271,34;2,5;0;0
2024-06;MT-03-0165;49;20,1;36,8;6647,9;61,6;0;0
2024-07;MT-03-0165;73;20,1;36,8;9904,01;91,7;0;0
2024-08;MT-03-0165;51;20,1;36,8;6919,24;64,1;0;0
2024-09;MT-03-0165;32;20,1;36,8;4341,48;40,2;0;0
2024-10;MT-03-0165;55;20,1;36,8;7461,93;69,1;0;0
2024-11;MT-03-0165;41;20,1;36,8;5562,53;51,5;0;0
2024-12;MT-03-0165;30;20,1;36,8;4070,14;37,7;0;0
2025-01;MT-03-0165;12;20,1;36,8;1628,06;15,1;0;0
2025-02;MT-03-0165;41;20,1;36,8;5562,53;51,5;0;0
2025-03;MT-03-0165;27;20,1;36,8;3663,13;33,9;0;0
2025-04;MT-03-0165;34;20,1;36,8;4612,83;42,7;0;0
2025-05;MT-03-0165;31;20,1;36,8;4205,81;39,0;0;0
2025-06;MT-03-0165;14;20,1;36,8;1899,4;17,6;0;0
2025-07;MT-03-0165;34;20,1;36,8;4612,83;42,7;0;0
2025-08;MT-03-0165;30;20,1;36,8;4070,14;37,7;0;0
2025-09;MT-03-0165;64;20,1;36,8;8682,97;80,4;0;0
2025-10;MT-03-0165;32;20,1;36,8;4341,48;40,2;0;0
2025-11;MT-03-0165;13;20,1;36,8;1763,73;16,3;0;0
2025-12;MT-03-0165;32;20,1;36,8;4341,48;40,2;0;0
2024-01;LOAD-M-03-0857;2;2,2;3,6;622,16;20,0;0;0
2024-02;LOAD-M-03-0857;5;2,2;3,6;1555,41;50,0;0;0
2024-03;LOAD-M-03-0857;0;2,2;3,6;0,0;0,0;1;0
2024-04;LOAD-M-03-0857;4;2,2;3,6;1244,33;40,0;0;0
2024-05;LOAD-M-03-0857;3;2,2;3,6;933,24;30,0;0;0
2024-06;LOAD-M-03-0857;3;2,2;3,6;933,24;30,0;0;0
2024-07;LOAD-M-03-0857;5;2,2;3,6;1555,41;50,0;0;0
2024-08;LOAD-M-03-0857;0;2,2;3,6;0,0;0,0;1;0
2024-09;LOAD-M-03-0857;5;2,2;3,6;1555,41;50,0;0;0
2024-10;LOAD-M-03-0857;4;2,2;3,6;1244,33;40,0;0;0
2024-11;LOAD-M-03-0857;2;2,2;3,6;622,16;20,0;0;0
2024-12;LOAD-M-03-0857;4;2,2;3,6;1244,33;40,0;0;0
2025-01;LOAD-M-03-0857;3;2,2;3,6;933,24;30,0;0;0
2025-02;LOAD-M-03-0857;1;2,2;3,6;311,08;10,0;0;0
2025-03;LOAD-M-03-0857;2;2,2;3,6;622,16;20,0;0;0
2025-04;LOAD-M-03-0857;9;2,2;3,6;2799,73;90,0;0;0
2025-05;LOAD-M-03-0857;3;2,2;3,6;933,24;30,0;0;0
2025-06;LOAD-M-03-0857;2;2,2;3,6;622,16;20,0;0;0
2025-07;LOAD-M-03-0857;3;2,2;3,6;933,24;30,0;0;0
2025-08;LOAD-M-03-0857;3;2,2;3,6;933,24;30,0;0;0
2025-09;LOAD-M-03-0857;2;2,2;3,6;622,16;20,0;0;0
2025-10;LOAD-M-03-0857;4;2,2;3,6;1244,33;40,0;0;0
2025-11;LOAD-M-03-0857;5;2,2;3,6;1555,41;50,0;0;0
2025-12;LOAD-M-03-0857;4;2,2;3,6;1244,33;40,0;0;0
2024-01;LOAD-10-0764;5;2,8;5,1;1332,25;21,7;0;0
2024-02;LOAD-10-0764;3;2,8;5,1;799,35;13,0;0;0
2024-03;LOAD-10-0764;5;2,8;5,1;1332,25;21,7;0;0
2024-04;LOAD-10-0764;2;2,8;5,1;532,9;8,7;0;0
2024-05;LOAD-10-0764;4;2,8;5,1;1065,8;17,3;0;0
2024-06;LOAD-10-0764;4;2,8;5,1;1065,8;17,3;0;0
2024-07;LOAD-10-0764;1;2,8;5,1;266,45;4,3;0;0
2024-08;LOAD-10-0764;7;2,8;5,1;1865,15;30,4;0;0
2024-09;LOAD-10-0764;6;2,8;5,1;1598,7;26,0;0;0
2024-10;LOAD-10-0764;6;2,8;5,1;1598,7;26,0;0;0
2024-11;LOAD-10-0764;4;2,8;5,1;1065,8;17,3;0;0
2024-12;LOAD-10-0764;0;2,8;5,1;0,0;0,0;1;0
2025-01;LOAD-10-0764;3;2,8;5,1;799,35;13,0;0;0
2025-02;LOAD-10-0764;1;2,8;5,1;266,45;4,3;0;0
2025-03;LOAD-10-0764;1;2,8;5,1;266,45;4,3;0;0
2025-04;LOAD-10-0764;8;2,8;5,1;2131,6;34,7;0;0
2025-05;LOAD-10-0764;3;2,8;5,1;799,35;13,0;0;0
2025-06;LOAD-10-0764;6;2,8;5,1;1598,7;26,0;0;0
2025-07;LOAD-10-0764;6;2,8;5,1;1598,7;26,0;0;0
2025-08;LOAD-10-0764;7;2,8;5,1;1865,15;30,4;0;0
2025-09;LOAD-10-0764;3;2,8;5,1;799,35;13,0;0;0
2025-10;LOAD-10-0764;6;2,8;5,1;1598,7;26,0;0;0
2025-11;LOAD-10-0764;4;2,8;5,1;1065,8;17,3;0;0
2025-12;LOAD-10-0764;0;2,8;5,1;0,0;0,0;1;0
2024-01;MT-07-0167;1;1,1;2,1;433,62;3,2;0;0
2024-02;MT-07-0167;2;1,1;2,1;867,23;6,4;0;0
2024-03;MT-07-0167;2;1,1;2,1;867,23;6,4;0;0
2024-04;MT-07-0167;1;1,1;2,1;433,62;3,2;0;0
2024-05;MT-07-0167;1;1,1;2,1;433,62;3,2;0;0
2024-06;MT-07-0167;1;1,1;2,1;433,62;3,2;0;0
2024-07;MT-07-0167;0;1,1;2,1;0,0;0,0;1;0
2024-08;MT-07-0167;3;1,1;2,1;1300,85;9,6;0;0
2024-09;MT-07-0167;1;1,1;2,1;433,62;3,2;0;0
2024-10;MT-07-0167;0;1,1;2,1;0,0;0,0;1;0
2024-11;MT-07-0167;1;1,1;2,1;433,62;3,2;0;0
2024-12;MT-07-0167;0;1,1;2,1;0,0;0,0;1;0
2025-01;MT-07-0167;0;1,1;2,1;0,0;0,0;1;0
2025-02;MT-07-0167;0;1,1;2,1;0,0;0,0;1;0
2025-03;MT-07-0167;2;1,1;2,1;867,23;6,4;0;0
2025-04;MT-07-0167;1;1,1;2,1;433,62;3,2;0;0
2025-05;MT-07-0167;1;1,1;2,1;433,62;3,2;0;0
2025-06;MT-07-0167;2;1,1;2,1;867,23;6,4;0;0
2025-07;MT-07-0167;2;1,1;2,1;867,23;6,4;0;0
2025-08;MT-07-0167;2;1,1;2,1;867,23;6,4;0;0
2025-09;MT-07-0167;2;1,1;2,1;867,23;6,4;0;0
2025-10;MT-07-0167;2;1,1;2,1;867,23;6,4;0;0
2025-11;MT-07-0167;3;1,1;2,1;1300,85;9,6;0;0
2025-12;MT-07-0167;1;1,1;2,1;433,62;3,2;0;0
2024-01;MRT-04-0431;19;5,6;10,2;3794,82;57,5;0;0
2024-02;MRT-04-0431;12;5,6;10,2;2396,73;36,3;0;0
2024-03;MRT-04-0431;4;5,6;10,2;798,91;12,1;0;0
2024-04;MRT-04-0431;7;5,6;10,2;1398,09;21,2;0;0
2024-05;MRT-04-0431;9;5,6;10,2;1797,55;27,2;0;0
2024-06;MRT-04-0431;10;5,6;10,2;1997,28;30,3;0;0
2024-07;MRT-04-0431;14;5,6;10,2;2796,19;42,4;0;0
2024-08;MRT-04-0431;12;5,6;10,2;2396,73;36,3;0;0
2024-09;MRT-04-0431;10;5,6;10,2;1997,28;30,3;0;0
2024-10;MRT-04-0431;9;5,6;10,2;1797,55;27,2;0;0
2024-11;MRT-04-0431;8;5,6;10,2;1597,82;24,2;0;0
2024-12;MRT-04-0431;11;5,6;10,2;2197,0;33,3;0;0
2025-01;MRT-04-0431;8;5,6;10,2;1597,82;24,2;0;0
2025-02;MRT-04-0431;7;5,6;10,2;1398,09;21,2;0;0
2025-03;MRT-04-0431;10;5,6;10,2;1997,28;30,3;0;0
2025-04;MRT-04-0431;12;5,6;10,2;2396,73;36,3;0;0
2025-05;MRT-04-0431;15;5,6;10,2;2995,91;45,4;0;0
2025-06;MRT-04-0431;10;5,6;10,2;1997,28;30,3;0;0
2025-07;MRT-04-0431;8;5,6;10,2;1597,82;24,2;0;0
2025-08;MRT-04-0431;8;5,6;10,2;1597,82;24,2;0;0
2025-09;MRT-04-0431;21;5,6;10,2;4194,28;63,5;0;0
2025-10;MRT-04-0431;7;5,6;10,2;1398,09;21,2;0;0
2025-11;MRT-04-0431;14;5,6;10,2;2796,19;42,4;0;0
2025-12;MRT-04-0431;7;5,6;10,2;1398,09;21,2;0;0
2024-01;MT-09-0044;3;2,5;4,5;719,87;7,3;0;0
2024-02;MT-09-0044;7;2,5;4,5;1679,7;17,0;0;0
2024-03;MT-09-0044;5;2,5;4,5;1199,78;12,1;0;0
2024-04;MT-09-0044;8;2,5;4,5;1919,65;19,4;0;0
2024-05;MT-09-0044;5;2,5;4,5;1199,78;12,1;0;0
2024-06;MT-09-0044;3;2,5;4,5;719,87;7,3;0;0
2024-07;MT-09-0044;1;2,5;4,5;239,96;2,4;0;0
2024-08;MT-09-0044;5;2,5;4,5;1199,78;12,1;0;0
2024-09;MT-09-0044;4;2,5;4,5;959,83;9,7;0;0
2024-10;MT-09-0044;3;2,5;4,5;719,87;7,3;0;0
2024-11;MT-09-0044;6;2,5;4,5;1439,74;14,5;0;0
2024-12;MT-09-0044;5;2,5;4,5;1199,78;12,1;0;0
2025-01;MT-09-0044;7;2,5;4,5;1679,7;17,0;0;0
2025-02;MT-09-0044;9;2,5;4,5;2159,61;21,8;0;0
2025-03;MT-09-0044;0;2,5;4,5;0,0;0,0;1;0
2025-04;MT-09-0044;1;2,5;4,5;239,96;2,4;0;0
2025-05;MT-09-0044;4;2,5;4,5;959,83;9,7;0;0
2025-06;MT-09-0044;6;2,5;4,5;1439,74;14,5;0;0
2025-07;MT-09-0044;6;2,5;4,5;1439,74;14,5;0;0
2025-08;MT-09-0044;2;2,5;4,5;479,91;4,8;0;0
2025-09;MT-09-0044;3;2,5;4,5;719,87;7,3;0;0
2025-10;MT-09-0044;3;2,5;4,5;719,87;7,3;0;0
2025-11;MT-09-0044;9;2,5;4,5;2159,61;21,8;0;0
2025-12;MT-09-0044;9;2,5;4,5;2159,61;21,8;0;0
2024-01;MT-04-0093;35;18,1;33,1;13705,65;104,6;0;0
2024-02;MT-04-0093;58;18,1;33,1;22712,22;173,3;0;0
2024-03;MT-04-0093;24;18,1;33,1;9398,16;71,7;0;0
2024-04;MT-04-0093;17;18,1;33,1;6657,03;50,8;0;0
2024-05;MT-04-0093;14;18,1;33,1;5482,26;41,8;0;0
2024-06;MT-04-0093;3;18,1;33,1;1174,77;9,0;0;0
2024-07;MT-04-0093;57;18,1;33,1;22320,63;170,3;0;0
2024-08;MT-04-0093;45;18,1;33,1;17621,55;134,4;0;0
2024-09;MT-04-0093;22;18,1;33,1;8614,98;65,7;0;0
2024-10;MT-04-0093;25;18,1;33,1;9789,75;74,7;0;0
2024-11;MT-04-0093;6;18,1;33,1;2349,54;17,9;0;0
2024-12;MT-04-0093;41;18,1;33,1;16055,19;122,5;0;0
2025-01;MT-04-0093;70;18,1;33,1;27411,3;209,1;0;0
2025-02;MT-04-0093;27;18,1;33,1;10572,93;80,7;0;0
2025-03;MT-04-0093;30;18,1;33,1;11747,7;89,6;0;0
2025-04;MT-04-0093;46;18,1;33,1;18013,14;137,4;0;0
2025-05;MT-04-0093;56;18,1;33,1;21929,04;167,3;0;0
2025-06;MT-04-0093;36;18,1;33,1;14097,24;107,6;0;0
2025-07;MT-04-0093;5;18,1;33,1;1957,95;14,9;0;0
2025-08;MT-04-0093;29;18,1;33,1;11356,11;86,6;0;0
2025-09;MT-04-0093;34;18,1;33,1;13314,06;101,6;0;0
2025-10;MT-04-0093;23;18,1;33,1;9006,57;68,7;0;0
2025-11;MT-04-0093;16;18,1;33,1;6265,44;47,8;0;0
2025-12;MT-04-0093;38;18,1;33,1;14880,42;113,5;0;0
2024-01;TMM-03-0606;6;4,8;7,7;1504,9;42,4;0;0
2024-02;TMM-03-0606;12;4,8;7,7;3009,8;84,7;0;0
2024-03;TMM-03-0606;10;4,8;7,7;2508,16;70,6;0;0
2024-04;TMM-03-0606;13;4,8;7,7;3260,61;91,8;0;0
2024-05;TMM-03-0606;17;4,8;7,7;4263,88;120,0;0;0
2024-06;TMM-03-0606;11;4,8;7,7;2758,98;77,6;0;0
2024-07;TMM-03-0606;4;4,8;7,7;1003,27;28,2;0;0
2024-08;TMM-03-0606;2;4,8;7,7;501,63;14,1;0;0
2024-09;TMM-03-0606;8;4,8;7,7;2006,53;56,5;0;0
2024-10;TMM-03-0606;3;4,8;7,7;752,45;21,2;0;0
2024-11;TMM-03-0606;1;4,8;7,7;250,82;7,1;0;0
2024-12;TMM-03-0606;7;4,8;7,7;1755,72;49,4;0;0
2025-01;TMM-03-0606;14;4,8;7,7;3511,43;98,8;0;0
2025-02;TMM-03-0606;3;4,8;7,7;752,45;21,2;0;0
2025-03;TMM-03-0606;3;4,8;7,7;752,45;21,2;0;0
2025-04;TMM-03-0606;9;4,8;7,7;2257,35;63,5;0;0
2025-05;TMM-03-0606;10;4,8;7,7;2508,16;70,6;0;0
2025-06;TMM-03-0606;13;4,8;7,7;3260,61;91,8;0;0
2025-07;TMM-03-0606;4;4,8;7,7;1003,27;28,2;0;0
2025-08;TMM-03-0606;9;4,8;7,7;2257,35;63,5;0;0
2025-09;TMM-03-0606;9;4,8;7,7;2257,35;63,5;0;0
2025-10;TMM-03-0606;13;4,8;7,7;3260,61;91,8;0;0
2025-11;TMM-03-0606;5;4,8;7,7;1254,08;35,3;0;0
2025-12;TMM-03-0606;8;4,8;7,7;2006,53;56,5;0;0
2024-01;MLT-04-0226;6;3,7;6,0;3783,48;36,6;0;0
2024-02;MLT-04-0226;8;3,7;6,0;5044,64;48,8;0;0
2024-03;MLT-04-0226;0;3,7;6,0;0,0;0,0;1;0
2024-04;MLT-04-0226;0;3,7;6,0;0,0;0,0;1;0
2024-05;MLT-04-0226;2;3,7;6,0;1261,16;12,2;0;0
2024-06;MLT-04-0226;7;3,7;6,0;4414,06;42,7;0;0
2024-07;MLT-04-0226;6;3,7;6,0;3783,48;36,6;0;0
2024-08;MLT-04-0226;5;3,7;6,0;3152,9;30,5;0;0
2024-09;MLT-04-0226;8;3,7;6,0;5044,64;48,8;0;0
2024-10;MLT-04-0226;5;3,7;6,0;3152,9;30,5;0;0
2024-11;MLT-04-0226;0;3,7;6,0;0,0;0,0;1;0
2024-12;MLT-04-0226;3;3,7;6,0;1891,74;18,3;0;0
2025-01;MLT-04-0226;4;3,7;6,0;2522,32;24,4;0;0
2025-02;MLT-04-0226;4;3,7;6,0;2522,32;24,4;0;0
2025-03;MLT-04-0226;9;3,7;6,0;5675,22;54,9;0;0
2025-04;MLT-04-0226;4;3,7;6,0;2522,32;24,4;0;0
2025-05;MLT-04-0226;11;3,7;6,0;6936,38;67,1;0;0
2025-06;MLT-04-0226;1;3,7;6,0;630,58;6,1;0;0
2025-07;MLT-04-0226;0;3,7;6,0;0,0;0,0;1;0
2025-08;MLT-04-0226;4;3,7;6,0;2522,32;24,4;0;0
2025-09;MLT-04-0226;5;3,7;6,0;3152,9;30,5;0;0
2025-10;MLT-04-0226;4;3,7;6,0;2522,32;24,4;0;0
2025-11;MLT-04-0226;8;3,7;6,0;5044,64;48,8;0;0
2025-12;MLT-04-0226;7;3,7;6,0;4414,06;42,7;0;0
2024-01;MLT-04-0367;11;5,6;10,2;5340,62;49,8;0;0
2024-02;MLT-04-0367;8;5,6;10,2;3884,09;36,2;0;0
2024-03;MLT-04-0367;13;5,6;10,2;6311,64;58,9;0;0
2024-04;MLT-04-0367;7;5,6;10,2;3398,58;31,7;0;0
2024-05;MLT-04-0367;6;5,6;10,2;2913,07;27,2;0;0
2024-06;MLT-04-0367;2;5,6;10,2;971,02;9,1;0;0
2024-07;MLT-04-0367;5;5,6;10,2;2427,55;22,6;0;0
2024-08;MLT-04-0367;17;5,6;10,2;8253,68;77,0;0;0
2024-09;MLT-04-0367;4;5,6;10,2;1942,04;18,1;0;0
2024-10;MLT-04-0367;9;5,6;10,2;4369,6;40,8;0;0
2024-11;MLT-04-0367;14;5,6;10,2;6797,15;63,4;0;0
2024-12;MLT-04-0367;3;5,6;10,2;1456,53;13,6;0;0
2025-01;MLT-04-0367;12;5,6;10,2;5826,13;54,3;0;0
2025-02;MLT-04-0367;6;5,6;10,2;2913,07;27,2;0;0
2025-03;MLT-04-0367;14;5,6;10,2;6797,15;63,4;0;0
2025-04;MLT-04-0367;12;5,6;10,2;5826,13;54,3;0;0
2025-05;MLT-04-0367;7;5,6;10,2;3398,58;31,7;0;0
2025-06;MLT-04-0367;4;5,6;10,2;1942,04;18,1;0;0
2025-07;MLT-04-0367;17;5,6;10,2;8253,68;77,0;0;0
2025-08;MLT-04-0367;17;5,6;10,2;8253,68;77,0;0;0
2025-09;MLT-04-0367;14;5,6;10,2;6797,15;63,4;0;0
2025-10;MLT-04-0367;0;5,6;10,2;0,0;0,0;1;0
2025-11;MLT-04-0367;8;5,6;10,2;3884,09;36,2;0;0
2025-12;MLT-04-0367;9;5,6;10,2;4369,6;40,8;0;0
2024-01;MLT-04-0258;4;1,6;3,0;705,79;8,7;0;0
2024-02;MLT-04-0258;3;1,6;3,0;529,35;6,5;0;0
2024-03;MLT-04-0258;0;1,6;3,0;0,0;0,0;1;0
2024-04;MLT-04-0258;5;1,6;3,0;882,24;10,9;0;0
2024-05;MLT-04-0258;4;1,6;3,0;705,79;8,7;0;0
2024-06;MLT-04-0258;3;1,6;3,0;529,35;6,5;0;0
2024-07;MLT-04-0258;0;1,6;3,0;0,0;0,0;1;0
2024-08;MLT-04-0258;4;1,6;3,0;705,79;8,7;0;0
2024-09;MLT-04-0258;2;1,6;3,0;352,9;4,4;0;0
2024-10;MLT-04-0258;1;1,6;3,0;176,45;2,2;0;0
2024-11;MLT-04-0258;5;1,6;3,0;882,24;10,9;0;0
2024-12;MLT-04-0258;2;1,6;3,0;352,9;4,4;0;0
2025-01;MLT-04-0258;7;1,6;3,0;1235,14;15,3;0;0
2025-02;MLT-04-0258;1;1,6;3,0;176,45;2,2;0;0
2025-03;MLT-04-0258;3;1,6;3,0;529,35;6,5;0;0
2025-04;MLT-04-0258;2;1,6;3,0;352,9;4,4;0;0
2025-05;MLT-04-0258;1;1,6;3,0;176,45;2,2;0;0
2025-06;MLT-04-0258;4;1,6;3,0;705,79;8,7;0;0
2025-07;MLT-04-0258;3;1,6;3,0;529,35;6,5;0;0
2025-08;MLT-04-0258;3;1,6;3,0;529,35;6,5;0;0
2025-09;MLT-04-0258;6;1,6;3,0;1058,69;13,1;0;0
2025-10;MLT-04-0258;0;1,6;3,0;0,0;0,0;1;0
2025-11;MLT-04-0258;3;1,6;3,0;529,35;6,5;0;0
2025-12;MLT-04-0258;3;1,6;3,0;529,35;6,5;0;0
2024-01;MLT-07-0349;2;1,0;1,9;764,97;6,9;0;0
2024-02;MLT-07-0349;0;1,0;1,9;0,0;0,0;1;0
2024-03;MLT-07-0349;2;1,0;1,9;764,97;6,9;0;0
2024-04;MLT-07-0349;0;1,0;1,9;0,0;0,0;1;0
2024-05;MLT-07-0349;2;1,0;1,9;764,97;6,9;0;0
2024-06;MLT-07-0349;1;1,0;1,9;382,49;3,4;0;0
2024-07;MLT-07-0349;3;1,0;1,9;1147,46;10,3;0;0
2024-08;MLT-07-0349;1;1,0;1,9;382,49;3,4;0;0
2024-09;MLT-07-0349;1;1,0;1,9;382,49;3,4;0;0
2024-10;MLT-07-0349;1;1,0;1,9;382,49;3,4;0;0
2024-11;MLT-07-0349;2;1,0;1,9;764,97;6,9;0;0
2024-12;MLT-07-0349;0;1,0;1,9;0,0;0,0;1;0
2025-01;MLT-07-0349;3;1,0;1,9;1147,46;10,3;0;0
2025-02;MLT-07-0349;1;1,0;1,9;382,49;3,4;0;0
2025-03;MLT-07-0349;1;1,0;1,9;382,49;3,4;0;0
2025-04;MLT-07-0349;1;1,0;1,9;382,49;3,4;0;0
2025-05;MLT-07-0349;0;1,0;1,9;0,0;0,0;1;0
2025-06;MLT-07-0349;1;1,0;1,9;382,49;3,4;0;0
2025-07;MLT-07-0349;2;1,0;1,9;764,97;6,9;0;0
2025-08;MLT-07-0349;1;1,0;1,9;382,49;3,4;0;0
2025-09;MLT-07-0349;0;1,0;1,9;0,0;0,0;1;0
2025-10;MLT-07-0349;1;1,0;1,9;382,49;3,4;0;0
2025-11;MLT-07-0349;2;1,0;1,9;764,97;6,9;0;0
2025-12;MLT-07-0349;1;1,0;1,9;382,49;3,4;0;0
2024-01;MLT-03-0195;31;8,2;15,0;14536,75;95,8;0;0
2024-02;MLT-03-0195;29;8,2;15,0;13598,89;89,6;0;0
2024-03;MLT-03-0195;12;8,2;15,0;5627,13;37,1;0;0
2024-04;MLT-03-0195;14;8,2;15,0;6564,98;43,3;0;0
2024-05;MLT-03-0195;3;8,2;15,0;1406,78;9,3;0;0
2024-06;MLT-03-0195;15;8,2;15,0;7033,91;46,4;0;0
2024-07;MLT-03-0195;11;8,2;15,0;5158,2;34,0;0;0
2024-08;MLT-03-0195;7;8,2;15,0;3282,49;21,6;0;0
2024-09;MLT-03-0195;24;8,2;15,0;11254,26;74,2;0;0
2024-10;MLT-03-0195;17;8,2;15,0;7971,77;52,5;0;0
2024-11;MLT-03-0195;19;8,2;15,0;8909,62;58,7;0;0
2024-12;MLT-03-0195;18;8,2;15,0;8440,69;55,6;0;0
2025-01;MLT-03-0195;25;8,2;15,0;11723,18;77,3;0;0
2025-02;MLT-03-0195;4;8,2;15,0;1875,71;12,4;0;0
2025-03;MLT-03-0195;19;8,2;15,0;8909,62;58,7;0;0
2025-04;MLT-03-0195;10;8,2;15,0;4689,27;30,9;0;0
2025-05;MLT-03-0195;19;8,2;15,0;8909,62;58,7;0;0
2025-06;MLT-03-0195;8;8,2;15,0;3751,42;24,7;0;0
2025-07;MLT-03-0195;4;8,2;15,0;1875,71;12,4;0;0
2025-08;MLT-03-0195;12;8,2;15,0;5627,13;37,1;0;0
2025-09;MLT-03-0195;12;8,2;15,0;5627,13;37,1;0;0
2025-10;MLT-03-0195;20;8,2;15,0;9378,55;61,8;0;0
2025-11;MLT-03-0195;19;8,2;15,0;8909,62;58,7;0;0
2025-12;MLT-03-0195;2;8,2;15,0;937,85;6,2;0;0
2024-01;MT-03-0189;2;2,2;3,6;949,21;7,3;0;0
2024-02;MT-03-0189;4;2,2;3,6;1898,41;14,5;0;0
2024-03;MT-03-0189;5;2,2;3,6;2373,02;18,2;0;0
2024-04;MT-03-0189;3;2,2;3,6;1423,81;10,9;0;0
2024-05;MT-03-0189;4;2,2;3,6;1898,41;14,5;0;0
2024-06;MT-03-0189;2;2,2;3,6;949,21;7,3;0;0
2024-07;MT-03-0189;3;2,2;3,6;1423,81;10,9;0;0
2024-08;MT-03-0189;4;2,2;3,6;1898,41;14,5;0;0
2024-09;MT-03-0189;6;2,2;3,6;2847,62;21,8;0;0
2024-10;MT-03-0189;2;2,2;3,6;949,21;7,3;0;0
2024-11;MT-03-0189;1;2,2;3,6;474,6;3,6;0;0
2024-12;MT-03-0189;5;2,2;3,6;2373,02;18,2;0;0
2025-01;MT-03-0189;5;2,2;3,6;2373,02;18,2;0;0
2025-02;MT-03-0189;4;2,2;3,6;1898,41;14,5;0;0
2025-03;MT-03-0189;2;2,2;3,6;949,21;7,3;0;0
2025-04;MT-03-0189;4;2,2;3,6;1898,41;14,5;0;0
2025-05;MT-03-0189;5;2,2;3,6;2373,02;18,2;0;0
2025-06;MT-03-0189;1;2,2;3,6;474,6;3,6;0;0
2025-07;MT-03-0189;2;2,2;3,6;949,21;7,3;0;0
2025-08;MT-03-0189;2;2,2;3,6;949,21;7,3;0;0
2025-09;MT-03-0189;3;2,2;3,6;1423,81;10,9;0;0
2025-10;MT-03-0189;2;2,2;3,6;949,21;7,3;0;0
2025-11;MT-03-0189;4;2,2;3,6;1898,41;14,5;0;0
2025-12;MT-03-0189;4;2,2;3,6;1898,41;14,5;0;0
2024-01;LOAD-04-0709;2;1,1;2,0;955,28;15,5;0;0
2024-02;LOAD-04-0709;0;1,1;2,0;0,0;0,0;1;0
2024-03;LOAD-04-0709;0;1,1;2,0;0,0;0,0;1;0
2024-04;LOAD-04-0709;2;1,1;2,0;955,28;15,5;0;0
2024-05;LOAD-04-0709;0;1,1;2,0;0,0;0,0;1;0
2024-06;LOAD-04-0709;2;1,1;2,0;955,28;15,5;0;0
2024-07;LOAD-04-0709;1;1,1;2,0;477,64;7,7;0;0
2024-08;LOAD-04-0709;2;1,1;2,0;955,28;15,5;0;0
2024-09;LOAD-04-0709;1;1,1;2,0;477,64;7,7;0;0
2024-10;LOAD-04-0709;2;1,1;2,0;955,28;15,5;0;0
2024-11;LOAD-04-0709;1;1,1;2,0;477,64;7,7;0;0
2024-12;LOAD-04-0709;0;1,1;2,0;0,0;0,0;1;0
2025-01;LOAD-04-0709;4;1,1;2,0;1910,56;31,0;0;0
2025-02;LOAD-04-0709;1;1,1;2,0;477,64;7,7;0;0
2025-03;LOAD-04-0709;3;1,1;2,0;1432,92;23,2;0;0
2025-04;LOAD-04-0709;0;1,1;2,0;0,0;0,0;1;0
2025-05;LOAD-04-0709;1;1,1;2,0;477,64;7,7;0;0
2025-06;LOAD-04-0709;2;1,1;2,0;955,28;15,5;0;0
2025-07;LOAD-04-0709;0;1,1;2,0;0,0;0,0;1;0
2025-08;LOAD-04-0709;1;1,1;2,0;477,64;7,7;0;0
2025-09;LOAD-04-0709;2;1,1;2,0;955,28;15,5;0;0
2025-10;LOAD-04-0709;3;1,1;2,0;1432,92;23,2;0;0
2025-11;LOAD-04-0709;2;1,1;2,0;955,28;15,5;0;0
2025-12;LOAD-04-0709;0;1,1;2,0;0,0;0,0;1;0
2024-01;MT-10-0060;14;25,9;42,1;2965,56;25,9;0;0
2024-02;MT-10-0060;0;25,9;42,1;0,0;0,0;1;0
2024-03;MT-10-0060;4;25,9;42,1;847,3;7,4;0;0
2024-04;MT-10-0060;22;25,9;42,1;4660,17;40,7;0;0
2024-05;MT-10-0060;68;25,9;42,1;14404,17;125,9;0;0
2024-06;MT-10-0060;25;25,9;42,1;5295,65;46,3;0;0
2024-07;MT-10-0060;0;25,9;42,1;0,0;0,0;1;0
2024-08;MT-10-0060;22;25,9;42,1;4660,17;40,7;0;0
2024-09;MT-10-0060;51;25,9;42,1;10803,13;94,4;0;0
2024-10;MT-10-0060;73;25,9;42,1;15463,3;135,1;0;0
2024-11;MT-10-0060;8;25,9;42,1;1694,61;14,8;0;0
2024-12;MT-10-0060;56;25,9;42,1;11862,26;103,7;0;0
2025-01;MT-10-0060;46;25,9;42,1;9744,0;85,1;0;0
2025-02;MT-10-0060;57;25,9;42,1;12074,08;105,5;0;0
2025-03;MT-10-0060;33;25,9;42,1;6990,26;61,1;0;0
2025-04;MT-10-0060;46;25,9;42,1;9744,0;85,1;0;0
2025-05;MT-10-0060;50;25,9;42,1;10591,3;92,5;0;0
2025-06;MT-10-0060;40;25,9;42,1;8473,04;74,0;0;0
2025-07;MT-10-0060;29;25,9;42,1;6142,96;53,7;0;0
2025-08;MT-10-0060;15;25,9;42,1;3177,39;27,8;0;0
2025-09;MT-10-0060;0;25,9;42,1;0,0;0,0;1;0
2025-10;MT-10-0060;67;25,9;42,1;14192,35;124,0;0;0
2025-11;MT-10-0060;68;25,9;42,1;14404,17;125,9;0;0
2025-12;MT-10-0060;32;25,9;42,1;6778,43;59,2;0;0
2024-01;MRT-10-0426;2;1,6;2,9;668,93;15,0;0;0
2024-02;MRT-10-0426;3;1,6;2,9;1003,39;22,5;0;0
2024-03;MRT-10-0426;2;1,6;2,9;668,93;15,0;0;0
2024-04;MRT-10-0426;5;1,6;2,9;1672,32;37,5;0;0
2024-05;MRT-10-0426;4;1,6;2,9;1337,86;30,0;0;0
2024-06;MRT-10-0426;1;1,6;2,9;334,46;7,5;0;0
2024-07;MRT-10-0426;1;1,6;2,9;334,46;7,5;0;0
2024-08;MRT-10-0426;4;1,6;2,9;1337,86;30,0;0;0
2024-09;MRT-10-0426;2;1,6;2,9;668,93;15,0;0;0
2024-10;MRT-10-0426;2;1,6;2,9;668,93;15,0;0;0
2024-11;MRT-10-0426;2;1,6;2,9;668,93;15,0;0;0
2024-12;MRT-10-0426;5;1,6;2,9;1672,32;37,5;0;0
2025-01;MRT-10-0426;0;1,6;2,9;0,0;0,0;1;0
2025-02;MRT-10-0426;4;1,6;2,9;1337,86;30,0;0;0
2025-03;MRT-10-0426;0;1,6;2,9;0,0;0,0;1;0
2025-04;MRT-10-0426;0;1,6;2,9;0,0;0,0;1;0
2025-05;MRT-10-0426;1;1,6;2,9;334,46;7,5;0;0
2025-06;MRT-10-0426;2;1,6;2,9;668,93;15,0;0;0
2025-07;MRT-10-0426;1;1,6;2,9;334,46;7,5;0;0
2025-08;MRT-10-0426;1;1,6;2,9;334,46;7,5;0;0
2025-09;MRT-10-0426;4;1,6;2,9;1337,86;30,0;0;0
2025-10;MRT-10-0426;6;1,6;2,9;2006,79;45,0;0;0
2025-11;MRT-10-0426;1;1,6;2,9;334,46;7,5;0;0
2025-12;MRT-10-0426;1;1,6;2,9;334,46;7,5;0;0
2024-01;LOAD-M-10-0855;17;10,7;17,4;3387,24;114,4;0;0
2024-02;LOAD-M-10-0855;24;10,7;17,4;4781,99;161,5;0;0
2024-03;LOAD-M-10-0855;16;10,7;17,4;3187,99;107,7;0;0
2024-04;LOAD-M-10-0855;15;10,7;17,4;2988,74;100,9;0;0
2024-05;LOAD-M-10-0855;8;10,7;17,4;1594,0;53,8;0;0
2024-06;LOAD-M-10-0855;19;10,7;17,4;3785,74;127,9;0;0
2024-07;LOAD-M-10-0855;25;10,7;17,4;4981,24;168,2;0;0
2024-08;LOAD-M-10-0855;17;10,7;17,4;3387,24;114,4;0;0
2024-09;LOAD-M-10-0855;25;10,7;17,4;4981,24;168,2;0;0
2024-10;LOAD-M-10-0855;16;10,7;17,4;3187,99;107,7;0;0
2024-11;LOAD-M-10-0855;22;10,7;17,4;4383,49;148,0;0;0
2024-12;LOAD-M-10-0855;27;10,7;17,4;5379,74;181,7;0;0
2025-01;LOAD-M-10-0855;17;10,7;17,4;3387,24;114,4;0;0
2025-02;LOAD-M-10-0855;25;10,7;17,4;4981,24;168,2;0;0
2025-03;LOAD-M-10-0855;10;10,7;17,4;1992,5;67,3;0;0
2025-04;LOAD-M-10-0855;5;10,7;17,4;996,25;33,6;0;0
2025-05;LOAD-M-10-0855;12;10,7;17,4;2390,99;80,7;0;0
2025-06;LOAD-M-10-0855;12;10,7;17,4;2390,99;80,7;0;0
2025-07;LOAD-M-10-0855;19;10,7;17,4;3785,74;127,9;0;0
2025-08;LOAD-M-10-0855;21;10,7;17,4;4184,24;141,3;0;0
2025-09;LOAD-M-10-0855;34;10,7;17,4;6774,48;228,8;0;0
2025-10;LOAD-M-10-0855;31;10,7;17,4;6176,74;208,6;0;0
2025-11;LOAD-M-10-0855;12;10,7;17,4;2390,99;80,7;0;0
2025-12;LOAD-M-10-0855;24;10,7;17,4;4781,99;161,5;0;0
2024-01;AWP-04-0693;1;1;1,2;478,32;12,9;0;0
2024-02;AWP-04-0693;2;1;1,2;956,64;25,7;0;0
2024-03;AWP-04-0693;1;1;1,2;478,32;12,9;0;0
2024-04;AWP-04-0693;1;1;1,2;478,32;12,9;0;0
2024-05;AWP-04-0693;1;1;1,2;478,32;12,9;0;0
2024-06;AWP-04-0693;2;1;1,2;956,64;25,7;0;0
2024-07;AWP-04-0693;2;1;1,2;956,64;25,7;0;0
2024-08;AWP-04-0693;1;1;1,2;478,32;12,9;0;0
2024-09;AWP-04-0693;1;1;1,2;478,32;12,9;0;0
2024-10;AWP-04-0693;1;1;1,2;478,32;12,9;0;0
2024-11;AWP-04-0693;1;1;1,2;478,32;12,9;0;0
2024-12;AWP-04-0693;1;1;1,2;478,32;12,9;0;0
2025-01;AWP-04-0693;1;1;1,2;478,32;12,9;0;0
2025-02;AWP-04-0693;1;1;1,2;478,32;12,9;0;0
2025-03;AWP-04-0693;1;1;1,2;478,32;12,9;0;0
2025-04;AWP-04-0693;2;1;1,2;956,64;25,7;0;0
2025-05;AWP-04-0693;0;1;1,2;0,0;0,0;1;0
2025-06;AWP-04-0693;0;1;1,2;0,0;0,0;1;0
2025-07;AWP-04-0693;0;1;1,2;0,0;0,0;1;0
2025-08;AWP-04-0693;1;1;1,2;478,32;12,9;0;0
2025-09;AWP-04-0693;1;1;1,2;478,32;12,9;0;0
2025-10;AWP-04-0693;1;1;1,2;478,32;12,9;0;0
2025-11;AWP-04-0693;0;1;1,2;0,0;0,0;1;0
2025-12;AWP-04-0693;1;1;1,2;478,32;12,9;0;0
2024-01;TMM-01-0595;32;13,3;24,4;1474,78;60,5;0;0
2024-02;TMM-01-0595;18;13,3;24,4;829,57;34,0;0;0
2024-03;TMM-01-0595;30;13,3;24,4;1382,61;56,7;0;0
2024-04;TMM-01-0595;20;13,3;24,4;921,74;37,8;0;0
2024-05;TMM-01-0595;16;13,3;24,4;737,39;30,2;0;0
2024-06;TMM-01-0595;37;13,3;24,4;1705,22;69,9;0;0
2024-07;TMM-01-0595;47;13,3;24,4;2166,09;88,8;0;0
2024-08;TMM-01-0595;26;13,3;24,4;1198,26;49,1;0;0
2024-09;TMM-01-0595;27;13,3;24,4;1244,35;51,0;0;0
2024-10;TMM-01-0595;3;13,3;24,4;138,26;5,7;0;0
2024-11;TMM-01-0595;29;13,3;24,4;1336,52;54,8;0;0
2024-12;TMM-01-0595;3;13,3;24,4;138,26;5,7;0;0
2025-01;TMM-01-0595;0;13,3;24,4;0,0;0,0;1;0
2025-02;TMM-01-0595;11;13,3;24,4;506,96;20,8;0;0
2025-03;TMM-01-0595;29;13,3;24,4;1336,52;54,8;0;0
2025-04;TMM-01-0595;15;13,3;24,4;691,31;28,3;0;0
2025-05;TMM-01-0595;21;13,3;24,4;967,83;39,7;0;0
2025-06;TMM-01-0595;28;13,3;24,4;1290,44;52,9;0;0
2025-07;TMM-01-0595;28;13,3;24,4;1290,44;52,9;0;0
2025-08;TMM-01-0595;19;13,3;24,4;875,65;35,9;0;0
2025-09;TMM-01-0595;35;13,3;24,4;1613,05;66,1;0;0
2025-10;TMM-01-0595;37;13,3;24,4;1705,22;69,9;0;0
2025-11;TMM-01-0595;15;13,3;24,4;691,31;28,3;0;0
2025-12;TMM-01-0595;13;13,3;24,4;599,13;24,6;0;0
2024-01;MT-10-0176;3;2,0;3,7;1063,89;8,9;0;0
2024-02;MT-10-0176;4;2,0;3,7;1418,52;11,9;0;0
2024-03;MT-10-0176;4;2,0;3,7;1418,52;11,9;0;0
2024-04;MT-10-0176;5;2,0;3,7;1773,15;14,9;0;0
2024-05;MT-10-0176;2;2,0;3,7;709,26;6,0;0;0
2024-06;MT-10-0176;2;2,0;3,7;709,26;6,0;0;0
2024-07;MT-10-0176;5;2,0;3,7;1773,15;14,9;0;0
2024-08;MT-10-0176;5;2,0;3,7;1773,15;14,9;0;0
2024-09;MT-10-0176;1;2,0;3,7;354,63;3,0;0;0
2024-10;MT-10-0176;2;2,0;3,7;709,26;6,0;0;0
2024-11;MT-10-0176;5;2,0;3,7;1773,15;14,9;0;0
2024-12;MT-10-0176;2;2,0;3,7;709,26;6,0;0;0
2025-01;MT-10-0176;1;2,0;3,7;354,63;3,0;0;0
2025-02;MT-10-0176;5;2,0;3,7;1773,15;14,9;0;0
2025-03;MT-10-0176;3;2,0;3,7;1063,89;8,9;0;0
2025-04;MT-10-0176;1;2,0;3,7;354,63;3,0;0;0
2025-05;MT-10-0176;5;2,0;3,7;1773,15;14,9;0;0
2025-06;MT-10-0176;1;2,0;3,7;354,63;3,0;0;0
2025-07;MT-10-0176;3;2,0;3,7;1063,89;8,9;0;0
2025-08;MT-10-0176;3;2,0;3,7;1063,89;8,9;0;0
2025-09;MT-10-0176;2;2,0;3,7;709,26;6,0;0;0
2025-10;MT-10-0176;2;2,0;3,7;709,26;6,0;0;0
2025-11;MT-10-0176;3;2,0;3,7;1063,89;8,9;0;0
2025-12;MT-10-0176;3;2,0;3,7;1063,89;8,9;0;0
2024-01;AWP-10-0642;1;1,8;3,4;324,47;9,1;0;0
2024-02;AWP-10-0642;4;1,8;3,4;1297,89;36,5;0;0
2024-03;AWP-10-0642;2;1,8;3,4;648,94;18,2;0;0
2024-04;AWP-10-0642;2;1,8;3,4;648,94;18,2;0;0
2024-05;AWP-10-0642;3;1,8;3,4;973,41;27,3;0;0
2024-06;AWP-10-0642;3;1,8;3,4;973,41;27,3;0;0
2024-07;AWP-10-0642;3;1,8;3,4;973,41;27,3;0;0
2024-08;AWP-10-0642;0;1,8;3,4;0,0;0,0;1;0
2024-09;AWP-10-0642;4;1,8;3,4;1297,89;36,5;0;0
2024-10;AWP-10-0642;1;1,8;3,4;324,47;9,1;0;0
2024-11;AWP-10-0642;1;1,8;3,4;324,47;9,1;0;0
2024-12;AWP-10-0642;6;1,8;3,4;1946,83;54,7;0;0
2025-01;AWP-10-0642;1;1,8;3,4;324,47;9,1;0;0
2025-02;AWP-10-0642;4;1,8;3,4;1297,89;36,5;0;0
2025-03;AWP-10-0642;0;1,8;3,4;0,0;0,0;1;0
2025-04;AWP-10-0642;0;1,8;3,4;0,0;0,0;1;0
2025-05;AWP-10-0642;5;1,8;3,4;1622,36;45,6;0;0
2025-06;AWP-10-0642;1;1,8;3,4;324,47;9,1;0;0
2025-07;AWP-10-0642;1;1,8;3,4;324,47;9,1;0;0
2025-08;AWP-10-0642;3;1,8;3,4;973,41;27,3;0;0
2025-09;AWP-10-0642;2;1,8;3,4;648,94;18,2;0;0
2025-10;AWP-10-0642;3;1,8;3,4;973,41;27,3;0;0
2025-11;AWP-10-0642;3;1,8;3,4;973,41;27,3;0;0
2025-12;AWP-10-0642;2;1,8;3,4;648,94;18,2;0;0
2024-01;MT-04-0113;46;28,5;52,2;8753,78;87,2;0;0
2024-02;MT-04-0113;48;28,5;52,2;9134,38;90,9;0;0
2024-03;MT-04-0113;78;28,5;52,2;14843,36;147,8;0;0
2024-04;MT-04-0113;41;28,5;52,2;7802,28;77,7;0;0
2024-05;MT-04-0113;38;28,5;52,2;7231,38;72,0;0;0
2024-06;MT-04-0113;90;28,5;52,2;17126,96;170,5;0;0
2024-07;MT-04-0113;46;28,5;52,2;8753,78;87,2;0;0
2024-08;MT-04-0113;58;28,5;52,2;11037,37;109,9;0;0
2024-09;MT-04-0113;54;28,5;52,2;10276,17;102,3;0;0
2024-10;MT-04-0113;71;28,5;52,2;13511,27;134,5;0;0
2024-11;MT-04-0113;119;28,5;52,2;22645,64;225,5;0;0
2024-12;MT-04-0113;65;28,5;52,2;12369,47;123,2;0;0
2025-01;MT-04-0113;69;28,5;52,2;13130,67;130,7;0;0
2025-02;MT-04-0113;0;28,5;52,2;0,0;0,0;1;0
2025-03;MT-04-0113;71;28,5;52,2;13511,27;134,5;0;0
2025-04;MT-04-0113;31;28,5;52,2;5899,29;58,7;0;0
2025-05;MT-04-0113;35;28,5;52,2;6660,48;66,3;0;0
2025-06;MT-04-0113;58;28,5;52,2;11037,37;109,9;0;0
2025-07;MT-04-0113;65;28,5;52,2;12369,47;123,2;0;0
2025-08;MT-04-0113;28;28,5;52,2;5328,39;53,1;0;0
2025-09;MT-04-0113;50;28,5;52,2;9514,98;94,7;0;0
2025-10;MT-04-0113;81;28,5;52,2;15414,26;153,5;0;0
2025-11;MT-04-0113;58;28,5;52,2;11037,37;109,9;0;0
2025-12;MT-04-0113;34;28,5;52,2;6470,18;64,4;0;0
2024-01;MT-04-0025;46;19,0;30,9;10423,58;81,2;0;0
2024-02;MT-04-0025;28;19,0;30,9;6344,79;49,4;0;0
2024-03;MT-04-0025;3;19,0;30,9;679,8;5,3;0;0
2024-04;MT-04-0025;27;19,0;30,9;6118,19;47,6;0;0
2024-05;MT-04-0025;49;19,0;30,9;11103,38;86,5;0;0
2024-06;MT-04-0025;43;19,0;30,9;9743,78;75,9;0;0
2024-07;MT-04-0025;17;19,0;30,9;3852,19;30,0;0;0
2024-08;MT-04-0025;36;19,0;30,9;8157,59;63,5;0;0
2024-09;MT-04-0025;30;19,0;30,9;6797,99;52,9;0;0
2024-10;MT-04-0025;41;19,0;30,9;9290,58;72,4;0;0
2024-11;MT-04-0025;16;19,0;30,9;3625,59;28,2;0;0
2024-12;MT-04-0025;10;19,0;30,9;2266,0;17,6;0;0
2025-01;MT-04-0025;33;19,0;30,9;7477,79;58,2;0;0
2025-02;MT-04-0025;54;19,0;30,9;12236,38;95,3;0;0
2025-03;MT-04-0025;27;19,0;30,9;6118,19;47,6;0;0
2025-04;MT-04-0025;32;19,0;30,9;7251,19;56,5;0;0
2025-05;MT-04-0025;27;19,0;30,9;6118,19;47,6;0;0
2025-06;MT-04-0025;33;19,0;30,9;7477,79;58,2;0;0
2025-07;MT-04-0025;34;19,0;30,9;7704,39;60,0;0;0
2025-08;MT-04-0025;41;19,0;30,9;9290,58;72,4;0;0
2025-09;MT-04-0025;11;19,0;30,9;2492,6;19,4;0;0
2025-10;MT-04-0025;48;19,0;30,9;10876,78;84,7;0;0
2025-11;MT-04-0025;5;19,0;30,9;1133,0;8,8;0;0
2025-12;MT-04-0025;43;19,0;30,9;9743,78;75,9;0;0
2024-01;MRT-10-0397;16;5,0;9,2;4512,81;80,6;0;0
2024-02;MRT-10-0397;3;5,0;9,2;846,15;15,1;0;0
2024-03;MRT-10-0397;11;5,0;9,2;3102,56;55,4;0;0
2024-04;MRT-10-0397;4;5,0;9,2;1128,2;20,1;0;0
2024-05;MRT-10-0397;2;5,0;9,2;564,1;10,1;0;0
2024-06;MRT-10-0397;14;5,0;9,2;3948,71;70,5;0;0
2024-07;MRT-10-0397;16;5,0;9,2;4512,81;80,6;0;0
2024-08;MRT-10-0397;11;5,0;9,2;3102,56;55,4;0;0
2024-09;MRT-10-0397;9;5,0;9,2;2538,46;45,3;0;0
2024-10;MRT-10-0397;8;5,0;9,2;2256,41;40,3;0;0
2024-11;MRT-10-0397;17;5,0;9,2;4794,86;85,6;0;0
2024-12;MRT-10-0397;18;5,0;9,2;5076,91;90,6;0;0
2025-01;MRT-10-0397;1;5,0;9,2;282,05;5,0;0;0
2025-02;MRT-10-0397;5;5,0;9,2;1410,25;25,2;0;0
2025-03;MRT-10-0397;4;5,0;9,2;1128,2;20,1;0;0
2025-04;MRT-10-0397;17;5,0;9,2;4794,86;85,6;0;0
2025-05;MRT-10-0397;13;5,0;9,2;3666,66;65,5;0;0
2025-06;MRT-10-0397;10;5,0;9,2;2820,51;50,3;0;0
2025-07;MRT-10-0397;11;5,0;9,2;3102,56;55,4;0;0
2025-08;MRT-10-0397;19;5,0;9,2;5358,96;95,7;0;0
2025-09;MRT-10-0397;1;5,0;9,2;282,05;5,0;0;0
2025-10;MRT-10-0397;5;5,0;9,2;1410,25;25,2;0;0
2025-11;MRT-10-0397;12;5,0;9,2;3384,61;60,4;0;0
2025-12;MRT-10-0397;10;5,0;9,2;2820,51;50,3;0;0
2024-01;TMM-04-0576;2;1,2;2,0;1075,97;25,7;0;0
2024-02;TMM-04-0576;2;1,2;2,0;1075,97;25,7;0;0
2024-03;TMM-04-0576;2;1,2;2,0;1075,97;25,7;0;0
2024-04;TMM-04-0576;2;1,2;2,0;1075,97;25,7;0;0
2024-05;TMM-04-0576;1;1,2;2,0;537,99;12,9;0;0
2024-06;TMM-04-0576;3;1,2;2,0;1613,96;38,6;0;0
2024-07;TMM-04-0576;1;1,2;2,0;537,99;12,9;0;0
2024-08;TMM-04-0576;2;1,2;2,0;1075,97;25,7;0;0
2024-09;TMM-04-0576;1;1,2;2,0;537,99;12,9;0;0
2024-10;TMM-04-0576;0;1,2;2,0;0,0;0,0;1;0
2024-11;TMM-04-0576;2;1,2;2,0;1075,97;25,7;0;0
2024-12;TMM-04-0576;1;1,2;2,0;537,99;12,9;0;0
2025-01;TMM-04-0576;2;1,2;2,0;1075,97;25,7;0;0
2025-02;TMM-04-0576;1;1,2;2,0;537,99;12,9;0;0
2025-03;TMM-04-0576;1;1,2;2,0;537,99;12,9;0;0
2025-04;TMM-04-0576;1;1,2;2,0;537,99;12,9;0;0
2025-05;TMM-04-0576;2;1,2;2,0;1075,97;25,7;0;0
2025-06;TMM-04-0576;2;1,2;2,0;1075,97;25,7;0;0
2025-07;TMM-04-0576;3;1,2;2,0;1613,96;38,6;0;0
2025-08;TMM-04-0576;2;1,2;2,0;1075,97;25,7;0;0
2025-09;TMM-04-0576;1;1,2;2,0;537,99;12,9;0;0
2025-10;TMM-04-0576;1;1,2;2,0;537,99;12,9;0;0
2025-11;TMM-04-0576;1;1,2;2,0;537,99;12,9;0;0
2025-12;TMM-04-0576;1;1,2;2,0;537,99;12,9;0;0
2024-01;MI-MC-04-0488;3;1,9;3,0;1797,35;36,0;0;0
2024-02;MI-MC-04-0488;2;1,9;3,0;1198,23;24,0;0;0
2024-03;MI-MC-04-0488;1;1,9;3,0;599,12;12,0;0;0
2024-04;MI-MC-04-0488;2;1,9;3,0;1198,23;24,0;0;0
2024-05;MI-MC-04-0488;1;1,9;3,0;599,12;12,0;0;0
2024-06;MI-MC-04-0488;2;1,9;3,0;1198,23;24,0;0;0
2024-07;MI-MC-04-0488;3;1,9;3,0;1797,35;36,0;0;0
2024-08;MI-MC-04-0488;2;1,9;3,0;1198,23;24,0;0;0
2024-09;MI-MC-04-0488;2;1,9;3,0;1198,23;24,0;0;0
2024-10;MI-MC-04-0488;3;1,9;3,0;1797,35;36,0;0;0
2024-11;MI-MC-04-0488;4;1,9;3,0;2396,47;48,0;0;0
2024-12;MI-MC-04-0488;3;1,9;3,0;1797,35;36,0;0;0
2025-01;MI-MC-04-0488;2;1,9;3,0;1198,23;24,0;0;0
2025-02;MI-MC-04-0488;1;1,9;3,0;599,12;12,0;0;0
2025-03;MI-MC-04-0488;3;1,9;3,0;1797,35;36,0;0;0
2025-04;MI-MC-04-0488;0;1,9;3,0;0,0;0,0;1;0
2025-05;MI-MC-04-0488;4;1,9;3,0;2396,47;48,0;0;0
2025-06;MI-MC-04-0488;4;1,9;3,0;2396,47;48,0;0;0
2025-07;MI-MC-04-0488;1;1,9;3,0;599,12;12,0;0;0
2025-08;MI-MC-04-0488;2;1,9;3,0;1198,23;24,0;0;0
2025-09;MI-MC-04-0488;2;1,9;3,0;1198,23;24,0;0;0
2025-10;MI-MC-04-0488;4;1,9;3,0;2396,47;48,0;0;0
2025-11;MI-MC-04-0488;4;1,9;3,0;2396,47;48,0;0;0
2025-12;MI-MC-04-0488;3;1,9;3,0;1797,35;36,0;0;0
2024-01;TMM-03-0568;3;2,7;4,4;1349,46;52,7;0;0
2024-02;TMM-03-0568;3;2,7;4,4;1349,46;52,7;0;0
2024-03;TMM-03-0568;6;2,7;4,4;2698,93;105,4;0;0
2024-04;TMM-03-0568;7;2,7;4,4;3148,75;122,9;0;0
2024-05;TMM-03-0568;3;2,7;4,4;1349,46;52,7;0;0
2024-06;TMM-03-0568;1;2,7;4,4;449,82;17,6;0;0
2024-07;TMM-03-0568;2;2,7;4,4;899,64;35,1;0;0
2024-08;TMM-03-0568;6;2,7;4,4;2698,93;105,4;0;0
2024-09;TMM-03-0568;5;2,7;4,4;2249,11;87,8;0;0
2024-10;TMM-03-0568;5;2,7;4,4;2249,11;87,8;0;0
2024-11;TMM-03-0568;6;2,7;4,4;2698,93;105,4;0;0
2024-12;TMM-03-0568;5;2,7;4,4;2249,11;87,8;0;0
2025-01;TMM-03-0568;1;2,7;4,4;449,82;17,6;0;0
2025-02;TMM-03-0568;5;2,7;4,4;2249,11;87,8;0;0
2025-03;TMM-03-0568;3;2,7;4,4;1349,46;52,7;0;0
2025-04;TMM-03-0568;2;2,7;4,4;899,64;35,1;0;0
2025-05;TMM-03-0568;7;2,7;4,4;3148,75;122,9;0;0
2025-06;TMM-03-0568;5;2,7;4,4;2249,11;87,8;0;0
2025-07;TMM-03-0568;3;2,7;4,4;1349,46;52,7;0;0
2025-08;TMM-03-0568;0;2,7;4,4;0,0;0,0;1;0
2025-09;TMM-03-0568;6;2,7;4,4;2698,93;105,4;0;0
2025-10;TMM-03-0568;4;2,7;4,4;1799,29;70,2;0;0
2025-11;TMM-03-0568;0;2,7;4,4;0,0;0,0;1;0
2025-12;TMM-03-0568;4;2,7;4,4;1799,29;70,2;0;0
2024-01;LOAD-03-0743;1;1;1,4;423,24;8,3;0;0
2024-02;LOAD-03-0743;1;1;1,4;423,24;8,3;0;0
2024-03;LOAD-03-0743;0;1;1,4;0,0;0,0;1;0
2024-04;LOAD-03-0743;1;1;1,4;423,24;8,3;0;0
2024-05;LOAD-03-0743;1;1;1,4;423,24;8,3;0;0
2024-06;LOAD-03-0743;1;1;1,4;423,24;8,3;0;0
2024-07;LOAD-03-0743;1;1;1,4;423,24;8,3;0;0
2024-08;LOAD-03-0743;2;1;1,4;846,49;16,6;0;0
2024-09;LOAD-03-0743;1;1;1,4;423,24;8,3;0;0
2024-10;LOAD-03-0743;1;1;1,4;423,24;8,3;0;0
2024-11;LOAD-03-0743;0;1;1,4;0,0;0,0;1;0
2024-12;LOAD-03-0743;1;1;1,4;423,24;8,3;0;0
2025-01;LOAD-03-0743;1;1;1,4;423,24;8,3;0;0
2025-02;LOAD-03-0743;0;1;1,4;0,0;0,0;1;0
2025-03;LOAD-03-0743;2;1;1,4;846,49;16,6;0;0
2025-04;LOAD-03-0743;1;1;1,4;423,24;8,3;0;0
2025-05;LOAD-03-0743;1;1;1,4;423,24;8,3;0;0
2025-06;LOAD-03-0743;2;1;1,4;846,49;16,6;0;0
2025-07;LOAD-03-0743;2;1;1,4;846,49;16,6;0;0
2025-08;LOAD-03-0743;1;1;1,4;423,24;8,3;0;0
2025-09;LOAD-03-0743;1;1;1,4;423,24;8,3;0;0
2025-10;LOAD-03-0743;1;1;1,4;423,24;8,3;0;0
2025-11;LOAD-03-0743;0;1;1,4;0,0;0,0;1;0
2025-12;LOAD-03-0743;1;1;1,4;423,24;8,3;0;0
2024-01;MLT-09-0212;2;1,5;2,8;352,06;4,7;0;0
2024-02;MLT-09-0212;1;1,5;2,8;176,03;2,3;0;0
2024-03;MLT-09-0212;4;1,5;2,8;704,12;9,4;0;0
2024-04;MLT-09-0212;1;1,5;2,8;176,03;2,3;0;0
2024-05;MLT-09-0212;3;1,5;2,8;528,09;7,0;0;0
2024-06;MLT-09-0212;2;1,5;2,8;352,06;4,7;0;0
2024-07;MLT-09-0212;1;1,5;2,8;176,03;2,3;0;0
2024-08;MLT-09-0212;3;1,5;2,8;528,09;7,0;0;0
2024-09;MLT-09-0212;1;1,5;2,8;176,03;2,3;0;0
2024-10;MLT-09-0212;2;1,5;2,8;352,06;4,7;0;0
2024-11;MLT-09-0212;3;1,5;2,8;528,09;7,0;0;0
2024-12;MLT-09-0212;2;1,5;2,8;352,06;4,7;0;0
2025-01;MLT-09-0212;3;1,5;2,8;528,09;7,0;0;0
2025-02;MLT-09-0212;2;1,5;2,8;352,06;4,7;0;0
2025-03;MLT-09-0212;2;1,5;2,8;352,06;4,7;0;0
2025-04;MLT-09-0212;2;1,5;2,8;352,06;4,7;0;0
2025-05;MLT-09-0212;1;1,5;2,8;176,03;2,3;0;0
2025-06;MLT-09-0212;2;1,5;2,8;352,06;4,7;0;0
2025-07;MLT-09-0212;2;1,5;2,8;352,06;4,7;0;0
2025-08;MLT-09-0212;0;1,5;2,8;0,0;0,0;1;0
2025-09;MLT-09-0212;2;1,5;2,8;352,06;4,7;0;0
2025-10;MLT-09-0212;6;1,5;2,8;1056,18;14,1;0;0
2025-11;MLT-09-0212;2;1,5;2,8;352,06;4,7;0;0
2025-12;MLT-09-0212;3;1,5;2,8;528,09;7,0;0;0
2024-01;LOAD-02-0703;1;1,1;1,8;235,31;4,2;0;0
2024-02;LOAD-02-0703;1;1,1;1,8;235,31;4,2;0;0
2024-03;LOAD-02-0703;1;1,1;1,8;235,31;4,2;0;0
2024-04;LOAD-02-0703;1;1,1;1,8;235,31;4,2;0;0
2024-05;LOAD-02-0703;1;1,1;1,8;235,31;4,2;0;0
2024-06;LOAD-02-0703;1;1,1;1,8;235,31;4,2;0;0
2024-07;LOAD-02-0703;1;1,1;1,8;235,31;4,2;0;0
2024-08;LOAD-02-0703;2;1,1;1,8;470,63;8,5;0;0
2024-09;LOAD-02-0703;3;1,1;1,8;705,94;12,7;0;0
2024-10;LOAD-02-0703;0;1,1;1,8;0,0;0,0;1;0
2024-11;LOAD-02-0703;0;1,1;1,8;0,0;0,0;1;0
2024-12;LOAD-02-0703;3;1,1;1,8;705,94;12,7;0;0
2025-01;LOAD-02-0703;1;1,1;1,8;235,31;4,2;0;0
2025-02;LOAD-02-0703;1;1,1;1,8;235,31;4,2;0;0
2025-03;LOAD-02-0703;1;1,1;1,8;235,31;4,2;0;0
2025-04;LOAD-02-0703;2;1,1;1,8;470,63;8,5;0;0
2025-05;LOAD-02-0703;1;1,1;1,8;235,31;4,2;0;0
2025-06;LOAD-02-0703;1;1,1;1,8;235,31;4,2;0;0
2025-07;LOAD-02-0703;2;1,1;1,8;470,63;8,5;0;0
2025-08;LOAD-02-0703;2;1,1;1,8;470,63;8,5;0;0
2025-09;LOAD-02-0703;0;1,1;1,8;0,0;0,0;1;0
2025-10;LOAD-02-0703;2;1,1;1,8;470,63;8,5;0;0
2025-11;LOAD-02-0703;1;1,1;1,8;235,31;4,2;0;0
2025-12;LOAD-02-0703;2;1,1;1,8;470,63;8,5;0;0
2024-01;MT-09-0017;16;14,3;26,3;3421,58;40,1;0;0
2024-02;MT-09-0017;31;14,3;26,3;6629,31;77,8;0;0
2024-03;MT-09-0017;9;14,3;26,3;1924,64;22,6;0;0
2024-04;MT-09-0017;28;14,3;26,3;5987,76;70,2;0;0
2024-05;MT-09-0017;31;14,3;26,3;6629,31;77,8;0;0
2024-06;MT-09-0017;40;14,3;26,3;8553,95;100,3;0;0
2024-07;MT-09-0017;34;14,3;26,3;7270,85;85,3;0;0
2024-08;MT-09-0017;12;14,3;26,3;2566,18;30,1;0;0
2024-09;MT-09-0017;23;14,3;26,3;4918,52;57,7;0;0
2024-10;MT-09-0017;29;14,3;26,3;6201,61;72,8;0;0
2024-11;MT-09-0017;12;14,3;26,3;2566,18;30,1;0;0
2024-12;MT-09-0017;38;14,3;26,3;8126,25;95,3;0;0
2025-01;MT-09-0017;2;14,3;26,3;427,7;5,0;0;0
2025-02;MT-09-0017;52;14,3;26,3;11120,13;130,5;0;0
2025-03;MT-09-0017;32;14,3;26,3;6843,16;80,3;0;0
2025-04;MT-09-0017;22;14,3;26,3;4704,67;55,2;0;0
2025-05;MT-09-0017;22;14,3;26,3;4704,67;55,2;0;0
2025-06;MT-09-0017;19;14,3;26,3;4063,12;47,7;0;0
2025-07;MT-09-0017;57;14,3;26,3;12189,37;143,0;0;0
2025-08;MT-09-0017;30;14,3;26,3;6415,46;75,3;0;0
2025-09;MT-09-0017;6;14,3;26,3;1283,09;15,1;0;0
2025-10;MT-09-0017;28;14,3;26,3;5987,76;70,2;0;0
2025-11;MT-09-0017;44;14,3;26,3;9409,34;110,4;0;0
2025-12;MT-09-0017;41;14,3;26,3;8767,8;102,9;0;0
2024-01;MRT-03-0445;0;1;1,5;0,0;0,0;1;0
2024-02;MRT-03-0445;1;1;1,5;167,7;6,6;0;0
2024-03;MRT-03-0445;0;1;1,5;0,0;0,0;1;0
2024-04;MRT-03-0445;1;1;1,5;167,7;6,6;0;0
2024-05;MRT-03-0445;1;1;1,5;167,7;6,6;0;0
2024-06;MRT-03-0445;2;1;1,5;335,39;13,2;0;0
2024-07;MRT-03-0445;2;1;1,5;335,39;13,2;0;0
2024-08;MRT-03-0445;1;1;1,5;167,7;6,6;0;0
2024-09;MRT-03-0445;2;1;1,5;335,39;13,2;0;0
2024-10;MRT-03-0445;0;1;1,5;0,0;0,0;1;0
2024-11;MRT-03-0445;2;1;1,5;335,39;13,2;0;0
2024-12;MRT-03-0445;2;1;1,5;335,39;13,2;0;0
2025-01;MRT-03-0445;1;1;1,5;167,7;6,6;0;0
2025-02;MRT-03-0445;0;1;1,5;0,0;0,0;1;0
2025-03;MRT-03-0445;1;1;1,5;167,7;6,6;0;0
2025-04;MRT-03-0445;2;1;1,5;335,39;13,2;0;0
2025-05;MRT-03-0445;0;1;1,5;0,0;0,0;1;0
2025-06;MRT-03-0445;1;1;1,5;167,7;6,6;0;0
2025-07;MRT-03-0445;0;1;1,5;0,0;0,0;1;0
2025-08;MRT-03-0445;1;1;1,5;167,7;6,6;0;0
2025-09;MRT-03-0445;1;1;1,5;167,7;6,6;0;0
2025-10;MRT-03-0445;1;1;1,5;167,7;6,6;0;0
2025-11;MRT-03-0445;2;1;1,5;335,39;13,2;0;0
2025-12;MRT-03-0445;1;1;1,5;167,7;6,6;0;0
2024-01;MI-MC-02-0530;4;1,6;2,9;1115,32;21,3;0;0
2024-02;MI-MC-02-0530;5;1,6;2,9;1394,15;26,7;0;0
2024-03;MI-MC-02-0530;4;1,6;2,9;1115,32;21,3;0;0
2024-04;MI-MC-02-0530;2;1,6;2,9;557,66;10,7;0;0
2024-05;MI-MC-02-0530;4;1,6;2,9;1115,32;21,3;0;0
2024-06;MI-MC-02-0530;1;1,6;2,9;278,83;5,3;0;0
2024-07;MI-MC-02-0530;4;1,6;2,9;1115,32;21,3;0;0
2024-08;MI-MC-02-0530;2;1,6;2,9;557,66;10,7;0;0
2024-09;MI-MC-02-0530;4;1,6;2,9;1115,32;21,3;0;0
2024-10;MI-MC-02-0530;0;1,6;2,9;0,0;0,0;1;0
2024-11;MI-MC-02-0530;4;1,6;2,9;1115,32;21,3;0;0
2024-12;MI-MC-02-0530;4;1,6;2,9;1115,32;21,3;0;0
2025-01;MI-MC-02-0530;3;1,6;2,9;836,49;16,0;0;0
2025-02;MI-MC-02-0530;5;1,6;2,9;1394,15;26,7;0;0
2025-03;MI-MC-02-0530;2;1,6;2,9;557,66;10,7;0;0
2025-04;MI-MC-02-0530;1;1,6;2,9;278,83;5,3;0;0
2025-05;MI-MC-02-0530;0;1,6;2,9;0,0;0,0;1;0
2025-06;MI-MC-02-0530;0;1,6;2,9;0,0;0,0;1;0
2025-07;MI-MC-02-0530;2;1,6;2,9;557,66;10,7;0;0
2025-08;MI-MC-02-0530;6;1,6;2,9;1672,98;32,0;0;0
2025-09;MI-MC-02-0530;3;1,6;2,9;836,49;16,0;0;0
2025-10;MI-MC-02-0530;2;1,6;2,9;557,66;10,7;0;0
2025-11;MI-MC-02-0530;3;1,6;2,9;836,49;16,0;0;0
2025-12;MI-MC-02-0530;2;1,6;2,9;557,66;10,7;0;0
2024-01;MRT-03-0377;7;4,1;7,6;3236,23;91,6;0;0
2024-02;MRT-03-0377;7;4,1;7,6;3236,23;91,6;0;0
2024-03;MRT-03-0377;3;4,1;7,6;1386,96;39,3;0;0
2024-04;MRT-03-0377;4;4,1;7,6;1849,27;52,4;0;0
2024-05;MRT-03-0377;4;4,1;7,6;1849,27;52,4;0;0
2024-06;MRT-03-0377;13;4,1;7,6;6010,14;170,2;0;0
2024-07;MRT-03-0377;7;4,1;7,6;3236,23;91,6;0;0
2024-08;MRT-03-0377;4;4,1;7,6;1849,27;52,4;0;0
2024-09;MRT-03-0377;7;4,1;7,6;3236,23;91,6;0;0
2024-10;MRT-03-0377;12;4,1;7,6;5547,82;157,1;0;0
2024-11;MRT-03-0377;9;4,1;7,6;4160,87;117,8;0;0
2024-12;MRT-03-0377;8;4,1;7,6;3698,55;104,7;0;0
2025-01;MRT-03-0377;0;4,1;7,6;0,0;0,0;1;0
2025-02;MRT-03-0377;15;4,1;7,6;6934,78;196,4;0;0
2025-03;MRT-03-0377;8;4,1;7,6;3698,55;104,7;0;0
2025-04;MRT-03-0377;7;4,1;7,6;3236,23;91,6;0;0
2025-05;MRT-03-0377;6;4,1;7,6;2773,91;78,5;0;0
2025-06;MRT-03-0377;2;4,1;7,6;924,64;26,2;0;0
2025-07;MRT-03-0377;0;4,1;7,6;0,0;0,0;1;0
2025-08;MRT-03-0377;1;4,1;7,6;462,32;13,1;0;0
2025-09;MRT-03-0377;12;4,1;7,6;5547,82;157,1;0;0
2025-10;MRT-03-0377;6;4,1;7,6;2773,91;78,5;0;0
2025-11;MRT-03-0377;3;4,1;7,6;1386,96;39,3;0;0
2025-12;MRT-03-0377;1;4,1;7,6;462,32;13,1;0;0
2024-01;MT-04-0065;8;4,0;6,6;3902,62;44,3;0;0
2024-02;MT-04-0065;9;4,0;6,6;4390,45;49,8;0;0
2024-03;MT-04-0065;6;4,0;6,6;2926,97;33,2;0;0
2024-04;MT-04-0065;6;4,0;6,6;2926,97;33,2;0;0
2024-05;MT-04-0065;4;4,0;6,6;1951,31;22,2;0;0
2024-06;MT-04-0065;8;4,0;6,6;3902,62;44,3;0;0
2024-07;MT-04-0065;8;4,0;6,6;3902,62;44,3;0;0
2024-08;MT-04-0065;9;4,0;6,6;4390,45;49,8;0;0
2024-09;MT-04-0065;4;4,0;6,6;1951,31;22,2;0;0
2024-10;MT-04-0065;8;4,0;6,6;3902,62;44,3;0;0
2024-11;MT-04-0065;13;4,0;6,6;6341,76;72,0;0;0
2024-12;MT-04-0065;4;4,0;6,6;1951,31;22,2;0;0
2025-01;MT-04-0065;7;4,0;6,6;3414,79;38,8;0;0
2025-02;MT-04-0065;11;4,0;6,6;5366,11;60,9;0;0
2025-03;MT-04-0065;6;4,0;6,6;2926,97;33,2;0;0
2025-04;MT-04-0065;3;4,0;6,6;1463,48;16,6;0;0
2025-05;MT-04-0065;3;4,0;6,6;1463,48;16,6;0;0
2025-06;MT-04-0065;6;4,0;6,6;2926,97;33,2;0;0
2025-07;MT-04-0065;8;4,0;6,6;3902,62;44,3;0;0
2025-08;MT-04-0065;1;4,0;6,6;487,83;5,5;0;0
2025-09;MT-04-0065;9;4,0;6,6;4390,45;49,8;0;0
2025-10;MT-04-0065;4;4,0;6,6;1951,31;22,2;0;0
2025-11;MT-04-0065;3;4,0;6,6;1463,48;16,6;0;0
2025-12;MT-04-0065;7;4,0;6,6;3414,79;38,8;0;0
2024-01;MT-03-0107;3;2,4;3,9;1482,02;19,8;0;0
2024-02;MT-03-0107;7;2,4;3,9;3458,04;46,2;0;0
2024-03;MT-03-0107;1;2,4;3,9;494,01;6,6;0;0
2024-04;MT-03-0107;6;2,4;3,9;2964,03;39,6;0;0
2024-05;MT-03-0107;6;2,4;3,9;2964,03;39,6;0;0
2024-06;MT-03-0107;0;2,4;3,9;0,0;0,0;1;0
2024-07;MT-03-0107;0;2,4;3,9;0,0;0,0;1;0
2024-08;MT-03-0107;2;2,4;3,9;988,01;13,2;0;0
2024-09;MT-03-0107;6;2,4;3,9;2964,03;39,6;0;0
2024-10;MT-03-0107;3;2,4;3,9;1482,02;19,8;0;0
2024-11;MT-03-0107;0;2,4;3,9;0,0;0,0;1;0
2024-12;MT-03-0107;4;2,4;3,9;1976,02;26,4;0;0
2025-01;MT-03-0107;5;2,4;3,9;2470,03;33,0;0;0
2025-02;MT-03-0107;5;2,4;3,9;2470,03;33,0;0;0
2025-03;MT-03-0107;4;2,4;3,9;1976,02;26,4;0;0
2025-04;MT-03-0107;0;2,4;3,9;0,0;0,0;1;0
2025-05;MT-03-0107;4;2,4;3,9;1976,02;26,4;0;0
2025-06;MT-03-0107;5;2,4;3,9;2470,03;33,0;0;0
2025-07;MT-03-0107;3;2,4;3,9;1482,02;19,8;0;0
2025-08;MT-03-0107;4;2,4;3,9;1976,02;26,4;0;0
2025-09;MT-03-0107;5;2,4;3,9;2470,03;33,0;0;0
2025-10;MT-03-0107;4;2,4;3,9;1976,02;26,4;0;0
2025-11;MT-03-0107;2;2,4;3,9;988,01;13,2;0;0
2025-12;MT-03-0107;2;2,4;3,9;988,01;13,2;0;0
2024-01;MT-03-0020;25;18,6;30,2;8611,07;96,8;0;0
2024-02;MT-03-0020;50;18,6;30,2;17222,15;193,5;0;0
2024-03;MT-03-0020;13;18,6;30,2;4477,76;50,3;0;0
2024-04;MT-03-0020;33;18,6;30,2;11366,62;127,7;0;0
2024-05;MT-03-0020;37;18,6;30,2;12744,39;143,2;0;0
2024-06;MT-03-0020;9;18,6;30,2;3099,99;34,8;0;0
2024-07;MT-03-0020;22;18,6;30,2;7577,74;85,2;0;0
2024-08;MT-03-0020;0;18,6;30,2;0,0;0,0;1;0
2024-09;MT-03-0020;48;18,6;30,2;16533,26;185,8;0;0
2024-10;MT-03-0020;32;18,6;30,2;11022,17;123,9;0;0
2024-11;MT-03-0020;10;18,6;30,2;3444,43;38,7;0;0
2024-12;MT-03-0020;44;18,6;30,2;15155,49;170,3;0;0
2025-01;MT-03-0020;45;18,6;30,2;15499,93;174,2;0;0
2025-02;MT-03-0020;47;18,6;30,2;16188,82;181,9;0;0
2025-03;MT-03-0020;18;18,6;30,2;6199,97;69,7;0;0
2025-04;MT-03-0020;23;18,6;30,2;7922,19;89,0;0;0
2025-05;MT-03-0020;46;18,6;30,2;15844,37;178,1;0;0
2025-06;MT-03-0020;14;18,6;30,2;4822,2;54,2;0;0
2025-07;MT-03-0020;45;18,6;30,2;15499,93;174,2;0;0
2025-08;MT-03-0020;15;18,6;30,2;5166,64;58,1;0;0
2025-09;MT-03-0020;40;18,6;30,2;13777,72;154,8;0;0
2025-10;MT-03-0020;44;18,6;30,2;15155,49;170,3;0;0
2025-11;MT-03-0020;29;18,6;30,2;9988,84;112,3;0;0
2025-12;MT-03-0020;57;18,6;30,2;19633,25;220,6;0;0
2024-01;MRT-10-0450;2;1,3;2,4;468,74;18,5;0;0
2024-02;MRT-10-0450;1;1,3;2,4;234,37;9,2;0;0
2024-03;MRT-10-0450;2;1,3;2,4;468,74;18,5;0;0
2024-04;MRT-10-0450;2;1,3;2,4;468,74;18,5;0;0
2024-05;MRT-10-0450;0;1,3;2,4;0,0;0,0;1;0
2024-06;MRT-10-0450;1;1,3;2,4;234,37;9,2;0;0
2024-07;MRT-10-0450;2;1,3;2,4;468,74;18,5;0;0
2024-08;MRT-10-0450;2;1,3;2,4;468,74;18,5;0;0
2024-09;MRT-10-0450;4;1,3;2,4;937,48;36,9;0;0
2024-10;MRT-10-0450;1;1,3;2,4;234,37;9,2;0;0
2024-11;MRT-10-0450;0;1,3;2,4;0,0;0,0;1;0
2024-12;MRT-10-0450;3;1,3;2,4;703,11;27,7;0;0
2025-01;MRT-10-0450;3;1,3;2,4;703,11;27,7;0;0
2025-02;MRT-10-0450;2;1,3;2,4;468,74;18,5;0;0
2025-03;MRT-10-0450;1;1,3;2,4;234,37;9,2;0;0
2025-04;MRT-10-0450;0;1,3;2,4;0,0;0,0;1;0
2025-05;MRT-10-0450;2;1,3;2,4;468,74;18,5;0;0
2025-06;MRT-10-0450;3;1,3;2,4;703,11;27,7;0;0
2025-07;MRT-10-0450;0;1,3;2,4;0,0;0,0;1;0
2025-08;MRT-10-0450;1;1,3;2,4;234,37;9,2;0;0
2025-09;MRT-10-0450;1;1,3;2,4;234,37;9,2;0;0
2025-10;MRT-10-0450;2;1,3;2,4;468,74;18,5;0;0
2025-11;MRT-10-0450;1;1,3;2,4;234,37;9,2;0;0
2025-12;MRT-10-0450;4;1,3;2,4;937,48;36,9;0;0
2024-01;MLT-10-0254;1;1,3;2,4;234,79;2,8;0;0
2024-02;MLT-10-0254;3;1,3;2,4;704,38;8,4;0;0
2024-03;MLT-10-0254;2;1,3;2,4;469,58;5,6;0;0
2024-04;MLT-10-0254;2;1,3;2,4;469,58;5,6;0;0
2024-05;MLT-10-0254;2;1,3;2,4;469,58;5,6;0;0
2024-06;MLT-10-0254;2;1,3;2,4;469,58;5,6;0;0
2024-07;MLT-10-0254;0;1,3;2,4;0,0;0,0;1;0
2024-08;MLT-10-0254;1;1,3;2,4;234,79;2,8;0;0
2024-09;MLT-10-0254;3;1,3;2,4;704,38;8,4;0;0
2024-10;MLT-10-0254;1;1,3;2,4;234,79;2,8;0;0
2024-11;MLT-10-0254;2;1,3;2,4;469,58;5,6;0;0
2024-12;MLT-10-0254;3;1,3;2,4;704,38;8,4;0;0
2025-01;MLT-10-0254;3;1,3;2,4;704,38;8,4;0;0
2025-02;MLT-10-0254;2;1,3;2,4;469,58;5,6;0;0
2025-03;MLT-10-0254;2;1,3;2,4;469,58;5,6;0;0
2025-04;MLT-10-0254;1;1,3;2,4;234,79;2,8;0;0
2025-05;MLT-10-0254;1;1,3;2,4;234,79;2,8;0;0
2025-06;MLT-10-0254;2;1,3;2,4;469,58;5,6;0;0
2025-07;MLT-10-0254;0;1,3;2,4;0,0;0,0;1;0
2025-08;MLT-10-0254;3;1,3;2,4;704,38;8,4;0;0
2025-09;MLT-10-0254;3;1,3;2,4;704,38;8,4;0;0
2025-10;MLT-10-0254;1;1,3;2,4;234,79;2,8;0;0
2025-11;MLT-10-0254;3;1,3;2,4;704,38;8,4;0;0
2025-12;MLT-10-0254;1;1,3;2,4;234,79;2,8;0;0
2024-01;MLT-05-0284;3;2,7;4,3;402,57;5,4;0;0
2024-02;MLT-05-0284;6;2,7;4,3;805,14;10,8;0;0
2024-03;MLT-05-0284;2;2,7;4,3;268,38;3,6;0;0
2024-04;MLT-05-0284;3;2,7;4,3;402,57;5,4;0;0
2024-05;MLT-05-0284;2;2,7;4,3;268,38;3,6;0;0
2024-06;MLT-05-0284;5;2,7;4,3;670,95;9,0;0;0
2024-07;MLT-05-0284;8;2,7;4,3;1073,52;14,4;0;0
2024-08;MLT-05-0284;5;2,7;4,3;670,95;9,0;0;0
2024-09;MLT-05-0284;3;2,7;4,3;402,57;5,4;0;0
2024-10;MLT-05-0284;1;2,7;4,3;134,19;1,8;0;0
2024-11;MLT-05-0284;5;2,7;4,3;670,95;9,0;0;0
2024-12;MLT-05-0284;5;2,7;4,3;670,95;9,0;0;0
2025-01;MLT-05-0284;2;2,7;4,3;268,38;3,6;0;0
2025-02;MLT-05-0284;6;2,7;4,3;805,14;10,8;0;0
2025-03;MLT-05-0284;0;2,7;4,3;0,0;0,0;1;0
2025-04;MLT-05-0284;3;2,7;4,3;402,57;5,4;0;0
2025-05;MLT-05-0284;2;2,7;4,3;268,38;3,6;0;0
2025-06;MLT-05-0284;4;2,7;4,3;536,76;7,2;0;0
2025-07;MLT-05-0284;3;2,7;4,3;402,57;5,4;0;0
2025-08;MLT-05-0284;0;2,7;4,3;0,0;0,0;1;0
2025-09;MLT-05-0284;7;2,7;4,3;939,33;12,6;0;0
2025-10;MLT-05-0284;3;2,7;4,3;402,57;5,4;0;0
2025-11;MLT-05-0284;4;2,7;4,3;536,76;7,2;0;0
2025-12;MLT-05-0284;4;2,7;4,3;536,76;7,2;0;0
2024-01;LOAD-03-0753;8;5,4;8,8;2937,94;49,7;0;0
2024-02;LOAD-03-0753;15;5,4;8,8;5508,64;93,1;0;0
2024-03;LOAD-03-0753;7;5,4;8,8;2570,7;43,4;0;0
2024-04;LOAD-03-0753;7;5,4;8,8;2570,7;43,4;0;0
2024-05;LOAD-03-0753;5;5,4;8,8;1836,21;31,0;0;0
2024-06;LOAD-03-0753;10;5,4;8,8;3672,43;62,1;0;0
2024-07;LOAD-03-0753;2;5,4;8,8;734,49;12,4;0;0
2024-08;LOAD-03-0753;13;5,4;8,8;4774,16;80,7;0;0
2024-09;LOAD-03-0753;2;5,4;8,8;734,49;12,4;0;0
2024-10;LOAD-03-0753;5;5,4;8,8;1836,21;31,0;0;0
2024-11;LOAD-03-0753;0;5,4;8,8;0,0;0,0;1;0
2024-12;LOAD-03-0753;6;5,4;8,8;2203,46;37,2;0;0
2025-01;LOAD-03-0753;14;5,4;8,8;5141,4;86,9;0;0
2025-02;LOAD-03-0753;8;5,4;8,8;2937,94;49,7;0;0
2025-03;LOAD-03-0753;8;5,4;8,8;2937,94;49,7;0;0
2025-04;LOAD-03-0753;9;5,4;8,8;3305,19;55,9;0;0
2025-05;LOAD-03-0753;14;5,4;8,8;5141,4;86,9;0;0
2025-06;LOAD-03-0753;12;5,4;8,8;4406,91;74,5;0;0
2025-07;LOAD-03-0753;10;5,4;8,8;3672,43;62,1;0;0
2025-08;LOAD-03-0753;3;5,4;8,8;1101,73;18,6;0;0
2025-09;LOAD-03-0753;3;5,4;8,8;1101,73;18,6;0;0
2025-10;LOAD-03-0753;9;5,4;8,8;3305,19;55,9;0;0
2025-11;LOAD-03-0753;11;5,4;8,8;4039,67;68,3;0;0
2025-12;LOAD-03-0753;19;5,4;8,8;6977,61;117,9;0;0
2024-01;LOAD-04-0705;2;1;1,6;723,3;16,7;0;0
2024-02;LOAD-04-0705;0;1;1,6;0,0;0,0;1;0
2024-03;LOAD-04-0705;2;1;1,6;723,3;16,7;0;0
2024-04;LOAD-04-0705;2;1;1,6;723,3;16,7;0;0
2024-05;LOAD-04-0705;1;1;1,6;361,65;8,4;0;0
2024-06;LOAD-04-0705;0;1;1,6;0,0;0,0;1;0
2024-07;LOAD-04-0705;1;1;1,6;361,65;8,4;0;0
2024-08;LOAD-04-0705;1;1;1,6;361,65;8,4;0;0
2024-09;LOAD-04-0705;0;1;1,6;0,0;0,0;1;0
2024-10;LOAD-04-0705;0;1;1,6;0,0;0,0;1;0
2024-11;LOAD-04-0705;0;1;1,6;0,0;0,0;1;0
2024-12;LOAD-04-0705;0;1;1,6;0,0;0,0;1;0
2025-01;LOAD-04-0705;2;1;1,6;723,3;16,7;0;0
2025-02;LOAD-04-0705;1;1;1,6;361,65;8,4;0;0
2025-03;LOAD-04-0705;0;1;1,6;0,0;0,0;1;0
2025-04;LOAD-04-0705;1;1;1,6;361,65;8,4;0;0
2025-05;LOAD-04-0705;1;1;1,6;361,65;8,4;0;0
2025-06;LOAD-04-0705;1;1;1,6;361,65;8,4;0;0
2025-07;LOAD-04-0705;1;1;1,6;361,65;8,4;0;0
2025-08;LOAD-04-0705;3;1;1,6;1084,96;25,1;0;0
2025-09;LOAD-04-0705;1;1;1,6;361,65;8,4;0;0
2025-10;LOAD-04-0705;1;1;1,6;361,65;8,4;0;0
2025-11;LOAD-04-0705;2;1;1,6;723,3;16,7;0;0
2025-12;LOAD-04-0705;2;1;1,6;723,3;16,7;0;0
2024-01;LOAD-04-0747;20;7,1;13,1;5004,02;100,7;0;0
2024-02;LOAD-04-0747;0;7,1;13,1;0,0;0,0;1;0
2024-03;LOAD-04-0747;5;7,1;13,1;1251,0;25,2;0;0
2024-04;LOAD-04-0747;21;7,1;13,1;5254,22;105,7;0;0
2024-05;LOAD-04-0747;5;7,1;13,1;1251,0;25,2;0;0
2024-06;LOAD-04-0747;15;7,1;13,1;3753,01;75,5;0;0
2024-07;LOAD-04-0747;17;7,1;13,1;4253,42;85,6;0;0
2024-08;LOAD-04-0747;16;7,1;13,1;4003,22;80,6;0;0
2024-09;LOAD-04-0747;13;7,1;13,1;3252,61;65,5;0;0
2024-10;LOAD-04-0747;14;7,1;13,1;3502,81;70,5;0;0
2024-11;LOAD-04-0747;11;7,1;13,1;2752,21;55,4;0;0
2024-12;LOAD-04-0747;13;7,1;13,1;3252,61;65,5;0;0
2025-01;LOAD-04-0747;20;7,1;13,1;5004,02;100,7;0;0
2025-02;LOAD-04-0747;8;7,1;13,1;2001,61;40,3;0;0
2025-03;LOAD-04-0747;9;7,1;13,1;2251,81;45,3;0;0
2025-04;LOAD-04-0747;16;7,1;13,1;4003,22;80,6;0;0
2025-05;LOAD-04-0747;14;7,1;13,1;3502,81;70,5;0;0
2025-06;LOAD-04-0747;20;7,1;13,1;5004,02;100,7;0;0
2025-07;LOAD-04-0747;14;7,1;13,1;3502,81;70,5;0;0
2025-08;LOAD-04-0747;15;7,1;13,1;3753,01;75,5;0;0
2025-09;LOAD-04-0747;22;7,1;13,1;5504,42;110,8;0;0
2025-10;LOAD-04-0747;25;7,1;13,1;6255,02;125,9;0;0
2025-11;LOAD-04-0747;2;7,1;13,1;500,4;10,1;0;0
2025-12;LOAD-04-0747;5;7,1;13,1;1251,0;25,2;0;0
2024-01;LOAD-04-0707;5;2,4;4,3;1577,12;35,6;0;0
2024-02;LOAD-04-0707;5;2,4;4,3;1577,12;35,6;0;0
2024-03;LOAD-04-0707;4;2,4;4,3;1261,69;28,5;0;0
2024-04;LOAD-04-0707;3;2,4;4,3;946,27;21,4;0;0
2024-05;LOAD-04-0707;5;2,4;4,3;1577,12;35,6;0;0
2024-06;LOAD-04-0707;5;2,4;4,3;1577,12;35,6;0;0
2024-07;LOAD-04-0707;5;2,4;4,3;1577,12;35,6;0;0
2024-08;LOAD-04-0707;6;2,4;4,3;1892,54;42,8;0;0
2024-09;LOAD-04-0707;2;2,4;4,3;630,85;14,3;0;0
2024-10;LOAD-04-0707;4;2,4;4,3;1261,69;28,5;0;0
2024-11;LOAD-04-0707;2;2,4;4,3;630,85;14,3;0;0
2024-12;LOAD-04-0707;4;2,4;4,3;1261,69;28,5;0;0
2025-01;LOAD-04-0707;2;2,4;4,3;630,85;14,3;0;0
2025-02;LOAD-04-0707;0;2,4;4,3;0,0;0,0;1;0
2025-03;LOAD-04-0707;2;2,4;4,3;630,85;14,3;0;0
2025-04;LOAD-04-0707;2;2,4;4,3;630,85;14,3;0;0
2025-05;LOAD-04-0707;3;2,4;4,3;946,27;21,4;0;0
2025-06;LOAD-04-0707;8;2,4;4,3;2523,38;57,0;0;0
2025-07;LOAD-04-0707;6;2,4;4,3;1892,54;42,8;0;0
2025-08;LOAD-04-0707;2;2,4;4,3;630,85;14,3;0;0
2025-09;LOAD-04-0707;4;2,4;4,3;1261,69;28,5;0;0
2025-10;LOAD-04-0707;5;2,4;4,3;1577,12;35,6;0;0
2025-11;LOAD-04-0707;2;2,4;4,3;630,85;14,3;0;0
2025-12;LOAD-04-0707;6;2,4;4,3;1892,54;42,8;0;0
2024-01;MT-03-0047;6;2,1;3,9;1803,3;17,0;0;0
2024-02;MT-03-0047;3;2,1;3,9;901,65;8,5;0;0
2024-03;MT-03-0047;3;2,1;3,9;901,65;8,5;0;0
2024-04;MT-03-0047;6;2,1;3,9;1803,3;17,0;0;0
2024-05;MT-03-0047;3;2,1;3,9;901,65;8,5;0;0
2024-06;MT-03-0047;6;2,1;3,9;1803,3;17,0;0;0
2024-07;MT-03-0047;1;2,1;3,9;300,55;2,8;0;0
2024-08;MT-03-0047;5;2,1;3,9;1502,75;14,2;0;0
2024-09;MT-03-0047;1;2,1;3,9;300,55;2,8;0;0
2024-10;MT-03-0047;5;2,1;3,9;1502,75;14,2;0;0
2024-11;MT-03-0047;0;2,1;3,9;0,0;0,0;1;0
2024-12;MT-03-0047;4;2,1;3,9;1202,2;11,3;0;0
2025-01;MT-03-0047;2;2,1;3,9;601,1;5,7;0;0
2025-02;MT-03-0047;2;2,1;3,9;601,1;5,7;0;0
2025-03;MT-03-0047;2;2,1;3,9;601,1;5,7;0;0
2025-04;MT-03-0047;1;2,1;3,9;300,55;2,8;0;0
2025-05;MT-03-0047;2;2,1;3,9;601,1;5,7;0;0
2025-06;MT-03-0047;4;2,1;3,9;1202,2;11,3;0;0
2025-07;MT-03-0047;3;2,1;3,9;901,65;8,5;0;0
2025-08;MT-03-0047;5;2,1;3,9;1502,75;14,2;0;0
2025-09;MT-03-0047;3;2,1;3,9;901,65;8,5;0;0
2025-10;MT-03-0047;1;2,1;3,9;300,55;2,8;0;0
2025-11;MT-03-0047;5;2,1;3,9;1502,75;14,2;0;0
2025-12;MT-03-0047;3;2,1;3,9;901,65;8,5;0;0
2024-01;MLT-06-0345;6;4,3;7,9;672,89;8,4;0;0
2024-02;MLT-06-0345;12;4,3;7,9;1345,78;16,7;0;0
2024-03;MLT-06-0345;4;4,3;7,9;448,59;5,6;0;0
2024-04;MLT-06-0345;3;4,3;7,9;336,45;4,2;0;0
2024-05;MLT-06-0345;3;4,3;7,9;336,45;4,2;0;0
2024-06;MLT-06-0345;8;4,3;7,9;897,19;11,2;0;0
2024-07;MLT-06-0345;18;4,3;7,9;2018,68;25,1;0;0
2024-08;MLT-06-0345;6;4,3;7,9;672,89;8,4;0;0
2024-09;MLT-06-0345;11;4,3;7,9;1233,63;15,3;0;0
2024-10;MLT-06-0345;10;4,3;7,9;1121,49;14,0;0;0
2024-11;MLT-06-0345;8;4,3;7,9;897,19;11,2;0;0
2024-12;MLT-06-0345;10;4,3;7,9;1121,49;14,0;0;0
2025-01;MLT-06-0345;5;4,3;7,9;560,74;7,0;0;0
2025-02;MLT-06-0345;7;4,3;7,9;785,04;9,8;0;0
2025-03;MLT-06-0345;0;4,3;7,9;0,0;0,0;1;0
2025-04;MLT-06-0345;8;4,3;7,9;897,19;11,2;0;0
2025-05;MLT-06-0345;4;4,3;7,9;448,59;5,6;0;0
2025-06;MLT-06-0345;4;4,3;7,9;448,59;5,6;0;0
2025-07;MLT-06-0345;2;4,3;7,9;224,3;2,8;0;0
2025-08;MLT-06-0345;0;4,3;7,9;0,0;0,0;1;0
2025-09;MLT-06-0345;5;4,3;7,9;560,74;7,0;0;0
2025-10;MLT-06-0345;5;4,3;7,9;560,74;7,0;0;0
2025-11;MLT-06-0345;7;4,3;7,9;785,04;9,8;0;0
2025-12;MLT-06-0345;13;4,3;7,9;1457,93;18,1;0;0
2024-01;LOAD-05-0713;9;5,9;9,7;1501,4;33,9;0;0
2024-02;LOAD-05-0713;19;5,9;9,7;3169,62;71,6;0;0
2024-03;LOAD-05-0713;3;5,9;9,7;500,47;11,3;0;0
2024-04;LOAD-05-0713;13;5,9;9,7;2168,69;49,0;0;0
2024-05;LOAD-05-0713;6;5,9;9,7;1000,93;22,6;0;0
2024-06;LOAD-05-0713;18;5,9;9,7;3002,8;67,9;0;0
2024-07;LOAD-05-0713;11;5,9;9,7;1835,04;41,5;0;0
2024-08;LOAD-05-0713;8;5,9;9,7;1334,58;30,2;0;0
2024-09;LOAD-05-0713;14;5,9;9,7;2335,51;52,8;0;0
2024-10;LOAD-05-0713;8;5,9;9,7;1334,58;30,2;0;0
2024-11;LOAD-05-0713;14;5,9;9,7;2335,51;52,8;0;0
2024-12;LOAD-05-0713;7;5,9;9,7;1167,75;26,4;0;0
2025-01;LOAD-05-0713;21;5,9;9,7;3503,26;79,2;0;0
2025-02;LOAD-05-0713;12;5,9;9,7;2001,86;45,2;0;0
2025-03;LOAD-05-0713;11;5,9;9,7;1835,04;41,5;0;0
2025-04;LOAD-05-0713;14;5,9;9,7;2335,51;52,8;0;0
2025-05;LOAD-05-0713;1;5,9;9,7;166,82;3,8;0;0
2025-06;LOAD-05-0713;3;5,9;9,7;500,47;11,3;0;0
2025-07;LOAD-05-0713;6;5,9;9,7;1000,93;22,6;0;0
2025-08;LOAD-05-0713;13;5,9;9,7;2168,69;49,0;0;0
2025-09;LOAD-05-0713;13;5,9;9,7;2168,69;49,0;0;0
2025-10;LOAD-05-0713;21;5,9;9,7;3503,26;79,2;0;0
2025-11;LOAD-05-0713;16;5,9;9,7;2669,15;60,3;0;0
2025-12;LOAD-05-0713;6;5,9;9,7;1000,93;22,6;0;0
2024-01;MLT-02-0237;12;5,1;8,2;2515,19;26,6;0;0
2024-02;MLT-02-0237;8;5,1;8,2;1676,8;17,7;0;0
2024-03;MLT-02-0237;8;5,1;8,2;1676,8;17,7;0;0
2024-04;MLT-02-0237;1;5,1;8,2;209,6;2,2;0;0
2024-05;MLT-02-0237;13;5,1;8,2;2724,79;28,8;0;0
2024-06;MLT-02-0237;9;5,1;8,2;1886,4;19,9;0;0
2024-07;MLT-02-0237;9;5,1;8,2;1886,4;19,9;0;0
2024-08;MLT-02-0237;11;5,1;8,2;2305,59;24,4;0;0
2024-09;MLT-02-0237;5;5,1;8,2;1048,0;11,1;0;0
2024-10;MLT-02-0237;11;5,1;8,2;2305,59;24,4;0;0
2024-11;MLT-02-0237;4;5,1;8,2;838,4;8,9;0;0
2024-12;MLT-02-0237;7;5,1;8,2;1467,2;15,5;0;0
2025-01;MLT-02-0237;9;5,1;8,2;1886,4;19,9;0;0
2025-02;MLT-02-0237;7;5,1;8,2;1467,2;15,5;0;0
2025-03;MLT-02-0237;11;5,1;8,2;2305,59;24,4;0;0
2025-04;MLT-02-0237;1;5,1;8,2;209,6;2,2;0;0
2025-05;MLT-02-0237;12;5,1;8,2;2515,19;26,6;0;0
2025-06;MLT-02-0237;3;5,1;8,2;628,8;6,6;0;0
2025-07;MLT-02-0237;6;5,1;8,2;1257,6;13,3;0;0
2025-08;MLT-02-0237;4;5,1;8,2;838,4;8,9;0;0
2025-09;MLT-02-0237;3;5,1;8,2;628,8;6,6;0;0
2025-10;MLT-02-0237;9;5,1;8,2;1886,4;19,9;0;0
2025-11;MLT-02-0237;12;5,1;8,2;2515,19;26,6;0;0
2025-12;MLT-02-0237;9;5,1;8,2;1886,4;19,9;0;0
2024-01;MRT-03-0411;1;1;1,8;493,37;12,0;0;0
2024-02;MRT-03-0411;1;1;1,8;493,37;12,0;0;0
2024-03;MRT-03-0411;2;1;1,8;986,73;24,0;0;0
2024-04;MRT-03-0411;1;1;1,8;493,37;12,0;0;0
2024-05;MRT-03-0411;0;1;1,8;0,0;0,0;1;0
2024-06;MRT-03-0411;1;1;1,8;493,37;12,0;0;0
2024-07;MRT-03-0411;4;1;1,8;1973,46;48,0;0;0
2024-08;MRT-03-0411;1;1;1,8;493,37;12,0;0;0
2024-09;MRT-03-0411;1;1;1,8;493,37;12,0;0;0
2024-10;MRT-03-0411;0;1;1,8;0,0;0,0;1;0
2024-11;MRT-03-0411;2;1;1,8;986,73;24,0;0;0
2024-12;MRT-03-0411;1;1;1,8;493,37;12,0;0;0
2025-01;MRT-03-0411;2;1;1,8;986,73;24,0;0;0
2025-02;MRT-03-0411;1;1;1,8;493,37;12,0;0;0
2025-03;MRT-03-0411;1;1;1,8;493,37;12,0;0;0
2025-04;MRT-03-0411;2;1;1,8;986,73;24,0;0;0
2025-05;MRT-03-0411;2;1;1,8;986,73;24,0;0;0
2025-06;MRT-03-0411;1;1;1,8;493,37;12,0;0;0
2025-07;MRT-03-0411;1;1;1,8;493,37;12,0;0;0
2025-08;MRT-03-0411;2;1;1,8;986,73;24,0;0;0
2025-09;MRT-03-0411;2;1;1,8;986,73;24,0;0;0
2025-10;MRT-03-0411;1;1;1,8;493,37;12,0;0;0
2025-11;MRT-03-0411;2;1;1,8;986,73;24,0;0;0
2025-12;MRT-03-0411;2;1;1,8;986,73;24,0;0;0
2024-01;MLT-04-0241;5;2,9;4,8;3404,28;38,3;0;0
2024-02;MLT-04-0241;7;2,9;4,8;4766,0;53,6;0;0
2024-03;MLT-04-0241;0;2,9;4,8;0,0;0,0;1;0
2024-04;MLT-04-0241;7;2,9;4,8;4766,0;53,6;0;0
2024-05;MLT-04-0241;3;2,9;4,8;2042,57;23,0;0;0
2024-06;MLT-04-0241;4;2,9;4,8;2723,43;30,6;0;0
2024-07;MLT-04-0241;4;2,9;4,8;2723,43;30,6;0;0
2024-08;MLT-04-0241;0;2,9;4,8;0,0;0,0;1;0
2024-09;MLT-04-0241;4;2,9;4,8;2723,43;30,6;0;0
2024-10;MLT-04-0241;5;2,9;4,8;3404,28;38,3;0;0
2024-11;MLT-04-0241;1;2,9;4,8;680,86;7,7;0;0
2024-12;MLT-04-0241;7;2,9;4,8;4766,0;53,6;0;0
2025-01;MLT-04-0241;2;2,9;4,8;1361,71;15,3;0;0
2025-02;MLT-04-0241;7;2,9;4,8;4766,0;53,6;0;0
2025-03;MLT-04-0241;0;2,9;4,8;0,0;0,0;1;0
2025-04;MLT-04-0241;3;2,9;4,8;2042,57;23,0;0;0
2025-05;MLT-04-0241;6;2,9;4,8;4085,14;46,0;0;0
2025-06;MLT-04-0241;4;2,9;4,8;2723,43;30,6;0;0
2025-07;MLT-04-0241;3;2,9;4,8;2042,57;23,0;0;0
2025-08;MLT-04-0241;6;2,9;4,8;4085,14;46,0;0;0
2025-09;MLT-04-0241;5;2,9;4,8;3404,28;38,3;0;0
2025-10;MLT-04-0241;6;2,9;4,8;4085,14;46,0;0;0
2025-11;MLT-04-0241;4;2,9;4,8;2723,43;30,6;0;0
2025-12;MLT-04-0241;7;2,9;4,8;4766,0;53,6;0;0
2024-01;MI-MC-09-0473;42;15,8;25,7;8140,11;191,4;0;0
2024-02;MI-MC-09-0473;22;15,8;25,7;4263,87;100,3;0;0
2024-03;MI-MC-09-0473;11;15,8;25,7;2131,93;50,1;0;0
2024-04;MI-MC-09-0473;26;15,8;25,7;5039,11;118,5;0;0
2024-05;MI-MC-09-0473;34;15,8;25,7;6589,61;154,9;0;0
2024-06;MI-MC-09-0473;42;15,8;25,7;8140,11;191,4;0;0
2024-07;MI-MC-09-0473;44;15,8;25,7;8527,73;200,5;0;0
2024-08;MI-MC-09-0473;21;15,8;25,7;4070,05;95,7;0;0
2024-09;MI-MC-09-0473;2;15,8;25,7;387,62;9,1;0;0
2024-10;MI-MC-09-0473;34;15,8;25,7;6589,61;154,9;0;0
2024-11;MI-MC-09-0473;28;15,8;25,7;5426,74;127,6;0;0
2024-12;MI-MC-09-0473;37;15,8;25,7;7171,05;168,6;0;0
2025-01;MI-MC-09-0473;21;15,8;25,7;4070,05;95,7;0;0
2025-02;MI-MC-09-0473;51;15,8;25,7;9884,42;232,4;0;0
2025-03;MI-MC-09-0473;25;15,8;25,7;4845,3;113,9;0;0
2025-04;MI-MC-09-0473;35;15,8;25,7;6783,42;159,5;0;0
2025-05;MI-MC-09-0473;6;15,8;25,7;1162,87;27,3;0;0
2025-06;MI-MC-09-0473;13;15,8;25,7;2519,56;59,2;0;0
2025-07;MI-MC-09-0473;27;15,8;25,7;5232,93;123,0;0;0
2025-08;MI-MC-09-0473;13;15,8;25,7;2519,56;59,2;0;0
2025-09;MI-MC-09-0473;41;15,8;25,7;7946,3;186,8;0;0
2025-10;MI-MC-09-0473;54;15,8;25,7;10465,85;246,1;0;0
2025-11;MI-MC-09-0473;23;15,8;25,7;4457,68;104,8;0;0
2025-12;MI-MC-09-0473;24;15,8;25,7;4651,49;109,4;0;0
2024-01;MT-09-0162;4;2,6;4,8;769,71;9,1;0;0
2024-02;MT-09-0162;7;2,6;4,8;1346,99;16,0;0;0
2024-03;MT-09-0162;4;2,6;4,8;769,71;9,1;0;0
2024-04;MT-09-0162;8;2,6;4,8;1539,41;18,3;0;0
2024-05;MT-09-0162;1;2,6;4,8;192,43;2,3;0;0
2024-06;MT-09-0162;0;2,6;4,8;0,0;0,0;1;0
2024-07;MT-09-0162;5;2,6;4,8;962,13;11,4;0;0
2024-08;MT-09-0162;6;2,6;4,8;1154,56;13,7;0;0
2024-09;MT-09-0162;7;2,6;4,8;1346,99;16,0;0;0
2024-10;MT-09-0162;7;2,6;4,8;1346,99;16,0;0;0
2024-11;MT-09-0162;5;2,6;4,8;962,13;11,4;0;0
2024-12;MT-09-0162;2;2,6;4,8;384,85;4,6;0;0
2025-01;MT-09-0162;2;2,6;4,8;384,85;4,6;0;0
2025-02;MT-09-0162;8;2,6;4,8;1539,41;18,3;0;0
2025-03;MT-09-0162;4;2,6;4,8;769,71;9,1;0;0
2025-04;MT-09-0162;5;2,6;4,8;962,13;11,4;0;0
2025-05;MT-09-0162;5;2,6;4,8;962,13;11,4;0;0
2025-06;MT-09-0162;7;2,6;4,8;1346,99;16,0;0;0
2025-07;MT-09-0162;6;2,6;4,8;1154,56;13,7;0;0
2025-08;MT-09-0162;8;2,6;4,8;1539,41;18,3;0;0
2025-09;MT-09-0162;3;2,6;4,8;577,28;6,9;0;0
2025-10;MT-09-0162;3;2,6;4,8;577,28;6,9;0;0
2025-11;MT-09-0162;4;2,6;4,8;769,71;9,1;0;0
2025-12;MT-09-0162;6;2,6;4,8;1154,56;13,7;0;0
2024-01;MLT-02-0337;37;16,6;26,9;3008,23;35,8;0;0
2024-02;MLT-02-0337;13;16,6;26,9;1056,94;12,6;0;0
2024-03;MLT-02-0337;13;16,6;26,9;1056,94;12,6;0;0
2024-04;MLT-02-0337;41;16,6;26,9;3333,44;39,6;0;0
2024-05;MLT-02-0337;46;16,6;26,9;3739,96;44,5;0;0
2024-06;MLT-02-0337;19;16,6;26,9;1544,76;18,4;0;0
2024-07;MLT-02-0337;30;16,6;26,9;2439,1;29,0;0;0
2024-08;MLT-02-0337;38;16,6;26,9;3089,53;36,7;0;0
2024-09;MLT-02-0337;14;16,6;26,9;1138,25;13,5;0;0
2024-10;MLT-02-0337;34;16,6;26,9;2764,32;32,9;0;0
2024-11;MLT-02-0337;26;16,6;26,9;2113,89;25,1;0;0
2024-12;MLT-02-0337;21;16,6;26,9;1707,37;20,3;0;0
2025-01;MLT-02-0337;6;16,6;26,9;487,82;5,8;0;0
2025-02;MLT-02-0337;46;16,6;26,9;3739,96;44,5;0;0
2025-03;MLT-02-0337;53;16,6;26,9;4309,08;51,2;0;0
2025-04;MLT-02-0337;18;16,6;26,9;1463,46;17,4;0;0
2025-05;MLT-02-0337;35;16,6;26,9;2845,62;33,8;0;0
2025-06;MLT-02-0337;7;16,6;26,9;569,12;6,8;0;0
2025-07;MLT-02-0337;21;16,6;26,9;1707,37;20,3;0;0
2025-08;MLT-02-0337;20;16,6;26,9;1626,07;19,3;0;0
2025-09;MLT-02-0337;35;16,6;26,9;2845,62;33,8;0;0
2025-10;MLT-02-0337;11;16,6;26,9;894,34;10,6;0;0
2025-11;MLT-02-0337;21;16,6;26,9;1707,37;20,3;0;0
2025-12;MLT-02-0337;16;16,6;26,9;1300,85;15,5;0;0
2024-01;MT-04-0188;12;5,4;8,8;5986,01;74,5;0;0
2024-02;MT-04-0188;11;5,4;8,8;5487,18;68,3;0;0
2024-03;MT-04-0188;8;5,4;8,8;3990,67;49,7;0;0
2024-04;MT-04-0188;11;5,4;8,8;5487,18;68,3;0;0
2024-05;MT-04-0188;12;5,4;8,8;5986,01;74,5;0;0
2024-06;MT-04-0188;7;5,4;8,8;3491,84;43,4;0;0
2024-07;MT-04-0188;15;5,4;8,8;7482,51;93,1;0;0
2024-08;MT-04-0188;3;5,4;8,8;1496,5;18,6;0;0
2024-09;MT-04-0188;15;5,4;8,8;7482,51;93,1;0;0
2024-10;MT-04-0188;16;5,4;8,8;7981,35;99,3;0;0
2024-11;MT-04-0188;15;5,4;8,8;7482,51;93,1;0;0
2024-12;MT-04-0188;17;5,4;8,8;8480,18;105,5;0;0
2025-01;MT-04-0188;10;5,4;8,8;4988,34;62,1;0;0
2025-02;MT-04-0188;19;5,4;8,8;9477,85;117,9;0;0
2025-03;MT-04-0188;10;5,4;8,8;4988,34;62,1;0;0
2025-04;MT-04-0188;5;5,4;8,8;2494,17;31,0;0;0
2025-05;MT-04-0188;6;5,4;8,8;2993,01;37,2;0;0
2025-06;MT-04-0188;6;5,4;8,8;2993,01;37,2;0;0
2025-07;MT-04-0188;6;5,4;8,8;2993,01;37,2;0;0
2025-08;MT-04-0188;6;5,4;8,8;2993,01;37,2;0;0
2025-09;MT-04-0188;10;5,4;8,8;4988,34;62,1;0;0
2025-10;MT-04-0188;11;5,4;8,8;5487,18;68,3;0;0
2025-11;MT-04-0188;10;5,4;8,8;4988,34;62,1;0;0
2025-12;MT-04-0188;2;5,4;8,8;997,67;12,4;0;0
2024-01;AWP-06-0653;4;3,6;6,7;469,45;18,5;0;0
2024-02;AWP-06-0653;5;3,6;6,7;586,81;23,1;0;0
2024-03;AWP-06-0653;4;3,6;6,7;469,45;18,5;0;0
2024-04;AWP-06-0653;0;3,6;6,7;0,0;0,0;1;0
2024-05;AWP-06-0653;3;3,6;6,7;352,09;13,8;0;0
2024-06;AWP-06-0653;7;3,6;6,7;821,53;32,3;0;0
2024-07;AWP-06-0653;2;3,6;6,7;234,72;9,2;0;0
2024-08;AWP-06-0653;3;3,6;6,7;352,09;13,8;0;0
2024-09;AWP-06-0653;4;3,6;6,7;469,45;18,5;0;0
2024-10;AWP-06-0653;1;3,6;6,7;117,36;4,6;0;0
2024-11;AWP-06-0653;7;3,6;6,7;821,53;32,3;0;0
2024-12;AWP-06-0653;5;3,6;6,7;586,81;23,1;0;0
2025-01;AWP-06-0653;8;3,6;6,7;938,89;36,9;0;0
2025-02;AWP-06-0653;6;3,6;6,7;704,17;27,7;0;0
2025-03;AWP-06-0653;11;3,6;6,7;1290,98;50,8;0;0
2025-04;AWP-06-0653;10;3,6;6,7;1173,62;46,2;0;0
2025-05;AWP-06-0653;3;3,6;6,7;352,09;13,8;0;0
2025-06;AWP-06-0653;6;3,6;6,7;704,17;27,7;0;0
2025-07;AWP-06-0653;10;3,6;6,7;1173,62;46,2;0;0
2025-08;AWP-06-0653;11;3,6;6,7;1290,98;50,8;0;0
2025-09;AWP-06-0653;4;3,6;6,7;469,45;18,5;0;0
2025-10;AWP-06-0653;6;3,6;6,7;704,17;27,7;0;0
2025-11;AWP-06-0653;7;3,6;6,7;821,53;32,3;0;0
2025-12;AWP-06-0653;7;3,6;6,7;821,53;32,3;0;0
2024-01;LOAD-M-02-0840;18;7,7;14,2;2411,75;83,6;0;0
2024-02;LOAD-M-02-0840;25;7,7;14,2;3349,65;116,1;0;0
2024-03;LOAD-M-02-0840;18;7,7;14,2;2411,75;83,6;0;0
2024-04;LOAD-M-02-0840;17;7,7;14,2;2277,76;79,0;0;0
2024-05;LOAD-M-02-0840;16;7,7;14,2;2143,78;74,3;0;0
2024-06;LOAD-M-02-0840;20;7,7;14,2;2679,72;92,9;0;0
2024-07;LOAD-M-02-0840;14;7,7;14,2;1875,8;65,0;0;0
2024-08;LOAD-M-02-0840;17;7,7;14,2;2277,76;79,0;0;0
2024-09;LOAD-M-02-0840;7;7,7;14,2;937,9;32,5;0;0
2024-10;LOAD-M-02-0840;32;7,7;14,2;4287,55;148,6;0;0
2024-11;LOAD-M-02-0840;17;7,7;14,2;2277,76;79,0;0;0
2024-12;LOAD-M-02-0840;14;7,7;14,2;1875,8;65,0;0;0
2025-01;LOAD-M-02-0840;9;7,7;14,2;1205,87;41,8;0;0
2025-02;LOAD-M-02-0840;8;7,7;14,2;1071,89;37,2;0;0
2025-03;LOAD-M-02-0840;13;7,7;14,2;1741,82;60,4;0;0
2025-04;LOAD-M-02-0840;20;7,7;14,2;2679,72;92,9;0;0
2025-05;LOAD-M-02-0840;12;7,7;14,2;1607,83;55,7;0;0
2025-06;LOAD-M-02-0840;16;7,7;14,2;2143,78;74,3;0;0
2025-07;LOAD-M-02-0840;13;7,7;14,2;1741,82;60,4;0;0
2025-08;LOAD-M-02-0840;16;7,7;14,2;2143,78;74,3;0;0
2025-09;LOAD-M-02-0840;22;7,7;14,2;2947,69;102,2;0;0
2025-10;LOAD-M-02-0840;28;7,7;14,2;3751,61;130,1;0;0
2025-11;LOAD-M-02-0840;12;7,7;14,2;1607,83;55,7;0;0
2025-12;LOAD-M-02-0840;15;7,7;14,2;2009,79;69,7;0;0
2024-01;MLT-10-0229;4;2,4;4,3;1081,32;20,3;0;0
2024-02;MLT-10-0229;5;2,4;4,3;1351,65;25,4;0;0
2024-03;MLT-10-0229;2;2,4;4,3;540,66;10,1;0;0
2024-04;MLT-10-0229;4;2,4;4,3;1081,32;20,3;0;0
2024-05;MLT-10-0229;6;2,4;4,3;1621,98;30,4;0;0
2024-06;MLT-10-0229;3;2,4;4,3;810,99;15,2;0;0
2024-07;MLT-10-0229;4;2,4;4,3;1081,32;20,3;0;0
2024-08;MLT-10-0229;7;2,4;4,3;1892,31;35,5;0;0
2024-09;MLT-10-0229;5;2,4;4,3;1351,65;25,4;0;0
2024-10;MLT-10-0229;2;2,4;4,3;540,66;10,1;0;0
2024-11;MLT-10-0229;3;2,4;4,3;810,99;15,2;0;0
2024-12;MLT-10-0229;7;2,4;4,3;1892,31;35,5;0;0
2025-01;MLT-10-0229;7;2,4;4,3;1892,31;35,5;0;0
2025-02;MLT-10-0229;4;2,4;4,3;1081,32;20,3;0;0
2025-03;MLT-10-0229;5;2,4;4,3;1351,65;25,4;0;0
2025-04;MLT-10-0229;1;2,4;4,3;270,33;5,1;0;0
2025-05;MLT-10-0229;2;2,4;4,3;540,66;10,1;0;0
2025-06;MLT-10-0229;3;2,4;4,3;810,99;15,2;0;0
2025-07;MLT-10-0229;2;2,4;4,3;540,66;10,1;0;0
2025-08;MLT-10-0229;3;2,4;4,3;810,99;15,2;0;0
2025-09;MLT-10-0229;2;2,4;4,3;540,66;10,1;0;0
2025-10;MLT-10-0229;6;2,4;4,3;1621,98;30,4;0;0
2025-11;MLT-10-0229;3;2,4;4,3;810,99;15,2;0;0
2025-12;MLT-10-0229;2;2,4;4,3;540,66;10,1;0;0
2024-01;MT-05-0102;4;2,5;4,7;542,43;9,4;0;0
2024-02;MT-05-0102;4;2,5;4,7;542,43;9,4;0;0
2024-03;MT-05-0102;6;2,5;4,7;813,65;14,1;0;0
2024-04;MT-05-0102;2;2,5;4,7;271,22;4,7;0;0
2024-05;MT-05-0102;2;2,5;4,7;271,22;4,7;0;0
2024-06;MT-05-0102;6;2,5;4,7;813,65;14,1;0;0
2024-07;MT-05-0102;6;2,5;4,7;813,65;14,1;0;0
2024-08;MT-05-0102;0;2,5;4,7;0,0;0,0;1;0
2024-09;MT-05-0102;4;2,5;4,7;542,43;9,4;0;0
2024-10;MT-05-0102;4;2,5;4,7;542,43;9,4;0;0
2024-11;MT-05-0102;6;2,5;4,7;813,65;14,1;0;0
2024-12;MT-05-0102;6;2,5;4,7;813,65;14,1;0;0
2025-01;MT-05-0102;4;2,5;4,7;542,43;9,4;0;0
2025-02;MT-05-0102;3;2,5;4,7;406,83;7,1;0;0
2025-03;MT-05-0102;5;2,5;4,7;678,04;11,8;0;0
2025-04;MT-05-0102;5;2,5;4,7;678,04;11,8;0;0
2025-05;MT-05-0102;2;2,5;4,7;271,22;4,7;0;0
2025-06;MT-05-0102;6;2,5;4,7;813,65;14,1;0;0
2025-07;MT-05-0102;4;2,5;4,7;542,43;9,4;0;0
2025-08;MT-05-0102;1;2,5;4,7;135,61;2,4;0;0
2025-09;MT-05-0102;5;2,5;4,7;678,04;11,8;0;0
2025-10;MT-05-0102;1;2,5;4,7;135,61;2,4;0;0
2025-11;MT-05-0102;4;2,5;4,7;542,43;9,4;0;0
2025-12;MT-05-0102;6;2,5;4,7;813,65;14,1;0;0
2024-01;MLT-07-0271;13;10,2;18,7;5280,6;68,8;0;0
2024-02;MLT-07-0271;16;10,2;18,7;6499,2;84,7;0;0
2024-03;MLT-07-0271;10;10,2;18,7;4062,0;52,9;0;0
2024-04;MLT-07-0271;9;10,2;18,7;3655,8;47,6;0;0
2024-05;MLT-07-0271;18;10,2;18,7;7311,6;95,3;0;0
2024-06;MLT-07-0271;8;10,2;18,7;3249,6;42,4;0;0
2024-07;MLT-07-0271;39;10,2;18,7;15841,79;206,5;0;0
2024-08;MLT-07-0271;10;10,2;18,7;4062,0;52,9;0;0
2024-09;MLT-07-0271;17;10,2;18,7;6905,4;90,0;0;0
2024-10;MLT-07-0271;13;10,2;18,7;5280,6;68,8;0;0
2024-11;MLT-07-0271;31;10,2;18,7;12592,19;164,1;0;0
2024-12;MLT-07-0271;16;10,2;18,7;6499,2;84,7;0;0
2025-01;MLT-07-0271;23;10,2;18,7;9342,6;121,8;0;0
2025-02;MLT-07-0271;24;10,2;18,7;9748,8;127,1;0;0
2025-03;MLT-07-0271;20;10,2;18,7;8124,0;105,9;0;0
2025-04;MLT-07-0271;12;10,2;18,7;4874,4;63,5;0;0
2025-05;MLT-07-0271;25;10,2;18,7;10155,0;132,4;0;0
2025-06;MLT-07-0271;21;10,2;18,7;8530,2;111,2;0;0
2025-07;MLT-07-0271;9;10,2;18,7;3655,8;47,6;0;0
2025-08;MLT-07-0271;14;10,2;18,7;5686,8;74,1;0;0
2025-09;MLT-07-0271;22;10,2;18,7;8936,4;116,5;0;0
2025-10;MLT-07-0271;11;10,2;18,7;4468,2;58,2;0;0
2025-11;MLT-07-0271;19;10,2;18,7;7717,8;100,6;0;0
2025-12;MLT-07-0271;1;10,2;18,7;406,2;5,3;0;0
2024-01;MLT-09-0317;6;4,6;7,5;1102,36;14,6;0;0
2024-02;MLT-09-0317;5;4,6;7,5;918,63;12,2;0;0
2024-03;MLT-09-0317;5;4,6;7,5;918,63;12,2;0;0
2024-04;MLT-09-0317;2;4,6;7,5;367,45;4,9;0;0
2024-05;MLT-09-0317;12;4,6;7,5;2204,72;29,2;0;0
2024-06;MLT-09-0317;9;4,6;7,5;1653,54;21,9;0;0
2024-07;MLT-09-0317;6;4,6;7,5;1102,36;14,6;0;0
2024-08;MLT-09-0317;4;4,6;7,5;734,91;9,7;0;0
2024-09;MLT-09-0317;10;4,6;7,5;1837,27;24,3;0;0
2024-10;MLT-09-0317;2;4,6;7,5;367,45;4,9;0;0
2024-11;MLT-09-0317;7;4,6;7,5;1286,09;17,0;0;0
2024-12;MLT-09-0317;8;4,6;7,5;1469,81;19,5;0;0
2025-01;MLT-09-0317;7;4,6;7,5;1286,09;17,0;0;0
2025-02;MLT-09-0317;3;4,6;7,5;551,18;7,3;0;0
2025-03;MLT-09-0317;5;4,6;7,5;918,63;12,2;0;0
2025-04;MLT-09-0317;6;4,6;7,5;1102,36;14,6;0;0
2025-05;MLT-09-0317;5;4,6;7,5;918,63;12,2;0;0
2025-06;MLT-09-0317;7;4,6;7,5;1286,09;17,0;0;0
2025-07;MLT-09-0317;3;4,6;7,5;551,18;7,3;0;0
2025-08;MLT-09-0317;11;4,6;7,5;2020,99;26,8;0;0
2025-09;MLT-09-0317;10;4,6;7,5;1837,27;24,3;0;0
2025-10;MLT-09-0317;0;4,6;7,5;0,0;0,0;1;0
2025-11;MLT-09-0317;16;4,6;7,5;2939,63;38,9;0;0
2025-12;MLT-09-0317;5;4,6;7,5;918,63;12,2;0;0
2024-01;MRT-07-0392;6;2,0;3,6;2031,39;51,4;0;0
2024-02;MRT-07-0392;5;2,0;3,6;1692,82;42,9;0;0
2024-03;MRT-07-0392;3;2,0;3,6;1015,69;25,7;0;0
2024-04;MRT-07-0392;4;2,0;3,6;1354,26;34,3;0;0
2024-05;MRT-07-0392;1;2,0;3,6;338,56;8,6;0;0
2024-06;MRT-07-0392;1;2,0;3,6;338,56;8,6;0;0
2024-07;MRT-07-0392;5;2,0;3,6;1692,82;42,9;0;0
2024-08;MRT-07-0392;4;2,0;3,6;1354,26;34,3;0;0
2024-09;MRT-07-0392;2;2,0;3,6;677,13;17,1;0;0
2024-10;MRT-07-0392;4;2,0;3,6;1354,26;34,3;0;0
2024-11;MRT-07-0392;6;2,0;3,6;2031,39;51,4;0;0
2024-12;MRT-07-0392;2;2,0;3,6;677,13;17,1;0;0
2025-01;MRT-07-0392;8;2,0;3,6;2708,52;68,6;0;0
2025-02;MRT-07-0392;1;2,0;3,6;338,56;8,6;0;0
2025-03;MRT-07-0392;3;2,0;3,6;1015,69;25,7;0;0
2025-04;MRT-07-0392;2;2,0;3,6;677,13;17,1;0;0
2025-05;MRT-07-0392;2;2,0;3,6;677,13;17,1;0;0
2025-06;MRT-07-0392;2;2,0;3,6;677,13;17,1;0;0
2025-07;MRT-07-0392;0;2,0;3,6;0,0;0,0;1;0
2025-08;MRT-07-0392;1;2,0;3,6;338,56;8,6;0;0
2025-09;MRT-07-0392;5;2,0;3,6;1692,82;42,9;0;0
2025-10;MRT-07-0392;3;2,0;3,6;1015,69;25,7;0;0
2025-11;MRT-07-0392;2;2,0;3,6;677,13;17,1;0;0
2025-12;MRT-07-0392;1;2,0;3,6;338,56;8,6;0;0
2024-01;MLT-10-0326;4;10,4;19,1;775,6;9,7;0;0
2024-02;MLT-10-0326;30;10,4;19,1;5817,0;72,5;0;0
2024-03;MLT-10-0326;0;10,4;19,1;0,0;0,0;1;0
2024-04;MLT-10-0326;12;10,4;19,1;2326,8;29,0;0;0
2024-05;MLT-10-0326;18;10,4;19,1;3490,2;43,5;0;0
2024-06;MLT-10-0326;22;10,4;19,1;4265,8;53,2;0;0
2024-07;MLT-10-0326;14;10,4;19,1;2714,6;33,8;0;0
2024-08;MLT-10-0326;38;10,4;19,1;7368,2;91,8;0;0
2024-09;MLT-10-0326;11;10,4;19,1;2132,9;26,6;0;0
2024-10;MLT-10-0326;14;10,4;19,1;2714,6;33,8;0;0
2024-11;MLT-10-0326;18;10,4;19,1;3490,2;43,5;0;0
2024-12;MLT-10-0326;25;10,4;19,1;4847,5;60,4;0;0
2025-01;MLT-10-0326;13;10,4;19,1;2520,7;31,4;0;0
2025-02;MLT-10-0326;17;10,4;19,1;3296,3;41,1;0;0
2025-03;MLT-10-0326;33;10,4;19,1;6398,7;79,7;0;0
2025-04;MLT-10-0326;8;10,4;19,1;1551,2;19,3;0;0
2025-05;MLT-10-0326;21;10,4;19,1;4071,9;50,7;0;0
2025-06;MLT-10-0326;9;10,4;19,1;1745,1;21,7;0;0
2025-07;MLT-10-0326;17;10,4;19,1;3296,3;41,1;0;0
2025-08;MLT-10-0326;17;10,4;19,1;3296,3;41,1;0;0
2025-09;MLT-10-0326;22;10,4;19,1;4265,8;53,2;0;0
2025-10;MLT-10-0326;10;10,4;19,1;1939,0;24,2;0;0
2025-11;MLT-10-0326;15;10,4;19,1;2908,5;36,2;0;0
2025-12;MLT-10-0326;22;10,4;19,1;4265,8;53,2;0;0
2024-01;LOAD-04-0731;51;18,5;30,1;8598,11;198,5;0;0
2024-02;LOAD-04-0731;18;18,5;30,1;3034,63;70,1;0;0
2024-03;LOAD-04-0731;64;18,5;30,1;10789,78;249,1;0;0
2024-04;LOAD-04-0731;36;18,5;30,1;6069,25;140,1;0;0
2024-05;LOAD-04-0731;20;18,5;30,1;3371,81;77,8;0;0
2024-06;LOAD-04-0731;69;18,5;30,1;11632,73;268,5;0;0
2024-07;LOAD-04-0731;24;18,5;30,1;4046,17;93,4;0;0
2024-08;LOAD-04-0731;21;18,5;30,1;3540,4;81,7;0;0
2024-09;LOAD-04-0731;42;18,5;30,1;7080,8;163,5;0;0
2024-10;LOAD-04-0731;30;18,5;30,1;5057,71;116,8;0;0
2024-11;LOAD-04-0731;30;18,5;30,1;5057,71;116,8;0;0
2024-12;LOAD-04-0731;2;18,5;30,1;337,18;7,8;0;0
2025-01;LOAD-04-0731;38;18,5;30,1;6406,43;147,9;0;0
2025-02;LOAD-04-0731;16;18,5;30,1;2697,45;62,3;0;0
2025-03;LOAD-04-0731;34;18,5;30,1;5732,07;132,3;0;0
2025-04;LOAD-04-0731;18;18,5;30,1;3034,63;70,1;0;0
2025-05;LOAD-04-0731;6;18,5;30,1;1011,54;23,4;0;0
2025-06;LOAD-04-0731;24;18,5;30,1;4046,17;93,4;0;0
2025-07;LOAD-04-0731;41;18,5;30,1;6912,2;159,6;0;0
2025-08;LOAD-04-0731;31;18,5;30,1;5226,3;120,6;0;0
2025-09;LOAD-04-0731;6;18,5;30,1;1011,54;23,4;0;0
2025-10;LOAD-04-0731;46;18,5;30,1;7755,16;179,0;0;0
2025-11;LOAD-04-0731;36;18,5;30,1;6069,25;140,1;0;0
2025-12;LOAD-04-0731;37;18,5;30,1;6237,84;144,0;0;0
2024-01;LOAD-04-0750;1;1;1,3;482,16;16,7;0;0
2024-02;LOAD-04-0750;1;1;1,3;482,16;16,7;0;0
2024-03;LOAD-04-0750;3;1;1,3;1446,49;50,2;0;0
2024-04;LOAD-04-0750;0;1;1,3;0,0;0,0;1;0
2024-05;LOAD-04-0750;1;1;1,3;482,16;16,7;0;0
2024-06;LOAD-04-0750;1;1;1,3;482,16;16,7;0;0
2024-07;LOAD-04-0750;0;1;1,3;0,0;0,0;1;0
2024-08;LOAD-04-0750;1;1;1,3;482,16;16,7;0;0
2024-09;LOAD-04-0750;1;1;1,3;482,16;16,7;0;0
2024-10;LOAD-04-0750;1;1;1,3;482,16;16,7;0;0
2024-11;LOAD-04-0750;1;1;1,3;482,16;16,7;0;0
2024-12;LOAD-04-0750;1;1;1,3;482,16;16,7;0;0
2025-01;LOAD-04-0750;0;1;1,3;0,0;0,0;1;0
2025-02;LOAD-04-0750;1;1;1,3;482,16;16,7;0;0
2025-03;LOAD-04-0750;0;1;1,3;0,0;0,0;1;0
2025-04;LOAD-04-0750;0;1;1,3;0,0;0,0;1;0
2025-05;LOAD-04-0750;2;1;1,3;964,33;33,5;0;0
2025-06;LOAD-04-0750;0;1;1,3;0,0;0,0;1;0
2025-07;LOAD-04-0750;1;1;1,3;482,16;16,7;0;0
2025-08;LOAD-04-0750;1;1;1,3;482,16;16,7;0;0
2025-09;LOAD-04-0750;1;1;1,3;482,16;16,7;0;0
2025-10;LOAD-04-0750;0;1;1,3;0,0;0,0;1;0
2025-11;LOAD-04-0750;1;1;1,3;482,16;16,7;0;0
2025-12;LOAD-04-0750;1;1;1,3;482,16;16,7;0;0
2024-01;MRT-10-0448;11;5,0;9,2;1272,18;37,0;0;0
2024-02;MRT-10-0448;9;5,0;9,2;1040,88;30,3;0;0
2024-03;MRT-10-0448;12;5,0;9,2;1387,84;40,4;0;0
2024-04;MRT-10-0448;0;5,0;9,2;0,0;0,0;1;0
2024-05;MRT-10-0448;12;5,0;9,2;1387,84;40,4;0;0
2024-06;MRT-10-0448;0;5,0;9,2;0,0;0,0;1;0
2024-07;MRT-10-0448;12;5,0;9,2;1387,84;40,4;0;0
2024-08;MRT-10-0448;0;5,0;9,2;0,0;0,0;1;0
2024-09;MRT-10-0448;11;5,0;9,2;1272,18;37,0;0;0
2024-10;MRT-10-0448;17;5,0;9,2;1966,1;57,2;0;0
2024-11;MRT-10-0448;6;5,0;9,2;693,92;20,2;0;0
2024-12;MRT-10-0448;0;5,0;9,2;0,0;0,0;1;0
2025-01;MRT-10-0448;9;5,0;9,2;1040,88;30,3;0;0
2025-02;MRT-10-0448;3;5,0;9,2;346,96;10,1;0;0
2025-03;MRT-10-0448;10;5,0;9,2;1156,53;33,6;0;0
2025-04;MRT-10-0448;8;5,0;9,2;925,22;26,9;0;0
2025-05;MRT-10-0448;2;5,0;9,2;231,31;6,7;0;0
2025-06;MRT-10-0448;8;5,0;9,2;925,22;26,9;0;0
2025-07;MRT-10-0448;12;5,0;9,2;1387,84;40,4;0;0
2025-08;MRT-10-0448;10;5,0;9,2;1156,53;33,6;0;0
2025-09;MRT-10-0448;0;5,0;9,2;0,0;0,0;1;0
2025-10;MRT-10-0448;19;5,0;9,2;2197,41;63,9;0;0
2025-11;MRT-10-0448;12;5,0;9,2;1387,84;40,4;0;0
2025-12;MRT-10-0448;8;5,0;9,2;925,22;26,9;0;0
2024-01;MLT-04-0306;2;1;1,8;1381,47;24,8;0;0
2024-02;MLT-04-0306;2;1;1,8;1381,47;24,8;0;0
2024-03;MLT-04-0306;1;1;1,8;690,73;12,4;0;0
2024-04;MLT-04-0306;2;1;1,8;1381,47;24,8;0;0
2024-05;MLT-04-0306;1;1;1,8;690,73;12,4;0;0
2024-06;MLT-04-0306;2;1;1,8;1381,47;24,8;0;0
2024-07;MLT-04-0306;2;1;1,8;1381,47;24,8;0;0
2024-08;MLT-04-0306;2;1;1,8;1381,47;24,8;0;0
2024-09;MLT-04-0306;3;1;1,8;2072,2;37,2;0;0
2024-10;MLT-04-0306;1;1;1,8;690,73;12,4;0;0
2024-11;MLT-04-0306;1;1;1,8;690,73;12,4;0;0
2024-12;MLT-04-0306;1;1;1,8;690,73;12,4;0;0
2025-01;MLT-04-0306;2;1;1,8;1381,47;24,8;0;0
2025-02;MLT-04-0306;1;1;1,8;690,73;12,4;0;0
2025-03;MLT-04-0306;1;1;1,8;690,73;12,4;0;0
2025-04;MLT-04-0306;0;1;1,8;0,0;0,0;1;0
2025-05;MLT-04-0306;1;1;1,8;690,73;12,4;0;0
2025-06;MLT-04-0306;0;1;1,8;0,0;0,0;1;0
2025-07;MLT-04-0306;1;1;1,8;690,73;12,4;0;0
2025-08;MLT-04-0306;1;1;1,8;690,73;12,4;0;0
2025-09;MLT-04-0306;0;1;1,8;0,0;0,0;1;0
2025-10;MLT-04-0306;1;1;1,8;690,73;12,4;0;0
2025-11;MLT-04-0306;2;1;1,8;1381,47;24,8;0;0
2025-12;MLT-04-0306;3;1;1,8;2072,2;37,2;0;0
2024-01;MLT-10-0362;6;3,9;7,1;1874,84;26,2;0;0
2024-02;MLT-10-0362;7;3,9;7,1;2187,31;30,5;0;0
2024-03;MLT-10-0362;5;3,9;7,1;1562,37;21,8;0;0
2024-04;MLT-10-0362;8;3,9;7,1;2499,79;34,9;0;0
2024-05;MLT-10-0362;2;3,9;7,1;624,95;8,7;0;0
2024-06;MLT-10-0362;3;3,9;7,1;937,42;13,1;0;0
2024-07;MLT-10-0362;0;3,9;7,1;0,0;0,0;1;0
2024-08;MLT-10-0362;3;3,9;7,1;937,42;13,1;0;0
2024-09;MLT-10-0362;6;3,9;7,1;1874,84;26,2;0;0
2024-10;MLT-10-0362;9;3,9;7,1;2812,26;39,3;0;0
2024-11;MLT-10-0362;6;3,9;7,1;1874,84;26,2;0;0
2024-12;MLT-10-0362;5;3,9;7,1;1562,37;21,8;0;0
2025-01;MLT-10-0362;4;3,9;7,1;1249,89;17,5;0;0
2025-02;MLT-10-0362;8;3,9;7,1;2499,79;34,9;0;0
2025-03;MLT-10-0362;11;3,9;7,1;3437,2;48,0;0;0
2025-04;MLT-10-0362;7;3,9;7,1;2187,31;30,5;0;0
2025-05;MLT-10-0362;12;3,9;7,1;3749,68;52,4;0;0
2025-06;MLT-10-0362;7;3,9;7,1;2187,31;30,5;0;0
2025-07;MLT-10-0362;8;3,9;7,1;2499,79;34,9;0;0
2025-08;MLT-10-0362;14;3,9;7,1;4374,62;61,1;0;0
2025-09;MLT-10-0362;3;3,9;7,1;937,42;13,1;0;0
2025-10;MLT-10-0362;2;3,9;7,1;624,95;8,7;0;0
2025-11;MLT-10-0362;5;3,9;7,1;1562,37;21,8;0;0
2025-12;MLT-10-0362;6;3,9;7,1;1874,84;26,2;0;0
2024-01;LOAD-04-0787;1;1;1,4;593,79;18,5;0;0
2024-02;LOAD-04-0787;0;1;1,4;0,0;0,0;1;0
2024-03;LOAD-04-0787;2;1;1,4;1187,58;36,9;0;0
2024-04;LOAD-04-0787;1;1;1,4;593,79;18,5;0;0
2024-05;LOAD-04-0787;1;1;1,4;593,79;18,5;0;0
2024-06;LOAD-04-0787;1;1;1,4;593,79;18,5;0;0
2024-07;LOAD-04-0787;1;1;1,4;593,79;18,5;0;0
2024-08;LOAD-04-0787;1;1;1,4;593,79;18,5;0;0
2024-09;LOAD-04-0787;1;1;1,4;593,79;18,5;0;0
2024-10;LOAD-04-0787;3;1;1,4;1781,36;55,4;0;0
2024-11;LOAD-04-0787;1;1;1,4;593,79;18,5;0;0
2024-12;LOAD-04-0787;1;1;1,4;593,79;18,5;0;0
2025-01;LOAD-04-0787;2;1;1,4;1187,58;36,9;0;0
2025-02;LOAD-04-0787;2;1;1,4;1187,58;36,9;0;0
2025-03;LOAD-04-0787;1;1;1,4;593,79;18,5;0;0
2025-04;LOAD-04-0787;2;1;1,4;1187,58;36,9;0;0
2025-05;LOAD-04-0787;0;1;1,4;0,0;0,0;1;0
2025-06;LOAD-04-0787;2;1;1,4;1187,58;36,9;0;0
2025-07;LOAD-04-0787;1;1;1,4;593,79;18,5;0;0
2025-08;LOAD-04-0787;1;1;1,4;593,79;18,5;0;0
2025-09;LOAD-04-0787;1;1;1,4;593,79;18,5;0;0
2025-10;LOAD-04-0787;1;1;1,4;593,79;18,5;0;0
2025-11;LOAD-04-0787;1;1;1,4;593,79;18,5;0;0
2025-12;LOAD-04-0787;1;1;1,4;593,79;18,5;0;0
2024-01;MRT-02-0424;15;4,6;8,5;4163,82;116,1;0;0
2024-02;MRT-02-0424;10;4,6;8,5;2775,88;77,4;0;0
2024-03;MRT-02-0424;10;4,6;8,5;2775,88;77,4;0;0
2024-04;MRT-02-0424;13;4,6;8,5;3608,64;100,6;0;0
2024-05;MRT-02-0424;3;4,6;8,5;832,76;23,2;0;0
2024-06;MRT-02-0424;3;4,6;8,5;832,76;23,2;0;0
2024-07;MRT-02-0424;5;4,6;8,5;1387,94;38,7;0;0
2024-08;MRT-02-0424;5;4,6;8,5;1387,94;38,7;0;0
2024-09;MRT-02-0424;8;4,6;8,5;2220,7;61,9;0;0
2024-10;MRT-02-0424;3;4,6;8,5;832,76;23,2;0;0
2024-11;MRT-02-0424;9;4,6;8,5;2498,29;69,7;0;0
2024-12;MRT-02-0424;5;4,6;8,5;1387,94;38,7;0;0
2025-01;MRT-02-0424;7;4,6;8,5;1943,11;54,2;0;0
2025-02;MRT-02-0424;11;4,6;8,5;3053,46;85,2;0;0
2025-03;MRT-02-0424;6;4,6;8,5;1665,53;46,5;0;0
2025-04;MRT-02-0424;10;4,6;8,5;2775,88;77,4;0;0
2025-05;MRT-02-0424;11;4,6;8,5;3053,46;85,2;0;0
2025-06;MRT-02-0424;8;4,6;8,5;2220,7;61,9;0;0
2025-07;MRT-02-0424;8;4,6;8,5;2220,7;61,9;0;0
2025-08;MRT-02-0424;8;4,6;8,5;2220,7;61,9;0;0
2025-09;MRT-02-0424;8;4,6;8,5;2220,7;61,9;0;0
2025-10;MRT-02-0424;14;4,6;8,5;3886,23;108,4;0;0
2025-11;MRT-02-0424;18;4,6;8,5;4996,58;139,4;0;0
2025-12;MRT-02-0424;7;4,6;8,5;1943,11;54,2;0;0
2024-01;MRT-04-0447;3;2,6;4,8;1952,2;28,8;0;0
2024-02;MRT-04-0447;8;2,6;4,8;5205,86;76,8;0;0
2024-03;MRT-04-0447;2;2,6;4,8;1301,46;19,2;0;0
2024-04;MRT-04-0447;4;2,6;4,8;2602,93;38,4;0;0
2024-05;MRT-04-0447;1;2,6;4,8;650,73;9,6;0;0
2024-06;MRT-04-0447;4;2,6;4,8;2602,93;38,4;0;0
2024-07;MRT-04-0447;7;2,6;4,8;4555,13;67,2;0;0
2024-08;MRT-04-0447;6;2,6;4,8;3904,39;57,6;0;0
2024-09;MRT-04-0447;4;2,6;4,8;2602,93;38,4;0;0
2024-10;MRT-04-0447;1;2,6;4,8;650,73;9,6;0;0
2024-11;MRT-04-0447;3;2,6;4,8;1952,2;28,8;0;0
2024-12;MRT-04-0447;6;2,6;4,8;3904,39;57,6;0;0
2025-01;MRT-04-0447;0;2,6;4,8;0,0;0,0;1;0
2025-02;MRT-04-0447;7;2,6;4,8;4555,13;67,2;0;0
2025-03;MRT-04-0447;1;2,6;4,8;650,73;9,6;0;0
2025-04;MRT-04-0447;3;2,6;4,8;1952,2;28,8;0;0
2025-05;MRT-04-0447;0;2,6;4,8;0,0;0,0;1;0
2025-06;MRT-04-0447;4;2,6;4,8;2602,93;38,4;0;0
2025-07;MRT-04-0447;3;2,6;4,8;1952,2;28,8;0;0
2025-08;MRT-04-0447;1;2,6;4,8;650,73;9,6;0;0
2025-09;MRT-04-0447;3;2,6;4,8;1952,2;28,8;0;0
2025-10;MRT-04-0447;6;2,6;4,8;3904,39;57,6;0;0
2025-11;MRT-04-0447;2;2,6;4,8;1301,46;19,2;0;0
2025-12;MRT-04-0447;4;2,6;4,8;2602,93;38,4;0;0
2024-01;MI-MC-02-0503;5;2,3;4,2;878,91;25,9;0;0
2024-02;MI-MC-02-0503;1;2,3;4,2;175,78;5,2;0;0
2024-03;MI-MC-02-0503;4;2,3;4,2;703,13;20,7;0;0
2024-04;MI-MC-02-0503;2;2,3;4,2;351,57;10,4;0;0
2024-05;MI-MC-02-0503;4;2,3;4,2;703,13;20,7;0;0
2024-06;MI-MC-02-0503;3;2,3;4,2;527,35;15,5;0;0
2024-07;MI-MC-02-0503;3;2,3;4,2;527,35;15,5;0;0
2024-08;MI-MC-02-0503;2;2,3;4,2;351,57;10,4;0;0
2024-09;MI-MC-02-0503;6;2,3;4,2;1054,7;31,1;0;0
2024-10;MI-MC-02-0503;8;2,3;4,2;1406,26;41,4;0;0
2024-11;MI-MC-02-0503;5;2,3;4,2;878,91;25,9;0;0
2024-12;MI-MC-02-0503;8;2,3;4,2;1406,26;41,4;0;0
2025-01;MI-MC-02-0503;2;2,3;4,2;351,57;10,4;0;0
2025-02;MI-MC-02-0503;2;2,3;4,2;351,57;10,4;0;0
2025-03;MI-MC-02-0503;5;2,3;4,2;878,91;25,9;0;0
2025-04;MI-MC-02-0503;7;2,3;4,2;1230,48;36,3;0;0
2025-05;MI-MC-02-0503;8;2,3;4,2;1406,26;41,4;0;0
2025-06;MI-MC-02-0503;4;2,3;4,2;703,13;20,7;0;0
2025-07;MI-MC-02-0503;3;2,3;4,2;527,35;15,5;0;0
2025-08;MI-MC-02-0503;6;2,3;4,2;1054,7;31,1;0;0
2025-09;MI-MC-02-0503;4;2,3;4,2;703,13;20,7;0;0
2025-10;MI-MC-02-0503;7;2,3;4,2;1230,48;36,3;0;0
2025-11;MI-MC-02-0503;4;2,3;4,2;703,13;20,7;0;0
2025-12;MI-MC-02-0503;3;2,3;4,2;527,35;15,5;0;0
2024-01;MLT-06-0281;6;10,6;17,2;640,38;12,7;0;0
2024-02;MLT-06-0281;16;10,6;17,2;1707,68;33,8;0;0
2024-03;MLT-06-0281;6;10,6;17,2;640,38;12,7;0;0
2024-04;MLT-06-0281;32;10,6;17,2;3415,35;67,6;0;0
2024-05;MLT-06-0281;26;10,6;17,2;2774,97;54,9;0;0
2024-06;MLT-06-0281;10;10,6;17,2;1067,3;21,1;0;0
2024-07;MLT-06-0281;16;10,6;17,2;1707,68;33,8;0;0
2024-08;MLT-06-0281;26;10,6;17,2;2774,97;54,9;0;0
2024-09;MLT-06-0281;7;10,6;17,2;747,11;14,8;0;0
2024-10;MLT-06-0281;12;10,6;17,2;1280,76;25,3;0;0
2024-11;MLT-06-0281;16;10,6;17,2;1707,68;33,8;0;0
2024-12;MLT-06-0281;25;10,6;17,2;2668,24;52,8;0;0
2025-01;MLT-06-0281;22;10,6;17,2;2348,05;46,5;0;0
2025-02;MLT-06-0281;29;10,6;17,2;3095,16;61,2;0;0
2025-03;MLT-06-0281;18;10,6;17,2;1921,13;38,0;0;0
2025-04;MLT-06-0281;9;10,6;17,2;960,57;19,0;0;0
2025-05;MLT-06-0281;21;10,6;17,2;2241,32;44,3;0;0
2025-06;MLT-06-0281;14;10,6;17,2;1494,22;29,6;0;0
2025-07;MLT-06-0281;22;10,6;17,2;2348,05;46,5;0;0
2025-08;MLT-06-0281;8;10,6;17,2;853,84;16,9;0;0
2025-09;MLT-06-0281;19;10,6;17,2;2027,86;40,1;0;0
2025-10;MLT-06-0281;22;10,6;17,2;2348,05;46,5;0;0
2025-11;MLT-06-0281;18;10,6;17,2;1921,13;38,0;0;0
2025-12;MLT-06-0281;29;10,6;17,2;3095,16;61,2;0;0
2024-01;MI-MC-09-0533;4;1,3;2,3;759,38;19,1;0;0
2024-02;MI-MC-09-0533;1;1,3;2,3;189,85;4,8;0;0
2024-03;MI-MC-09-0533;1;1,3;2,3;189,85;4,8;0;0
2024-04;MI-MC-09-0533;2;1,3;2,3;379,69;9,5;0;0
2024-05;MI-MC-09-0533;2;1,3;2,3;379,69;9,5;0;0
2024-06;MI-MC-09-0533;2;1,3;2,3;379,69;9,5;0;0
2024-07;MI-MC-09-0533;3;1,3;2,3;569,54;14,3;0;0
2024-08;MI-MC-09-0533;2;1,3;2,3;379,69;9,5;0;0
2024-09;MI-MC-09-0533;1;1,3;2,3;189,85;4,8;0;0
2024-10;MI-MC-09-0533;2;1,3;2,3;379,69;9,5;0;0
2024-11;MI-MC-09-0533;1;1,3;2,3;189,85;4,8;0;0
2024-12;MI-MC-09-0533;3;1,3;2,3;569,54;14,3;0;0
2025-01;MI-MC-09-0533;1;1,3;2,3;189,85;4,8;0;0
2025-02;MI-MC-09-0533;3;1,3;2,3;569,54;14,3;0;0
2025-03;MI-MC-09-0533;2;1,3;2,3;379,69;9,5;0;0
2025-04;MI-MC-09-0533;2;1,3;2,3;379,69;9,5;0;0
2025-05;MI-MC-09-0533;2;1,3;2,3;379,69;9,5;0;0
2025-06;MI-MC-09-0533;2;1,3;2,3;379,69;9,5;0;0
2025-07;MI-MC-09-0533;2;1,3;2,3;379,69;9,5;0;0
2025-08;MI-MC-09-0533;1;1,3;2,3;189,85;4,8;0;0
2025-09;MI-MC-09-0533;3;1,3;2,3;569,54;14,3;0;0
2025-10;MI-MC-09-0533;2;1,3;2,3;379,69;9,5;0;0
2025-11;MI-MC-09-0533;1;1,3;2,3;189,85;4,8;0;0
2025-12;MI-MC-09-0533;2;1,3;2,3;379,69;9,5;0;0
2024-01;MI-MC-02-0529;6;3,4;5,5;1421,97;28,6;0;0
2024-02;MI-MC-02-0529;4;3,4;5,5;947,98;19,1;0;0
2024-03;MI-MC-02-0529;0;3,4;5,5;0,0;0,0;1;0
2024-04;MI-MC-02-0529;0;3,4;5,5;0,0;0,0;1;0
2024-05;MI-MC-02-0529;8;3,4;5,5;1895,96;38,1;0;0
2024-06;MI-MC-02-0529;8;3,4;5,5;1895,96;38,1;0;0
2024-07;MI-MC-02-0529;7;3,4;5,5;1658,97;33,4;0;0
2024-08;MI-MC-02-0529;5;3,4;5,5;1184,98;23,8;0;0
2024-09;MI-MC-02-0529;4;3,4;5,5;947,98;19,1;0;0
2024-10;MI-MC-02-0529;2;3,4;5,5;473,99;9,5;0;0
2024-11;MI-MC-02-0529;3;3,4;5,5;710,99;14,3;0;0
2024-12;MI-MC-02-0529;7;3,4;5,5;1658,97;33,4;0;0
2025-01;MI-MC-02-0529;7;3,4;5,5;1658,97;33,4;0;0
2025-02;MI-MC-02-0529;1;3,4;5,5;237,0;4,8;0;0
2025-03;MI-MC-02-0529;3;3,4;5,5;710,99;14,3;0;0
2025-04;MI-MC-02-0529;3;3,4;5,5;710,99;14,3;0;0
2025-05;MI-MC-02-0529;7;3,4;5,5;1658,97;33,4;0;0
2025-06;MI-MC-02-0529;4;3,4;5,5;947,98;19,1;0;0
2025-07;MI-MC-02-0529;6;3,4;5,5;1421,97;28,6;0;0
2025-08;MI-MC-02-0529;4;3,4;5,5;947,98;19,1;0;0
2025-09;MI-MC-02-0529;4;3,4;5,5;947,98;19,1;0;0
2025-10;MI-MC-02-0529;7;3,4;5,5;1658,97;33,4;0;0
2025-11;MI-MC-02-0529;6;3,4;5,5;1421,97;28,6;0;0
2025-12;MI-MC-02-0529;8;3,4;5,5;1895,96;38,1;0;0
2024-01;MT-03-0035;52;31,9;51,8;8711,29;117,4;0;0
2024-02;MT-03-0035;78;31,9;51,8;13066,94;176,1;0;0
2024-03;MT-03-0035;79;31,9;51,8;13234,47;178,3;0;0
2024-04;MT-03-0035;68;31,9;51,8;11391,69;153,5;0;0
2024-05;MT-03-0035;97;31,9;51,8;16249,92;218,9;0;0
2024-06;MT-03-0035;26;31,9;51,8;4355,65;58,7;0;0
2024-07;MT-03-0035;71;31,9;51,8;11894,27;160,3;0;0
2024-08;MT-03-0035;43;31,9;51,8;7203,57;97,1;0;0
2024-09;MT-03-0035;69;31,9;51,8;11559,22;155,7;0;0
2024-10;MT-03-0035;30;31,9;51,8;5025,75;67,7;0;0
2024-11;MT-03-0035;67;31,9;51,8;11224,17;151,2;0;0
2024-12;MT-03-0035;36;31,9;51,8;6030,9;81,3;0;0
2025-01;MT-03-0035;43;31,9;51,8;7203,57;97,1;0;0
2025-02;MT-03-0035;63;31,9;51,8;10554,07;142,2;0;0
2025-03;MT-03-0035;31;31,9;51,8;5193,27;70,0;0;0
2025-04;MT-03-0035;57;31,9;51,8;9548,92;128,7;0;0
2025-05;MT-03-0035;30;31,9;51,8;5025,75;67,7;0;0
2025-06;MT-03-0035;16;31,9;51,8;2680,4;36,1;0;0
2025-07;MT-03-0035;67;31,9;51,8;11224,17;151,2;0;0
2025-08;MT-03-0035;76;31,9;51,8;12731,89;171,5;0;0
2025-09;MT-03-0035;14;31,9;51,8;2345,35;31,6;0;0
2025-10;MT-03-0035;0;31,9;51,8;0,0;0,0;1;0
2025-11;MT-03-0035;71;31,9;51,8;11894,27;160,3;0;0
2025-12;MT-03-0035;30;31,9;51,8;5025,75;67,7;0;0
2024-01;MLT-07-0268;4;2,5;4,5;822,8;9,8;0;0
2024-02;MLT-07-0268;4;2,5;4,5;822,8;9,8;0;0
2024-03;MLT-07-0268;8;2,5;4,5;1645,6;19,5;0;0
2024-04;MLT-07-0268;7;2,5;4,5;1439,9;17,1;0;0
2024-05;MLT-07-0268;4;2,5;4,5;822,8;9,8;0;0
2024-06;MLT-07-0268;2;2,5;4,5;411,4;4,9;0;0
2024-07;MLT-07-0268;2;2,5;4,5;411,4;4,9;0;0
2024-08;MLT-07-0268;2;2,5;4,5;411,4;4,9;0;0
2024-09;MLT-07-0268;3;2,5;4,5;617,1;7,3;0;0
2024-10;MLT-07-0268;7;2,5;4,5;1439,9;17,1;0;0
2024-11;MLT-07-0268;0;2,5;4,5;0,0;0,0;1;0
2024-12;MLT-07-0268;2;2,5;4,5;411,4;4,9;0;0
2025-01;MLT-07-0268;5;2,5;4,5;1028,5;12,2;0;0
2025-02;MLT-07-0268;6;2,5;4,5;1234,2;14,6;0;0
2025-03;MLT-07-0268;8;2,5;4,5;1645,6;19,5;0;0
2025-04;MLT-07-0268;2;2,5;4,5;411,4;4,9;0;0
2025-05;MLT-07-0268;3;2,5;4,5;617,1;7,3;0;0
2025-06;MLT-07-0268;3;2,5;4,5;617,1;7,3;0;0
2025-07;MLT-07-0268;1;2,5;4,5;205,7;2,4;0;0
2025-08;MLT-07-0268;0;2,5;4,5;0,0;0,0;1;0
2025-09;MLT-07-0268;3;2,5;4,5;617,1;7,3;0;0
2025-10;MLT-07-0268;4;2,5;4,5;822,8;9,8;0;0
2025-11;MLT-07-0268;5;2,5;4,5;1028,5;12,2;0;0
2025-12;MLT-07-0268;4;2,5;4,5;822,8;9,8;0;0
2024-01;MT-04-0156;1;1,3;2,2;329,85;6,0;0;0
2024-02;MT-04-0156;3;1,3;2,2;989,56;17,9;0;0
2024-03;MT-04-0156;0;1,3;2,2;0,0;0,0;1;0
2024-04;MT-04-0156;3;1,3;2,2;989,56;17,9;0;0
2024-05;MT-04-0156;2;1,3;2,2;659,71;11,9;0;0
2024-06;MT-04-0156;2;1,3;2,2;659,71;11,9;0;0
2024-07;MT-04-0156;1;1,3;2,2;329,85;6,0;0;0
2024-08;MT-04-0156;3;1,3;2,2;989,56;17,9;0;0
2024-09;MT-04-0156;1;1,3;2,2;329,85;6,0;0;0
2024-10;MT-04-0156;2;1,3;2,2;659,71;11,9;0;0
2024-11;MT-04-0156;3;1,3;2,2;989,56;17,9;0;0
2024-12;MT-04-0156;2;1,3;2,2;659,71;11,9;0;0
2025-01;MT-04-0156;1;1,3;2,2;329,85;6,0;0;0
2025-02;MT-04-0156;1;1,3;2,2;329,85;6,0;0;0
2025-03;MT-04-0156;2;1,3;2,2;659,71;11,9;0;0
2025-04;MT-04-0156;0;1,3;2,2;0,0;0,0;1;0
2025-05;MT-04-0156;3;1,3;2,2;989,56;17,9;0;0
2025-06;MT-04-0156;5;1,3;2,2;1649,27;29,8;0;0
2025-07;MT-04-0156;3;1,3;2,2;989,56;17,9;0;0
2025-08;MT-04-0156;0;1,3;2,2;0,0;0,0;1;0
2025-09;MT-04-0156;1;1,3;2,2;329,85;6,0;0;0
2025-10;MT-04-0156;0;1,3;2,2;0,0;0,0;1;0
2025-11;MT-04-0156;3;1,3;2,2;989,56;17,9;0;0
2025-12;MT-04-0156;3;1,3;2,2;989,56;17,9;0;0
2024-01;AWP-10-0673;0;1;1,4;0,0;0,0;1;0
2024-02;AWP-10-0673;0;1;1,4;0,0;0,0;1;0
2024-03;AWP-10-0673;1;1;1,4;210,8;7,7;0;0
2024-04;AWP-10-0673;2;1;1,4;421,6;15,3;0;0
2024-05;AWP-10-0673;1;1;1,4;210,8;7,7;0;0
2024-06;AWP-10-0673;0;1;1,4;0,0;0,0;1;0
2024-07;AWP-10-0673;1;1;1,4;210,8;7,7;0;0
2024-08;AWP-10-0673;1;1;1,4;210,8;7,7;0;0
2024-09;AWP-10-0673;2;1;1,4;421,6;15,3;0;0
2024-10;AWP-10-0673;1;1;1,4;210,8;7,7;0;0
2024-11;AWP-10-0673;0;1;1,4;0,0;0,0;1;0
2024-12;AWP-10-0673;2;1;1,4;421,6;15,3;0;0
2025-01;AWP-10-0673;0;1;1,4;0,0;0,0;1;0
2025-02;AWP-10-0673;2;1;1,4;421,6;15,3;0;0
2025-03;AWP-10-0673;0;1;1,4;0,0;0,0;1;0
2025-04;AWP-10-0673;0;1;1,4;0,0;0,0;1;0
2025-05;AWP-10-0673;1;1;1,4;210,8;7,7;0;0
2025-06;AWP-10-0673;1;1;1,4;210,8;7,7;0;0
2025-07;AWP-10-0673;1;1;1,4;210,8;7,7;0;0
2025-08;AWP-10-0673;1;1;1,4;210,8;7,7;0;0
2025-09;AWP-10-0673;1;1;1,4;210,8;7,7;0;0
2025-10;AWP-10-0673;1;1;1,4;210,8;7,7;0;0
2025-11;AWP-10-0673;0;1;1,4;0,0;0,0;1;0
2025-12;AWP-10-0673;0;1;1,4;0,0;0,0;1;0
2024-01;LOAD-M-05-0814;27;10,5;19,2;2137,92;92,6;0;0
2024-02;LOAD-M-05-0814;20;10,5;19,2;1583,64;68,6;0;0
2024-03;LOAD-M-05-0814;15;10,5;19,2;1187,73;51,4;0;0
2024-04;LOAD-M-05-0814;12;10,5;19,2;950,18;41,1;0;0
2024-05;LOAD-M-05-0814;25;10,5;19,2;1979,55;85,7;0;0
2024-06;LOAD-M-05-0814;6;10,5;19,2;475,09;20,6;0;0
2024-07;LOAD-M-05-0814;16;10,5;19,2;1266,91;54,9;0;0
2024-08;LOAD-M-05-0814;8;10,5;19,2;633,46;27,4;0;0
2024-09;LOAD-M-05-0814;10;10,5;19,2;791,82;34,3;0;0
2024-10;LOAD-M-05-0814;20;10,5;19,2;1583,64;68,6;0;0
2024-11;LOAD-M-05-0814;26;10,5;19,2;2058,73;89,1;0;0
2024-12;LOAD-M-05-0814;40;10,5;19,2;3167,28;137,1;0;0
2025-01;LOAD-M-05-0814;16;10,5;19,2;1266,91;54,9;0;0
2025-02;LOAD-M-05-0814;46;10,5;19,2;3642,37;157,7;0;0
2025-03;LOAD-M-05-0814;0;10,5;19,2;0,0;0,0;1;0
2025-04;LOAD-M-05-0814;0;10,5;19,2;0,0;0,0;1;0
2025-05;LOAD-M-05-0814;0;10,5;19,2;0,0;0,0;1;0
2025-06;LOAD-M-05-0814;30;10,5;19,2;2375,46;102,9;0;0
2025-07;LOAD-M-05-0814;10;10,5;19,2;791,82;34,3;0;0
2025-08;LOAD-M-05-0814;27;10,5;19,2;2137,92;92,6;0;0
2025-09;LOAD-M-05-0814;18;10,5;19,2;1425,28;61,7;0;0
2025-10;LOAD-M-05-0814;21;10,5;19,2;1662,82;72,0;0;0
2025-11;LOAD-M-05-0814;21;10,5;19,2;1662,82;72,0;0;0
2025-12;LOAD-M-05-0814;15;10,5;19,2;1187,73;51,4;0;0
2024-01;MI-MC-09-0463;0;1;1,7;0,0;0,0;1;0
2024-02;MI-MC-09-0463;2;1;1,7;421,55;8,2;0;0
2024-03;MI-MC-09-0463;2;1;1,7;421,55;8,2;0;0
2024-04;MI-MC-09-0463;1;1;1,7;210,78;4,1;0;0
2024-05;MI-MC-09-0463;1;1;1,7;210,78;4,1;0;0
2024-06;MI-MC-09-0463;3;1;1,7;632,33;12,3;0;0
2024-07;MI-MC-09-0463;2;1;1,7;421,55;8,2;0;0
2024-08;MI-MC-09-0463;2;1;1,7;421,55;8,2;0;0
2024-09;MI-MC-09-0463;2;1;1,7;421,55;8,2;0;0
2024-10;MI-MC-09-0463;2;1;1,7;421,55;8,2;0;0
2024-11;MI-MC-09-0463;1;1;1,7;210,78;4,1;0;0
2024-12;MI-MC-09-0463;2;1;1,7;421,55;8,2;0;0
2025-01;MI-MC-09-0463;1;1;1,7;210,78;4,1;0;0
2025-02;MI-MC-09-0463;1;1;1,7;210,78;4,1;0;0
2025-03;MI-MC-09-0463;1;1;1,7;210,78;4,1;0;0
2025-04;MI-MC-09-0463;0;1;1,7;0,0;0,0;1;0
2025-05;MI-MC-09-0463;1;1;1,7;210,78;4,1;0;0
2025-06;MI-MC-09-0463;1;1;1,7;210,78;4,1;0;0
2025-07;MI-MC-09-0463;0;1;1,7;0,0;0,0;1;0
2025-08;MI-MC-09-0463;2;1;1,7;421,55;8,2;0;0
2025-09;MI-MC-09-0463;0;1;1,7;0,0;0,0;1;0
2025-10;MI-MC-09-0463;2;1;1,7;421,55;8,2;0;0
2025-11;MI-MC-09-0463;3;1;1,7;632,33;12,3;0;0
2025-12;MI-MC-09-0463;2;1;1,7;421,55;8,2;0;0
2024-01;MRT-02-0429;38;15,9;25,8;8152,77;172,1;0;0
2024-02;MRT-02-0429;0;15,9;25,8;0,0;0,0;1;0
2024-03;MRT-02-0429;32;15,9;25,8;6865,49;144,9;0;0
2024-04;MRT-02-0429;18;15,9;25,8;3861,84;81,5;0;0
2024-05;MRT-02-0429;25;15,9;25,8;5363,66;113,2;0;0
2024-06;MRT-02-0429;31;15,9;25,8;6650,94;140,4;0;0
2024-07;MRT-02-0429;44;15,9;25,8;9440,05;199,2;0;0
2024-08;MRT-02-0429;35;15,9;25,8;7509,13;158,5;0;0
2024-09;MRT-02-0429;25;15,9;25,8;5363,66;113,2;0;0
2024-10;MRT-02-0429;22;15,9;25,8;4720,02;99,6;0;0
2024-11;MRT-02-0429;32;15,9;25,8;6865,49;144,9;0;0
2024-12;MRT-02-0429;39;15,9;25,8;8367,31;176,6;0;0
2025-01;MRT-02-0429;6;15,9;25,8;1287,28;27,2;0;0
2025-02;MRT-02-0429;26;15,9;25,8;5578,21;117,7;0;0
2025-03;MRT-02-0429;24;15,9;25,8;5149,12;108,7;0;0
2025-04;MRT-02-0429;53;15,9;25,8;11370,96;240,0;0;0
2025-05;MRT-02-0429;27;15,9;25,8;5792,76;122,3;0;0
2025-06;MRT-02-0429;37;15,9;25,8;7938,22;167,5;0;0
2025-07;MRT-02-0429;40;15,9;25,8;8581,86;181,1;0;0
2025-08;MRT-02-0429;21;15,9;25,8;4505,48;95,1;0;0
2025-09;MRT-02-0429;44;15,9;25,8;9440,05;199,2;0;0
2025-10;MRT-02-0429;27;15,9;25,8;5792,76;122,3;0;0
2025-11;MRT-02-0429;35;15,9;25,8;7509,13;158,5;0;0
2025-12;MRT-02-0429;35;15,9;25,8;7509,13;158,5;0;0
2024-01;MT-03-0085;3;2,5;4,6;301,0;4,3;0;0
2024-02;MT-03-0085;5;2,5;4,6;501,66;7,2;0;0
2024-03;MT-03-0085;5;2,5;4,6;501,66;7,2;0;0
2024-04;MT-03-0085;6;2,5;4,6;601,99;8,6;0;0
2024-05;MT-03-0085;5;2,5;4,6;501,66;7,2;0;0
2024-06;MT-03-0085;2;2,5;4,6;200,66;2,9;0;0
2024-07;MT-03-0085;5;2,5;4,6;501,66;7,2;0;0
2024-08;MT-03-0085;3;2,5;4,6;301,0;4,3;0;0
2024-09;MT-03-0085;4;2,5;4,6;401,33;5,7;0;0
2024-10;MT-03-0085;2;2,5;4,6;200,66;2,9;0;0
2024-11;MT-03-0085;7;2,5;4,6;702,32;10,1;0;0
2024-12;MT-03-0085;7;2,5;4,6;702,32;10,1;0;0
2025-01;MT-03-0085;5;2,5;4,6;501,66;7,2;0;0
2025-02;MT-03-0085;1;2,5;4,6;100,33;1,4;0;0
2025-03;MT-03-0085;4;2,5;4,6;401,33;5,7;0;0
2025-04;MT-03-0085;5;2,5;4,6;501,66;7,2;0;0
2025-05;MT-03-0085;5;2,5;4,6;501,66;7,2;0;0
2025-06;MT-03-0085;2;2,5;4,6;200,66;2,9;0;0
2025-07;MT-03-0085;3;2,5;4,6;301,0;4,3;0;0
2025-08;MT-03-0085;6;2,5;4,6;601,99;8,6;0;0
2025-09;MT-03-0085;5;2,5;4,6;501,66;7,2;0;0
2025-10;MT-03-0085;6;2,5;4,6;601,99;8,6;0;0
2025-11;MT-03-0085;2;2,5;4,6;200,66;2,9;0;0
2025-12;MT-03-0085;1;2,5;4,6;100,33;1,4;0;0
2024-01;MT-04-0171;6;1,9;3,4;3079,44;54,0;0;0
2024-02;MT-04-0171;4;1,9;3,4;2052,96;36,0;0;0
2024-03;MT-04-0171;2;1,9;3,4;1026,48;18,0;0;0
2024-04;MT-04-0171;1;1,9;3,4;513,24;9,0;0;0
2024-05;MT-04-0171;1;1,9;3,4;513,24;9,0;0;0
2024-06;MT-04-0171;2;1,9;3,4;1026,48;18,0;0;0
2024-07;MT-04-0171;2;1,9;3,4;1026,48;18,0;0;0
2024-08;MT-04-0171;2;1,9;3,4;1026,48;18,0;0;0
2024-09;MT-04-0171;6;1,9;3,4;3079,44;54,0;0;0
2024-10;MT-04-0171;4;1,9;3,4;2052,96;36,0;0;0
2024-11;MT-04-0171;4;1,9;3,4;2052,96;36,0;0;0
2024-12;MT-04-0171;1;1,9;3,4;513,24;9,0;0;0
2025-01;MT-04-0171;5;1,9;3,4;2566,2;45,0;0;0
2025-02;MT-04-0171;3;1,9;3,4;1539,72;27,0;0;0
2025-03;MT-04-0171;0;1,9;3,4;0,0;0,0;1;0
2025-04;MT-04-0171;4;1,9;3,4;2052,96;36,0;0;0
2025-05;MT-04-0171;2;1,9;3,4;1026,48;18,0;0;0
2025-06;MT-04-0171;2;1,9;3,4;1026,48;18,0;0;0
2025-07;MT-04-0171;3;1,9;3,4;1539,72;27,0;0;0
2025-08;MT-04-0171;4;1,9;3,4;2052,96;36,0;0;0
2025-09;MT-04-0171;2;1,9;3,4;1026,48;18,0;0;0
2025-10;MT-04-0171;2;1,9;3,4;1026,48;18,0;0;0
2025-11;MT-04-0171;4;1,9;3,4;2052,96;36,0;0;0
2025-12;MT-04-0171;6;1,9;3,4;3079,44;54,0;0;0
2024-01;LOAD-M-09-0876;0;1,1;2,1;0,0;0,0;1;0
2024-02;LOAD-M-09-0876;2;1,1;2,1;185,77;10,4;0;0
2024-03;LOAD-M-09-0876;0;1,1;2,1;0,0;0,0;1;0
2024-04;LOAD-M-09-0876;1;1,1;2,1;92,89;5,2;0;0
2024-05;LOAD-M-09-0876;1;1,1;2,1;92,89;5,2;0;0
2024-06;LOAD-M-09-0876;1;1,1;2,1;92,89;5,2;0;0
2024-07;LOAD-M-09-0876;1;1,1;2,1;92,89;5,2;0;0
2024-08;LOAD-M-09-0876;1;1,1;2,1;92,89;5,2;0;0
2024-09;LOAD-M-09-0876;3;1,1;2,1;278,66;15,7;0;0
2024-10;LOAD-M-09-0876;3;1,1;2,1;278,66;15,7;0;0
2024-11;LOAD-M-09-0876;2;1,1;2,1;185,77;10,4;0;0
2024-12;LOAD-M-09-0876;2;1,1;2,1;185,77;10,4;0;0
2025-01;LOAD-M-09-0876;1;1,1;2,1;92,89;5,2;0;0
2025-02;LOAD-M-09-0876;3;1,1;2,1;278,66;15,7;0;0
2025-03;LOAD-M-09-0876;2;1,1;2,1;185,77;10,4;0;0
2025-04;LOAD-M-09-0876;3;1,1;2,1;278,66;15,7;0;0
2025-05;LOAD-M-09-0876;1;1,1;2,1;92,89;5,2;0;0
2025-06;LOAD-M-09-0876;2;1,1;2,1;185,77;10,4;0;0
2025-07;LOAD-M-09-0876;2;1,1;2,1;185,77;10,4;0;0
2025-08;LOAD-M-09-0876;0;1,1;2,1;0,0;0,0;1;0
2025-09;LOAD-M-09-0876;4;1,1;2,1;371,54;20,9;0;0
2025-10;LOAD-M-09-0876;2;1,1;2,1;185,77;10,4;0;0
2025-11;LOAD-M-09-0876;3;1,1;2,1;278,66;15,7;0;0
2025-12;LOAD-M-09-0876;3;1,1;2,1;278,66;15,7;0;0
2024-01;MLT-07-0209;3;1,3;2,4;824,21;13,8;0;0
2024-02;MLT-07-0209;0;1,3;2,4;0,0;0,0;1;0
2024-03;MLT-07-0209;2;1,3;2,4;549,47;9,2;0;0
2024-04;MLT-07-0209;3;1,3;2,4;824,21;13,8;0;0
2024-05;MLT-07-0209;2;1,3;2,4;549,47;9,2;0;0
2024-06;MLT-07-0209;3;1,3;2,4;824,21;13,8;0;0
2024-07;MLT-07-0209;2;1,3;2,4;549,47;9,2;0;0
2024-08;MLT-07-0209;2;1,3;2,4;549,47;9,2;0;0
2024-09;MLT-07-0209;3;1,3;2,4;824,21;13,8;0;0
2024-10;MLT-07-0209;1;1,3;2,4;274,74;4,6;0;0
2024-11;MLT-07-0209;2;1,3;2,4;549,47;9,2;0;0
2024-12;MLT-07-0209;1;1,3;2,4;274,74;4,6;0;0
2025-01;MLT-07-0209;3;1,3;2,4;824,21;13,8;0;0
2025-02;MLT-07-0209;2;1,3;2,4;549,47;9,2;0;0
2025-03;MLT-07-0209;5;1,3;2,4;1373,69;22,9;0;0
2025-04;MLT-07-0209;4;1,3;2,4;1098,95;18,3;0;0
2025-05;MLT-07-0209;3;1,3;2,4;824,21;13,8;0;0
2025-06;MLT-07-0209;2;1,3;2,4;549,47;9,2;0;0
2025-07;MLT-07-0209;2;1,3;2,4;549,47;9,2;0;0
2025-08;MLT-07-0209;3;1,3;2,4;824,21;13,8;0;0
2025-09;MLT-07-0209;2;1,3;2,4;549,47;9,2;0;0
2025-10;MLT-07-0209;1;1,3;2,4;274,74;4,6;0;0
2025-11;MLT-07-0209;1;1,3;2,4;274,74;4,6;0;0
2025-12;MLT-07-0209;3;1,3;2,4;824,21;13,8;0;0
2024-01;AWP-03-0700;0;1,1;1,8;0,0;0,0;1;0
2024-02;AWP-03-0700;2;1,1;1,8;532,25;20,3;0;0
2024-03;AWP-03-0700;1;1,1;1,8;266,13;10,1;0;0
2024-04;AWP-03-0700;2;1,1;1,8;532,25;20,3;0;0
2024-05;AWP-03-0700;1;1,1;1,8;266,13;10,1;0;0
2024-06;AWP-03-0700;1;1,1;1,8;266,13;10,1;0;0
2024-07;AWP-03-0700;1;1,1;1,8;266,13;10,1;0;0
2024-08;AWP-03-0700;1;1,1;1,8;266,13;10,1;0;0
2024-09;AWP-03-0700;2;1,1;1,8;532,25;20,3;0;0
2024-10;AWP-03-0700;2;1,1;1,8;532,25;20,3;0;0
2024-11;AWP-03-0700;1;1,1;1,8;266,13;10,1;0;0
2024-12;AWP-03-0700;2;1,1;1,8;532,25;20,3;0;0
2025-01;AWP-03-0700;2;1,1;1,8;532,25;20,3;0;0
2025-02;AWP-03-0700;1;1,1;1,8;266,13;10,1;0;0
2025-03;AWP-03-0700;2;1,1;1,8;532,25;20,3;0;0
2025-04;AWP-03-0700;1;1,1;1,8;266,13;10,1;0;0
2025-05;AWP-03-0700;2;1,1;1,8;532,25;20,3;0;0
2025-06;AWP-03-0700;2;1,1;1,8;532,25;20,3;0;0
2025-07;AWP-03-0700;2;1,1;1,8;532,25;20,3;0;0
2025-08;AWP-03-0700;2;1,1;1,8;532,25;20,3;0;0
2025-09;AWP-03-0700;0;1,1;1,8;0,0;0,0;1;0
2025-10;AWP-03-0700;1;1,1;1,8;266,13;10,1;0;0
2025-11;AWP-03-0700;1;1,1;1,8;266,13;10,1;0;0
2025-12;AWP-03-0700;1;1,1;1,8;266,13;10,1;0;0
2024-01;LOAD-M-10-0838;1;1;1,6;318,53;17,1;0;0
2024-02;LOAD-M-10-0838;0;1;1,6;0,0;0,0;1;0
2024-03;LOAD-M-10-0838;3;1;1,6;955,6;51,4;0;0
2024-04;LOAD-M-10-0838;1;1;1,6;318,53;17,1;0;0
2024-05;LOAD-M-10-0838;2;1;1,6;637,07;34,3;0;0
2024-06;LOAD-M-10-0838;1;1;1,6;318,53;17,1;0;0
2024-07;LOAD-M-10-0838;1;1;1,6;318,53;17,1;0;0
2024-08;LOAD-M-10-0838;1;1;1,6;318,53;17,1;0;0
2024-09;LOAD-M-10-0838;0;1;1,6;0,0;0,0;1;0
2024-10;LOAD-M-10-0838;3;1;1,6;955,6;51,4;0;0
2024-11;LOAD-M-10-0838;0;1;1,6;0,0;0,0;1;0
2024-12;LOAD-M-10-0838;1;1;1,6;318,53;17,1;0;0
2025-01;LOAD-M-10-0838;2;1;1,6;637,07;34,3;0;0
2025-02;LOAD-M-10-0838;0;1;1,6;0,0;0,0;1;0
2025-03;LOAD-M-10-0838;2;1;1,6;637,07;34,3;0;0
2025-04;LOAD-M-10-0838;2;1;1,6;637,07;34,3;0;0
2025-05;LOAD-M-10-0838;1;1;1,6;318,53;17,1;0;0
2025-06;LOAD-M-10-0838;1;1;1,6;318,53;17,1;0;0
2025-07;LOAD-M-10-0838;1;1;1,6;318,53;17,1;0;0
2025-08;LOAD-M-10-0838;1;1;1,6;318,53;17,1;0;0
2025-09;LOAD-M-10-0838;0;1;1,6;0,0;0,0;1;0
2025-10;LOAD-M-10-0838;1;1;1,6;318,53;17,1;0;0
2025-11;LOAD-M-10-0838;0;1;1,6;0,0;0,0;1;0
2025-12;LOAD-M-10-0838;1;1;1,6;318,53;17,1;0;0
2024-01;LOAD-05-0728;12;4,6;8,4;823,99;22,0;0;0
2024-02;LOAD-05-0728;5;4,6;8,4;343,33;9,2;0;0
2024-03;LOAD-05-0728;12;4,6;8,4;823,99;22,0;0;0
2024-04;LOAD-05-0728;0;4,6;8,4;0,0;0,0;1;0
2024-05;LOAD-05-0728;15;4,6;8,4;1029,99;27,6;0;0
2024-06;LOAD-05-0728;8;4,6;8,4;549,33;14,7;0;0
2024-07;LOAD-05-0728;13;4,6;8,4;892,66;23,9;0;0
2024-08;LOAD-05-0728;8;4,6;8,4;549,33;14,7;0;0
2024-09;LOAD-05-0728;6;4,6;8,4;412,0;11,0;0;0
2024-10;LOAD-05-0728;10;4,6;8,4;686,66;18,4;0;0
2024-11;LOAD-05-0728;3;4,6;8,4;206,0;5,5;0;0
2024-12;LOAD-05-0728;4;4,6;8,4;274,66;7,3;0;0
2025-01;LOAD-05-0728;6;4,6;8,4;412,0;11,0;0;0
2025-02;LOAD-05-0728;3;4,6;8,4;206,0;5,5;0;0
2025-03;LOAD-05-0728;9;4,6;8,4;618,0;16,5;0;0
2025-04;LOAD-05-0728;0;4,6;8,4;0,0;0,0;1;0
2025-05;LOAD-05-0728;11;4,6;8,4;755,33;20,2;0;0
2025-06;LOAD-05-0728;0;4,6;8,4;0,0;0,0;1;0
2025-07;LOAD-05-0728;9;4,6;8,4;618,0;16,5;0;0
2025-08;LOAD-05-0728;1;4,6;8,4;68,67;1,8;0;0
2025-09;LOAD-05-0728;10;4,6;8,4;686,66;18,4;0;0
2025-10;LOAD-05-0728;9;4,6;8,4;618,0;16,5;0;0
2025-11;LOAD-05-0728;2;4,6;8,4;137,33;3,7;0;0
2025-12;LOAD-05-0728;13;4,6;8,4;892,66;23,9;0;0
2024-01;MT-03-0143;7;3,2;5,1;2115,62;35,5;0;0
2024-02;MT-03-0143;8;3,2;5,1;2417,85;40,6;0;0
2024-03;MT-03-0143;5;3,2;5,1;1511,16;25,4;0;0
2024-04;MT-03-0143;8;3,2;5,1;2417,85;40,6;0;0
2024-05;MT-03-0143;7;3,2;5,1;2115,62;35,5;0;0
2024-06;MT-03-0143;6;3,2;5,1;1813,39;30,4;0;0
2024-07;MT-03-0143;3;3,2;5,1;906,69;15,2;0;0
2024-08;MT-03-0143;8;3,2;5,1;2417,85;40,6;0;0
2024-09;MT-03-0143;8;3,2;5,1;2417,85;40,6;0;0
2024-10;MT-03-0143;6;3,2;5,1;1813,39;30,4;0;0
2024-11;MT-03-0143;6;3,2;5,1;1813,39;30,4;0;0
2024-12;MT-03-0143;7;3,2;5,1;2115,62;35,5;0;0
2025-01;MT-03-0143;1;3,2;5,1;302,23;5,1;0;0
2025-02;MT-03-0143;6;3,2;5,1;1813,39;30,4;0;0
2025-03;MT-03-0143;6;3,2;5,1;1813,39;30,4;0;0
2025-04;MT-03-0143;9;3,2;5,1;2720,08;45,6;0;0
2025-05;MT-03-0143;3;3,2;5,1;906,69;15,2;0;0
2025-06;MT-03-0143;6;3,2;5,1;1813,39;30,4;0;0
2025-07;MT-03-0143;7;3,2;5,1;2115,62;35,5;0;0
2025-08;MT-03-0143;3;3,2;5,1;906,69;15,2;0;0
2025-09;MT-03-0143;0;3,2;5,1;0,0;0,0;1;0
2025-10;MT-03-0143;4;3,2;5,1;1208,92;20,3;0;0
2025-11;MT-03-0143;0;3,2;5,1;0,0;0,0;1;0
2025-12;MT-03-0143;4;3,2;5,1;1208,92;20,3;0;0
2024-01;MRT-03-0427;1;1;1,2;498,55;21,2;0;0
2024-02;MRT-03-0427;2;1;1,2;997,1;42,4;0;0
2024-03;MRT-03-0427;1;1;1,2;498,55;21,2;0;0
2024-04;MRT-03-0427;0;1;1,2;0,0;0,0;1;0
2024-05;MRT-03-0427;0;1;1,2;0,0;0,0;1;0
2024-06;MRT-03-0427;1;1;1,2;498,55;21,2;0;0
2024-07;MRT-03-0427;1;1;1,2;498,55;21,2;0;0
2024-08;MRT-03-0427;1;1;1,2;498,55;21,2;0;0
2024-09;MRT-03-0427;1;1;1,2;498,55;21,2;0;0
2024-10;MRT-03-0427;0;1;1,2;0,0;0,0;1;0
2024-11;MRT-03-0427;0;1;1,2;0,0;0,0;1;0
2024-12;MRT-03-0427;1;1;1,2;498,55;21,2;0;0
2025-01;MRT-03-0427;1;1;1,2;498,55;21,2;0;0
2025-02;MRT-03-0427;0;1;1,2;0,0;0,0;1;0
2025-03;MRT-03-0427;0;1;1,2;0,0;0,0;1;0
2025-04;MRT-03-0427;0;1;1,2;0,0;0,0;1;0
2025-05;MRT-03-0427;0;1;1,2;0,0;0,0;1;0
2025-06;MRT-03-0427;0;1;1,2;0,0;0,0;1;0
2025-07;MRT-03-0427;2;1;1,2;997,1;42,4;0;0
2025-08;MRT-03-0427;0;1;1,2;0,0;0,0;1;0
2025-09;MRT-03-0427;2;1;1,2;997,1;42,4;0;0
2025-10;MRT-03-0427;2;1;1,2;997,1;42,4;0;0
2025-11;MRT-03-0427;1;1;1,2;498,55;21,2;0;0
2025-12;MRT-03-0427;0;1;1,2;0,0;0,0;1;0
2024-01;MRT-05-0423;3;1,6;3,0;444,37;22,0;0;0
2024-02;MRT-05-0423;1;1,6;3,0;148,12;7,3;0;0
2024-03;MRT-05-0423;3;1,6;3,0;444,37;22,0;0;0
2024-04;MRT-05-0423;4;1,6;3,0;592,49;29,4;0;0
2024-05;MRT-05-0423;2;1,6;3,0;296,25;14,7;0;0
2024-06;MRT-05-0423;2;1,6;3,0;296,25;14,7;0;0
2024-07;MRT-05-0423;2;1,6;3,0;296,25;14,7;0;0
2024-08;MRT-05-0423;3;1,6;3,0;444,37;22,0;0;0
2024-09;MRT-05-0423;5;1,6;3,0;740,62;36,7;0;0
2024-10;MRT-05-0423;2;1,6;3,0;296,25;14,7;0;0
2024-11;MRT-05-0423;2;1,6;3,0;296,25;14,7;0;0
2024-12;MRT-05-0423;1;1,6;3,0;148,12;7,3;0;0
2025-01;MRT-05-0423;2;1,6;3,0;296,25;14,7;0;0
2025-02;MRT-05-0423;3;1,6;3,0;444,37;22,0;0;0
2025-03;MRT-05-0423;4;1,6;3,0;592,49;29,4;0;0
2025-04;MRT-05-0423;3;1,6;3,0;444,37;22,0;0;0
2025-05;MRT-05-0423;3;1,6;3,0;444,37;22,0;0;0
2025-06;MRT-05-0423;2;1,6;3,0;296,25;14,7;0;0
2025-07;MRT-05-0423;1;1,6;3,0;148,12;7,3;0;0
2025-08;MRT-05-0423;0;1,6;3,0;0,0;0,0;1;0
2025-09;MRT-05-0423;1;1,6;3,0;148,12;7,3;0;0
2025-10;MRT-05-0423;1;1,6;3,0;148,12;7,3;0;0
2025-11;MRT-05-0423;3;1,6;3,0;444,37;22,0;0;0
2025-12;MRT-05-0423;2;1,6;3,0;296,25;14,7;0;0
2024-01;LOAD-03-0782;6;2,8;4,6;2960,35;72,0;0;0
2024-02;LOAD-03-0782;1;2,8;4,6;493,39;12,0;0;0
2024-03;LOAD-03-0782;1;2,8;4,6;493,39;12,0;0;0
2024-04;LOAD-03-0782;7;2,8;4,6;3453,74;84,0;0;0
2024-05;LOAD-03-0782;2;2,8;4,6;986,78;24,0;0;0
2024-06;LOAD-03-0782;6;2,8;4,6;2960,35;72,0;0;0
2024-07;LOAD-03-0782;2;2,8;4,6;986,78;24,0;0;0
2024-08;LOAD-03-0782;3;2,8;4,6;1480,17;36,0;0;0
2024-09;LOAD-03-0782;4;2,8;4,6;1973,57;48,0;0;0
2024-10;LOAD-03-0782;5;2,8;4,6;2466,96;60,0;0;0
2024-11;LOAD-03-0782;7;2,8;4,6;3453,74;84,0;0;0
2024-12;LOAD-03-0782;7;2,8;4,6;3453,74;84,0;0;0
2025-01;LOAD-03-0782;6;2,8;4,6;2960,35;72,0;0;0
2025-02;LOAD-03-0782;4;2,8;4,6;1973,57;48,0;0;0
2025-03;LOAD-03-0782;1;2,8;4,6;493,39;12,0;0;0
2025-04;LOAD-03-0782;3;2,8;4,6;1480,17;36,0;0;0
2025-05;LOAD-03-0782;2;2,8;4,6;986,78;24,0;0;0
2025-06;LOAD-03-0782;6;2,8;4,6;2960,35;72,0;0;0
2025-07;LOAD-03-0782;8;2,8;4,6;3947,13;96,0;0;0
2025-08;LOAD-03-0782;2;2,8;4,6;986,78;24,0;0;0
2025-09;LOAD-03-0782;1;2,8;4,6;493,39;12,0;0;0
2025-10;LOAD-03-0782;2;2,8;4,6;986,78;24,0;0;0
2025-11;LOAD-03-0782;5;2,8;4,6;2466,96;60,0;0;0
2025-12;LOAD-03-0782;0;2,8;4,6;0,0;0,0;1;0
2024-01;MRT-09-0398;0;1,6;2,9;0,0;0,0;1;0
2024-02;MRT-09-0398;2;1,6;2,9;299,13;10,7;0;0
2024-03;MRT-09-0398;3;1,6;2,9;448,69;16,1;0;0
2024-04;MRT-09-0398;2;1,6;2,9;299,13;10,7;0;0
2024-05;MRT-09-0398;4;1,6;2,9;598,25;21,5;0;0
2024-06;MRT-09-0398;1;1,6;2,9;149,56;5,4;0;0
2024-07;MRT-09-0398;4;1,6;2,9;598,25;21,5;0;0
2024-08;MRT-09-0398;1;1,6;2,9;149,56;5,4;0;0
2024-09;MRT-09-0398;2;1,6;2,9;299,13;10,7;0;0
2024-10;MRT-09-0398;2;1,6;2,9;299,13;10,7;0;0
2024-11;MRT-09-0398;4;1,6;2,9;598,25;21,5;0;0
2024-12;MRT-09-0398;2;1,6;2,9;299,13;10,7;0;0
2025-01;MRT-09-0398;2;1,6;2,9;299,13;10,7;0;0
2025-02;MRT-09-0398;2;1,6;2,9;299,13;10,7;0;0
2025-03;MRT-09-0398;5;1,6;2,9;747,81;26,9;0;0
2025-04;MRT-09-0398;3;1,6;2,9;448,69;16,1;0;0
2025-05;MRT-09-0398;2;1,6;2,9;299,13;10,7;0;0
2025-06;MRT-09-0398;5;1,6;2,9;747,81;26,9;0;0
2025-07;MRT-09-0398;2;1,6;2,9;299,13;10,7;0;0
2025-08;MRT-09-0398;4;1,6;2,9;598,25;21,5;0;0
2025-09;MRT-09-0398;4;1,6;2,9;598,25;21,5;0;0
2025-10;MRT-09-0398;2;1,6;2,9;299,13;10,7;0;0
2025-11;MRT-09-0398;2;1,6;2,9;299,13;10,7;0;0
2025-12;MRT-09-0398;3;1,6;2,9;448,69;16,1;0;0
2024-01;MT-01-0145;75;39,0;71,6;3645,84;69,1;0;0
2024-02;MT-01-0145;23;39,0;71,6;1118,06;21,2;0;0
2024-03;MT-01-0145;50;39,0;71,6;2430,56;46,1;0;0
2024-04;MT-01-0145;27;39,0;71,6;1312,5;24,9;0;0
2024-05;MT-01-0145;2;39,0;71,6;97,22;1,8;0;0
2024-06;MT-01-0145;78;39,0;71,6;3791,67;71,9;0;0
2024-07;MT-01-0145;78;39,0;71,6;3791,67;71,9;0;0
2024-08;MT-01-0145;141;39,0;71,6;6854,17;130,0;0;0
2024-09;MT-01-0145;63;39,0;71,6;3062,5;58,1;0;0
2024-10;MT-01-0145;135;39,0;71,6;6562,51;124,5;0;0
2024-11;MT-01-0145;128;39,0;71,6;6222,23;118,0;0;0
2024-12;MT-01-0145;11;39,0;71,6;534,72;10,1;0;0
2025-01;MT-01-0145;119;39,0;71,6;5784,73;109,7;0;0
2025-02;MT-01-0145;47;39,0;71,6;2284,72;43,3;0;0
2025-03;MT-01-0145;47;39,0;71,6;2284,72;43,3;0;0
2025-04;MT-01-0145;29;39,0;71,6;1409,72;26,7;0;0
2025-05;MT-01-0145;115;39,0;71,6;5590,28;106,0;0;0
2025-06;MT-01-0145;125;39,0;71,6;6076,39;115,2;0;0
2025-07;MT-01-0145;87;39,0;71,6;4229,17;80,2;0;0
2025-08;MT-01-0145;73;39,0;71,6;3548,61;67,3;0;0
2025-09;MT-01-0145;108;39,0;71,6;5250,01;99,6;0;0
2025-10;MT-01-0145;125;39,0;71,6;6076,39;115,2;0;0
2025-11;MT-01-0145;79;39,0;71,6;3840,28;72,8;0;0
2025-12;MT-01-0145;64;39,0;71,6;3111,11;59,0;0;0
2024-01;MLT-01-0259;1;3,3;6,1;42,14;1,1;0;0
2024-02;MLT-01-0259;2;3,3;6,1;84,29;2,2;0;0
2024-03;MLT-01-0259;8;3,3;6,1;337,15;8,7;0;0
2024-04;MLT-01-0259;11;3,3;6,1;463,58;12,0;0;0
2024-05;MLT-01-0259;0;3,3;6,1;0,0;0,0;1;0
2024-06;MLT-01-0259;7;3,3;6,1;295,0;7,6;0;0
2024-07;MLT-01-0259;4;3,3;6,1;168,57;4,4;0;0
2024-08;MLT-01-0259;7;3,3;6,1;295,0;7,6;0;0
2024-09;MLT-01-0259;3;3,3;6,1;126,43;3,3;0;0
2024-10;MLT-01-0259;5;3,3;6,1;210,72;5,4;0;0
2024-11;MLT-01-0259;6;3,3;6,1;252,86;6,5;0;0
2024-12;MLT-01-0259;9;3,3;6,1;379,29;9,8;0;0
2025-01;MLT-01-0259;6;3,3;6,1;252,86;6,5;0;0
2025-02;MLT-01-0259;8;3,3;6,1;337,15;8,7;0;0
2025-03;MLT-01-0259;14;3,3;6,1;590,01;15,2;0;0
2025-04;MLT-01-0259;2;3,3;6,1;84,29;2,2;0;0
2025-05;MLT-01-0259;6;3,3;6,1;252,86;6,5;0;0
2025-06;MLT-01-0259;4;3,3;6,1;168,57;4,4;0;0
2025-07;MLT-01-0259;1;3,3;6,1;42,14;1,1;0;0
2025-08;MLT-01-0259;11;3,3;6,1;463,58;12,0;0;0
2025-09;MLT-01-0259;8;3,3;6,1;337,15;8,7;0;0
2025-10;MLT-01-0259;7;3,3;6,1;295,0;7,6;0;0
2025-11;MLT-01-0259;1;3,3;6,1;42,14;1,1;0;0
2025-12;MLT-01-0259;9;3,3;6,1;379,29;9,8;0;0
2024-01;MLT-02-0210;1;2,2;4,0;211,29;3,8;0;0
2024-02;MLT-02-0210;0;2,2;4,0;0,0;0,0;1;0
2024-03;MLT-02-0210;2;2,2;4,0;422,59;7,7;0;0
2024-04;MLT-02-0210;4;2,2;4,0;845,18;15,3;0;0
2024-05;MLT-02-0210;5;2,2;4,0;1056,47;19,1;0;0
2024-06;MLT-02-0210;5;2,2;4,0;1056,47;19,1;0;0
2024-07;MLT-02-0210;0;2,2;4,0;0,0;0,0;1;0
2024-08;MLT-02-0210;4;2,2;4,0;845,18;15,3;0;0
2024-09;MLT-02-0210;2;2,2;4,0;422,59;7,7;0;0
2024-10;MLT-02-0210;8;2,2;4,0;1690,35;30,6;0;0
2024-11;MLT-02-0210;5;2,2;4,0;1056,47;19,1;0;0
2024-12;MLT-02-0210;4;2,2;4,0;845,18;15,3;0;0
2025-01;MLT-02-0210;2;2,2;4,0;422,59;7,7;0;0
2025-02;MLT-02-0210;1;2,2;4,0;211,29;3,8;0;0
2025-03;MLT-02-0210;3;2,2;4,0;633,88;11,5;0;0
2025-04;MLT-02-0210;5;2,2;4,0;1056,47;19,1;0;0
2025-05;MLT-02-0210;5;2,2;4,0;1056,47;19,1;0;0
2025-06;MLT-02-0210;6;2,2;4,0;1267,76;23,0;0;0
2025-07;MLT-02-0210;5;2,2;4,0;1056,47;19,1;0;0
2025-08;MLT-02-0210;5;2,2;4,0;1056,47;19,1;0;0
2025-09;MLT-02-0210;4;2,2;4,0;845,18;15,3;0;0
2025-10;MLT-02-0210;2;2,2;4,0;422,59;7,7;0;0
2025-11;MLT-02-0210;2;2,2;4,0;422,59;7,7;0;0
2025-12;MLT-02-0210;5;2,2;4,0;1056,47;19,1;0;0
2024-01;AWP-10-0683;1;1;1,5;364,57;15,3;0;0
2024-02;AWP-10-0683;1;1;1,5;364,57;15,3;0;0
2024-03;AWP-10-0683;1;1;1,5;364,57;15,3;0;0
2024-04;AWP-10-0683;2;1;1,5;729,14;30,6;0;0
2024-05;AWP-10-0683;1;1;1,5;364,57;15,3;0;0
2024-06;AWP-10-0683;1;1;1,5;364,57;15,3;0;0
2024-07;AWP-10-0683;1;1;1,5;364,57;15,3;0;0
2024-08;AWP-10-0683;1;1;1,5;364,57;15,3;0;0
2024-09;AWP-10-0683;1;1;1,5;364,57;15,3;0;0
2024-10;AWP-10-0683;1;1;1,5;364,57;15,3;0;0
2024-11;AWP-10-0683;0;1;1,5;0,0;0,0;1;0
2024-12;AWP-10-0683;1;1;1,5;364,57;15,3;0;0
2025-01;AWP-10-0683;1;1;1,5;364,57;15,3;0;0
2025-02;AWP-10-0683;1;1;1,5;364,57;15,3;0;0
2025-03;AWP-10-0683;0;1;1,5;0,0;0,0;1;0
2025-04;AWP-10-0683;1;1;1,5;364,57;15,3;0;0
2025-05;AWP-10-0683;0;1;1,5;0,0;0,0;1;0
2025-06;AWP-10-0683;1;1;1,5;364,57;15,3;0;0
2025-07;AWP-10-0683;0;1;1,5;0,0;0,0;1;0
2025-08;AWP-10-0683;0;1;1,5;0,0;0,0;1;0
2025-09;AWP-10-0683;2;1;1,5;729,14;30,6;0;0
2025-10;AWP-10-0683;1;1;1,5;364,57;15,3;0;0
2025-11;AWP-10-0683;2;1;1,5;729,14;30,6;0;0
2025-12;AWP-10-0683;0;1;1,5;0,0;0,0;1;0
2024-01;LOAD-06-0776;8;8,5;13,9;1038,23;31,5;0;0
2024-02;LOAD-06-0776;17;8,5;13,9;2206,24;66,9;0;0
2024-03;LOAD-06-0776;9;8,5;13,9;1168,01;35,4;0;0
2024-04;LOAD-06-0776;18;8,5;13,9;2336,02;70,8;0;0
2024-05;LOAD-06-0776;6;8,5;13,9;778,67;23,6;0;0
2024-06;LOAD-06-0776;6;8,5;13,9;778,67;23,6;0;0
2024-07;LOAD-06-0776;4;8,5;13,9;519,12;15,7;0;0
2024-08;LOAD-06-0776;3;8,5;13,9;389,34;11,8;0;0
2024-09;LOAD-06-0776;16;8,5;13,9;2076,46;63,0;0;0
2024-10;LOAD-06-0776;7;8,5;13,9;908,45;27,5;0;0
2024-11;LOAD-06-0776;14;8,5;13,9;1816,91;55,1;0;0
2024-12;LOAD-06-0776;3;8,5;13,9;389,34;11,8;0;0
2025-01;LOAD-06-0776;17;8,5;13,9;2206,24;66,9;0;0
2025-02;LOAD-06-0776;9;8,5;13,9;1168,01;35,4;0;0
2025-03;LOAD-06-0776;13;8,5;13,9;1687,13;51,1;0;0
2025-04;LOAD-06-0776;12;8,5;13,9;1557,35;47,2;0;0
2025-05;LOAD-06-0776;12;8,5;13,9;1557,35;47,2;0;0
2025-06;LOAD-06-0776;22;8,5;13,9;2855,14;86,6;0;0
2025-07;LOAD-06-0776;0;8,5;13,9;0,0;0,0;1;0
2025-08;LOAD-06-0776;7;8,5;13,9;908,45;27,5;0;0
2025-09;LOAD-06-0776;19;8,5;13,9;2465,8;74,8;0;0
2025-10;LOAD-06-0776;4;8,5;13,9;519,12;15,7;0;0
2025-11;LOAD-06-0776;12;8,5;13,9;1557,35;47,2;0;0
2025-12;LOAD-06-0776;19;8,5;13,9;2465,8;74,8;0;0
2024-01;MT-10-0163;13;7,1;13,1;4894,67;98,5;0;0
2024-02;MT-10-0163;19;7,1;13,1;7153,75;144,0;0;0
2024-03;MT-10-0163;17;7,1;13,1;6400,72;128,8;0;0
2024-04;MT-10-0163;18;7,1;13,1;6777,23;136,4;0;0
2024-05;MT-10-0163;20;7,1;13,1;7530,26;151,6;0;0
2024-06;MT-10-0163;23;7,1;13,1;8659,8;174,3;0;0
2024-07;MT-10-0163;0;7,1;13,1;0,0;0,0;1;0
2024-08;MT-10-0163;2;7,1;13,1;753,03;15,2;0;0
2024-09;MT-10-0163;13;7,1;13,1;4894,67;98,5;0;0
2024-10;MT-10-0163;25;7,1;13,1;9412,82;189,5;0;0
2024-11;MT-10-0163;3;7,1;13,1;1129,54;22,7;0;0
2024-12;MT-10-0163;18;7,1;13,1;6777,23;136,4;0;0
2025-01;MT-10-0163;31;7,1;13,1;11671,9;234,9;0;0
2025-02;MT-10-0163;15;7,1;13,1;5647,69;113,7;0;0
2025-03;MT-10-0163;12;7,1;13,1;4518,16;90,9;0;0
2025-04;MT-10-0163;16;7,1;13,1;6024,21;121,3;0;0
2025-05;MT-10-0163;3;7,1;13,1;1129,54;22,7;0;0
2025-06;MT-10-0163;21;7,1;13,1;7906,77;159,2;0;0
2025-07;MT-10-0163;14;7,1;13,1;5271,18;106,1;0;0
2025-08;MT-10-0163;14;7,1;13,1;5271,18;106,1;0;0
2025-09;MT-10-0163;19;7,1;13,1;7153,75;144,0;0;0
2025-10;MT-10-0163;8;7,1;13,1;3012,1;60,6;0;0
2025-11;MT-10-0163;5;7,1;13,1;1882,56;37,9;0;0
2025-12;MT-10-0163;6;7,1;13,1;2259,08;45,5;0;0
2024-01;MI-MC-09-0548;2;1,7;3,2;384,91;13,7;0;0
2024-02;MI-MC-09-0548;3;1,7;3,2;577,37;20,6;0;0
2024-03;MI-MC-09-0548;1;1,7;3,2;192,46;6,9;0;0
2024-04;MI-MC-09-0548;3;1,7;3,2;577,37;20,6;0;0
2024-05;MI-MC-09-0548;3;1,7;3,2;577,37;20,6;0;0
2024-06;MI-MC-09-0548;3;1,7;3,2;577,37;20,6;0;0
2024-07;MI-MC-09-0548;5;1,7;3,2;962,28;34,3;0;0
2024-08;MI-MC-09-0548;4;1,7;3,2;769,82;27,4;0;0
2024-09;MI-MC-09-0548;1;1,7;3,2;192,46;6,9;0;0
2024-10;MI-MC-09-0548;3;1,7;3,2;577,37;20,6;0;0
2024-11;MI-MC-09-0548;2;1,7;3,2;384,91;13,7;0;0
2024-12;MI-MC-09-0548;3;1,7;3,2;577,37;20,6;0;0
2025-01;MI-MC-09-0548;1;1,7;3,2;192,46;6,9;0;0
2025-02;MI-MC-09-0548;5;1,7;3,2;962,28;34,3;0;0
2025-03;MI-MC-09-0548;0;1,7;3,2;0,0;0,0;1;0
2025-04;MI-MC-09-0548;2;1,7;3,2;384,91;13,7;0;0
2025-05;MI-MC-09-0548;2;1,7;3,2;384,91;13,7;0;0
2025-06;MI-MC-09-0548;4;1,7;3,2;769,82;27,4;0;0
2025-07;MI-MC-09-0548;4;1,7;3,2;769,82;27,4;0;0
2025-08;MI-MC-09-0548;3;1,7;3,2;577,37;20,6;0;0
2025-09;MI-MC-09-0548;4;1,7;3,2;769,82;27,4;0;0
2025-10;MI-MC-09-0548;6;1,7;3,2;1154,73;41,1;0;0
2025-11;MI-MC-09-0548;7;1,7;3,2;1347,19;48,0;0;0
2025-12;MI-MC-09-0548;3;1,7;3,2;577,37;20,6;0;0
2024-01;MRT-02-0379;7;5,3;8,7;1556,1;63,0;0;0
2024-02;MRT-02-0379;5;5,3;8,7;1111,5;45,0;0;0
2024-03;MRT-02-0379;10;5,3;8,7;2223,0;90,0;0;0
2024-04;MRT-02-0379;5;5,3;8,7;1111,5;45,0;0;0
2024-05;MRT-02-0379;16;5,3;8,7;3556,8;144,0;0;0
2024-06;MRT-02-0379;9;5,3;8,7;2000,7;81,0;0;0
2024-07;MRT-02-0379;7;5,3;8,7;1556,1;63,0;0;0
2024-08;MRT-02-0379;10;5,3;8,7;2223,0;90,0;0;0
2024-09;MRT-02-0379;11;5,3;8,7;2445,3;99,0;0;0
2024-10;MRT-02-0379;8;5,3;8,7;1778,4;72,0;0;0
2024-11;MRT-02-0379;9;5,3;8,7;2000,7;81,0;0;0
2024-12;MRT-02-0379;6;5,3;8,7;1333,8;54,0;0;0
2025-01;MRT-02-0379;4;5,3;8,7;889,2;36,0;0;0
2025-02;MRT-02-0379;10;5,3;8,7;2223,0;90,0;0;0
2025-03;MRT-02-0379;7;5,3;8,7;1556,1;63,0;0;0
2025-04;MRT-02-0379;13;5,3;8,7;2889,9;117,0;0;0
2025-05;MRT-02-0379;4;5,3;8,7;889,2;36,0;0;0
2025-06;MRT-02-0379;5;5,3;8,7;1111,5;45,0;0;0
2025-07;MRT-02-0379;4;5,3;8,7;889,2;36,0;0;0
2025-08;MRT-02-0379;10;5,3;8,7;2223,0;90,0;0;0
2025-09;MRT-02-0379;7;5,3;8,7;1556,1;63,0;0;0
2025-10;MRT-02-0379;16;5,3;8,7;3556,8;144,0;0;0
2025-11;MRT-02-0379;6;5,3;8,7;1333,8;54,0;0;0
2025-12;MRT-02-0379;5;5,3;8,7;1111,5;45,0;0;0
2024-01;MT-07-0104;4;3,9;7,1;1605,48;17,2;0;0
2024-02;MT-07-0104;2;3,9;7,1;802,74;8,6;0;0
2024-03;MT-07-0104;6;3,9;7,1;2408,22;25,9;0;0
2024-04;MT-07-0104;9;3,9;7,1;3612,33;38,8;0;0
2024-05;MT-07-0104;6;3,9;7,1;2408,22;25,9;0;0
2024-06;MT-07-0104;4;3,9;7,1;1605,48;17,2;0;0
2024-07;MT-07-0104;6;3,9;7,1;2408,22;25,9;0;0
2024-08;MT-07-0104;8;3,9;7,1;3210,96;34,5;0;0
2024-09;MT-07-0104;5;3,9;7,1;2006,85;21,6;0;0
2024-10;MT-07-0104;5;3,9;7,1;2006,85;21,6;0;0
2024-11;MT-07-0104;8;3,9;7,1;3210,96;34,5;0;0
2024-12;MT-07-0104;7;3,9;7,1;2809,59;30,2;0;0
2025-01;MT-07-0104;5;3,9;7,1;2006,85;21,6;0;0
2025-02;MT-07-0104;14;3,9;7,1;5619,19;60,4;0;0
2025-03;MT-07-0104;2;3,9;7,1;802,74;8,6;0;0
2025-04;MT-07-0104;6;3,9;7,1;2408,22;25,9;0;0
2025-05;MT-07-0104;6;3,9;7,1;2408,22;25,9;0;0
2025-06;MT-07-0104;8;3,9;7,1;3210,96;34,5;0;0
2025-07;MT-07-0104;4;3,9;7,1;1605,48;17,2;0;0
2025-08;MT-07-0104;1;3,9;7,1;401,37;4,3;0;0
2025-09;MT-07-0104;4;3,9;7,1;1605,48;17,2;0;0
2025-10;MT-07-0104;7;3,9;7,1;2809,59;30,2;0;0
2025-11;MT-07-0104;3;3,9;7,1;1204,11;12,9;0;0
2025-12;MT-07-0104;4;3,9;7,1;1605,48;17,2;0;0
2024-01;MT-04-0120;8;3,7;6,0;5229,03;72,9;0;0
2024-02;MT-04-0120;5;3,7;6,0;3268,14;45,6;0;0
2024-03;MT-04-0120;5;3,7;6,0;3268,14;45,6;0;0
2024-04;MT-04-0120;1;3,7;6,0;653,63;9,1;0;0
2024-05;MT-04-0120;6;3,7;6,0;3921,77;54,7;0;0
2024-06;MT-04-0120;3;3,7;6,0;1960,88;27,3;0;0
2024-07;MT-04-0120;7;3,7;6,0;4575,4;63,8;0;0
2024-08;MT-04-0120;1;3,7;6,0;653,63;9,1;0;0
2024-09;MT-04-0120;5;3,7;6,0;3268,14;45,6;0;0
2024-10;MT-04-0120;5;3,7;6,0;3268,14;45,6;0;0
2024-11;MT-04-0120;5;3,7;6,0;3268,14;45,6;0;0
2024-12;MT-04-0120;7;3,7;6,0;4575,4;63,8;0;0
2025-01;MT-04-0120;5;3,7;6,0;3268,14;45,6;0;0
2025-02;MT-04-0120;8;3,7;6,0;5229,03;72,9;0;0
2025-03;MT-04-0120;2;3,7;6,0;1307,26;18,2;0;0
2025-04;MT-04-0120;6;3,7;6,0;3921,77;54,7;0;0
2025-05;MT-04-0120;8;3,7;6,0;5229,03;72,9;0;0
2025-06;MT-04-0120;5;3,7;6,0;3268,14;45,6;0;0
2025-07;MT-04-0120;3;3,7;6,0;1960,88;27,3;0;0
2025-08;MT-04-0120;1;3,7;6,0;653,63;9,1;0;0
2025-09;MT-04-0120;0;3,7;6,0;0,0;0,0;1;0
2025-10;MT-04-0120;6;3,7;6,0;3921,77;54,7;0;0
2025-11;MT-04-0120;8;3,7;6,0;5229,03;72,9;0;0
2025-12;MT-04-0120;7;3,7;6,0;4575,4;63,8;0;0
2024-01;MLT-06-0361;15;55,7;90,6;639,39;12,9;0;0
2024-02;MLT-06-0361;75;55,7;90,6;3196,97;64,6;0;0
2024-03;MLT-06-0361;111;55,7;90,6;4731,51;95,6;0;0
2024-04;MLT-06-0361;179;55,7;90,6;7630,1;154,2;0;0
2024-05;MLT-06-0361;152;55,7;90,6;6479,19;130,9;0;0
2024-06;MLT-06-0361;121;55,7;90,6;5157,78;104,2;0;0
2024-07;MLT-06-0361;12;55,7;90,6;511,51;10,3;0;0
2024-08;MLT-06-0361;0;55,7;90,6;0,0;0,0;1;0
2024-09;MLT-06-0361;140;55,7;90,6;5967,68;120,6;0;0
2024-10;MLT-06-0361;84;55,7;90,6;3580,61;72,3;0;0
2024-11;MLT-06-0361;31;55,7;90,6;1321,41;26,7;0;0
2024-12;MLT-06-0361;107;55,7;90,6;4561,01;92,2;0;0
2025-01;MLT-06-0361;18;55,7;90,6;767,27;15,5;0;0
2025-02;MLT-06-0361;134;55,7;90,6;5711,92;115,4;0;0
2025-03;MLT-06-0361;41;55,7;90,6;1747,68;35,3;0;0
2025-04;MLT-06-0361;74;55,7;90,6;3154,34;63,7;0;0
2025-05;MLT-06-0361;155;55,7;90,6;6607,07;133,5;0;0
2025-06;MLT-06-0361;76;55,7;90,6;3239,59;65,5;0;0
2025-07;MLT-06-0361;81;55,7;90,6;3452,73;69,8;0;0
2025-08;MLT-06-0361;155;55,7;90,6;6607,07;133,5;0;0
2025-09;MLT-06-0361;77;55,7;90,6;3282,22;66,3;0;0
2025-10;MLT-06-0361;197;55,7;90,6;8397,37;169,7;0;0
2025-11;MLT-06-0361;83;55,7;90,6;3537,98;71,5;0;0
2025-12;MLT-06-0361;54;55,7;90,6;2301,82;46,5;0;0
2024-01;LOAD-10-0749;6;2,7;5,0;1903,87;78,5;0;0
2024-02;LOAD-10-0749;5;2,7;5,0;1586,56;65,5;0;0
2024-03;LOAD-10-0749;7;2,7;5,0;2221,18;91,6;0;0
2024-04;LOAD-10-0749;4;2,7;5,0;1269,25;52,4;0;0
2024-05;LOAD-10-0749;3;2,7;5,0;951,94;39,3;0;0
2024-06;LOAD-10-0749;1;2,7;5,0;317,31;13,1;0;0
2024-07;LOAD-10-0749;3;2,7;5,0;951,94;39,3;0;0
2024-08;LOAD-10-0749;5;2,7;5,0;1586,56;65,5;0;0
2024-09;LOAD-10-0749;1;2,7;5,0;317,31;13,1;0;0
2024-10;LOAD-10-0749;3;2,7;5,0;951,94;39,3;0;0
2024-11;LOAD-10-0749;4;2,7;5,0;1269,25;52,4;0;0
2024-12;LOAD-10-0749;3;2,7;5,0;951,94;39,3;0;0
2025-01;LOAD-10-0749;4;2,7;5,0;1269,25;52,4;0;0
2025-02;LOAD-10-0749;5;2,7;5,0;1586,56;65,5;0;0
2025-03;LOAD-10-0749;0;2,7;5,0;0,0;0,0;1;0
2025-04;LOAD-10-0749;6;2,7;5,0;1903,87;78,5;0;0
2025-05;LOAD-10-0749;3;2,7;5,0;951,94;39,3;0;0
2025-06;LOAD-10-0749;1;2,7;5,0;317,31;13,1;0;0
2025-07;LOAD-10-0749;6;2,7;5,0;1903,87;78,5;0;0
2025-08;LOAD-10-0749;4;2,7;5,0;1269,25;52,4;0;0
2025-09;LOAD-10-0749;5;2,7;5,0;1586,56;65,5;0;0
2025-10;LOAD-10-0749;5;2,7;5,0;1586,56;65,5;0;0
2025-11;LOAD-10-0749;4;2,7;5,0;1269,25;52,4;0;0
2025-12;LOAD-10-0749;8;2,7;5,0;2538,5;104,7;0;0
2024-01;MLT-06-0283;5;3,0;4,9;432,37;7,9;0;0
2024-02;MLT-06-0283;4;3,0;4,9;345,9;6,3;0;0
2024-03;MLT-06-0283;3;3,0;4,9;259,42;4,7;0;0
2024-04;MLT-06-0283;4;3,0;4,9;345,9;6,3;0;0
2024-05;MLT-06-0283;3;3,0;4,9;259,42;4,7;0;0
2024-06;MLT-06-0283;5;3,0;4,9;432,37;7,9;0;0
2024-07;MLT-06-0283;1;3,0;4,9;86,47;1,6;0;0
2024-08;MLT-06-0283;4;3,0;4,9;345,9;6,3;0;0
2024-09;MLT-06-0283;4;3,0;4,9;345,9;6,3;0;0
2024-10;MLT-06-0283;0;3,0;4,9;0,0;0,0;1;0
2024-11;MLT-06-0283;2;3,0;4,9;172,95;3,2;0;0
2024-12;MLT-06-0283;7;3,0;4,9;605,32;11,1;0;0
2025-01;MLT-06-0283;8;3,0;4,9;691,79;12,6;0;0
2025-02;MLT-06-0283;5;3,0;4,9;432,37;7,9;0;0
2025-03;MLT-06-0283;2;3,0;4,9;172,95;3,2;0;0
2025-04;MLT-06-0283;5;3,0;4,9;432,37;7,9;0;0
2025-05;MLT-06-0283;2;3,0;4,9;172,95;3,2;0;0
2025-06;MLT-06-0283;4;3,0;4,9;345,9;6,3;0;0
2025-07;MLT-06-0283;5;3,0;4,9;432,37;7,9;0;0
2025-08;MLT-06-0283;4;3,0;4,9;345,9;6,3;0;0
2025-09;MLT-06-0283;7;3,0;4,9;605,32;11,1;0;0
2025-10;MLT-06-0283;10;3,0;4,9;864,74;15,8;0;0
2025-11;MLT-06-0283;5;3,0;4,9;432,37;7,9;0;0
2025-12;MLT-06-0283;8;3,0;4,9;691,79;12,6;0;0
2024-01;MI-MC-09-0562;9;6,8;12,4;956,08;33,6;0;0
2024-02;MI-MC-09-0562;9;6,8;12,4;956,08;33,6;0;0
2024-03;MI-MC-09-0562;16;6,8;12,4;1699,7;59,7;0;0
2024-04;MI-MC-09-0562;20;6,8;12,4;2124,63;74,6;0;0
2024-05;MI-MC-09-0562;14;6,8;12,4;1487,24;52,2;0;0
2024-06;MI-MC-09-0562;8;6,8;12,4;849,85;29,8;0;0
2024-07;MI-MC-09-0562;16;6,8;12,4;1699,7;59,7;0;0
2024-08;MI-MC-09-0562;1;6,8;12,4;106,23;3,7;0;0
2024-09;MI-MC-09-0562;11;6,8;12,4;1168,55;41,0;0;0
2024-10;MI-MC-09-0562;3;6,8;12,4;318,69;11,2;0;0
2024-11;MI-MC-09-0562;12;6,8;12,4;1274,78;44,8;0;0
2024-12;MI-MC-09-0562;9;6,8;12,4;956,08;33,6;0;0
2025-01;MI-MC-09-0562;4;6,8;12,4;424,93;14,9;0;0
2025-02;MI-MC-09-0562;5;6,8;12,4;531,16;18,7;0;0
2025-03;MI-MC-09-0562;10;6,8;12,4;1062,31;37,3;0;0
2025-04;MI-MC-09-0562;10;6,8;12,4;1062,31;37,3;0;0
2025-05;MI-MC-09-0562;17;6,8;12,4;1805,93;63,4;0;0
2025-06;MI-MC-09-0562;6;6,8;12,4;637,39;22,4;0;0
2025-07;MI-MC-09-0562;21;6,8;12,4;2230,86;78,3;0;0
2025-08;MI-MC-09-0562;8;6,8;12,4;849,85;29,8;0;0
2025-09;MI-MC-09-0562;16;6,8;12,4;1699,7;59,7;0;0
2025-10;MI-MC-09-0562;15;6,8;12,4;1593,47;56,0;0;0
2025-11;MI-MC-09-0562;15;6,8;12,4;1593,47;56,0;0;0
2025-12;MI-MC-09-0562;20;6,8;12,4;2124,63;74,6;0;0
2024-01;LOAD-07-0797;1;1;1,4;245,2;7,2;0;0
2024-02;LOAD-07-0797;1;1;1,4;245,2;7,2;0;0
2024-03;LOAD-07-0797;0;1;1,4;0,0;0,0;1;0
2024-04;LOAD-07-0797;0;1;1,4;0,0;0,0;1;0
2024-05;LOAD-07-0797;1;1;1,4;245,2;7,2;0;0
2024-06;LOAD-07-0797;0;1;1,4;0,0;0,0;1;0
2024-07;LOAD-07-0797;1;1;1,4;245,2;7,2;0;0
2024-08;LOAD-07-0797;1;1;1,4;245,2;7,2;0;0
2024-09;LOAD-07-0797;2;1;1,4;490,39;14,4;0;0
2024-10;LOAD-07-0797;0;1;1,4;0,0;0,0;1;0
2024-11;LOAD-07-0797;1;1;1,4;245,2;7,2;0;0
2024-12;LOAD-07-0797;0;1;1,4;0,0;0,0;1;0
2025-01;LOAD-07-0797;0;1;1,4;0,0;0,0;1;0
2025-02;LOAD-07-0797;1;1;1,4;245,2;7,2;0;0
2025-03;LOAD-07-0797;1;1;1,4;245,2;7,2;0;0
2025-04;LOAD-07-0797;0;1;1,4;0,0;0,0;1;0
2025-05;LOAD-07-0797;1;1;1,4;245,2;7,2;0;0
2025-06;LOAD-07-0797;2;1;1,4;490,39;14,4;0;0
2025-07;LOAD-07-0797;1;1;1,4;245,2;7,2;0;0
2025-08;LOAD-07-0797;1;1;1,4;245,2;7,2;0;0
2025-09;LOAD-07-0797;1;1;1,4;245,2;7,2;0;0
2025-10;LOAD-07-0797;1;1;1,4;245,2;7,2;0;0
2025-11;LOAD-07-0797;2;1;1,4;490,39;14,4;0;0
2025-12;LOAD-07-0797;0;1;1,4;0,0;0,0;1;0
2024-01;TMM-03-0573;1;1;1,4;471,43;12,9;0;0
2024-02;TMM-03-0573;1;1;1,4;471,43;12,9;0;0
2024-03;TMM-03-0573;1;1;1,4;471,43;12,9;0;0
2024-04;TMM-03-0573;1;1;1,4;471,43;12,9;0;0
2024-05;TMM-03-0573;1;1;1,4;471,43;12,9;0;0
2024-06;TMM-03-0573;1;1;1,4;471,43;12,9;0;0
2024-07;TMM-03-0573;0;1;1,4;0,0;0,0;1;0
2024-08;TMM-03-0573;1;1;1,4;471,43;12,9;0;0
2024-09;TMM-03-0573;0;1;1,4;0,0;0,0;1;0
2024-10;TMM-03-0573;1;1;1,4;471,43;12,9;0;0
2024-11;TMM-03-0573;0;1;1,4;0,0;0,0;1;0
2024-12;TMM-03-0573;0;1;1,4;0,0;0,0;1;0
2025-01;TMM-03-0573;1;1;1,4;471,43;12,9;0;0
2025-02;TMM-03-0573;0;1;1,4;0,0;0,0;1;0
2025-03;TMM-03-0573;1;1;1,4;471,43;12,9;0;0
2025-04;TMM-03-0573;0;1;1,4;0,0;0,0;1;0
2025-05;TMM-03-0573;1;1;1,4;471,43;12,9;0;0
2025-06;TMM-03-0573;2;1;1,4;942,86;25,7;0;0
2025-07;TMM-03-0573;2;1;1,4;942,86;25,7;0;0
2025-08;TMM-03-0573;0;1;1,4;0,0;0,0;1;0
2025-09;TMM-03-0573;1;1;1,4;471,43;12,9;0;0
2025-10;TMM-03-0573;0;1;1,4;0,0;0,0;1;0
2025-11;TMM-03-0573;1;1;1,4;471,43;12,9;0;0
2025-12;TMM-03-0573;1;1;1,4;471,43;12,9;0;0
2024-01;TMM-04-0600;4;1,8;2,9;2339,67;160,0;0;0
2024-02;TMM-04-0600;5;1,8;2,9;2924,59;200,0;0;0
2024-03;TMM-04-0600;1;1,8;2,9;584,92;40,0;0;0
2024-04;TMM-04-0600;3;1,8;2,9;1754,75;120,0;0;0
2024-05;TMM-04-0600;2;1,8;2,9;1169,84;80,0;0;0
2024-06;TMM-04-0600;4;1,8;2,9;2339,67;160,0;0;0
2024-07;TMM-04-0600;3;1,8;2,9;1754,75;120,0;0;0
2024-08;TMM-04-0600;6;1,8;2,9;3509,51;240,0;0;0
2024-09;TMM-04-0600;2;1,8;2,9;1169,84;80,0;0;0
2024-10;TMM-04-0600;1;1,8;2,9;584,92;40,0;0;0
2024-11;TMM-04-0600;2;1,8;2,9;1169,84;80,0;0;0
2024-12;TMM-04-0600;1;1,8;2,9;584,92;40,0;0;0
2025-01;TMM-04-0600;0;1,8;2,9;0,0;0,0;1;0
2025-02;TMM-04-0600;2;1,8;2,9;1169,84;80,0;0;0
2025-03;TMM-04-0600;5;1,8;2,9;2924,59;200,0;0;0
2025-04;TMM-04-0600;2;1,8;2,9;1169,84;80,0;0;0
2025-05;TMM-04-0600;1;1,8;2,9;584,92;40,0;0;0
2025-06;TMM-04-0600;4;1,8;2,9;2339,67;160,0;0;0
2025-07;TMM-04-0600;1;1,8;2,9;584,92;40,0;0;0
2025-08;TMM-04-0600;3;1,8;2,9;1754,75;120,0;0;0
2025-09;TMM-04-0600;0;1,8;2,9;0,0;0,0;1;0
2025-10;TMM-04-0600;4;1,8;2,9;2339,67;160,0;0;0
2025-11;TMM-04-0600;5;1,8;2,9;2924,59;200,0;0;0
2025-12;TMM-04-0600;1;1,8;2,9;584,92;40,0;0;0
2024-01;MT-07-0183;6;7,3;13,4;1811,17;29,6;0;0
2024-02;MT-07-0183;11;7,3;13,4;3320,48;54,2;0;0
2024-03;MT-07-0183;16;7,3;13,4;4829,79;78,9;0;0
2024-04;MT-07-0183;8;7,3;13,4;2414,9;39,5;0;0
2024-05;MT-07-0183;6;7,3;13,4;1811,17;29,6;0;0
2024-06;MT-07-0183;11;7,3;13,4;3320,48;54,2;0;0
2024-07;MT-07-0183;11;7,3;13,4;3320,48;54,2;0;0
2024-08;MT-07-0183;9;7,3;13,4;2716,76;44,4;0;0
2024-09;MT-07-0183;10;7,3;13,4;3018,62;49,3;0;0
2024-10;MT-07-0183;11;7,3;13,4;3320,48;54,2;0;0
2024-11;MT-07-0183;20;7,3;13,4;6037,24;98,6;0;0
2024-12;MT-07-0183;13;7,3;13,4;3924,2;64,1;0;0
2025-01;MT-07-0183;8;7,3;13,4;2414,9;39,5;0;0
2025-02;MT-07-0183;6;7,3;13,4;1811,17;29,6;0;0
2025-03;MT-07-0183;17;7,3;13,4;5131,65;83,8;0;0
2025-04;MT-07-0183;13;7,3;13,4;3924,2;64,1;0;0
2025-05;MT-07-0183;16;7,3;13,4;4829,79;78,9;0;0
2025-06;MT-07-0183;15;7,3;13,4;4527,93;74,0;0;0
2025-07;MT-07-0183;5;7,3;13,4;1509,31;24,7;0;0
2025-08;MT-07-0183;14;7,3;13,4;4226,07;69,0;0;0
2025-09;MT-07-0183;23;7,3;13,4;6942,82;113,4;0;0
2025-10;MT-07-0183;8;7,3;13,4;2414,9;39,5;0;0
2025-11;MT-07-0183;9;7,3;13,4;2716,76;44,4;0;0
2025-12;MT-07-0183;9;7,3;13,4;2716,76;44,4;0;0
2024-01;MI-MC-05-0459;4;3,4;5,5;379,5;13,3;0;0
2024-02;MI-MC-05-0459;8;3,4;5,5;759,0;26,5;0;0
2024-03;MI-MC-05-0459;11;3,4;5,5;1043,62;36,5;0;0
2024-04;MI-MC-05-0459;5;3,4;5,5;474,37;16,6;0;0
2024-05;MI-MC-05-0459;4;3,4;5,5;379,5;13,3;0;0
2024-06;MI-MC-05-0459;6;3,4;5,5;569,25;19,9;0;0
2024-07;MI-MC-05-0459;6;3,4;5,5;569,25;19,9;0;0
2024-08;MI-MC-05-0459;6;3,4;5,5;569,25;19,9;0;0
2024-09;MI-MC-05-0459;7;3,4;5,5;664,12;23,2;0;0
2024-10;MI-MC-05-0459;6;3,4;5,5;569,25;19,9;0;0
2024-11;MI-MC-05-0459;6;3,4;5,5;569,25;19,9;0;0
2024-12;MI-MC-05-0459;9;3,4;5,5;853,87;29,9;0;0
2025-01;MI-MC-05-0459;0;3,4;5,5;0,0;0,0;1;0
2025-02;MI-MC-05-0459;6;3,4;5,5;569,25;19,9;0;0
2025-03;MI-MC-05-0459;6;3,4;5,5;569,25;19,9;0;0
2025-04;MI-MC-05-0459;5;3,4;5,5;474,37;16,6;0;0
2025-05;MI-MC-05-0459;7;3,4;5,5;664,12;23,2;0;0
2025-06;MI-MC-05-0459;3;3,4;5,5;284,62;10,0;0;0
2025-07;MI-MC-05-0459;3;3,4;5,5;284,62;10,0;0;0
2025-08;MI-MC-05-0459;7;3,4;5,5;664,12;23,2;0;0
2025-09;MI-MC-05-0459;8;3,4;5,5;759,0;26,5;0;0
2025-10;MI-MC-05-0459;12;3,4;5,5;1138,5;39,8;0;0
2025-11;MI-MC-05-0459;6;3,4;5,5;569,25;19,9;0;0
2025-12;MI-MC-05-0459;5;3,4;5,5;474,37;16,6;0;0
2024-01;LOAD-M-02-0828;6;4,9;7,9;764,68;41,5;0;0
2024-02;LOAD-M-02-0828;3;4,9;7,9;382,34;20,8;0;0
2024-03;LOAD-M-02-0828;8;4,9;7,9;1019,58;55,4;0;0
2024-04;LOAD-M-02-0828;6;4,9;7,9;764,68;41,5;0;0
2024-05;LOAD-M-02-0828;10;4,9;7,9;1274,47;69,2;0;0
2024-06;LOAD-M-02-0828;3;4,9;7,9;382,34;20,8;0;0
2024-07;LOAD-M-02-0828;5;4,9;7,9;637,24;34,6;0;0
2024-08;LOAD-M-02-0828;3;4,9;7,9;382,34;20,8;0;0
2024-09;LOAD-M-02-0828;10;4,9;7,9;1274,47;69,2;0;0
2024-10;LOAD-M-02-0828;8;4,9;7,9;1019,58;55,4;0;0
2024-11;LOAD-M-02-0828;7;4,9;7,9;892,13;48,5;0;0
2024-12;LOAD-M-02-0828;8;4,9;7,9;1019,58;55,4;0;0
2025-01;LOAD-M-02-0828;6;4,9;7,9;764,68;41,5;0;0
2025-02;LOAD-M-02-0828;9;4,9;7,9;1147,03;62,3;0;0
2025-03;LOAD-M-02-0828;8;4,9;7,9;1019,58;55,4;0;0
2025-04;LOAD-M-02-0828;14;4,9;7,9;1784,26;96,9;0;0
2025-05;LOAD-M-02-0828;5;4,9;7,9;637,24;34,6;0;0
2025-06;LOAD-M-02-0828;5;4,9;7,9;637,24;34,6;0;0
2025-07;LOAD-M-02-0828;13;4,9;7,9;1656,81;90,0;0;0
2025-08;LOAD-M-02-0828;10;4,9;7,9;1274,47;69,2;0;0
2025-09;LOAD-M-02-0828;12;4,9;7,9;1529,37;83,1;0;0
2025-10;LOAD-M-02-0828;6;4,9;7,9;764,68;41,5;0;0
2025-11;LOAD-M-02-0828;5;4,9;7,9;637,24;34,6;0;0
2025-12;LOAD-M-02-0828;5;4,9;7,9;637,24;34,6;0;0
2024-01;LOAD-M-05-0822;5;6,5;11,9;434,86;27,7;0;0
2024-02;LOAD-M-05-0822;16;6,5;11,9;1391,54;88,6;0;0
2024-03;LOAD-M-05-0822;22;6,5;11,9;1913,37;121,8;0;0
2024-04;LOAD-M-05-0822;9;6,5;11,9;782,74;49,8;0;0
2024-05;LOAD-M-05-0822;1;6,5;11,9;86,97;5,5;0;0
2024-06;LOAD-M-05-0822;7;6,5;11,9;608,8;38,8;0;0
2024-07;LOAD-M-05-0822;7;6,5;11,9;608,8;38,8;0;0
2024-08;LOAD-M-05-0822;7;6,5;11,9;608,8;38,8;0;0
2024-09;LOAD-M-05-0822;21;6,5;11,9;1826,4;116,3;0;0
2024-10;LOAD-M-05-0822;14;6,5;11,9;1217,6;77,5;0;0
2024-11;LOAD-M-05-0822;8;6,5;11,9;695,77;44,3;0;0
2024-12;LOAD-M-05-0822;13;6,5;11,9;1130,63;72,0;0;0
2025-01;LOAD-M-05-0822;22;6,5;11,9;1913,37;121,8;0;0
2025-02;LOAD-M-05-0822;19;6,5;11,9;1652,46;105,2;0;0
2025-03;LOAD-M-05-0822;18;6,5;11,9;1565,49;99,7;0;0
2025-04;LOAD-M-05-0822;7;6,5;11,9;608,8;38,8;0;0
2025-05;LOAD-M-05-0822;15;6,5;11,9;1304,57;83,1;0;0
2025-06;LOAD-M-05-0822;5;6,5;11,9;434,86;27,7;0;0
2025-07;LOAD-M-05-0822;5;6,5;11,9;434,86;27,7;0;0
2025-08;LOAD-M-05-0822;14;6,5;11,9;1217,6;77,5;0;0
2025-09;LOAD-M-05-0822;9;6,5;11,9;782,74;49,8;0;0
2025-10;LOAD-M-05-0822;21;6,5;11,9;1826,4;116,3;0;0
2025-11;LOAD-M-05-0822;10;6,5;11,9;869,72;55,4;0;0
2025-12;LOAD-M-05-0822;14;6,5;11,9;1217,6;77,5;0;0
2024-01;TMM-04-0593;0;1;1,6;0,0;0,0;1;0
2024-02;TMM-04-0593;1;1;1,6;560,56;36,0;0;0
2024-03;TMM-04-0593;2;1;1,6;1121,13;72,0;0;0
2024-04;TMM-04-0593;1;1;1,6;560,56;36,0;0;0
2024-05;TMM-04-0593;1;1;1,6;560,56;36,0;0;0
2024-06;TMM-04-0593;0;1;1,6;0,0;0,0;1;0
2024-07;TMM-04-0593;2;1;1,6;1121,13;72,0;0;0
2024-08;TMM-04-0593;0;1;1,6;0,0;0,0;1;0
2024-09;TMM-04-0593;1;1;1,6;560,56;36,0;0;0
2024-10;TMM-04-0593;2;1;1,6;1121,13;72,0;0;0
2024-11;TMM-04-0593;1;1;1,6;560,56;36,0;0;0
2024-12;TMM-04-0593;1;1;1,6;560,56;36,0;0;0
2025-01;TMM-04-0593;1;1;1,6;560,56;36,0;0;0
2025-02;TMM-04-0593;2;1;1,6;1121,13;72,0;0;0
2025-03;TMM-04-0593;2;1;1,6;1121,13;72,0;0;0
2025-04;TMM-04-0593;1;1;1,6;560,56;36,0;0;0
2025-05;TMM-04-0593;0;1;1,6;0,0;0,0;1;0
2025-06;TMM-04-0593;2;1;1,6;1121,13;72,0;0;0
2025-07;TMM-04-0593;1;1;1,6;560,56;36,0;0;0
2025-08;TMM-04-0593;2;1;1,6;1121,13;72,0;0;0
2025-09;TMM-04-0593;1;1;1,6;560,56;36,0;0;0
2025-10;TMM-04-0593;1;1;1,6;560,56;36,0;0;0
2025-11;TMM-04-0593;0;1;1,6;0,0;0,0;1;0
2025-12;TMM-04-0593;1;1;1,6;560,56;36,0;0;0
2024-01;MRT-05-0374;14;5,3;8,5;1756,94;59,6;0;0
2024-02;MRT-05-0374;11;5,3;8,5;1380,45;46,9;0;0
2024-03;MRT-05-0374;11;5,3;8,5;1380,45;46,9;0;0
2024-04;MRT-05-0374;8;5,3;8,5;1003,96;34,1;0;0
2024-05;MRT-05-0374;8;5,3;8,5;1003,96;34,1;0;0
2024-06;MRT-05-0374;9;5,3;8,5;1129,46;38,3;0;0
2024-07;MRT-05-0374;7;5,3;8,5;878,47;29,8;0;0
2024-08;MRT-05-0374;3;5,3;8,5;376,49;12,8;0;0
2024-09;MRT-05-0374;5;5,3;8,5;627,48;21,3;0;0
2024-10;MRT-05-0374;10;5,3;8,5;1254,95;42,6;0;0
2024-11;MRT-05-0374;5;5,3;8,5;627,48;21,3;0;0
2024-12;MRT-05-0374;13;5,3;8,5;1631,44;55,4;0;0
2025-01;MRT-05-0374;8;5,3;8,5;1003,96;34,1;0;0
2025-02;MRT-05-0374;13;5,3;8,5;1631,44;55,4;0;0
2025-03;MRT-05-0374;12;5,3;8,5;1505,95;51,1;0;0
2025-04;MRT-05-0374;14;5,3;8,5;1756,94;59,6;0;0
2025-05;MRT-05-0374;3;5,3;8,5;376,49;12,8;0;0
2025-06;MRT-05-0374;7;5,3;8,5;878,47;29,8;0;0
2025-07;MRT-05-0374;5;5,3;8,5;627,48;21,3;0;0
2025-08;MRT-05-0374;9;5,3;8,5;1129,46;38,3;0;0
2025-09;MRT-05-0374;11;5,3;8,5;1380,45;46,9;0;0
2025-10;MRT-05-0374;13;5,3;8,5;1631,44;55,4;0;0
2025-11;MRT-05-0374;8;5,3;8,5;1003,96;34,1;0;0
2025-12;MRT-05-0374;4;5,3;8,5;501,98;17,0;0;0
2024-01;MLT-10-0363;14;5,4;9,8;3379,99;65,9;0;0
2024-02;MLT-10-0363;1;5,4;9,8;241,43;4,7;0;0
2024-03;MLT-10-0363;10;5,4;9,8;2414,28;47,1;0;0
2024-04;MLT-10-0363;18;5,4;9,8;4345,7;84,7;0;0
2024-05;MLT-10-0363;3;5,4;9,8;724,28;14,1;0;0
2024-06;MLT-10-0363;8;5,4;9,8;1931,42;37,6;0;0
2024-07;MLT-10-0363;11;5,4;9,8;2655,71;51,8;0;0
2024-08;MLT-10-0363;8;5,4;9,8;1931,42;37,6;0;0
2024-09;MLT-10-0363;5;5,4;9,8;1207,14;23,5;0;0
2024-10;MLT-10-0363;8;5,4;9,8;1931,42;37,6;0;0
2024-11;MLT-10-0363;15;5,4;9,8;3621,42;70,6;0;0
2024-12;MLT-10-0363;15;5,4;9,8;3621,42;70,6;0;0
2025-01;MLT-10-0363;12;5,4;9,8;2897,13;56,5;0;0
2025-02;MLT-10-0363;5;5,4;9,8;1207,14;23,5;0;0
2025-03;MLT-10-0363;20;5,4;9,8;4828,56;94,1;0;0
2025-04;MLT-10-0363;21;5,4;9,8;5069,99;98,8;0;0
2025-05;MLT-10-0363;19;5,4;9,8;4587,13;89,4;0;0
2025-06;MLT-10-0363;5;5,4;9,8;1207,14;23,5;0;0
2025-07;MLT-10-0363;3;5,4;9,8;724,28;14,1;0;0
2025-08;MLT-10-0363;9;5,4;9,8;2172,85;42,4;0;0
2025-09;MLT-10-0363;6;5,4;9,8;1448,57;28,2;0;0
2025-10;MLT-10-0363;10;5,4;9,8;2414,28;47,1;0;0
2025-11;MLT-10-0363;11;5,4;9,8;2655,71;51,8;0;0
2025-12;MLT-10-0363;9;5,4;9,8;2172,85;42,4;0;0
2024-01;MT-02-0158;27;9,3;17,1;6459,31;104,0;0;0
2024-02;MT-02-0158;6;9,3;17,1;1435,4;23,1;0;0
2024-03;MT-02-0158;3;9,3;17,1;717,7;11,6;0;0
2024-04;MT-02-0158;4;9,3;17,1;956,94;15,4;0;0
2024-05;MT-02-0158;11;9,3;17,1;2631,57;42,4;0;0
2024-06;MT-02-0158;3;9,3;17,1;717,7;11,6;0;0
2024-07;MT-02-0158;11;9,3;17,1;2631,57;42,4;0;0
2024-08;MT-02-0158;12;9,3;17,1;2870,81;46,2;0;0
2024-09;MT-02-0158;10;9,3;17,1;2392,34;38,5;0;0
2024-10;MT-02-0158;15;9,3;17,1;3588,51;57,8;0;0
2024-11;MT-02-0158;17;9,3;17,1;4066,98;65,5;0;0
2024-12;MT-02-0158;18;9,3;17,1;4306,21;69,3;0;0
2025-01;MT-02-0158;18;9,3;17,1;4306,21;69,3;0;0
2025-02;MT-02-0158;21;9,3;17,1;5023,91;80,9;0;0
2025-03;MT-02-0158;13;9,3;17,1;3110,04;50,1;0;0
2025-04;MT-02-0158;30;9,3;17,1;7177,02;115,5;0;0
2025-05;MT-02-0158;1;9,3;17,1;239,23;3,9;0;0
2025-06;MT-02-0158;15;9,3;17,1;3588,51;57,8;0;0
2025-07;MT-02-0158;0;9,3;17,1;0,0;0,0;1;0
2025-08;MT-02-0158;5;9,3;17,1;1196,17;19,3;0;0
2025-09;MT-02-0158;24;9,3;17,1;5741,61;92,4;0;0
2025-10;MT-02-0158;20;9,3;17,1;4784,68;77,0;0;0
2025-11;MT-02-0158;19;9,3;17,1;4545,44;73,2;0;0
2025-12;MT-02-0158;7;9,3;17,1;1674,64;27,0;0;0
2024-01;MT-10-0161;12;8,3;15,3;2757,72;51,7;0;0
2024-02;MT-10-0161;19;8,3;15,3;4366,4;81,9;0;0
2024-03;MT-10-0161;5;8,3;15,3;1149,05;21,6;0;0
2024-04;MT-10-0161;15;8,3;15,3;3447,15;64,7;0;0
2024-05;MT-10-0161;13;8,3;15,3;2987,53;56,0;0;0
2024-06;MT-10-0161;15;8,3;15,3;3447,15;64,7;0;0
2024-07;MT-10-0161;12;8,3;15,3;2757,72;51,7;0;0
2024-08;MT-10-0161;14;8,3;15,3;3217,34;60,4;0;0
2024-09;MT-10-0161;17;8,3;15,3;3906,78;73,3;0;0
2024-10;MT-10-0161;13;8,3;15,3;2987,53;56,0;0;0
2024-11;MT-10-0161;13;8,3;15,3;2987,53;56,0;0;0
2024-12;MT-10-0161;19;8,3;15,3;4366,4;81,9;0;0
2025-01;MT-10-0161;11;8,3;15,3;2527,91;47,4;0;0
2025-02;MT-10-0161;24;8,3;15,3;5515,45;103,5;0;0
2025-03;MT-10-0161;15;8,3;15,3;3447,15;64,7;0;0
2025-04;MT-10-0161;6;8,3;15,3;1378,86;25,9;0;0
2025-05;MT-10-0161;18;8,3;15,3;4136,59;77,6;0;0
2025-06;MT-10-0161;24;8,3;15,3;5515,45;103,5;0;0
2025-07;MT-10-0161;0;8,3;15,3;0,0;0,0;1;0
2025-08;MT-10-0161;15;8,3;15,3;3447,15;64,7;0;0
2025-09;MT-10-0161;21;8,3;15,3;4826,02;90,5;0;0
2025-10;MT-10-0161;16;8,3;15,3;3676,97;69,0;0;0
2025-11;MT-10-0161;7;8,3;15,3;1608,67;30,2;0;0
2025-12;MT-10-0161;28;8,3;15,3;6434,69;120,7;0;0
2024-01;LOAD-09-0789;9;4,7;8,7;2027,95;102,9;0;0
2024-02;LOAD-09-0789;7;4,7;8,7;1577,3;80,0;0;0
2024-03;LOAD-09-0789;2;4,7;8,7;450,66;22,9;0;0
2024-04;LOAD-09-0789;10;4,7;8,7;2253,28;114,3;0;0
2024-05;LOAD-09-0789;5;4,7;8,7;1126,64;57,1;0;0
2024-06;LOAD-09-0789;11;4,7;8,7;2478,61;125,7;0;0
2024-07;LOAD-09-0789;7;4,7;8,7;1577,3;80,0;0;0
2024-08;LOAD-09-0789;11;4,7;8,7;2478,61;125,7;0;0
2024-09;LOAD-09-0789;2;4,7;8,7;450,66;22,9;0;0
2024-10;LOAD-09-0789;10;4,7;8,7;2253,28;114,3;0;0
2024-11;LOAD-09-0789;2;4,7;8,7;450,66;22,9;0;0
2024-12;LOAD-09-0789;13;4,7;8,7;2929,26;148,6;0;0
2025-01;LOAD-09-0789;6;4,7;8,7;1351,97;68,6;0;0
2025-02;LOAD-09-0789;3;4,7;8,7;675,98;34,3;0;0
2025-03;LOAD-09-0789;3;4,7;8,7;675,98;34,3;0;0
2025-04;LOAD-09-0789;6;4,7;8,7;1351,97;68,6;0;0
2025-05;LOAD-09-0789;14;4,7;8,7;3154,59;160,0;0;0
2025-06;LOAD-09-0789;4;4,7;8,7;901,31;45,7;0;0
2025-07;LOAD-09-0789;12;4,7;8,7;2703,93;137,1;0;0
2025-08;LOAD-09-0789;7;4,7;8,7;1577,3;80,0;0;0
2025-09;LOAD-09-0789;15;4,7;8,7;3379,92;171,4;0;0
2025-10;LOAD-09-0789;8;4,7;8,7;1802,62;91,4;0;0
2025-11;LOAD-09-0789;3;4,7;8,7;675,98;34,3;0;0
2025-12;LOAD-09-0789;11;4,7;8,7;2478,61;125,7;0;0
2024-01;MT-06-0168;51;17,4;32,0;4570,27;73,7;0;0
2024-02;MT-06-0168;44;17,4;32,0;3942,98;63,6;0;0
2024-03;MT-06-0168;66;17,4;32,0;5914,47;95,4;0;0
2024-04;MT-06-0168;23;17,4;32,0;2061,1;33,3;0;0
2024-05;MT-06-0168;37;17,4;32,0;3315,69;53,5;0;0
2024-06;MT-06-0168;30;17,4;32,0;2688,39;43,4;0;0
2024-07;MT-06-0168;34;17,4;32,0;3046,85;49,2;0;0
2024-08;MT-06-0168;30;17,4;32,0;2688,39;43,4;0;0
2024-09;MT-06-0168;36;17,4;32,0;3226,07;52,0;0;0
2024-10;MT-06-0168;27;17,4;32,0;2419,56;39,0;0;0
2024-11;MT-06-0168;12;17,4;32,0;1075,36;17,3;0;0
2024-12;MT-06-0168;18;17,4;32,0;1613,04;26,0;0;0
2025-01;MT-06-0168;32;17,4;32,0;2867,62;46,3;0;0
2025-02;MT-06-0168;82;17,4;32,0;7348,28;118,6;0;0
2025-03;MT-06-0168;46;17,4;32,0;4122,21;66,5;0;0
2025-04;MT-06-0168;17;17,4;32,0;1523,42;24,6;0;0
2025-05;MT-06-0168;53;17,4;32,0;4749,5;76,6;0;0
2025-06;MT-06-0168;47;17,4;32,0;4211,82;68,0;0;0
2025-07;MT-06-0168;27;17,4;32,0;2419,56;39,0;0;0
2025-08;MT-06-0168;21;17,4;32,0;1881,88;30,4;0;0
2025-09;MT-06-0168;30;17,4;32,0;2688,39;43,4;0;0
2025-10;MT-06-0168;40;17,4;32,0;3584,53;57,8;0;0
2025-11;MT-06-0168;4;17,4;32,0;358,45;5,8;0;0
2025-12;MT-06-0168;44;17,4;32,0;3942,98;63,6;0;0
2024-01;MT-02-0055;9;4,1;7,5;1889,44;36,8;0;0
2024-02;MT-02-0055;11;4,1;7,5;2309,31;45,0;0;0
2024-03;MT-02-0055;0;4,1;7,5;0,0;0,0;1;0
2024-04;MT-02-0055;3;4,1;7,5;629,81;12,3;0;0
2024-05;MT-02-0055;2;4,1;7,5;419,88;8,2;0;0
2024-06;MT-02-0055;8;4,1;7,5;1679,5;32,7;0;0
2024-07;MT-02-0055;11;4,1;7,5;2309,31;45,0;0;0
2024-08;MT-02-0055;4;4,1;7,5;839,75;16,4;0;0
2024-09;MT-02-0055;6;4,1;7,5;1259,63;24,5;0;0
2024-10;MT-02-0055;8;4,1;7,5;1679,5;32,7;0;0
2024-11;MT-02-0055;22;4,1;7,5;4618,63;90,0;0;0
2024-12;MT-02-0055;4;4,1;7,5;839,75;16,4;0;0
2025-01;MT-02-0055;7;4,1;7,5;1469,56;28,6;0;0
2025-02;MT-02-0055;5;4,1;7,5;1049,69;20,5;0;0
2025-03;MT-02-0055;6;4,1;7,5;1259,63;24,5;0;0
2025-04;MT-02-0055;10;4,1;7,5;2099,38;40,9;0;0
2025-05;MT-02-0055;1;4,1;7,5;209,94;4,1;0;0
2025-06;MT-02-0055;16;4,1;7,5;3359,0;65,5;0;0
2025-07;MT-02-0055;4;4,1;7,5;839,75;16,4;0;0
2025-08;MT-02-0055;0;4,1;7,5;0,0;0,0;1;0
2025-09;MT-02-0055;9;4,1;7,5;1889,44;36,8;0;0
2025-10;MT-02-0055;5;4,1;7,5;1049,69;20,5;0;0
2025-11;MT-02-0055;14;4,1;7,5;2939,13;57,3;0;0
2025-12;MT-02-0055;11;4,1;7,5;2309,31;45,0;0;0
2024-01;MLT-07-0236;9;8,3;15,3;3444,43;58,4;0;0
2024-02;MLT-07-0236;4;8,3;15,3;1530,86;25,9;0;0
2024-03;MLT-07-0236;12;8,3;15,3;4592,57;77,8;0;0
2024-04;MLT-07-0236;3;8,3;15,3;1148,14;19,5;0;0
2024-05;MLT-07-0236;25;8,3;15,3;9567,85;162,2;0;0
2024-06;MLT-07-0236;15;8,3;15,3;5740,71;97,3;0;0
2024-07;MLT-07-0236;9;8,3;15,3;3444,43;58,4;0;0
2024-08;MLT-07-0236;11;8,3;15,3;4209,86;71,4;0;0
2024-09;MLT-07-0236;3;8,3;15,3;1148,14;19,5;0;0
2024-10;MLT-07-0236;15;8,3;15,3;5740,71;97,3;0;0
2024-11;MLT-07-0236;16;8,3;15,3;6123,43;103,8;0;0
2024-12;MLT-07-0236;34;8,3;15,3;13012,28;220,5;0;0
2025-01;MLT-07-0236;5;8,3;15,3;1913,57;32,4;0;0
2025-02;MLT-07-0236;25;8,3;15,3;9567,85;162,2;0;0
2025-03;MLT-07-0236;14;8,3;15,3;5358,0;90,8;0;0
2025-04;MLT-07-0236;7;8,3;15,3;2679,0;45,4;0;0
2025-05;MLT-07-0236;13;8,3;15,3;4975,28;84,3;0;0
2025-06;MLT-07-0236;17;8,3;15,3;6506,14;110,3;0;0
2025-07;MLT-07-0236;27;8,3;15,3;10333,28;175,1;0;0
2025-08;MLT-07-0236;20;8,3;15,3;7654,28;129,7;0;0
2025-09;MLT-07-0236;19;8,3;15,3;7271,57;123,2;0;0
2025-10;MLT-07-0236;8;8,3;15,3;3061,71;51,9;0;0
2025-11;MLT-07-0236;6;8,3;15,3;2296,29;38,9;0;0
2025-12;MLT-07-0236;5;8,3;15,3;1913,57;32,4;0;0
2024-01;MT-03-0042;2;1,2;2,0;743,62;13,2;0;0
2024-02;MT-03-0042;3;1,2;2,0;1115,44;19,8;0;0
2024-03;MT-03-0042;0;1,2;2,0;0,0;0,0;1;0
2024-04;MT-03-0042;0;1,2;2,0;0,0;0,0;1;0
2024-05;MT-03-0042;2;1,2;2,0;743,62;13,2;0;0
2024-06;MT-03-0042;1;1,2;2,0;371,81;6,6;0;0
2024-07;MT-03-0042;1;1,2;2,0;371,81;6,6;0;0
2024-08;MT-03-0042;1;1,2;2,0;371,81;6,6;0;0
2024-09;MT-03-0042;2;1,2;2,0;743,62;13,2;0;0
2024-10;MT-03-0042;1;1,2;2,0;371,81;6,6;0;0
2024-11;MT-03-0042;0;1,2;2,0;0,0;0,0;1;0
2024-12;MT-03-0042;2;1,2;2,0;743,62;13,2;0;0
2025-01;MT-03-0042;1;1,2;2,0;371,81;6,6;0;0
2025-02;MT-03-0042;2;1,2;2,0;743,62;13,2;0;0
2025-03;MT-03-0042;0;1,2;2,0;0,0;0,0;1;0
2025-04;MT-03-0042;2;1,2;2,0;743,62;13,2;0;0
2025-05;MT-03-0042;2;1,2;2,0;743,62;13,2;0;0
2025-06;MT-03-0042;1;1,2;2,0;371,81;6,6;0;0
2025-07;MT-03-0042;1;1,2;2,0;371,81;6,6;0;0
2025-08;MT-03-0042;0;1,2;2,0;0,0;0,0;1;0
2025-09;MT-03-0042;3;1,2;2,0;1115,44;19,8;0;0
2025-10;MT-03-0042;2;1,2;2,0;743,62;13,2;0;0
2025-11;MT-03-0042;2;1,2;2,0;743,62;13,2;0;0
2025-12;MT-03-0042;2;1,2;2,0;743,62;13,2;0;0
2024-01;TMM-10-0602;0;1;1,6;0,0;0,0;1;0
2024-02;TMM-10-0602;1;1;1,6;257,98;18,0;0;0
2024-03;TMM-10-0602;0;1;1,6;0,0;0,0;1;0
2024-04;TMM-10-0602;2;1;1,6;515,96;36,0;0;0
2024-05;TMM-10-0602;1;1;1,6;257,98;18,0;0;0
2024-06;TMM-10-0602;0;1;1,6;0,0;0,0;1;0
2024-07;TMM-10-0602;1;1;1,6;257,98;18,0;0;0
2024-08;TMM-10-0602;1;1;1,6;257,98;18,0;0;0
2024-09;TMM-10-0602;1;1;1,6;257,98;18,0;0;0
2024-10;TMM-10-0602;0;1;1,6;0,0;0,0;1;0
2024-11;TMM-10-0602;0;1;1,6;0,0;0,0;1;0
2024-12;TMM-10-0602;2;1;1,6;515,96;36,0;0;0
2025-01;TMM-10-0602;2;1;1,6;515,96;36,0;0;0
2025-02;TMM-10-0602;0;1;1,6;0,0;0,0;1;0
2025-03;TMM-10-0602;0;1;1,6;0,0;0,0;1;0
2025-04;TMM-10-0602;1;1;1,6;257,98;18,0;0;0
2025-05;TMM-10-0602;1;1;1,6;257,98;18,0;0;0
2025-06;TMM-10-0602;2;1;1,6;515,96;36,0;0;0
2025-07;TMM-10-0602;2;1;1,6;515,96;36,0;0;0
2025-08;TMM-10-0602;0;1;1,6;0,0;0,0;1;0
2025-09;TMM-10-0602;1;1;1,6;257,98;18,0;0;0
2025-10;TMM-10-0602;2;1;1,6;515,96;36,0;0;0
2025-11;TMM-10-0602;2;1;1,6;515,96;36,0;0;0
2025-12;TMM-10-0602;2;1;1,6;515,96;36,0;0;0
2024-01;TMM-02-0590;1;1;1,8;252,85;26,7;0;0
2024-02;TMM-02-0590;1;1;1,8;252,85;26,7;0;0
2024-03;TMM-02-0590;0;1;1,8;0,0;0,0;1;0
2024-04;TMM-02-0590;1;1;1,8;252,85;26,7;0;0
2024-05;TMM-02-0590;3;1;1,8;758,55;80,0;0;0
2024-06;TMM-02-0590;2;1;1,8;505,7;53,3;0;0
2024-07;TMM-02-0590;1;1;1,8;252,85;26,7;0;0
2024-08;TMM-02-0590;1;1;1,8;252,85;26,7;0;0
2024-09;TMM-02-0590;1;1;1,8;252,85;26,7;0;0
2024-10;TMM-02-0590;1;1;1,8;252,85;26,7;0;0
2024-11;TMM-02-0590;2;1;1,8;505,7;53,3;0;0
2024-12;TMM-02-0590;2;1;1,8;505,7;53,3;0;0
2025-01;TMM-02-0590;0;1;1,8;0,0;0,0;1;0
2025-02;TMM-02-0590;1;1;1,8;252,85;26,7;0;0
2025-03;TMM-02-0590;1;1;1,8;252,85;26,7;0;0
2025-04;TMM-02-0590;1;1;1,8;252,85;26,7;0;0
2025-05;TMM-02-0590;2;1;1,8;505,7;53,3;0;0
2025-06;TMM-02-0590;1;1;1,8;252,85;26,7;0;0
2025-07;TMM-02-0590;3;1;1,8;758,55;80,0;0;0
2025-08;TMM-02-0590;2;1;1,8;505,7;53,3;0;0
2025-09;TMM-02-0590;1;1;1,8;252,85;26,7;0;0
2025-10;TMM-02-0590;1;1;1,8;252,85;26,7;0;0
2025-11;TMM-02-0590;2;1;1,8;505,7;53,3;0;0
2025-12;TMM-02-0590;0;1;1,8;0,0;0,0;1;0
2024-01;MRT-07-0401;1;1,5;2,7;115,84;4,1;0;0
2024-02;MRT-07-0401;2;1,5;2,7;231,69;8,2;0;0
2024-03;MRT-07-0401;2;1,5;2,7;231,69;8,2;0;0
2024-04;MRT-07-0401;2;1,5;2,7;231,69;8,2;0;0
2024-05;MRT-07-0401;3;1,5;2,7;347,53;12,3;0;0
2024-06;MRT-07-0401;0;1,5;2,7;0,0;0,0;1;0
2024-07;MRT-07-0401;3;1,5;2,7;347,53;12,3;0;0
2024-08;MRT-07-0401;2;1,5;2,7;231,69;8,2;0;0
2024-09;MRT-07-0401;2;1,5;2,7;231,69;8,2;0;0
2024-10;MRT-07-0401;3;1,5;2,7;347,53;12,3;0;0
2024-11;MRT-07-0401;1;1,5;2,7;115,84;4,1;0;0
2024-12;MRT-07-0401;1;1,5;2,7;115,84;4,1;0;0
2025-01;MRT-07-0401;5;1,5;2,7;579,22;20,5;0;0
2025-02;MRT-07-0401;1;1,5;2,7;115,84;4,1;0;0
2025-03;MRT-07-0401;1;1,5;2,7;115,84;4,1;0;0
2025-04;MRT-07-0401;0;1,5;2,7;0,0;0,0;1;0
2025-05;MRT-07-0401;0;1,5;2,7;0,0;0,0;1;0
2025-06;MRT-07-0401;3;1,5;2,7;347,53;12,3;0;0
2025-07;MRT-07-0401;2;1,5;2,7;231,69;8,2;0;0
2025-08;MRT-07-0401;3;1,5;2,7;347,53;12,3;0;0
2025-09;MRT-07-0401;2;1,5;2,7;231,69;8,2;0;0
2025-10;MRT-07-0401;1;1,5;2,7;115,84;4,1;0;0
2025-11;MRT-07-0401;3;1,5;2,7;347,53;12,3;0;0
2025-12;MRT-07-0401;0;1,5;2,7;0,0;0,0;1;0
2024-01;LOAD-05-0766;4;3,8;6,9;441,05;17,9;0;0
2024-02;LOAD-05-0766;10;3,8;6,9;1102,64;44,7;0;0
2024-03;LOAD-05-0766;8;3,8;6,9;882,11;35,8;0;0
2024-04;LOAD-05-0766;9;3,8;6,9;992,37;40,2;0;0
2024-05;LOAD-05-0766;3;3,8;6,9;330,79;13,4;0;0
2024-06;LOAD-05-0766;8;3,8;6,9;882,11;35,8;0;0
2024-07;LOAD-05-0766;9;3,8;6,9;992,37;40,2;0;0
2024-08;LOAD-05-0766;9;3,8;6,9;992,37;40,2;0;0
2024-09;LOAD-05-0766;10;3,8;6,9;1102,64;44,7;0;0
2024-10;LOAD-05-0766;6;3,8;6,9;661,58;26,8;0;0
2024-11;LOAD-05-0766;6;3,8;6,9;661,58;26,8;0;0
2024-12;LOAD-05-0766;6;3,8;6,9;661,58;26,8;0;0
2025-01;LOAD-05-0766;2;3,8;6,9;220,53;8,9;0;0
2025-02;LOAD-05-0766;8;3,8;6,9;882,11;35,8;0;0
2025-03;LOAD-05-0766;2;3,8;6,9;220,53;8,9;0;0
2025-04;LOAD-05-0766;6;3,8;6,9;661,58;26,8;0;0
2025-05;LOAD-05-0766;9;3,8;6,9;992,37;40,2;0;0
2025-06;LOAD-05-0766;3;3,8;6,9;330,79;13,4;0;0
2025-07;LOAD-05-0766;0;3,8;6,9;0,0;0,0;1;0
2025-08;LOAD-05-0766;10;3,8;6,9;1102,64;44,7;0;0
2025-09;LOAD-05-0766;2;3,8;6,9;220,53;8,9;0;0
2025-10;LOAD-05-0766;10;3,8;6,9;1102,64;44,7;0;0
2025-11;LOAD-05-0766;2;3,8;6,9;220,53;8,9;0;0
2025-12;LOAD-05-0766;12;3,8;6,9;1323,16;53,7;0;0
2024-01;AWP-07-0699;2;1;1,6;806,64;23,2;0;0
2024-02;AWP-07-0699;2;1;1,6;806,64;23,2;0;0
2024-03;AWP-07-0699;2;1;1,6;806,64;23,2;0;0
2024-04;AWP-07-0699;0;1;1,6;0,0;0,0;1;0
2024-05;AWP-07-0699;1;1;1,6;403,32;11,6;0;0
2024-06;AWP-07-0699;2;1;1,6;806,64;23,2;0;0
2024-07;AWP-07-0699;0;1;1,6;0,0;0,0;1;0
2024-08;AWP-07-0699;1;1;1,6;403,32;11,6;0;0
2024-09;AWP-07-0699;2;1;1,6;806,64;23,2;0;0
2024-10;AWP-07-0699;1;1;1,6;403,32;11,6;0;0
2024-11;AWP-07-0699;1;1;1,6;403,32;11,6;0;0
2024-12;AWP-07-0699;3;1;1,6;1209,97;34,8;0;0
2025-01;AWP-07-0699;1;1;1,6;403,32;11,6;0;0
2025-02;AWP-07-0699;1;1;1,6;403,32;11,6;0;0
2025-03;AWP-07-0699;1;1;1,6;403,32;11,6;0;0
2025-04;AWP-07-0699;0;1;1,6;0,0;0,0;1;0
2025-05;AWP-07-0699;1;1;1,6;403,32;11,6;0;0
2025-06;AWP-07-0699;1;1;1,6;403,32;11,6;0;0
2025-07;AWP-07-0699;0;1;1,6;0,0;0,0;1;0
2025-08;AWP-07-0699;1;1;1,6;403,32;11,6;0;0
2025-09;AWP-07-0699;1;1;1,6;403,32;11,6;0;0
2025-10;AWP-07-0699;1;1;1,6;403,32;11,6;0;0
2025-11;AWP-07-0699;1;1;1,6;403,32;11,6;0;0
2025-12;AWP-07-0699;1;1;1,6;403,32;11,6;0;0
2024-01;MRT-03-0375;0;1;1,4;0,0;0,0;1;0
2024-02;MRT-03-0375;0;1;1,4;0,0;0,0;1;0
2024-03;MRT-03-0375;1;1;1,4;200,88;7,9;0;0
2024-04;MRT-03-0375;2;1;1,4;401,76;15,8;0;0
2024-05;MRT-03-0375;0;1;1,4;0,0;0,0;1;0
2024-06;MRT-03-0375;2;1;1,4;401,76;15,8;0;0
2024-07;MRT-03-0375;1;1;1,4;200,88;7,9;0;0
2024-08;MRT-03-0375;0;1;1,4;0,0;0,0;1;0
2024-09;MRT-03-0375;0;1;1,4;0,0;0,0;1;0
2024-10;MRT-03-0375;1;1;1,4;200,88;7,9;0;0
2024-11;MRT-03-0375;1;1;1,4;200,88;7,9;0;0
2024-12;MRT-03-0375;1;1;1,4;200,88;7,9;0;0
2025-01;MRT-03-0375;1;1;1,4;200,88;7,9;0;0
2025-02;MRT-03-0375;1;1;1,4;200,88;7,9;0;0
2025-03;MRT-03-0375;1;1;1,4;200,88;7,9;0;0
2025-04;MRT-03-0375;1;1;1,4;200,88;7,9;0;0
2025-05;MRT-03-0375;0;1;1,4;0,0;0,0;1;0
2025-06;MRT-03-0375;1;1;1,4;200,88;7,9;0;0
2025-07;MRT-03-0375;0;1;1,4;0,0;0,0;1;0
2025-08;MRT-03-0375;1;1;1,4;200,88;7,9;0;0
2025-09;MRT-03-0375;2;1;1,4;401,76;15,8;0;0
2025-10;MRT-03-0375;1;1;1,4;200,88;7,9;0;0
2025-11;MRT-03-0375;0;1;1,4;0,0;0,0;1;0
2025-12;MRT-03-0375;2;1;1,4;401,76;15,8;0;0
2024-01;MLT-07-0203;9;10,5;19,3;1813,75;30,7;0;0
2024-02;MLT-07-0203;26;10,5;19,3;5239,72;88,7;0;0
2024-03;MLT-07-0203;36;10,5;19,3;7255,0;122,8;0;0
2024-04;MLT-07-0203;14;10,5;19,3;2821,39;47,8;0;0
2024-05;MLT-07-0203;22;10,5;19,3;4433,61;75,1;0;0
2024-06;MLT-07-0203;22;10,5;19,3;4433,61;75,1;0;0
2024-07;MLT-07-0203;20;10,5;19,3;4030,56;68,2;0;0
2024-08;MLT-07-0203;16;10,5;19,3;3224,44;54,6;0;0
2024-09;MLT-07-0203;22;10,5;19,3;4433,61;75,1;0;0
2024-10;MLT-07-0203;22;10,5;19,3;4433,61;75,1;0;0
2024-11;MLT-07-0203;16;10,5;19,3;3224,44;54,6;0;0
2024-12;MLT-07-0203;23;10,5;19,3;4635,14;78,5;0;0
2025-01;MLT-07-0203;9;10,5;19,3;1813,75;30,7;0;0
2025-02;MLT-07-0203;48;10,5;19,3;9673,33;163,8;0;0
2025-03;MLT-07-0203;21;10,5;19,3;4232,08;71,7;0;0
2025-04;MLT-07-0203;37;10,5;19,3;7456,53;126,3;0;0
2025-05;MLT-07-0203;18;10,5;19,3;3627,5;61,4;0;0
2025-06;MLT-07-0203;13;10,5;19,3;2619,86;44,4;0;0
2025-07;MLT-07-0203;20;10,5;19,3;4030,56;68,2;0;0
2025-08;MLT-07-0203;37;10,5;19,3;7456,53;126,3;0;0
2025-09;MLT-07-0203;15;10,5;19,3;3022,92;51,2;0;0
2025-10;MLT-07-0203;8;10,5;19,3;1612,22;27,3;0;0
2025-11;MLT-07-0203;20;10,5;19,3;4030,56;68,2;0;0
2025-12;MLT-07-0203;30;10,5;19,3;6045,83;102,4;0;0
2024-01;MT-05-0146;49;15,1;27,8;9237,19;174,7;0;0
2024-02;MT-05-0146;10;15,1;27,8;1885,14;35,6;0;0
2024-03;MT-05-0146;18;15,1;27,8;3393,25;64,2;0;0
2024-04;MT-05-0146;27;15,1;27,8;5089,88;96,2;0;0
2024-05;MT-05-0146;20;15,1;27,8;3770,28;71,3;0;0
2024-06;MT-05-0146;48;15,1;27,8;9048,67;171,1;0;0
2024-07;MT-05-0146;10;15,1;27,8;1885,14;35,6;0;0
2024-08;MT-05-0146;14;15,1;27,8;2639,2;49,9;0;0
2024-09;MT-05-0146;29;15,1;27,8;5466,91;103,4;0;0
2024-10;MT-05-0146;32;15,1;27,8;6032,45;114,1;0;0
2024-11;MT-05-0146;15;15,1;27,8;2827,71;53,5;0;0
2024-12;MT-05-0146;42;15,1;27,8;7917,59;149,7;0;0
2025-01;MT-05-0146;58;15,1;27,8;10933,81;206,7;0;0
2025-02;MT-05-0146;26;15,1;27,8;4901,36;92,7;0;0
2025-03;MT-05-0146;28;15,1;27,8;5278,39;99,8;0;0
2025-04;MT-05-0146;43;15,1;27,8;8106,1;153,3;0;0
2025-05;MT-05-0146;20;15,1;27,8;3770,28;71,3;0;0
2025-06;MT-05-0146;36;15,1;27,8;6786,51;128,3;0;0
2025-07;MT-05-0146;27;15,1;27,8;5089,88;96,2;0;0
2025-08;MT-05-0146;25;15,1;27,8;4712,85;89,1;0;0
2025-09;MT-05-0146;32;15,1;27,8;6032,45;114,1;0;0
2025-10;MT-05-0146;24;15,1;27,8;4524,34;85,5;0;0
2025-11;MT-05-0146;50;15,1;27,8;9425,7;178,2;0;0
2025-12;MT-05-0146;31;15,1;27,8;5843,93;110,5;0;0
2024-01;MT-07-0126;2;1,4;2,6;897,35;16,7;0;0
2024-02;MT-07-0126;3;1,4;2,6;1346,03;25,1;0;0
2024-03;MT-07-0126;3;1,4;2,6;1346,03;25,1;0;0
2024-04;MT-07-0126;4;1,4;2,6;1794,71;33,5;0;0
2024-05;MT-07-0126;1;1,4;2,6;448,68;8,4;0;0
2024-06;MT-07-0126;2;1,4;2,6;897,35;16,7;0;0
2024-07;MT-07-0126;0;1,4;2,6;0,0;0,0;1;0
2024-08;MT-07-0126;1;1,4;2,6;448,68;8,4;0;0
2024-09;MT-07-0126;1;1,4;2,6;448,68;8,4;0;0
2024-10;MT-07-0126;0;1,4;2,6;0,0;0,0;1;0
2024-11;MT-07-0126;2;1,4;2,6;897,35;16,7;0;0
2024-12;MT-07-0126;0;1,4;2,6;0,0;0,0;1;0
2025-01;MT-07-0126;3;1,4;2,6;1346,03;25,1;0;0
2025-02;MT-07-0126;2;1,4;2,6;897,35;16,7;0;0
2025-03;MT-07-0126;3;1,4;2,6;1346,03;25,1;0;0
2025-04;MT-07-0126;3;1,4;2,6;1346,03;25,1;0;0
2025-05;MT-07-0126;2;1,4;2,6;897,35;16,7;0;0
2025-06;MT-07-0126;1;1,4;2,6;448,68;8,4;0;0
2025-07;MT-07-0126;3;1,4;2,6;1346,03;25,1;0;0
2025-08;MT-07-0126;2;1,4;2,6;897,35;16,7;0;0
2025-09;MT-07-0126;0;1,4;2,6;0,0;0,0;1;0
2025-10;MT-07-0126;4;1,4;2,6;1794,71;33,5;0;0
2025-11;MT-07-0126;4;1,4;2,6;1794,71;33,5;0;0
2025-12;MT-07-0126;3;1,4;2,6;1346,03;25,1;0;0
2024-01;TMM-10-0614;2;1,3;2,4;687,17;55,4;0;0
2024-02;TMM-10-0614;2;1,3;2,4;687,17;55,4;0;0
2024-03;TMM-10-0614;1;1,3;2,4;343,59;27,7;0;0
2024-04;TMM-10-0614;2;1,3;2,4;687,17;55,4;0;0
2024-05;TMM-10-0614;4;1,3;2,4;1374,35;110,8;0;0
2024-06;TMM-10-0614;3;1,3;2,4;1030,76;83,1;0;0
2024-07;TMM-10-0614;1;1,3;2,4;343,59;27,7;0;0
2024-08;TMM-10-0614;3;1,3;2,4;1030,76;83,1;0;0
2024-09;TMM-10-0614;2;1,3;2,4;687,17;55,4;0;0
2024-10;TMM-10-0614;1;1,3;2,4;343,59;27,7;0;0
2024-11;TMM-10-0614;1;1,3;2,4;343,59;27,7;0;0
2024-12;TMM-10-0614;1;1,3;2,4;343,59;27,7;0;0
2025-01;TMM-10-0614;2;1,3;2,4;687,17;55,4;0;0
2025-02;TMM-10-0614;1;1,3;2,4;343,59;27,7;0;0
2025-03;TMM-10-0614;1;1,3;2,4;343,59;27,7;0;0
2025-04;TMM-10-0614;2;1,3;2,4;687,17;55,4;0;0
2025-05;TMM-10-0614;2;1,3;2,4;687,17;55,4;0;0
2025-06;TMM-10-0614;3;1,3;2,4;1030,76;83,1;0;0
2025-07;TMM-10-0614;3;1,3;2,4;1030,76;83,1;0;0
2025-08;TMM-10-0614;1;1,3;2,4;343,59;27,7;0;0
2025-09;TMM-10-0614;2;1,3;2,4;687,17;55,4;0;0
2025-10;TMM-10-0614;2;1,3;2,4;687,17;55,4;0;0
2025-11;TMM-10-0614;1;1,3;2,4;343,59;27,7;0;0
2025-12;TMM-10-0614;1;1,3;2,4;343,59;27,7;0;0
2024-01;MLT-07-0300;8;7,2;13,2;2526,27;40,0;0;0
2024-02;MLT-07-0300;22;7,2;13,2;6947,23;110,0;0;0
2024-03;MLT-07-0300;30;7,2;13,2;9473,49;150,0;0;0
2024-04;MLT-07-0300;21;7,2;13,2;6631,45;105,0;0;0
2024-05;MLT-07-0300;13;7,2;13,2;4105,18;65,0;0;0
2024-06;MLT-07-0300;18;7,2;13,2;5684,1;90,0;0;0
2024-07;MLT-07-0300;7;7,2;13,2;2210,48;35,0;0;0
2024-08;MLT-07-0300;2;7,2;13,2;631,57;10,0;0;0
2024-09;MLT-07-0300;18;7,2;13,2;5684,1;90,0;0;0
2024-10;MLT-07-0300;10;7,2;13,2;3157,83;50,0;0;0
2024-11;MLT-07-0300;15;7,2;13,2;4736,75;75,0;0;0
2024-12;MLT-07-0300;16;7,2;13,2;5052,53;80,0;0;0
2025-01;MLT-07-0300;16;7,2;13,2;5052,53;80,0;0;0
2025-02;MLT-07-0300;19;7,2;13,2;5999,88;95,0;0;0
2025-03;MLT-07-0300;5;7,2;13,2;1578,92;25,0;0;0
2025-04;MLT-07-0300;6;7,2;13,2;1894,7;30,0;0;0
2025-05;MLT-07-0300;13;7,2;13,2;4105,18;65,0;0;0
2025-06;MLT-07-0300;13;7,2;13,2;4105,18;65,0;0;0
2025-07;MLT-07-0300;20;7,2;13,2;6315,66;100,0;0;0
2025-08;MLT-07-0300;23;7,2;13,2;7263,01;115,0;0;0
2025-09;MLT-07-0300;12;7,2;13,2;3789,4;60,0;0;0
2025-10;MLT-07-0300;25;7,2;13,2;7894,58;125,0;0;0
2025-11;MLT-07-0300;0;7,2;13,2;0,0;0,0;1;0
2025-12;MLT-07-0300;3;7,2;13,2;947,35;15,0;0;0
2024-01;MLT-10-0333;11;5,9;10,9;3314,33;66,6;0;0
2024-02;MLT-10-0333;9;5,9;10,9;2711,72;54,5;0;0
2024-03;MLT-10-0333;14;5,9;10,9;4218,24;84,7;0;0
2024-04;MLT-10-0333;8;5,9;10,9;2410,42;48,4;0;0
2024-05;MLT-10-0333;9;5,9;10,9;2711,72;54,5;0;0
2024-06;MLT-10-0333;6;5,9;10,9;1807,82;36,3;0;0
2024-07;MLT-10-0333;17;5,9;10,9;5122,15;102,9;0;0
2024-08;MLT-10-0333;11;5,9;10,9;3314,33;66,6;0;0
2024-09;MLT-10-0333;2;5,9;10,9;602,61;12,1;0;0
2024-10;MLT-10-0333;11;5,9;10,9;3314,33;66,6;0;0
2024-11;MLT-10-0333;12;5,9;10,9;3615,63;72,6;0;0
2024-12;MLT-10-0333;27;5,9;10,9;8135,17;163,4;0;0
2025-01;MLT-10-0333;7;5,9;10,9;2109,12;42,4;0;0
2025-02;MLT-10-0333;17;5,9;10,9;5122,15;102,9;0;0
2025-03;MLT-10-0333;12;5,9;10,9;3615,63;72,6;0;0
2025-04;MLT-10-0333;9;5,9;10,9;2711,72;54,5;0;0
2025-05;MLT-10-0333;16;5,9;10,9;4820,84;96,8;0;0
2025-06;MLT-10-0333;2;5,9;10,9;602,61;12,1;0;0
2025-07;MLT-10-0333;2;5,9;10,9;602,61;12,1;0;0
2025-08;MLT-10-0333;5;5,9;10,9;1506,51;30,3;0;0
2025-09;MLT-10-0333;20;5,9;10,9;6026,05;121,0;0;0
2025-10;MLT-10-0333;6;5,9;10,9;1807,82;36,3;0;0
2025-11;MLT-10-0333;16;5,9;10,9;4820,84;96,8;0;0
2025-12;MLT-10-0333;15;5,9;10,9;4519,54;90,8;0;0
2024-01;MI-MC-06-0476;6;2,3;4,2;569,19;15,7;0;0
2024-02;MI-MC-06-0476;6;2,3;4,2;569,19;15,7;0;0
2024-03;MI-MC-06-0476;1;2,3;4,2;94,86;2,6;0;0
2024-04;MI-MC-06-0476;5;2,3;4,2;474,32;13,1;0;0
2024-05;MI-MC-06-0476;1;2,3;4,2;94,86;2,6;0;0
2024-06;MI-MC-06-0476;2;2,3;4,2;189,73;5,2;0;0
2024-07;MI-MC-06-0476;3;2,3;4,2;284,59;7,9;0;0
2024-08;MI-MC-06-0476;4;2,3;4,2;379,46;10,5;0;0
2024-09;MI-MC-06-0476;5;2,3;4,2;474,32;13,1;0;0
2024-10;MI-MC-06-0476;4;2,3;4,2;379,46;10,5;0;0
2024-11;MI-MC-06-0476;3;2,3;4,2;284,59;7,9;0;0
2024-12;MI-MC-06-0476;6;2,3;4,2;569,19;15,7;0;0
2025-01;MI-MC-06-0476;3;2,3;4,2;284,59;7,9;0;0
2025-02;MI-MC-06-0476;2;2,3;4,2;189,73;5,2;0;0
2025-03;MI-MC-06-0476;4;2,3;4,2;379,46;10,5;0;0
2025-04;MI-MC-06-0476;5;2,3;4,2;474,32;13,1;0;0
2025-05;MI-MC-06-0476;4;2,3;4,2;379,46;10,5;0;0
2025-06;MI-MC-06-0476;4;2,3;4,2;379,46;10,5;0;0
2025-07;MI-MC-06-0476;6;2,3;4,2;569,19;15,7;0;0
2025-08;MI-MC-06-0476;4;2,3;4,2;379,46;10,5;0;0
2025-09;MI-MC-06-0476;2;2,3;4,2;189,73;5,2;0;0
2025-10;MI-MC-06-0476;3;2,3;4,2;284,59;7,9;0;0
2025-11;MI-MC-06-0476;4;2,3;4,2;379,46;10,5;0;0
2025-12;MI-MC-06-0476;3;2,3;4,2;284,59;7,9;0;0
2024-01;MLT-07-0294;1;1,5;2,7;301,94;4,1;0;0
2024-02;MLT-07-0294;1;1,5;2,7;301,94;4,1;0;0
2024-03;MLT-07-0294;3;1,5;2,7;905,81;12,2;0;0
2024-04;MLT-07-0294;2;1,5;2,7;603,87;8,1;0;0
2024-05;MLT-07-0294;1;1,5;2,7;301,94;4,1;0;0
2024-06;MLT-07-0294;4;1,5;2,7;1207,74;16,3;0;0
2024-07;MLT-07-0294;5;1,5;2,7;1509,68;20,3;0;0
2024-08;MLT-07-0294;2;1,5;2,7;603,87;8,1;0;0
2024-09;MLT-07-0294;1;1,5;2,7;301,94;4,1;0;0
2024-10;MLT-07-0294;1;1,5;2,7;301,94;4,1;0;0
2024-11;MLT-07-0294;5;1,5;2,7;1509,68;20,3;0;0
2024-12;MLT-07-0294;1;1,5;2,7;301,94;4,1;0;0
2025-01;MLT-07-0294;4;1,5;2,7;1207,74;16,3;0;0
2025-02;MLT-07-0294;3;1,5;2,7;905,81;12,2;0;0
2025-03;MLT-07-0294;3;1,5;2,7;905,81;12,2;0;0
2025-04;MLT-07-0294;4;1,5;2,7;1207,74;16,3;0;0
2025-05;MLT-07-0294;4;1,5;2,7;1207,74;16,3;0;0
2025-06;MLT-07-0294;0;1,5;2,7;0,0;0,0;1;0
2025-07;MLT-07-0294;2;1,5;2,7;603,87;8,1;0;0
2025-08;MLT-07-0294;3;1,5;2,7;905,81;12,2;0;0
2025-09;MLT-07-0294;5;1,5;2,7;1509,68;20,3;0;0
2025-10;MLT-07-0294;3;1,5;2,7;905,81;12,2;0;0
2025-11;MLT-07-0294;2;1,5;2,7;603,87;8,1;0;0
2025-12;MLT-07-0294;2;1,5;2,7;603,87;8,1;0;0
2024-01;AWP-01-0684;20;13,3;21,5;717,4;50,7;0;0
2024-02;AWP-01-0684;37;13,3;21,5;1327,2;93,8;0;0
2024-03;AWP-01-0684;15;13,3;21,5;538,05;38,0;0;0
2024-04;AWP-01-0684;8;13,3;21,5;286,96;20,3;0;0
2024-05;AWP-01-0684;15;13,3;21,5;538,05;38,0;0;0
2024-06;AWP-01-0684;24;13,3;21,5;860,89;60,8;0;0
2024-07;AWP-01-0684;16;13,3;21,5;573,92;40,6;0;0
2024-08;AWP-01-0684;23;13,3;21,5;825,02;58,3;0;0
2024-09;AWP-01-0684;0;13,3;21,5;0,0;0,0;1;0
2024-10;AWP-01-0684;23;13,3;21,5;825,02;58,3;0;0
2024-11;AWP-01-0684;22;13,3;21,5;789,14;55,8;0;0
2024-12;AWP-01-0684;41;13,3;21,5;1470,68;103,9;0;0
2025-01;AWP-01-0684;31;13,3;21,5;1111,98;78,6;0;0
2025-02;AWP-01-0684;14;13,3;21,5;502,18;35,5;0;0
2025-03;AWP-01-0684;28;13,3;21,5;1004,37;71,0;0;0
2025-04;AWP-01-0684;38;13,3;21,5;1363,07;96,3;0;0
2025-05;AWP-01-0684;17;13,3;21,5;609,79;43,1;0;0
2025-06;AWP-01-0684;30;13,3;21,5;1076,11;76,1;0;0
2025-07;AWP-01-0684;34;13,3;21,5;1219,59;86,2;0;0
2025-08;AWP-01-0684;10;13,3;21,5;358,7;25,4;0;0
2025-09;AWP-01-0684;32;13,3;21,5;1147,85;81,1;0;0
2025-10;AWP-01-0684;30;13,3;21,5;1076,11;76,1;0;0
2025-11;AWP-01-0684;15;13,3;21,5;538,05;38,0;0;0
2025-12;AWP-01-0684;13;13,3;21,5;466,31;33,0;0;0
2024-01;LOAD-10-0740;3;1,6;2,6;779,11;30,0;0;0
2024-02;LOAD-10-0740;4;1,6;2,6;1038,82;40,0;0;0
2024-03;LOAD-10-0740;1;1,6;2,6;259,7;10,0;0;0
2024-04;LOAD-10-0740;2;1,6;2,6;519,41;20,0;0;0
2024-05;LOAD-10-0740;3;1,6;2,6;779,11;30,0;0;0
2024-06;LOAD-10-0740;0;1,6;2,6;0,0;0,0;1;0
2024-07;LOAD-10-0740;2;1,6;2,6;519,41;20,0;0;0
2024-08;LOAD-10-0740;2;1,6;2,6;519,41;20,0;0;0
2024-09;LOAD-10-0740;2;1,6;2,6;519,41;20,0;0;0
2024-10;LOAD-10-0740;4;1,6;2,6;1038,82;40,0;0;0
2024-11;LOAD-10-0740;2;1,6;2,6;519,41;20,0;0;0
2024-12;LOAD-10-0740;3;1,6;2,6;779,11;30,0;0;0
2025-01;LOAD-10-0740;2;1,6;2,6;519,41;20,0;0;0
2025-02;LOAD-10-0740;3;1,6;2,6;779,11;30,0;0;0
2025-03;LOAD-10-0740;2;1,6;2,6;519,41;20,0;0;0
2025-04;LOAD-10-0740;2;1,6;2,6;519,41;20,0;0;0
2025-05;LOAD-10-0740;1;1,6;2,6;259,7;10,0;0;0
2025-06;LOAD-10-0740;3;1,6;2,6;779,11;30,0;0;0
2025-07;LOAD-10-0740;1;1,6;2,6;259,7;10,0;0;0
2025-08;LOAD-10-0740;4;1,6;2,6;1038,82;40,0;0;0
2025-09;LOAD-10-0740;3;1,6;2,6;779,11;30,0;0;0
2025-10;LOAD-10-0740;2;1,6;2,6;519,41;20,0;0;0
2025-11;LOAD-10-0740;3;1,6;2,6;779,11;30,0;0;0
2025-12;LOAD-10-0740;3;1,6;2,6;779,11;30,0;0;0
2024-01;MI-MC-10-0560;1;1;1,6;323,48;11,2;0;0
2024-02;MI-MC-10-0560;1;1;1,6;323,48;11,2;0;0
2024-03;MI-MC-10-0560;1;1;1,6;323,48;11,2;0;0
2024-04;MI-MC-10-0560;1;1;1,6;323,48;11,2;0;0
2024-05;MI-MC-10-0560;0;1;1,6;0,0;0,0;1;0
2024-06;MI-MC-10-0560;1;1;1,6;323,48;11,2;0;0
2024-07;MI-MC-10-0560;1;1;1,6;323,48;11,2;0;0
2024-08;MI-MC-10-0560;1;1;1,6;323,48;11,2;0;0
2024-09;MI-MC-10-0560;1;1;1,6;323,48;11,2;0;0
2024-10;MI-MC-10-0560;0;1;1,6;0,0;0,0;1;0
2024-11;MI-MC-10-0560;1;1;1,6;323,48;11,2;0;0
2024-12;MI-MC-10-0560;2;1;1,6;646,96;22,5;0;0
2025-01;MI-MC-10-0560;1;1;1,6;323,48;11,2;0;0
2025-02;MI-MC-10-0560;0;1;1,6;0,0;0,0;1;0
2025-03;MI-MC-10-0560;3;1;1,6;970,45;33,8;0;0
2025-04;MI-MC-10-0560;1;1;1,6;323,48;11,2;0;0
2025-05;MI-MC-10-0560;1;1;1,6;323,48;11,2;0;0
2025-06;MI-MC-10-0560;1;1;1,6;323,48;11,2;0;0
2025-07;MI-MC-10-0560;1;1;1,6;323,48;11,2;0;0
2025-08;MI-MC-10-0560;1;1;1,6;323,48;11,2;0;0
2025-09;MI-MC-10-0560;1;1;1,6;323,48;11,2;0;0
2025-10;MI-MC-10-0560;2;1;1,6;646,96;22,5;0;0
2025-11;MI-MC-10-0560;1;1;1,6;323,48;11,2;0;0
2025-12;MI-MC-10-0560;2;1;1,6;646,96;22,5;0;0
2024-01;MRT-07-0421;1;1;1,2;428,7;26,7;0;0
2024-02;MRT-07-0421;0;1;1,2;0,0;0,0;1;0
2024-03;MRT-07-0421;0;1;1,2;0,0;0,0;1;0
2024-04;MRT-07-0421;0;1;1,2;0,0;0,0;1;0
2024-05;MRT-07-0421;2;1;1,2;857,41;53,3;0;0
2024-06;MRT-07-0421;1;1;1,2;428,7;26,7;0;0
2024-07;MRT-07-0421;1;1;1,2;428,7;26,7;0;0
2024-08;MRT-07-0421;1;1;1,2;428,7;26,7;0;0
2024-09;MRT-07-0421;1;1;1,2;428,7;26,7;0;0
2024-10;MRT-07-0421;1;1;1,2;428,7;26,7;0;0
2024-11;MRT-07-0421;1;1;1,2;428,7;26,7;0;0
2024-12;MRT-07-0421;1;1;1,2;428,7;26,7;0;0
2025-01;MRT-07-0421;0;1;1,2;0,0;0,0;1;0
2025-02;MRT-07-0421;1;1;1,2;428,7;26,7;0;0
2025-03;MRT-07-0421;1;1;1,2;428,7;26,7;0;0
2025-04;MRT-07-0421;1;1;1,2;428,7;26,7;0;0
2025-05;MRT-07-0421;1;1;1,2;428,7;26,7;0;0
2025-06;MRT-07-0421;1;1;1,2;428,7;26,7;0;0
2025-07;MRT-07-0421;0;1;1,2;0,0;0,0;1;0
2025-08;MRT-07-0421;0;1;1,2;0,0;0,0;1;0
2025-09;MRT-07-0421;1;1;1,2;428,7;26,7;0;0
2025-10;MRT-07-0421;1;1;1,2;428,7;26,7;0;0
2025-11;MRT-07-0421;0;1;1,2;0,0;0,0;1;0
2025-12;MRT-07-0421;0;1;1,2;0,0;0,0;1;0
2024-01;LOAD-09-0802;2;1,6;2,9;181,06;7,5;0;0
2024-02;LOAD-09-0802;3;1,6;2,9;271,59;11,3;0;0
2024-03;LOAD-09-0802;3;1,6;2,9;271,59;11,3;0;0
2024-04;LOAD-09-0802;2;1,6;2,9;181,06;7,5;0;0
2024-05;LOAD-09-0802;3;1,6;2,9;271,59;11,3;0;0
2024-06;LOAD-09-0802;4;1,6;2,9;362,11;15,1;0;0
2024-07;LOAD-09-0802;1;1,6;2,9;90,53;3,8;0;0
2024-08;LOAD-09-0802;2;1,6;2,9;181,06;7,5;0;0
2024-09;LOAD-09-0802;3;1,6;2,9;271,59;11,3;0;0
2024-10;LOAD-09-0802;1;1,6;2,9;90,53;3,8;0;0
2024-11;LOAD-09-0802;2;1,6;2,9;181,06;7,5;0;0
2024-12;LOAD-09-0802;3;1,6;2,9;271,59;11,3;0;0
2025-01;LOAD-09-0802;2;1,6;2,9;181,06;7,5;0;0
2025-02;LOAD-09-0802;2;1,6;2,9;181,06;7,5;0;0
2025-03;LOAD-09-0802;2;1,6;2,9;181,06;7,5;0;0
2025-04;LOAD-09-0802;3;1,6;2,9;271,59;11,3;0;0
2025-05;LOAD-09-0802;1;1,6;2,9;90,53;3,8;0;0
2025-06;LOAD-09-0802;2;1,6;2,9;181,06;7,5;0;0
2025-07;LOAD-09-0802;3;1,6;2,9;271,59;11,3;0;0
2025-08;LOAD-09-0802;0;1,6;2,9;0,0;0,0;1;0
2025-09;LOAD-09-0802;4;1,6;2,9;362,11;15,1;0;0
2025-10;LOAD-09-0802;7;1,6;2,9;633,7;26,4;0;0
2025-11;LOAD-09-0802;5;1,6;2,9;452,64;18,8;0;0
2025-12;LOAD-09-0802;0;1,6;2,9;0,0;0,0;1;0
2024-01;MLT-04-0257;0;1;1,2;0,0;0,0;1;0
2024-02;MLT-04-0257;2;1;1,2;1176,27;24,0;0;0
2024-03;MLT-04-0257;1;1;1,2;588,13;12,0;0;0
2024-04;MLT-04-0257;1;1;1,2;588,13;12,0;0;0
2024-05;MLT-04-0257;0;1;1,2;0,0;0,0;1;0
2024-06;MLT-04-0257;0;1;1,2;0,0;0,0;1;0
2024-07;MLT-04-0257;1;1;1,2;588,13;12,0;0;0
2024-08;MLT-04-0257;1;1;1,2;588,13;12,0;0;0
2024-09;MLT-04-0257;1;1;1,2;588,13;12,0;0;0
2024-10;MLT-04-0257;1;1;1,2;588,13;12,0;0;0
2024-11;MLT-04-0257;0;1;1,2;0,0;0,0;1;0
2024-12;MLT-04-0257;1;1;1,2;588,13;12,0;0;0
2025-01;MLT-04-0257;0;1;1,2;0,0;0,0;1;0
2025-02;MLT-04-0257;1;1;1,2;588,13;12,0;0;0
2025-03;MLT-04-0257;2;1;1,2;1176,27;24,0;0;0
2025-04;MLT-04-0257;0;1;1,2;0,0;0,0;1;0
2025-05;MLT-04-0257;1;1;1,2;588,13;12,0;0;0
2025-06;MLT-04-0257;1;1;1,2;588,13;12,0;0;0
2025-07;MLT-04-0257;2;1;1,2;1176,27;24,0;0;0
2025-08;MLT-04-0257;1;1;1,2;588,13;12,0;0;0
2025-09;MLT-04-0257;0;1;1,2;0,0;0,0;1;0
2025-10;MLT-04-0257;0;1;1,2;0,0;0,0;1;0
2025-11;MLT-04-0257;1;1;1,2;588,13;12,0;0;0
2025-12;MLT-04-0257;1;1;1,2;588,13;12,0;0;0
2024-01;MLT-08-0205;11;9,5;17,4;299,46;7,0;0;0
2024-02;MLT-08-0205;15;9,5;17,4;408,35;9,5;0;0
2024-03;MLT-08-0205;8;9,5;17,4;217,79;5,1;0;0
2024-04;MLT-08-0205;29;9,5;17,4;789,48;18,4;0;0
2024-05;MLT-08-0205;34;9,5;17,4;925,6;21,5;0;0
2024-06;MLT-08-0205;30;9,5;17,4;816,71;19,0;0;0
2024-07;MLT-08-0205;15;9,5;17,4;408,35;9,5;0;0
2024-08;MLT-08-0205;14;9,5;17,4;381,13;8,9;0;0
2024-09;MLT-08-0205;0;9,5;17,4;0,0;0,0;1;0
2024-10;MLT-08-0205;23;9,5;17,4;626,14;14,6;0;0
2024-11;MLT-08-0205;23;9,5;17,4;626,14;14,6;0;0
2024-12;MLT-08-0205;21;9,5;17,4;571,7;13,3;0;0
2025-01;MLT-08-0205;4;9,5;17,4;108,89;2,5;0;0
2025-02;MLT-08-0205;15;9,5;17,4;408,35;9,5;0;0
2025-03;MLT-08-0205;14;9,5;17,4;381,13;8,9;0;0
2025-04;MLT-08-0205;26;9,5;17,4;707,81;16,5;0;0
2025-05;MLT-08-0205;20;9,5;17,4;544,47;12,7;0;0
2025-06;MLT-08-0205;18;9,5;17,4;490,02;11,4;0;0
2025-07;MLT-08-0205;10;9,5;17,4;272,24;6,3;0;0
2025-08;MLT-08-0205;9;9,5;17,4;245,01;5,7;0;0
2025-09;MLT-08-0205;25;9,5;17,4;680,59;15,8;0;0
2025-10;MLT-08-0205;12;9,5;17,4;326,68;7,6;0;0
2025-11;MLT-08-0205;34;9,5;17,4;925,6;21,5;0;0
2025-12;MLT-08-0205;6;9,5;17,4;163,34;3,8;0;0
2024-01;MLT-09-0341;2;1,3;2,3;275,73;9,5;0;0
2024-02;MLT-09-0341;1;1,3;2,3;137,86;4,7;0;0
2024-03;MLT-09-0341;0;1,3;2,3;0,0;0,0;1;0
2024-04;MLT-09-0341;0;1,3;2,3;0,0;0,0;1;0
2024-05;MLT-09-0341;0;1,3;2,3;0,0;0,0;1;0
2024-06;MLT-09-0341;2;1,3;2,3;275,73;9,5;0;0
2024-07;MLT-09-0341;1;1,3;2,3;137,86;4,7;0;0
2024-08;MLT-09-0341;3;1,3;2,3;413,59;14,2;0;0
2024-09;MLT-09-0341;3;1,3;2,3;413,59;14,2;0;0
2024-10;MLT-09-0341;3;1,3;2,3;413,59;14,2;0;0
2024-11;MLT-09-0341;0;1,3;2,3;0,0;0,0;1;0
2024-12;MLT-09-0341;3;1,3;2,3;413,59;14,2;0;0
2025-01;MLT-09-0341;1;1,3;2,3;137,86;4,7;0;0
2025-02;MLT-09-0341;3;1,3;2,3;413,59;14,2;0;0
2025-03;MLT-09-0341;1;1,3;2,3;137,86;4,7;0;0
2025-04;MLT-09-0341;0;1,3;2,3;0,0;0,0;1;0
2025-05;MLT-09-0341;2;1,3;2,3;275,73;9,5;0;0
2025-06;MLT-09-0341;3;1,3;2,3;413,59;14,2;0;0
2025-07;MLT-09-0341;2;1,3;2,3;275,73;9,5;0;0
2025-08;MLT-09-0341;1;1,3;2,3;137,86;4,7;0;0
2025-09;MLT-09-0341;2;1,3;2,3;275,73;9,5;0;0
2025-10;MLT-09-0341;1;1,3;2,3;137,86;4,7;0;0
2025-11;MLT-09-0341;2;1,3;2,3;275,73;9,5;0;0
2025-12;MLT-09-0341;1;1,3;2,3;137,86;4,7;0;0
2024-01;MRT-03-0387;3;3,1;5,1;990,53;32,2;0;0
2024-02;MRT-03-0387;5;3,1;5,1;1650,88;53,7;0;0
2024-03;MRT-03-0387;4;3,1;5,1;1320,7;43,0;0;0
2024-04;MRT-03-0387;4;3,1;5,1;1320,7;43,0;0;0
2024-05;MRT-03-0387;10;3,1;5,1;3301,76;107,5;0;0
2024-06;MRT-03-0387;7;3,1;5,1;2311,23;75,2;0;0
2024-07;MRT-03-0387;3;3,1;5,1;990,53;32,2;0;0
2024-08;MRT-03-0387;11;3,1;5,1;3631,94;118,2;0;0
2024-09;MRT-03-0387;0;3,1;5,1;0,0;0,0;1;0
2024-10;MRT-03-0387;8;3,1;5,1;2641,41;86,0;0;0
2024-11;MRT-03-0387;5;3,1;5,1;1650,88;53,7;0;0
2024-12;MRT-03-0387;3;3,1;5,1;990,53;32,2;0;0
2025-01;MRT-03-0387;1;3,1;5,1;330,18;10,7;0;0
2025-02;MRT-03-0387;0;3,1;5,1;0,0;0,0;1;0
2025-03;MRT-03-0387;4;3,1;5,1;1320,7;43,0;0;0
2025-04;MRT-03-0387;4;3,1;5,1;1320,7;43,0;0;0
2025-05;MRT-03-0387;3;3,1;5,1;990,53;32,2;0;0
2025-06;MRT-03-0387;4;3,1;5,1;1320,7;43,0;0;0
2025-07;MRT-03-0387;9;3,1;5,1;2971,58;96,7;0;0
2025-08;MRT-03-0387;4;3,1;5,1;1320,7;43,0;0;0
2025-09;MRT-03-0387;5;3,1;5,1;1650,88;53,7;0;0
2025-10;MRT-03-0387;0;3,1;5,1;0,0;0,0;1;0
2025-11;MRT-03-0387;6;3,1;5,1;1981,06;64,5;0;0
2025-12;MRT-03-0387;10;3,1;5,1;3301,76;107,5;0;0
2024-01;LOAD-M-05-0809;1;1;1,8;74,19;6,2;0;0
2024-02;LOAD-M-05-0809;2;1;1,8;148,38;12,3;0;0
2024-03;LOAD-M-05-0809;1;1;1,8;74,19;6,2;0;0
2024-04;LOAD-M-05-0809;0;1;1,8;0,0;0,0;1;0
2024-05;LOAD-M-05-0809;1;1;1,8;74,19;6,2;0;0
2024-06;LOAD-M-05-0809;0;1;1,8;0,0;0,0;1;0
2024-07;LOAD-M-05-0809;2;1;1,8;148,38;12,3;0;0
2024-08;LOAD-M-05-0809;2;1;1,8;148,38;12,3;0;0
2024-09;LOAD-M-05-0809;1;1;1,8;74,19;6,2;0;0
2024-10;LOAD-M-05-0809;0;1;1,8;0,0;0,0;1;0
2024-11;LOAD-M-05-0809;1;1;1,8;74,19;6,2;0;0
2024-12;LOAD-M-05-0809;2;1;1,8;148,38;12,3;0;0
2025-01;LOAD-M-05-0809;0;1;1,8;0,0;0,0;1;0
2025-02;LOAD-M-05-0809;1;1;1,8;74,19;6,2;0;0
2025-03;LOAD-M-05-0809;2;1;1,8;148,38;12,3;0;0
2025-04;LOAD-M-05-0809;0;1;1,8;0,0;0,0;1;0
2025-05;LOAD-M-05-0809;1;1;1,8;74,19;6,2;0;0
2025-06;LOAD-M-05-0809;0;1;1,8;0,0;0,0;1;0
2025-07;LOAD-M-05-0809;1;1;1,8;74,19;6,2;0;0
2025-08;LOAD-M-05-0809;2;1;1,8;148,38;12,3;0;0
2025-09;LOAD-M-05-0809;2;1;1,8;148,38;12,3;0;0
2025-10;LOAD-M-05-0809;1;1;1,8;74,19;6,2;0;0
2025-11;LOAD-M-05-0809;1;1;1,8;74,19;6,2;0;0
2025-12;LOAD-M-05-0809;3;1;1,8;222,56;18,5;0;0
2024-01;AWP-09-0687;1;1;1,3;164,78;16,4;0;0
2024-02;AWP-09-0687;1;1;1,3;164,78;16,4;0;0
2024-03;AWP-09-0687;1;1;1,3;164,78;16,4;0;0
2024-04;AWP-09-0687;1;1;1,3;164,78;16,4;0;0
2024-05;AWP-09-0687;0;1;1,3;0,0;0,0;1;0
2024-06;AWP-09-0687;2;1;1,3;329,55;32,7;0;0
2024-07;AWP-09-0687;1;1;1,3;164,78;16,4;0;0
2024-08;AWP-09-0687;1;1;1,3;164,78;16,4;0;0
2024-09;AWP-09-0687;1;1;1,3;164,78;16,4;0;0
2024-10;AWP-09-0687;1;1;1,3;164,78;16,4;0;0
2024-11;AWP-09-0687;1;1;1,3;164,78;16,4;0;0
2024-12;AWP-09-0687;2;1;1,3;329,55;32,7;0;0
2025-01;AWP-09-0687;0;1;1,3;0,0;0,0;1;0
2025-02;AWP-09-0687;0;1;1,3;0,0;0,0;1;0
2025-03;AWP-09-0687;1;1;1,3;164,78;16,4;0;0
2025-04;AWP-09-0687;1;1;1,3;164,78;16,4;0;0
2025-05;AWP-09-0687;1;1;1,3;164,78;16,4;0;0
2025-06;AWP-09-0687;0;1;1,3;0,0;0,0;1;0
2025-07;AWP-09-0687;1;1;1,3;164,78;16,4;0;0
2025-08;AWP-09-0687;0;1;1,3;0,0;0,0;1;0
2025-09;AWP-09-0687;1;1;1,3;164,78;16,4;0;0
2025-10;AWP-09-0687;1;1;1,3;164,78;16,4;0;0
2025-11;AWP-09-0687;0;1;1,3;0,0;0,0;1;0
2025-12;AWP-09-0687;1;1;1,3;164,78;16,4;0;0
2024-01;MT-09-0076;27;25,2;41,0;2525,83;51,4;0;0
2024-02;MT-09-0076;55;25,2;41,0;5145,21;104,8;0;0
2024-03;MT-09-0076;67;25,2;41,0;6267,81;127,6;0;0
2024-04;MT-09-0076;80;25,2;41,0;7483,95;152,4;0;0
2024-05;MT-09-0076;18;25,2;41,0;1683,89;34,3;0;0
2024-06;MT-09-0076;33;25,2;41,0;3087,13;62,9;0;0
2024-07;MT-09-0076;53;25,2;41,0;4958,11;101,0;0;0
2024-08;MT-09-0076;24;25,2;41,0;2245,18;45,7;0;0
2024-09;MT-09-0076;49;25,2;41,0;4583,92;93,3;0;0
2024-10;MT-09-0076;26;25,2;41,0;2432,28;49,5;0;0
2024-11;MT-09-0076;56;25,2;41,0;5238,76;106,7;0;0
2024-12;MT-09-0076;3;25,2;41,0;280,65;5,7;0;0
2025-01;MT-09-0076;7;25,2;41,0;654,85;13,3;0;0
2025-02;MT-09-0076;85;25,2;41,0;7951,69;161,9;0;0
2025-03;MT-09-0076;56;25,2;41,0;5238,76;106,7;0;0
2025-04;MT-09-0076;8;25,2;41,0;748,39;15,2;0;0
2025-05;MT-09-0076;11;25,2;41,0;1029,04;21,0;0;0
2025-06;MT-09-0076;52;25,2;41,0;4864,57;99,0;0;0
2025-07;MT-09-0076;43;25,2;41,0;4022,62;81,9;0;0
2025-08;MT-09-0076;39;25,2;41,0;3648,42;74,3;0;0
2025-09;MT-09-0076;50;25,2;41,0;4677,47;95,2;0;0
2025-10;MT-09-0076;36;25,2;41,0;3367,78;68,6;0;0
2025-11;MT-09-0076;73;25,2;41,0;6829,1;139,0;0;0
2025-12;MT-09-0076;71;25,2;41,0;6642,0;135,2;0;0
2024-01;MI-MC-05-0477;32;22,5;36,5;1851,95;68,4;0;0
2024-02;MI-MC-05-0477;60;22,5;36,5;3472,4;128,2;0;0
2024-03;MI-MC-05-0477;33;22,5;36,5;1909,82;70,5;0;0
2024-04;MI-MC-05-0477;57;22,5;36,5;3298,78;121,8;0;0
2024-05;MI-MC-05-0477;14;22,5;36,5;810,23;29,9;0;0
2024-06;MI-MC-05-0477;12;22,5;36,5;694,48;25,6;0;0
2024-07;MI-MC-05-0477;50;22,5;36,5;2893,67;106,8;0;0
2024-08;MI-MC-05-0477;53;22,5;36,5;3067,29;113,2;0;0
2024-09;MI-MC-05-0477;50;22,5;36,5;2893,67;106,8;0;0
2024-10;MI-MC-05-0477;29;22,5;36,5;1678,33;62,0;0;0
2024-11;MI-MC-05-0477;53;22,5;36,5;3067,29;113,2;0;0
2024-12;MI-MC-05-0477;56;22,5;36,5;3240,91;119,6;0;0
2025-01;MI-MC-05-0477;23;22,5;36,5;1331,09;49,1;0;0
2025-02;MI-MC-05-0477;50;22,5;36,5;2893,67;106,8;0;0
2025-03;MI-MC-05-0477;38;22,5;36,5;2199,19;81,2;0;0
2025-04;MI-MC-05-0477;29;22,5;36,5;1678,33;62,0;0;0
2025-05;MI-MC-05-0477;23;22,5;36,5;1331,09;49,1;0;0
2025-06;MI-MC-05-0477;3;22,5;36,5;173,62;6,4;0;0
2025-07;MI-MC-05-0477;41;22,5;36,5;2372,81;87,6;0;0
2025-08;MI-MC-05-0477;84;22,5;36,5;4861,36;179,5;0;0
2025-09;MI-MC-05-0477;59;22,5;36,5;3414,53;126,1;0;0
2025-10;MI-MC-05-0477;36;22,5;36,5;2083,44;76,9;0;0
2025-11;MI-MC-05-0477;17;22,5;36,5;983,85;36,3;0;0
2025-12;MI-MC-05-0477;19;22,5;36,5;1099,59;40,6;0;0
2024-01;MLT-09-0297;16;8,9;16,3;1844,51;64,7;0;0
2024-02;MLT-09-0297;19;8,9;16,3;2190,35;76,9;0;0
2024-03;MLT-09-0297;25;8,9;16,3;2882,04;101,1;0;0
2024-04;MLT-09-0297;12;8,9;16,3;1383,38;48,5;0;0
2024-05;MLT-09-0297;44;8,9;16,3;5072,39;178,0;0;0
2024-06;MLT-09-0297;18;8,9;16,3;2075,07;72,8;0;0
2024-07;MLT-09-0297;12;8,9;16,3;1383,38;48,5;0;0
2024-08;MLT-09-0297;22;8,9;16,3;2536,2;89,0;0;0
2024-09;MLT-09-0297;18;8,9;16,3;2075,07;72,8;0;0
2024-10;MLT-09-0297;3;8,9;16,3;345,84;12,1;0;0
2024-11;MLT-09-0297;27;8,9;16,3;3112,6;109,2;0;0
2024-12;MLT-09-0297;20;8,9;16,3;2305,63;80,9;0;0
2025-01;MLT-09-0297;6;8,9;16,3;691,69;24,3;0;0
2025-02;MLT-09-0297;18;8,9;16,3;2075,07;72,8;0;0
2025-03;MLT-09-0297;25;8,9;16,3;2882,04;101,1;0;0
2025-04;MLT-09-0297;5;8,9;16,3;576,41;20,2;0;0
2025-05;MLT-09-0297;15;8,9;16,3;1729,22;60,7;0;0
2025-06;MLT-09-0297;21;8,9;16,3;2420,91;84,9;0;0
2025-07;MLT-09-0297;20;8,9;16,3;2305,63;80,9;0;0
2025-08;MLT-09-0297;23;8,9;16,3;2651,48;93,0;0;0
2025-09;MLT-09-0297;31;8,9;16,3;3573,73;125,4;0;0
2025-10;MLT-09-0297;0;8,9;16,3;0,0;0,0;1;0
2025-11;MLT-09-0297;8;8,9;16,3;922,25;32,4;0;0
2025-12;MLT-09-0297;16;8,9;16,3;1844,51;64,7;0;0
2024-01;MT-02-0157;1;1,2;2,0;207,43;3,9;0;0
2024-02;MT-02-0157;1;1,2;2,0;207,43;3,9;0;0
2024-03;MT-02-0157;1;1,2;2,0;207,43;3,9;0;0
2024-04;MT-02-0157;2;1,2;2,0;414,87;7,7;0;0
2024-05;MT-02-0157;1;1,2;2,0;207,43;3,9;0;0
2024-06;MT-02-0157;1;1,2;2,0;207,43;3,9;0;0
2024-07;MT-02-0157;2;1,2;2,0;414,87;7,7;0;0
2024-08;MT-02-0157;3;1,2;2,0;622,3;11,6;0;0
2024-09;MT-02-0157;2;1,2;2,0;414,87;7,7;0;0
2024-10;MT-02-0157;1;1,2;2,0;207,43;3,9;0;0
2024-11;MT-02-0157;0;1,2;2,0;0,0;0,0;1;0
2024-12;MT-02-0157;2;1,2;2,0;414,87;7,7;0;0
2025-01;MT-02-0157;2;1,2;2,0;414,87;7,7;0;0
2025-02;MT-02-0157;4;1,2;2,0;829,73;15,5;0;0
2025-03;MT-02-0157;0;1,2;2,0;0,0;0,0;1;0
2025-04;MT-02-0157;2;1,2;2,0;414,87;7,7;0;0
2025-05;MT-02-0157;2;1,2;2,0;414,87;7,7;0;0
2025-06;MT-02-0157;2;1,2;2,0;414,87;7,7;0;0
2025-07;MT-02-0157;1;1,2;2,0;207,43;3,9;0;0
2025-08;MT-02-0157;1;1,2;2,0;207,43;3,9;0;0
2025-09;MT-02-0157;2;1,2;2,0;414,87;7,7;0;0
2025-10;MT-02-0157;1;1,2;2,0;207,43;3,9;0;0
2025-11;MT-02-0157;2;1,2;2,0;414,87;7,7;0;0
2025-12;MT-02-0157;1;1,2;2,0;207,43;3,9;0;0
2024-01;MLT-07-0255;5;5,1;9,3;2342,87;35,3;0;0
2024-02;MLT-07-0255;6;5,1;9,3;2811,45;42,4;0;0
2024-03;MLT-07-0255;8;5,1;9,3;3748,6;56,5;0;0
2024-04;MLT-07-0255;2;5,1;9,3;937,15;14,1;0;0
2024-05;MLT-07-0255;16;5,1;9,3;7497,19;112,9;0;0
2024-06;MLT-07-0255;1;5,1;9,3;468,57;7,1;0;0
2024-07;MLT-07-0255;15;5,1;9,3;7028,62;105,9;0;0
2024-08;MLT-07-0255;0;5,1;9,3;0,0;0,0;1;0
2024-09;MLT-07-0255;2;5,1;9,3;937,15;14,1;0;0
2024-10;MLT-07-0255;9;5,1;9,3;4217,17;63,5;0;0
2024-11;MLT-07-0255;5;5,1;9,3;2342,87;35,3;0;0
2024-12;MLT-07-0255;10;5,1;9,3;4685,75;70,6;0;0
2025-01;MLT-07-0255;9;5,1;9,3;4217,17;63,5;0;0
2025-02;MLT-07-0255;12;5,1;9,3;5622,89;84,7;0;0
2025-03;MLT-07-0255;3;5,1;9,3;1405,72;21,2;0;0
2025-04;MLT-07-0255;15;5,1;9,3;7028,62;105,9;0;0
2025-05;MLT-07-0255;14;5,1;9,3;6560,04;98,8;0;0
2025-06;MLT-07-0255;2;5,1;9,3;937,15;14,1;0;0
2025-07;MLT-07-0255;5;5,1;9,3;2342,87;35,3;0;0
2025-08;MLT-07-0255;15;5,1;9,3;7028,62;105,9;0;0
2025-09;MLT-07-0255;4;5,1;9,3;1874,3;28,2;0;0
2025-10;MLT-07-0255;11;5,1;9,3;5154,32;77,6;0;0
2025-11;MLT-07-0255;9;5,1;9,3;4217,17;63,5;0;0
2025-12;MLT-07-0255;5;5,1;9,3;2342,87;35,3;0;0
2024-01;MLT-03-0234;3;1;1,7;1397,06;31,8;0;0
2024-02;MLT-03-0234;0;1;1,7;0,0;0,0;1;0
2024-03;MLT-03-0234;1;1;1,7;465,69;10,6;0;0
2024-04;MLT-03-0234;1;1;1,7;465,69;10,6;0;0
2024-05;MLT-03-0234;0;1;1,7;0,0;0,0;1;0
2024-06;MLT-03-0234;1;1;1,7;465,69;10,6;0;0
2024-07;MLT-03-0234;1;1;1,7;465,69;10,6;0;0
2024-08;MLT-03-0234;0;1;1,7;0,0;0,0;1;0
2024-09;MLT-03-0234;2;1;1,7;931,37;21,2;0;0
2024-10;MLT-03-0234;1;1;1,7;465,69;10,6;0;0
2024-11;MLT-03-0234;1;1;1,7;465,69;10,6;0;0
2024-12;MLT-03-0234;1;1;1,7;465,69;10,6;0;0
2025-01;MLT-03-0234;0;1;1,7;0,0;0,0;1;0
2025-02;MLT-03-0234;1;1;1,7;465,69;10,6;0;0
2025-03;MLT-03-0234;2;1;1,7;931,37;21,2;0;0
2025-04;MLT-03-0234;2;1;1,7;931,37;21,2;0;0
2025-05;MLT-03-0234;1;1;1,7;465,69;10,6;0;0
2025-06;MLT-03-0234;4;1;1,7;1862,75;42,4;0;0
2025-07;MLT-03-0234;2;1;1,7;931,37;21,2;0;0
2025-08;MLT-03-0234;2;1;1,7;931,37;21,2;0;0
2025-09;MLT-03-0234;2;1;1,7;931,37;21,2;0;0
2025-10;MLT-03-0234;2;1;1,7;931,37;21,2;0;0
2025-11;MLT-03-0234;3;1;1,7;1397,06;31,8;0;0
2025-12;MLT-03-0234;2;1;1,7;931,37;21,2;0;0
2024-01;MT-05-0141;1;1,3;2,1;159,09;3,7;0;0
2024-02;MT-05-0141;2;1,3;2,1;318,19;7,3;0;0
2024-03;MT-05-0141;0;1,3;2,1;0,0;0,0;1;0
2024-04;MT-05-0141;2;1,3;2,1;318,19;7,3;0;0
2024-05;MT-05-0141;3;1,3;2,1;477,28;11,0;0;0
2024-06;MT-05-0141;1;1,3;2,1;159,09;3,7;0;0
2024-07;MT-05-0141;0;1,3;2,1;0,0;0,0;1;0
2024-08;MT-05-0141;2;1,3;2,1;318,19;7,3;0;0
2024-09;MT-05-0141;0;1,3;2,1;0,0;0,0;1;0
2024-10;MT-05-0141;2;1,3;2,1;318,19;7,3;0;0
2024-11;MT-05-0141;2;1,3;2,1;318,19;7,3;0;0
2024-12;MT-05-0141;2;1,3;2,1;318,19;7,3;0;0
2025-01;MT-05-0141;4;1,3;2,1;636,38;14,7;0;0
2025-02;MT-05-0141;2;1,3;2,1;318,19;7,3;0;0
2025-03;MT-05-0141;3;1,3;2,1;477,28;11,0;0;0
2025-04;MT-05-0141;1;1,3;2,1;159,09;3,7;0;0
2025-05;MT-05-0141;1;1,3;2,1;159,09;3,7;0;0
2025-06;MT-05-0141;1;1,3;2,1;159,09;3,7;0;0
2025-07;MT-05-0141;1;1,3;2,1;159,09;3,7;0;0
2025-08;MT-05-0141;1;1,3;2,1;159,09;3,7;0;0
2025-09;MT-05-0141;1;1,3;2,1;159,09;3,7;0;0
2025-10;MT-05-0141;3;1,3;2,1;477,28;11,0;0;0
2025-11;MT-05-0141;3;1,3;2,1;477,28;11,0;0;0
2025-12;MT-05-0141;1;1,3;2,1;159,09;3,7;0;0
2024-01;MRT-02-0388;2;1;1,5;548,27;25,7;0;0
2024-02;MRT-02-0388;1;1;1,5;274,13;12,9;0;0
2024-03;MRT-02-0388;3;1;1,5;822,4;38,6;0;0
2024-04;MRT-02-0388;1;1;1,5;274,13;12,9;0;0
2024-05;MRT-02-0388;0;1;1,5;0,0;0,0;1;0
2024-06;MRT-02-0388;0;1;1,5;0,0;0,0;1;0
2024-07;MRT-02-0388;1;1;1,5;274,13;12,9;0;0
2024-08;MRT-02-0388;0;1;1,5;0,0;0,0;1;0
2024-09;MRT-02-0388;0;1;1,5;0,0;0,0;1;0
2024-10;MRT-02-0388;0;1;1,5;0,0;0,0;1;0
2024-11;MRT-02-0388;1;1;1,5;274,13;12,9;0;0
2024-12;MRT-02-0388;1;1;1,5;274,13;12,9;0;0
2025-01;MRT-02-0388;1;1;1,5;274,13;12,9;0;0
2025-02;MRT-02-0388;1;1;1,5;274,13;12,9;0;0
2025-03;MRT-02-0388;0;1;1,5;0,0;0,0;1;0
2025-04;MRT-02-0388;1;1;1,5;274,13;12,9;0;0
2025-05;MRT-02-0388;2;1;1,5;548,27;25,7;0;0
2025-06;MRT-02-0388;1;1;1,5;274,13;12,9;0;0
2025-07;MRT-02-0388;2;1;1,5;548,27;25,7;0;0
2025-08;MRT-02-0388;0;1;1,5;0,0;0,0;1;0
2025-09;MRT-02-0388;1;1;1,5;274,13;12,9;0;0
2025-10;MRT-02-0388;1;1;1,5;274,13;12,9;0;0
2025-11;MRT-02-0388;1;1;1,5;274,13;12,9;0;0
2025-12;MRT-02-0388;0;1;1,5;0,0;0,0;1;0
2024-01;MRT-04-0428;3;2,3;3,7;1083,71;44,1;0;0
2024-02;MRT-04-0428;2;2,3;3,7;722,47;29,4;0;0
2024-03;MRT-04-0428;5;2,3;3,7;1806,18;73,5;0;0
2024-04;MRT-04-0428;5;2,3;3,7;1806,18;73,5;0;0
2024-05;MRT-04-0428;3;2,3;3,7;1083,71;44,1;0;0
2024-06;MRT-04-0428;2;2,3;3,7;722,47;29,4;0;0
2024-07;MRT-04-0428;5;2,3;3,7;1806,18;73,5;0;0
2024-08;MRT-04-0428;4;2,3;3,7;1444,94;58,8;0;0
2024-09;MRT-04-0428;2;2,3;3,7;722,47;29,4;0;0
2024-10;MRT-04-0428;6;2,3;3,7;2167,41;88,2;0;0
2024-11;MRT-04-0428;3;2,3;3,7;1083,71;44,1;0;0
2024-12;MRT-04-0428;4;2,3;3,7;1444,94;58,8;0;0
2025-01;MRT-04-0428;3;2,3;3,7;1083,71;44,1;0;0
2025-02;MRT-04-0428;1;2,3;3,7;361,24;14,7;0;0
2025-03;MRT-04-0428;5;2,3;3,7;1806,18;73,5;0;0
2025-04;MRT-04-0428;2;2,3;3,7;722,47;29,4;0;0
2025-05;MRT-04-0428;2;2,3;3,7;722,47;29,4;0;0
2025-06;MRT-04-0428;3;2,3;3,7;1083,71;44,1;0;0
2025-07;MRT-04-0428;5;2,3;3,7;1806,18;73,5;0;0
2025-08;MRT-04-0428;2;2,3;3,7;722,47;29,4;0;0
2025-09;MRT-04-0428;7;2,3;3,7;2528,65;102,9;0;0
2025-10;MRT-04-0428;3;2,3;3,7;1083,71;44,1;0;0
2025-11;MRT-04-0428;4;2,3;3,7;1444,94;58,8;0;0
2025-12;MRT-04-0428;6;2,3;3,7;2167,41;88,2;0;0
2024-01;AWP-04-0685;7;3,9;7,1;990,46;45,4;0;0
2024-02;AWP-04-0685;8;3,9;7,1;1131,96;51,9;0;0
2024-03;AWP-04-0685;8;3,9;7,1;1131,96;51,9;0;0
2024-04;AWP-04-0685;12;3,9;7,1;1697,93;77,8;0;0
2024-05;AWP-04-0685;8;3,9;7,1;1131,96;51,9;0;0
2024-06;AWP-04-0685;12;3,9;7,1;1697,93;77,8;0;0
2024-07;AWP-04-0685;6;3,9;7,1;848,97;38,9;0;0
2024-08;AWP-04-0685;16;3,9;7,1;2263,91;103,8;0;0
2024-09;AWP-04-0685;3;3,9;7,1;424,48;19,5;0;0
2024-10;AWP-04-0685;7;3,9;7,1;990,46;45,4;0;0
2024-11;AWP-04-0685;8;3,9;7,1;1131,96;51,9;0;0
2024-12;AWP-04-0685;2;3,9;7,1;282,99;13,0;0;0
2025-01;AWP-04-0685;3;3,9;7,1;424,48;19,5;0;0
2025-02;AWP-04-0685;2;3,9;7,1;282,99;13,0;0;0
2025-03;AWP-04-0685;2;3,9;7,1;282,99;13,0;0;0
2025-04;AWP-04-0685;7;3,9;7,1;990,46;45,4;0;0
2025-05;AWP-04-0685;7;3,9;7,1;990,46;45,4;0;0
2025-06;AWP-04-0685;14;3,9;7,1;1980,92;90,8;0;0
2025-07;AWP-04-0685;0;3,9;7,1;0,0;0,0;1;0
2025-08;AWP-04-0685;10;3,9;7,1;1414,94;64,9;0;0
2025-09;AWP-04-0685;0;3,9;7,1;0,0;0,0;1;0
2025-10;AWP-04-0685;5;3,9;7,1;707,47;32,4;0;0
2025-11;AWP-04-0685;12;3,9;7,1;1697,93;77,8;0;0
2025-12;AWP-04-0685;14;3,9;7,1;1980,92;90,8;0;0
2024-01;AWP-09-0627;6;4,6;8,4;770,15;47,0;0;0
2024-02;AWP-09-0627;18;4,6;8,4;2310,44;140,9;0;0
2024-03;AWP-09-0627;5;4,6;8,4;641,79;39,1;0;0
2024-04;AWP-09-0627;1;4,6;8,4;128,36;7,8;0;0
2024-05;AWP-09-0627;0;4,6;8,4;0,0;0,0;1;0
2024-06;AWP-09-0627;11;4,6;8,4;1411,94;86,1;0;0
2024-07;AWP-09-0627;9;4,6;8,4;1155,22;70,4;0;0
2024-08;AWP-09-0627;14;4,6;8,4;1797,01;109,6;0;0
2024-09;AWP-09-0627;12;4,6;8,4;1540,3;93,9;0;0
2024-10;AWP-09-0627;6;4,6;8,4;770,15;47,0;0;0
2024-11;AWP-09-0627;10;4,6;8,4;1283,58;78,3;0;0
2024-12;AWP-09-0627;8;4,6;8,4;1026,86;62,6;0;0
2025-01;AWP-09-0627;7;4,6;8,4;898,51;54,8;0;0
2025-02;AWP-09-0627;0;4,6;8,4;0,0;0,0;1;0
2025-03;AWP-09-0627;6;4,6;8,4;770,15;47,0;0;0
2025-04;AWP-09-0627;9;4,6;8,4;1155,22;70,4;0;0
2025-05;AWP-09-0627;4;4,6;8,4;513,43;31,3;0;0
2025-06;AWP-09-0627;6;4,6;8,4;770,15;47,0;0;0
2025-07;AWP-09-0627;12;4,6;8,4;1540,3;93,9;0;0
2025-08;AWP-09-0627;2;4,6;8,4;256,72;15,7;0;0
2025-09;AWP-09-0627;5;4,6;8,4;641,79;39,1;0;0
2025-10;AWP-09-0627;16;4,6;8,4;2053,73;125,2;0;0
2025-11;AWP-09-0627;9;4,6;8,4;1155,22;70,4;0;0
2025-12;AWP-09-0627;1;4,6;8,4;128,36;7,8;0;0
2024-01;MT-10-0114;19;7,0;12,8;2894,67;68,4;0;0
2024-02;MT-10-0114;19;7,0;12,8;2894,67;68,4;0;0
2024-03;MT-10-0114;12;7,0;12,8;1828,22;43,2;0;0
2024-04;MT-10-0114;4;7,0;12,8;609,41;14,4;0;0
2024-05;MT-10-0114;6;7,0;12,8;914,11;21,6;0;0
2024-06;MT-10-0114;3;7,0;12,8;457,05;10,8;0;0
2024-07;MT-10-0114;19;7,0;12,8;2894,67;68,4;0;0
2024-08;MT-10-0114;28;7,0;12,8;4265,84;100,8;0;0
2024-09;MT-10-0114;13;7,0;12,8;1980,57;46,8;0;0
2024-10;MT-10-0114;0;7,0;12,8;0,0;0,0;1;0
2024-11;MT-10-0114;19;7,0;12,8;2894,67;68,4;0;0
2024-12;MT-10-0114;19;7,0;12,8;2894,67;68,4;0;0
2025-01;MT-10-0114;24;7,0;12,8;3656,43;86,4;0;0
2025-02;MT-10-0114;26;7,0;12,8;3961,13;93,6;0;0
2025-03;MT-10-0114;16;7,0;12,8;2437,62;57,6;0;0
2025-04;MT-10-0114;7;7,0;12,8;1066,46;25,2;0;0
2025-05;MT-10-0114;17;7,0;12,8;2589,97;61,2;0;0
2025-06;MT-10-0114;17;7,0;12,8;2589,97;61,2;0;0
2025-07;MT-10-0114;12;7,0;12,8;1828,22;43,2;0;0
2025-08;MT-10-0114;11;7,0;12,8;1675,86;39,6;0;0
2025-09;MT-10-0114;24;7,0;12,8;3656,43;86,4;0;0
2025-10;MT-10-0114;15;7,0;12,8;2285,27;54,0;0;0
2025-11;MT-10-0114;17;7,0;12,8;2589,97;61,2;0;0
2025-12;MT-10-0114;20;7,0;12,8;3047,03;72,0;0;0
2024-01;MT-07-0018;0;3,5;5,7;0,0;0,0;1;0
2024-02;MT-07-0018;3;3,5;5,7;714,17;13,8;0;0
2024-03;MT-07-0018;7;3,5;5,7;1666,41;32,1;0;0
2024-04;MT-07-0018;8;3,5;5,7;1904,47;36,7;0;0
2024-05;MT-07-0018;9;3,5;5,7;2142,52;41,3;0;0
2024-06;MT-07-0018;4;3,5;5,7;952,23;18,3;0;0
2024-07;MT-07-0018;6;3,5;5,7;1428,35;27,5;0;0
2024-08;MT-07-0018;3;3,5;5,7;714,17;13,8;0;0
2024-09;MT-07-0018;3;3,5;5,7;714,17;13,8;0;0
2024-10;MT-07-0018;5;3,5;5,7;1190,29;22,9;0;0
2024-11;MT-07-0018;8;3,5;5,7;1904,47;36,7;0;0
2024-12;MT-07-0018;7;3,5;5,7;1666,41;32,1;0;0
2025-01;MT-07-0018;4;3,5;5,7;952,23;18,3;0;0
2025-02;MT-07-0018;2;3,5;5,7;476,12;9,2;0;0
2025-03;MT-07-0018;1;3,5;5,7;238,06;4,6;0;0
2025-04;MT-07-0018;9;3,5;5,7;2142,52;41,3;0;0
2025-05;MT-07-0018;3;3,5;5,7;714,17;13,8;0;0
2025-06;MT-07-0018;9;3,5;5,7;2142,52;41,3;0;0
2025-07;MT-07-0018;7;3,5;5,7;1666,41;32,1;0;0
2025-08;MT-07-0018;9;3,5;5,7;2142,52;41,3;0;0
2025-09;MT-07-0018;6;3,5;5,7;1428,35;27,5;0;0
2025-10;MT-07-0018;4;3,5;5,7;952,23;18,3;0;0
2025-11;MT-07-0018;7;3,5;5,7;1666,41;32,1;0;0
2025-12;MT-07-0018;5;3,5;5,7;1190,29;22,9;0;0
2024-01;MLT-10-0335;1;1,5;2,7;295,51;5,7;0;0
2024-02;MLT-10-0335;3;1,5;2,7;886,53;17,0;0;0
2024-03;MLT-10-0335;3;1,5;2,7;886,53;17,0;0;0
2024-04;MLT-10-0335;6;1,5;2,7;1773,06;34,0;0;0
2024-05;MLT-10-0335;2;1,5;2,7;591,02;11,3;0;0
2024-06;MLT-10-0335;2;1,5;2,7;591,02;11,3;0;0
2024-07;MLT-10-0335;1;1,5;2,7;295,51;5,7;0;0
2024-08;MLT-10-0335;2;1,5;2,7;591,02;11,3;0;0
2024-09;MLT-10-0335;1;1,5;2,7;295,51;5,7;0;0
2024-10;MLT-10-0335;4;1,5;2,7;1182,04;22,7;0;0
2024-11;MLT-10-0335;0;1,5;2,7;0,0;0,0;1;0
2024-12;MLT-10-0335;3;1,5;2,7;886,53;17,0;0;0
2025-01;MLT-10-0335;3;1,5;2,7;886,53;17,0;0;0
2025-02;MLT-10-0335;3;1,5;2,7;886,53;17,0;0;0
2025-03;MLT-10-0335;2;1,5;2,7;591,02;11,3;0;0
2025-04;MLT-10-0335;0;1,5;2,7;0,0;0,0;1;0
2025-05;MLT-10-0335;1;1,5;2,7;295,51;5,7;0;0
2025-06;MLT-10-0335;4;1,5;2,7;1182,04;22,7;0;0
2025-07;MLT-10-0335;0;1,5;2,7;0,0;0,0;1;0
2025-08;MLT-10-0335;4;1,5;2,7;1182,04;22,7;0;0
2025-09;MLT-10-0335;2;1,5;2,7;591,02;11,3;0;0
2025-10;MLT-10-0335;4;1,5;2,7;1182,04;22,7;0;0
2025-11;MLT-10-0335;4;1,5;2,7;1182,04;22,7;0;0
2025-12;MLT-10-0335;6;1,5;2,7;1773,06;34,0;0;0
2024-01;MRT-10-0395;17;10,0;18,3;1136,74;61,2;0;0
2024-02;MRT-10-0395;5;10,0;18,3;334,34;18,0;0;0
2024-03;MRT-10-0395;21;10,0;18,3;1404,21;75,6;0;0
2024-04;MRT-10-0395;33;10,0;18,3;2206,62;118,8;0;0
2024-05;MRT-10-0395;14;10,0;18,3;936,14;50,4;0;0
2024-06;MRT-10-0395;29;10,0;18,3;1939,15;104,4;0;0
2024-07;MRT-10-0395;7;10,0;18,3;468,07;25,2;0;0
2024-08;MRT-10-0395;13;10,0;18,3;869,27;46,8;0;0
2024-09;MRT-10-0395;14;10,0;18,3;936,14;50,4;0;0
2024-10;MRT-10-0395;17;10,0;18,3;1136,74;61,2;0;0
2024-11;MRT-10-0395;25;10,0;18,3;1671,68;90,0;0;0
2024-12;MRT-10-0395;26;10,0;18,3;1738,55;93,6;0;0
2025-01;MRT-10-0395;19;10,0;18,3;1270,48;68,4;0;0
2025-02;MRT-10-0395;10;10,0;18,3;668,67;36,0;0;0
2025-03;MRT-10-0395;23;10,0;18,3;1537,95;82,8;0;0
2025-04;MRT-10-0395;19;10,0;18,3;1270,48;68,4;0;0
2025-05;MRT-10-0395;24;10,0;18,3;1604,81;86,4;0;0
2025-06;MRT-10-0395;8;10,0;18,3;534,94;28,8;0;0
2025-07;MRT-10-0395;8;10,0;18,3;534,94;28,8;0;0
2025-08;MRT-10-0395;27;10,0;18,3;1805,41;97,2;0;0
2025-09;MRT-10-0395;19;10,0;18,3;1270,48;68,4;0;0
2025-10;MRT-10-0395;23;10,0;18,3;1537,95;82,8;0;0
2025-11;MRT-10-0395;11;10,0;18,3;735,54;39,6;0;0
2025-12;MRT-10-0395;24;10,0;18,3;1604,81;86,4;0;0
2024-01;MI-MC-04-0545;3;2,0;3,6;368,71;25,4;0;0
2024-02;MI-MC-04-0545;4;2,0;3,6;491,62;33,9;0;0
2024-03;MI-MC-04-0545;5;2,0;3,6;614,52;42,4;0;0
2024-04;MI-MC-04-0545;3;2,0;3,6;368,71;25,4;0;0
2024-05;MI-MC-04-0545;3;2,0;3,6;368,71;25,4;0;0
2024-06;MI-MC-04-0545;4;2,0;3,6;491,62;33,9;0;0
2024-07;MI-MC-04-0545;4;2,0;3,6;491,62;33,9;0;0
2024-08;MI-MC-04-0545;4;2,0;3,6;491,62;33,9;0;0
2024-09;MI-MC-04-0545;1;2,0;3,6;122,9;8,5;0;0
2024-10;MI-MC-04-0545;0;2,0;3,6;0,0;0,0;1;0
2024-11;MI-MC-04-0545;5;2,0;3,6;614,52;42,4;0;0
2024-12;MI-MC-04-0545;2;2,0;3,6;245,81;16,9;0;0
2025-01;MI-MC-04-0545;0;2,0;3,6;0,0;0,0;1;0
2025-02;MI-MC-04-0545;3;2,0;3,6;368,71;25,4;0;0
2025-03;MI-MC-04-0545;4;2,0;3,6;491,62;33,9;0;0
2025-04;MI-MC-04-0545;3;2,0;3,6;368,71;25,4;0;0
2025-05;MI-MC-04-0545;3;2,0;3,6;368,71;25,4;0;0
2025-06;MI-MC-04-0545;4;2,0;3,6;491,62;33,9;0;0
2025-07;MI-MC-04-0545;8;2,0;3,6;983,23;67,8;0;0
2025-08;MI-MC-04-0545;3;2,0;3,6;368,71;25,4;0;0
2025-09;MI-MC-04-0545;2;2,0;3,6;245,81;16,9;0;0
2025-10;MI-MC-04-0545;3;2,0;3,6;368,71;25,4;0;0
2025-11;MI-MC-04-0545;4;2,0;3,6;491,62;33,9;0;0
2025-12;MI-MC-04-0545;4;2,0;3,6;491,62;33,9;0;0
2024-01;MT-01-0132;7;3,6;6,6;258,21;7,0;0;0
2024-02;MT-01-0132;8;3,6;6,6;295,09;8,0;0;0
2024-03;MT-01-0132;4;3,6;6,6;147,55;4,0;0;0
2024-04;MT-01-0132;8;3,6;6,6;295,09;8,0;0;0
2024-05;MT-01-0132;3;3,6;6,6;110,66;3,0;0;0
2024-06;MT-01-0132;3;3,6;6,6;110,66;3,0;0;0
2024-07;MT-01-0132;13;3,6;6,6;479,52;12,9;0;0
2024-08;MT-01-0132;4;3,6;6,6;147,55;4,0;0;0
2024-09;MT-01-0132;5;3,6;6,6;184,43;5,0;0;0
2024-10;MT-01-0132;5;3,6;6,6;184,43;5,0;0;0
2024-11;MT-01-0132;8;3,6;6,6;295,09;8,0;0;0
2024-12;MT-01-0132;9;3,6;6,6;331,98;9,0;0;0
2025-01;MT-01-0132;10;3,6;6,6;368,87;9,9;0;0
2025-02;MT-01-0132;8;3,6;6,6;295,09;8,0;0;0
2025-03;MT-01-0132;4;3,6;6,6;147,55;4,0;0;0
2025-04;MT-01-0132;10;3,6;6,6;368,87;9,9;0;0
2025-05;MT-01-0132;7;3,6;6,6;258,21;7,0;0;0
2025-06;MT-01-0132;5;3,6;6,6;184,43;5,0;0;0
2025-07;MT-01-0132;14;3,6;6,6;516,41;13,9;0;0
2025-08;MT-01-0132;16;3,6;6,6;590,18;15,9;0;0
2025-09;MT-01-0132;6;3,6;6,6;221,32;6,0;0;0
2025-10;MT-01-0132;8;3,6;6,6;295,09;8,0;0;0
2025-11;MT-01-0132;6;3,6;6,6;221,32;6,0;0;0
2025-12;MT-01-0132;6;3,6;6,6;221,32;6,0;0;0
2024-01;AWP-10-0641;1;1;1,5;385,1;20,6;0;0
2024-02;AWP-10-0641;1;1;1,5;385,1;20,6;0;0
2024-03;AWP-10-0641;1;1;1,5;385,1;20,6;0;0
2024-04;AWP-10-0641;2;1;1,5;770,21;41,1;0;0
2024-05;AWP-10-0641;1;1;1,5;385,1;20,6;0;0
2024-06;AWP-10-0641;1;1;1,5;385,1;20,6;0;0
2024-07;AWP-10-0641;1;1;1,5;385,1;20,6;0;0
2024-08;AWP-10-0641;1;1;1,5;385,1;20,6;0;0
2024-09;AWP-10-0641;0;1;1,5;0,0;0,0;1;0
2024-10;AWP-10-0641;1;1;1,5;385,1;20,6;0;0
2024-11;AWP-10-0641;2;1;1,5;770,21;41,1;0;0
2024-12;AWP-10-0641;1;1;1,5;385,1;20,6;0;0
2025-01;AWP-10-0641;2;1;1,5;770,21;41,1;0;0
2025-02;AWP-10-0641;2;1;1,5;770,21;41,1;0;0
2025-03;AWP-10-0641;0;1;1,5;0,0;0,0;1;0
2025-04;AWP-10-0641;1;1;1,5;385,1;20,6;0;0
2025-05;AWP-10-0641;2;1;1,5;770,21;41,1;0;0
2025-06;AWP-10-0641;1;1;1,5;385,1;20,6;0;0
2025-07;AWP-10-0641;2;1;1,5;770,21;41,1;0;0
2025-08;AWP-10-0641;1;1;1,5;385,1;20,6;0;0
2025-09;AWP-10-0641;3;1;1,5;1155,31;61,7;0;0
2025-10;AWP-10-0641;0;1;1,5;0,0;0,0;1;0
2025-11;AWP-10-0641;2;1;1,5;770,21;41,1;0;0
2025-12;AWP-10-0641;1;1;1,5;385,1;20,6;0;0
2024-01;MI-MC-04-0491;1;1;1,3;322,92;10,9;0;0
2024-02;MI-MC-04-0491;0;1;1,3;0,0;0,0;1;0
2024-03;MI-MC-04-0491;0;1;1,3;0,0;0,0;1;0
2024-04;MI-MC-04-0491;1;1;1,3;322,92;10,9;0;0
2024-05;MI-MC-04-0491;0;1;1,3;0,0;0,0;1;0
2024-06;MI-MC-04-0491;1;1;1,3;322,92;10,9;0;0
2024-07;MI-MC-04-0491;0;1;1,3;0,0;0,0;1;0
2024-08;MI-MC-04-0491;1;1;1,3;322,92;10,9;0;0
2024-09;MI-MC-04-0491;0;1;1,3;0,0;0,0;1;0
2024-10;MI-MC-04-0491;0;1;1,3;0,0;0,0;1;0
2024-11;MI-MC-04-0491;1;1;1,3;322,92;10,9;0;0
2024-12;MI-MC-04-0491;1;1;1,3;322,92;10,9;0;0
2025-01;MI-MC-04-0491;1;1;1,3;322,92;10,9;0;0
2025-02;MI-MC-04-0491;2;1;1,3;645,84;21,8;0;0
2025-03;MI-MC-04-0491;0;1;1,3;0,0;0,0;1;0
2025-04;MI-MC-04-0491;1;1;1,3;322,92;10,9;0;0
2025-05;MI-MC-04-0491;1;1;1,3;322,92;10,9;0;0
2025-06;MI-MC-04-0491;0;1;1,3;0,0;0,0;1;0
2025-07;MI-MC-04-0491;1;1;1,3;322,92;10,9;0;0
2025-08;MI-MC-04-0491;1;1;1,3;322,92;10,9;0;0
2025-09;MI-MC-04-0491;1;1;1,3;322,92;10,9;0;0
2025-10;MI-MC-04-0491;1;1;1,3;322,92;10,9;0;0
2025-11;MI-MC-04-0491;2;1;1,3;645,84;21,8;0;0
2025-12;MI-MC-04-0491;1;1;1,3;322,92;10,9;0;0
2024-01;TMM-09-0607;0;1;1,3;0,0;0,0;1;0
2024-02;TMM-09-0607;2;1;1,3;380,64;41,1;0;0
2024-03;TMM-09-0607;1;1;1,3;190,32;20,6;0;0
2024-04;TMM-09-0607;0;1;1,3;0,0;0,0;1;0
2024-05;TMM-09-0607;0;1;1,3;0,0;0,0;1;0
2024-06;TMM-09-0607;1;1;1,3;190,32;20,6;0;0
2024-07;TMM-09-0607;1;1;1,3;190,32;20,6;0;0
2024-08;TMM-09-0607;1;1;1,3;190,32;20,6;0;0
2024-09;TMM-09-0607;0;1;1,3;0,0;0,0;1;0
2024-10;TMM-09-0607;1;1;1,3;190,32;20,6;0;0
2024-11;TMM-09-0607;1;1;1,3;190,32;20,6;0;0
2024-12;TMM-09-0607;1;1;1,3;190,32;20,6;0;0
2025-01;TMM-09-0607;1;1;1,3;190,32;20,6;0;0
2025-02;TMM-09-0607;2;1;1,3;380,64;41,1;0;0
2025-03;TMM-09-0607;1;1;1,3;190,32;20,6;0;0
2025-04;TMM-09-0607;0;1;1,3;0,0;0,0;1;0
2025-05;TMM-09-0607;1;1;1,3;190,32;20,6;0;0
2025-06;TMM-09-0607;2;1;1,3;380,64;41,1;0;0
2025-07;TMM-09-0607;0;1;1,3;0,0;0,0;1;0
2025-08;TMM-09-0607;0;1;1,3;0,0;0,0;1;0
2025-09;TMM-09-0607;2;1;1,3;380,64;41,1;0;0
2025-10;TMM-09-0607;1;1;1,3;190,32;20,6;0;0
2025-11;TMM-09-0607;3;1;1,3;570,97;61,7;0;0
2025-12;TMM-09-0607;1;1;1,3;190,32;20,6;0;0
2024-01;MI-MC-05-0472;43;17,9;29,1;3722,12;173,0;0;0
2024-02;MI-MC-05-0472;45;17,9;29,1;3895,24;181,0;0;0
2024-03;MI-MC-05-0472;19;17,9;29,1;1644,66;76,4;0;0
2024-04;MI-MC-05-0472;33;17,9;29,1;2856,51;132,7;0;0
2024-05;MI-MC-05-0472;29;17,9;29,1;2510,26;116,6;0;0
2024-06;MI-MC-05-0472;23;17,9;29,1;1990,9;92,5;0;0
2024-07;MI-MC-05-0472;41;17,9;29,1;3549,0;164,9;0;0
2024-08;MI-MC-05-0472;29;17,9;29,1;2510,26;116,6;0;0
2024-09;MI-MC-05-0472;36;17,9;29,1;3116,19;144,8;0;0
2024-10;MI-MC-05-0472;41;17,9;29,1;3549,0;164,9;0;0
2024-11;MI-MC-05-0472;24;17,9;29,1;2077,46;96,5;0;0
2024-12;MI-MC-05-0472;42;17,9;29,1;3635,56;168,9;0;0
2025-01;MI-MC-05-0472;28;17,9;29,1;2423,7;112,6;0;0
2025-02;MI-MC-05-0472;7;17,9;29,1;605,93;28,2;0;0
2025-03;MI-MC-05-0472;63;17,9;29,1;5453,33;253,4;0;0
2025-04;MI-MC-05-0472;26;17,9;29,1;2250,58;104,6;0;0
2025-05;MI-MC-05-0472;41;17,9;29,1;3549,0;164,9;0;0
2025-06;MI-MC-05-0472;38;17,9;29,1;3289,31;152,8;0;0
2025-07;MI-MC-05-0472;41;17,9;29,1;3549,0;164,9;0;0
2025-08;MI-MC-05-0472;28;17,9;29,1;2423,7;112,6;0;0
2025-09;MI-MC-05-0472;49;17,9;29,1;4241,48;197,1;0;0
2025-10;MI-MC-05-0472;57;17,9;29,1;4933,97;229,3;0;0
2025-11;MI-MC-05-0472;20;17,9;29,1;1731,22;80,4;0;0
2025-12;MI-MC-05-0472;11;17,9;29,1;952,17;44,2;0;0
2024-01;MI-MC-10-0465;3;1,2;2,1;1075,71;43,2;0;0
2024-02;MI-MC-10-0465;1;1,2;2,1;358,57;14,4;0;0
2024-03;MI-MC-10-0465;3;1,2;2,1;1075,71;43,2;0;0
2024-04;MI-MC-10-0465;0;1,2;2,1;0,0;0,0;1;0
2024-05;MI-MC-10-0465;1;1,2;2,1;358,57;14,4;0;0
2024-06;MI-MC-10-0465;2;1,2;2,1;717,14;28,8;0;0
2024-07;MI-MC-10-0465;2;1,2;2,1;717,14;28,8;0;0
2024-08;MI-MC-10-0465;2;1,2;2,1;717,14;28,8;0;0
2024-09;MI-MC-10-0465;0;1,2;2,1;0,0;0,0;1;0
2024-10;MI-MC-10-0465;3;1,2;2,1;1075,71;43,2;0;0
2024-11;MI-MC-10-0465;2;1,2;2,1;717,14;28,8;0;0
2024-12;MI-MC-10-0465;2;1,2;2,1;717,14;28,8;0;0
2025-01;MI-MC-10-0465;1;1,2;2,1;358,57;14,4;0;0
2025-02;MI-MC-10-0465;3;1,2;2,1;1075,71;43,2;0;0
2025-03;MI-MC-10-0465;1;1,2;2,1;358,57;14,4;0;0
2025-04;MI-MC-10-0465;1;1,2;2,1;358,57;14,4;0;0
2025-05;MI-MC-10-0465;2;1,2;2,1;717,14;28,8;0;0
2025-06;MI-MC-10-0465;0;1,2;2,1;0,0;0,0;1;0
2025-07;MI-MC-10-0465;0;1,2;2,1;0,0;0,0;1;0
2025-08;MI-MC-10-0465;1;1,2;2,1;358,57;14,4;0;0
2025-09;MI-MC-10-0465;3;1,2;2,1;1075,71;43,2;0;0
2025-10;MI-MC-10-0465;3;1,2;2,1;1075,71;43,2;0;0
2025-11;MI-MC-10-0465;2;1,2;2,1;717,14;28,8;0;0
2025-12;MI-MC-10-0465;3;1,2;2,1;1075,71;43,2;0;0
2024-01;LOAD-05-0769;6;2,9;5,3;521,45;24,8;0;0
2024-02;LOAD-05-0769;2;2,9;5,3;173,82;8,3;0;0
2024-03;LOAD-05-0769;5;2,9;5,3;434,54;20,7;0;0
2024-04;LOAD-05-0769;3;2,9;5,3;260,72;12,4;0;0
2024-05;LOAD-05-0769;7;2,9;5,3;608,35;29,0;0;0
2024-06;LOAD-05-0769;10;2,9;5,3;869,08;41,4;0;0
2024-07;LOAD-05-0769;1;2,9;5,3;86,91;4,1;0;0
2024-08;LOAD-05-0769;5;2,9;5,3;434,54;20,7;0;0
2024-09;LOAD-05-0769;7;2,9;5,3;608,35;29,0;0;0
2024-10;LOAD-05-0769;3;2,9;5,3;260,72;12,4;0;0
2024-11;LOAD-05-0769;4;2,9;5,3;347,63;16,6;0;0
2024-12;LOAD-05-0769;5;2,9;5,3;434,54;20,7;0;0
2025-01;LOAD-05-0769;4;2,9;5,3;347,63;16,6;0;0
2025-02;LOAD-05-0769;10;2,9;5,3;869,08;41,4;0;0
2025-03;LOAD-05-0769;0;2,9;5,3;0,0;0,0;1;0
2025-04;LOAD-05-0769;7;2,9;5,3;608,35;29,0;0;0
2025-05;LOAD-05-0769;2;2,9;5,3;173,82;8,3;0;0
2025-06;LOAD-05-0769;2;2,9;5,3;173,82;8,3;0;0
2025-07;LOAD-05-0769;11;2,9;5,3;955,98;45,5;0;0
2025-08;LOAD-05-0769;3;2,9;5,3;260,72;12,4;0;0
2025-09;LOAD-05-0769;4;2,9;5,3;347,63;16,6;0;0
2025-10;LOAD-05-0769;0;2,9;5,3;0,0;0,0;1;0
2025-11;LOAD-05-0769;7;2,9;5,3;608,35;29,0;0;0
2025-12;LOAD-05-0769;3;2,9;5,3;260,72;12,4;0;0
2024-01;MI-MC-03-0537;1;1,1;1,7;503,6;31,3;0;0
2024-02;MI-MC-03-0537;2;1,1;1,7;1007,21;62,6;0;0
2024-03;MI-MC-03-0537;2;1,1;1,7;1007,21;62,6;0;0
2024-04;MI-MC-03-0537;2;1,1;1,7;1007,21;62,6;0;0
2024-05;MI-MC-03-0537;1;1,1;1,7;503,6;31,3;0;0
2024-06;MI-MC-03-0537;3;1,1;1,7;1510,81;93,9;0;0
2024-07;MI-MC-03-0537;3;1,1;1,7;1510,81;93,9;0;0
2024-08;MI-MC-03-0537;0;1,1;1,7;0,0;0,0;1;0
2024-09;MI-MC-03-0537;0;1,1;1,7;0,0;0,0;1;0
2024-10;MI-MC-03-0537;1;1,1;1,7;503,6;31,3;0;0
2024-11;MI-MC-03-0537;1;1,1;1,7;503,6;31,3;0;0
2024-12;MI-MC-03-0537;2;1,1;1,7;1007,21;62,6;0;0
2025-01;MI-MC-03-0537;2;1,1;1,7;1007,21;62,6;0;0
2025-02;MI-MC-03-0537;0;1,1;1,7;0,0;0,0;1;0
2025-03;MI-MC-03-0537;0;1,1;1,7;0,0;0,0;1;0
2025-04;MI-MC-03-0537;0;1,1;1,7;0,0;0,0;1;0
2025-05;MI-MC-03-0537;2;1,1;1,7;1007,21;62,6;0;0
2025-06;MI-MC-03-0537;1;1,1;1,7;503,6;31,3;0;0
2025-07;MI-MC-03-0537;2;1,1;1,7;1007,21;62,6;0;0
2025-08;MI-MC-03-0537;1;1,1;1,7;503,6;31,3;0;0
2025-09;MI-MC-03-0537;1;1,1;1,7;503,6;31,3;0;0
2025-10;MI-MC-03-0537;1;1,1;1,7;503,6;31,3;0;0
2025-11;MI-MC-03-0537;2;1,1;1,7;1007,21;62,6;0;0
2025-12;MI-MC-03-0537;1;1,1;1,7;503,6;31,3;0;0
2024-01;MI-MC-08-0492;44;13,7;22,2;1240,41;72,2;0;0
2024-02;MI-MC-08-0492;8;13,7;22,2;225,53;13,1;0;0
2024-03;MI-MC-08-0492;27;13,7;22,2;761,16;44,3;0;0
2024-04;MI-MC-08-0492;22;13,7;22,2;620,2;36,1;0;0
2024-05;MI-MC-08-0492;24;13,7;22,2;676,59;39,4;0;0
2024-06;MI-MC-08-0492;9;13,7;22,2;253,72;14,8;0;0
2024-07;MI-MC-08-0492;26;13,7;22,2;732,97;42,6;0;0
2024-08;MI-MC-08-0492;19;13,7;22,2;535,63;31,2;0;0
2024-09;MI-MC-08-0492;25;13,7;22,2;704,78;41,0;0;0
2024-10;MI-MC-08-0492;29;13,7;22,2;817,54;47,6;0;0
2024-11;MI-MC-08-0492;45;13,7;22,2;1268,6;73,8;0;0
2024-12;MI-MC-08-0492;26;13,7;22,2;732,97;42,6;0;0
2025-01;MI-MC-08-0492;23;13,7;22,2;648,4;37,7;0;0
2025-02;MI-MC-08-0492;13;13,7;22,2;366,48;21,3;0;0
2025-03;MI-MC-08-0492;10;13,7;22,2;281,91;16,4;0;0
2025-04;MI-MC-08-0492;9;13,7;22,2;253,72;14,8;0;0
2025-05;MI-MC-08-0492;13;13,7;22,2;366,48;21,3;0;0
2025-06;MI-MC-08-0492;20;13,7;22,2;563,82;32,8;0;0
2025-07;MI-MC-08-0492;39;13,7;22,2;1099,45;64,0;0;0
2025-08;MI-MC-08-0492;25;13,7;22,2;704,78;41,0;0;0
2025-09;MI-MC-08-0492;23;13,7;22,2;648,4;37,7;0;0
2025-10;MI-MC-08-0492;16;13,7;22,2;451,06;26,2;0;0
2025-11;MI-MC-08-0492;26;13,7;22,2;732,97;42,6;0;0
2025-12;MI-MC-08-0492;15;13,7;22,2;422,87;24,6;0;0
2024-01;TMM-09-0598;0;1;1,6;0,0;0,0;1;0
2024-02;TMM-09-0598;1;1;1,6;206,03;17,6;0;0
2024-03;TMM-09-0598;0;1;1,6;0,0;0,0;1;0
2024-04;TMM-09-0598;0;1;1,6;0,0;0,0;1;0
2024-05;TMM-09-0598;1;1;1,6;206,03;17,6;0;0
2024-06;TMM-09-0598;1;1;1,6;206,03;17,6;0;0
2024-07;TMM-09-0598;0;1;1,6;0,0;0,0;1;0
2024-08;TMM-09-0598;1;1;1,6;206,03;17,6;0;0
2024-09;TMM-09-0598;1;1;1,6;206,03;17,6;0;0
2024-10;TMM-09-0598;0;1;1,6;0,0;0,0;1;0
2024-11;TMM-09-0598;3;1;1,6;618,08;52,7;0;0
2024-12;TMM-09-0598;0;1;1,6;0,0;0,0;1;0
2025-01;TMM-09-0598;2;1;1,6;412,06;35,1;0;0
2025-02;TMM-09-0598;1;1;1,6;206,03;17,6;0;0
2025-03;TMM-09-0598;2;1;1,6;412,06;35,1;0;0
2025-04;TMM-09-0598;1;1;1,6;206,03;17,6;0;0
2025-05;TMM-09-0598;2;1;1,6;412,06;35,1;0;0
2025-06;TMM-09-0598;1;1;1,6;206,03;17,6;0;0
2025-07;TMM-09-0598;2;1;1,6;412,06;35,1;0;0
2025-08;TMM-09-0598;1;1;1,6;206,03;17,6;0;0
2025-09;TMM-09-0598;2;1;1,6;412,06;35,1;0;0
2025-10;TMM-09-0598;1;1;1,6;206,03;17,6;0;0
2025-11;TMM-09-0598;1;1;1,6;206,03;17,6;0;0
2025-12;TMM-09-0598;0;1;1,6;0,0;0,0;1;0
2024-01;LOAD-03-0777;2;1;1,5;909,26;41,1;0;0
2024-02;LOAD-03-0777;2;1;1,5;909,26;41,1;0;0
2024-03;LOAD-03-0777;1;1;1,5;454,63;20,6;0;0
2024-04;LOAD-03-0777;2;1;1,5;909,26;41,1;0;0
2024-05;LOAD-03-0777;1;1;1,5;454,63;20,6;0;0
2024-06;LOAD-03-0777;2;1;1,5;909,26;41,1;0;0
2024-07;LOAD-03-0777;1;1;1,5;454,63;20,6;0;0
2024-08;LOAD-03-0777;0;1;1,5;0,0;0,0;1;0
2024-09;LOAD-03-0777;2;1;1,5;909,26;41,1;0;0
2024-10;LOAD-03-0777;1;1;1,5;454,63;20,6;0;0
2024-11;LOAD-03-0777;0;1;1,5;0,0;0,0;1;0
2024-12;LOAD-03-0777;1;1;1,5;454,63;20,6;0;0
2025-01;LOAD-03-0777;1;1;1,5;454,63;20,6;0;0
2025-02;LOAD-03-0777;0;1;1,5;0,0;0,0;1;0
2025-03;LOAD-03-0777;2;1;1,5;909,26;41,1;0;0
2025-04;LOAD-03-0777;0;1;1,5;0,0;0,0;1;0
2025-05;LOAD-03-0777;2;1;1,5;909,26;41,1;0;0
2025-06;LOAD-03-0777;1;1;1,5;454,63;20,6;0;0
2025-07;LOAD-03-0777;2;1;1,5;909,26;41,1;0;0
2025-08;LOAD-03-0777;0;1;1,5;0,0;0,0;1;0
2025-09;LOAD-03-0777;0;1;1,5;0,0;0,0;1;0
2025-10;LOAD-03-0777;1;1;1,5;454,63;20,6;0;0
2025-11;LOAD-03-0777;1;1;1,5;454,63;20,6;0;0
2025-12;LOAD-03-0777;1;1;1,5;454,63;20,6;0;0
2024-01;AWP-05-0667;5;1,8;3,4;557,05;45,6;0;0
2024-02;AWP-05-0667;3;1,8;3,4;334,23;27,3;0;0
2024-03;AWP-05-0667;4;1,8;3,4;445,64;36,5;0;0
2024-04;AWP-05-0667;4;1,8;3,4;445,64;36,5;0;0
2024-05;AWP-05-0667;1;1,8;3,4;111,41;9,1;0;0
2024-06;AWP-05-0667;3;1,8;3,4;334,23;27,3;0;0
2024-07;AWP-05-0667;4;1,8;3,4;445,64;36,5;0;0
2024-08;AWP-05-0667;3;1,8;3,4;334,23;27,3;0;0
2024-09;AWP-05-0667;6;1,8;3,4;668,46;54,7;0;0
2024-10;AWP-05-0667;0;1,8;3,4;0,0;0,0;1;0
2024-11;AWP-05-0667;2;1,8;3,4;222,82;18,2;0;0
2024-12;AWP-05-0667;6;1,8;3,4;668,46;54,7;0;0
2025-01;AWP-05-0667;3;1,8;3,4;334,23;27,3;0;0
2025-02;AWP-05-0667;4;1,8;3,4;445,64;36,5;0;0
2025-03;AWP-05-0667;3;1,8;3,4;334,23;27,3;0;0
2025-04;AWP-05-0667;3;1,8;3,4;334,23;27,3;0;0
2025-05;AWP-05-0667;3;1,8;3,4;334,23;27,3;0;0
2025-06;AWP-05-0667;2;1,8;3,4;222,82;18,2;0;0
2025-07;AWP-05-0667;5;1,8;3,4;557,05;45,6;0;0
2025-08;AWP-05-0667;3;1,8;3,4;334,23;27,3;0;0
2025-09;AWP-05-0667;3;1,8;3,4;334,23;27,3;0;0
2025-10;AWP-05-0667;6;1,8;3,4;668,46;54,7;0;0
2025-11;AWP-05-0667;3;1,8;3,4;334,23;27,3;0;0
2025-12;AWP-05-0667;2;1,8;3,4;222,82;18,2;0;0
2024-01;TMM-09-0581;0;1;1,7;0,0;0,0;1;0
2024-02;TMM-09-0581;0;1;1,7;0,0;0,0;1;0
2024-03;TMM-09-0581;0;1;1,7;0,0;0,0;1;0
2024-04;TMM-09-0581;1;1;1,7;106,41;7,7;0;0
2024-05;TMM-09-0581;2;1;1,7;212,81;15,3;0;0
2024-06;TMM-09-0581;1;1;1,7;106,41;7,7;0;0
2024-07;TMM-09-0581;2;1;1,7;212,81;15,3;0;0
2024-08;TMM-09-0581;0;1;1,7;0,0;0,0;1;0
2024-09;TMM-09-0581;2;1;1,7;212,81;15,3;0;0
2024-10;TMM-09-0581;2;1;1,7;212,81;15,3;0;0
2024-11;TMM-09-0581;1;1;1,7;106,41;7,7;0;0
2024-12;TMM-09-0581;2;1;1,7;212,81;15,3;0;0
2025-01;TMM-09-0581;3;1;1,7;319,22;23,0;0;0
2025-02;TMM-09-0581;0;1;1,7;0,0;0,0;1;0
2025-03;TMM-09-0581;1;1;1,7;106,41;7,7;0;0
2025-04;TMM-09-0581;1;1;1,7;106,41;7,7;0;0
2025-05;TMM-09-0581;2;1;1,7;212,81;15,3;0;0
2025-06;TMM-09-0581;1;1;1,7;106,41;7,7;0;0
2025-07;TMM-09-0581;2;1;1,7;212,81;15,3;0;0
2025-08;TMM-09-0581;0;1;1,7;0,0;0,0;1;0
2025-09;TMM-09-0581;0;1;1,7;0,0;0,0;1;0
2025-10;TMM-09-0581;0;1;1,7;0,0;0,0;1;0
2025-11;TMM-09-0581;1;1;1,7;106,41;7,7;0;0
2025-12;TMM-09-0581;2;1;1,7;212,81;15,3;0;0
2024-01;MI-MC-06-0497;1;3,1;5,0;115,13;7,3;0;0
2024-02;MI-MC-06-0497;7;3,1;5,0;805,9;50,9;0;0
2024-03;MI-MC-06-0497;7;3,1;5,0;805,9;50,9;0;0
2024-04;MI-MC-06-0497;2;3,1;5,0;230,26;14,5;0;0
2024-05;MI-MC-06-0497;3;3,1;5,0;345,39;21,8;0;0
2024-06;MI-MC-06-0497;3;3,1;5,0;345,39;21,8;0;0
2024-07;MI-MC-06-0497;7;3,1;5,0;805,9;50,9;0;0
2024-08;MI-MC-06-0497;1;3,1;5,0;115,13;7,3;0;0
2024-09;MI-MC-06-0497;4;3,1;5,0;460,52;29,1;0;0
2024-10;MI-MC-06-0497;6;3,1;5,0;690,77;43,6;0;0
2024-11;MI-MC-06-0497;0;3,1;5,0;0,0;0,0;1;0
2024-12;MI-MC-06-0497;9;3,1;5,0;1036,16;65,5;0;0
2025-01;MI-MC-06-0497;4;3,1;5,0;460,52;29,1;0;0
2025-02;MI-MC-06-0497;3;3,1;5,0;345,39;21,8;0;0
2025-03;MI-MC-06-0497;5;3,1;5,0;575,65;36,4;0;0
2025-04;MI-MC-06-0497;7;3,1;5,0;805,9;50,9;0;0
2025-05;MI-MC-06-0497;3;3,1;5,0;345,39;21,8;0;0
2025-06;MI-MC-06-0497;7;3,1;5,0;805,9;50,9;0;0
2025-07;MI-MC-06-0497;7;3,1;5,0;805,9;50,9;0;0
2025-08;MI-MC-06-0497;3;3,1;5,0;345,39;21,8;0;0
2025-09;MI-MC-06-0497;4;3,1;5,0;460,52;29,1;0;0
2025-10;MI-MC-06-0497;7;3,1;5,0;805,9;50,9;0;0
2025-11;MI-MC-06-0497;3;3,1;5,0;345,39;21,8;0;0
2025-12;MI-MC-06-0497;1;3,1;5,0;115,13;7,3;0;0
2024-01;TMM-07-0587;1;1;1,2;365,45;27,7;0;0
2024-02;TMM-07-0587;1;1;1,2;365,45;27,7;0;0
2024-03;TMM-07-0587;1;1;1,2;365,45;27,7;0;0
2024-04;TMM-07-0587;1;1;1,2;365,45;27,7;0;0
2024-05;TMM-07-0587;0;1;1,2;0,0;0,0;1;0
2024-06;TMM-07-0587;1;1;1,2;365,45;27,7;0;0
2024-07;TMM-07-0587;1;1;1,2;365,45;27,7;0;0
2024-08;TMM-07-0587;1;1;1,2;365,45;27,7;0;0
2024-09;TMM-07-0587;0;1;1,2;0,0;0,0;1;0
2024-10;TMM-07-0587;0;1;1,2;0,0;0,0;1;0
2024-11;TMM-07-0587;1;1;1,2;365,45;27,7;0;0
2024-12;TMM-07-0587;0;1;1,2;0,0;0,0;1;0
2025-01;TMM-07-0587;0;1;1,2;0,0;0,0;1;0
2025-02;TMM-07-0587;1;1;1,2;365,45;27,7;0;0
2025-03;TMM-07-0587;1;1;1,2;365,45;27,7;0;0
2025-04;TMM-07-0587;1;1;1,2;365,45;27,7;0;0
2025-05;TMM-07-0587;0;1;1,2;0,0;0,0;1;0
2025-06;TMM-07-0587;1;1;1,2;365,45;27,7;0;0
2025-07;TMM-07-0587;0;1;1,2;0,0;0,0;1;0
2025-08;TMM-07-0587;1;1;1,2;365,45;27,7;0;0
2025-09;TMM-07-0587;1;1;1,2;365,45;27,7;0;0
2025-10;TMM-07-0587;1;1;1,2;365,45;27,7;0;0
2025-11;TMM-07-0587;2;1;1,2;730,9;55,4;0;0
2025-12;TMM-07-0587;1;1;1,2;365,45;27,7;0;0
2024-01;MLT-04-0231;4;3,0;5,4;777,5;22,7;0;0
2024-02;MLT-04-0231;5;3,0;5,4;971,87;28,3;0;0
2024-03;MLT-04-0231;6;3,0;5,4;1166,25;34,0;0;0
2024-04;MLT-04-0231;8;3,0;5,4;1554,99;45,4;0;0
2024-05;MLT-04-0231;4;3,0;5,4;777,5;22,7;0;0
2024-06;MLT-04-0231;5;3,0;5,4;971,87;28,3;0;0
2024-07;MLT-04-0231;7;3,0;5,4;1360,62;39,7;0;0
2024-08;MLT-04-0231;4;3,0;5,4;777,5;22,7;0;0
2024-09;MLT-04-0231;7;3,0;5,4;1360,62;39,7;0;0
2024-10;MLT-04-0231;9;3,0;5,4;1749,37;51,0;0;0
2024-11;MLT-04-0231;10;3,0;5,4;1943,74;56,7;0;0
2024-12;MLT-04-0231;9;3,0;5,4;1749,37;51,0;0;0
2025-01;MLT-04-0231;6;3,0;5,4;1166,25;34,0;0;0
2025-02;MLT-04-0231;9;3,0;5,4;1749,37;51,0;0;0
2025-03;MLT-04-0231;8;3,0;5,4;1554,99;45,4;0;0
2025-04;MLT-04-0231;9;3,0;5,4;1749,37;51,0;0;0
2025-05;MLT-04-0231;7;3,0;5,4;1360,62;39,7;0;0
2025-06;MLT-04-0231;4;3,0;5,4;777,5;22,7;0;0
2025-07;MLT-04-0231;4;3,0;5,4;777,5;22,7;0;0
2025-08;MLT-04-0231;4;3,0;5,4;777,5;22,7;0;0
2025-09;MLT-04-0231;9;3,0;5,4;1749,37;51,0;0;0
2025-10;MLT-04-0231;7;3,0;5,4;1360,62;39,7;0;0
2025-11;MLT-04-0231;3;3,0;5,4;583,12;17,0;0;0
2025-12;MLT-04-0231;9;3,0;5,4;1749,37;51,0;0;0
2024-01;LOAD-04-0791;2;1;1,5;436,89;18,9;0;0
2024-02;LOAD-04-0791;1;1;1,5;218,44;9,5;0;0
2024-03;LOAD-04-0791;0;1;1,5;0,0;0,0;1;0
2024-04;LOAD-04-0791;1;1;1,5;218,44;9,5;0;0
2024-05;LOAD-04-0791;2;1;1,5;436,89;18,9;0;0
2024-06;LOAD-04-0791;2;1;1,5;436,89;18,9;0;0
2024-07;LOAD-04-0791;0;1;1,5;0,0;0,0;1;0
2024-08;LOAD-04-0791;2;1;1,5;436,89;18,9;0;0
2024-09;LOAD-04-0791;1;1;1,5;218,44;9,5;0;0
2024-10;LOAD-04-0791;1;1;1,5;218,44;9,5;0;0
2024-11;LOAD-04-0791;1;1;1,5;218,44;9,5;0;0
2024-12;LOAD-04-0791;1;1;1,5;218,44;9,5;0;0
2025-01;LOAD-04-0791;2;1;1,5;436,89;18,9;0;0
2025-02;LOAD-04-0791;1;1;1,5;218,44;9,5;0;0
2025-03;LOAD-04-0791;2;1;1,5;436,89;18,9;0;0
2025-04;LOAD-04-0791;2;1;1,5;436,89;18,9;0;0
2025-05;LOAD-04-0791;2;1;1,5;436,89;18,9;0;0
2025-06;LOAD-04-0791;1;1;1,5;218,44;9,5;0;0
2025-07;LOAD-04-0791;2;1;1,5;436,89;18,9;0;0
2025-08;LOAD-04-0791;2;1;1,5;436,89;18,9;0;0
2025-09;LOAD-04-0791;1;1;1,5;218,44;9,5;0;0
2025-10;LOAD-04-0791;0;1;1,5;0,0;0,0;1;0
2025-11;LOAD-04-0791;0;1;1,5;0,0;0,0;1;0
2025-12;LOAD-04-0791;0;1;1,5;0,0;0,0;1;0
2024-01;LOAD-10-0742;2;1;1,8;294,41;12,9;0;0
2024-02;LOAD-10-0742;2;1;1,8;294,41;12,9;0;0
2024-03;LOAD-10-0742;0;1;1,8;0,0;0,0;1;0
2024-04;LOAD-10-0742;3;1;1,8;441,61;19,3;0;0
2024-05;LOAD-10-0742;0;1;1,8;0,0;0,0;1;0
2024-06;LOAD-10-0742;0;1;1,8;0,0;0,0;1;0
2024-07;LOAD-10-0742;1;1;1,8;147,2;6,4;0;0
2024-08;LOAD-10-0742;1;1;1,8;147,2;6,4;0;0
2024-09;LOAD-10-0742;0;1;1,8;0,0;0,0;1;0
2024-10;LOAD-10-0742;1;1;1,8;147,2;6,4;0;0
2024-11;LOAD-10-0742;3;1;1,8;441,61;19,3;0;0
2024-12;LOAD-10-0742;0;1;1,8;0,0;0,0;1;0
2025-01;LOAD-10-0742;3;1;1,8;441,61;19,3;0;0
2025-02;LOAD-10-0742;1;1;1,8;147,2;6,4;0;0
2025-03;LOAD-10-0742;2;1;1,8;294,41;12,9;0;0
2025-04;LOAD-10-0742;1;1;1,8;147,2;6,4;0;0
2025-05;LOAD-10-0742;0;1;1,8;0,0;0,0;1;0
2025-06;LOAD-10-0742;2;1;1,8;294,41;12,9;0;0
2025-07;LOAD-10-0742;1;1;1,8;147,2;6,4;0;0
2025-08;LOAD-10-0742;0;1;1,8;0,0;0,0;1;0
2025-09;LOAD-10-0742;2;1;1,8;294,41;12,9;0;0
2025-10;LOAD-10-0742;1;1;1,8;147,2;6,4;0;0
2025-11;LOAD-10-0742;3;1;1,8;441,61;19,3;0;0
2025-12;LOAD-10-0742;2;1;1,8;294,41;12,9;0;0
2024-01;MT-07-0009;54;15,0;27,5;4712,21;90,8;0;0
2024-02;MT-07-0009;7;15,0;27,5;610,84;11,8;0;0
2024-03;MT-07-0009;11;15,0;27,5;959,9;18,5;0;0
2024-04;MT-07-0009;15;15,0;27,5;1308,95;25,2;0;0
2024-05;MT-07-0009;28;15,0;27,5;2443,37;47,1;0;0
2024-06;MT-07-0009;22;15,0;27,5;1919,79;37,0;0;0
2024-07;MT-07-0009;29;15,0;27,5;2530,63;48,8;0;0
2024-08;MT-07-0009;33;15,0;27,5;2879,69;55,5;0;0
2024-09;MT-07-0009;17;15,0;27,5;1483,47;28,6;0;0
2024-10;MT-07-0009;20;15,0;27,5;1745,26;33,6;0;0
2024-11;MT-07-0009;25;15,0;27,5;2181,58;42,1;0;0
2024-12;MT-07-0009;17;15,0;27,5;1483,47;28,6;0;0
2025-01;MT-07-0009;25;15,0;27,5;2181,58;42,1;0;0
2025-02;MT-07-0009;30;15,0;27,5;2617,9;50,5;0;0
2025-03;MT-07-0009;29;15,0;27,5;2530,63;48,8;0;0
2025-04;MT-07-0009;30;15,0;27,5;2617,9;50,5;0;0
2025-05;MT-07-0009;24;15,0;27,5;2094,32;40,4;0;0
2025-06;MT-07-0009;3;15,0;27,5;261,79;5,0;0;0
2025-07;MT-07-0009;20;15,0;27,5;1745,26;33,6;0;0
2025-08;MT-07-0009;27;15,0;27,5;2356,11;45,4;0;0
2025-09;MT-07-0009;21;15,0;27,5;1832,53;35,3;0;0
2025-10;MT-07-0009;22;15,0;27,5;1919,79;37,0;0;0
2025-11;MT-07-0009;40;15,0;27,5;3490,53;67,3;0;0
2025-12;MT-07-0009;17;15,0;27,5;1483,47;28,6;0;0
2024-01;MT-05-0075;11;8,0;14,8;1797,96;49,2;0;0
2024-02;MT-05-0075;20;8,0;14,8;3269,02;89,4;0;0
2024-03;MT-05-0075;23;8,0;14,8;3759,37;102,9;0;0
2024-04;MT-05-0075;22;8,0;14,8;3595,92;98,4;0;0
2024-05;MT-05-0075;12;8,0;14,8;1961,41;53,7;0;0
2024-06;MT-05-0075;6;8,0;14,8;980,71;26,8;0;0
2024-07;MT-05-0075;20;8,0;14,8;3269,02;89,4;0;0
2024-08;MT-05-0075;20;8,0;14,8;3269,02;89,4;0;0
2024-09;MT-05-0075;28;8,0;14,8;4576,63;125,2;0;0
2024-10;MT-05-0075;10;8,0;14,8;1634,51;44,7;0;0
2024-11;MT-05-0075;22;8,0;14,8;3595,92;98,4;0;0
2024-12;MT-05-0075;27;8,0;14,8;4413,17;120,7;0;0
2025-01;MT-05-0075;7;8,0;14,8;1144,16;31,3;0;0
2025-02;MT-05-0075;19;8,0;14,8;3105,57;85,0;0;0
2025-03;MT-05-0075;13;8,0;14,8;2124,86;58,1;0;0
2025-04;MT-05-0075;28;8,0;14,8;4576,63;125,2;0;0
2025-05;MT-05-0075;30;8,0;14,8;4903,53;134,2;0;0
2025-06;MT-05-0075;31;8,0;14,8;5066,98;138,6;0;0
2025-07;MT-05-0075;14;8,0;14,8;2288,31;62,6;0;0
2025-08;MT-05-0075;16;8,0;14,8;2615,21;71,6;0;0
2025-09;MT-05-0075;25;8,0;14,8;4086,27;111,8;0;0
2025-10;MT-05-0075;1;8,0;14,8;163,45;4,5;0;0
2025-11;MT-05-0075;13;8,0;14,8;2124,86;58,1;0;0
2025-12;MT-05-0075;13;8,0;14,8;2124,86;58,1;0;0
2024-01;LOAD-01-0732;9;4,8;8,8;284,53;15,8;0;0
2024-02;LOAD-01-0732;4;4,8;8,8;126,46;7,0;0;0
2024-03;LOAD-01-0732;12;4,8;8,8;379,37;21,0;0;0
2024-04;LOAD-01-0732;2;4,8;8,8;63,23;3,5;0;0
2024-05;LOAD-01-0732;8;4,8;8,8;252,91;14,0;0;0
2024-06;LOAD-01-0732;9;4,8;8,8;284,53;15,8;0;0
2024-07;LOAD-01-0732;11;4,8;8,8;347,76;19,3;0;0
2024-08;LOAD-01-0732;3;4,8;8,8;94,84;5,3;0;0
2024-09;LOAD-01-0732;5;4,8;8,8;158,07;8,8;0;0
2024-10;LOAD-01-0732;11;4,8;8,8;347,76;19,3;0;0
2024-11;LOAD-01-0732;6;4,8;8,8;189,68;10,5;0;0
2024-12;LOAD-01-0732;4;4,8;8,8;126,46;7,0;0;0
2025-01;LOAD-01-0732;2;4,8;8,8;63,23;3,5;0;0
2025-02;LOAD-01-0732;6;4,8;8,8;189,68;10,5;0;0
2025-03;LOAD-01-0732;5;4,8;8,8;158,07;8,8;0;0
2025-04;LOAD-01-0732;0;4,8;8,8;0,0;0,0;1;0
2025-05;LOAD-01-0732;0;4,8;8,8;0,0;0,0;1;0
2025-06;LOAD-01-0732;10;4,8;8,8;316,14;17,5;0;0
2025-07;LOAD-01-0732;10;4,8;8,8;316,14;17,5;0;0
2025-08;LOAD-01-0732;10;4,8;8,8;316,14;17,5;0;0
2025-09;LOAD-01-0732;9;4,8;8,8;284,53;15,8;0;0
2025-10;LOAD-01-0732;2;4,8;8,8;63,23;3,5;0;0
2025-11;LOAD-01-0732;11;4,8;8,8;347,76;19,3;0;0
2025-12;LOAD-01-0732;2;4,8;8,8;63,23;3,5;0;0
2024-01;MT-03-0118;4;2,9;5,3;1112,51;35,1;0;0
2024-02;MT-03-0118;3;2,9;5,3;834,39;26,3;0;0
2024-03;MT-03-0118;2;2,9;5,3;556,26;17,6;0;0
2024-04;MT-03-0118;7;2,9;5,3;1946,9;61,5;0;0
2024-05;MT-03-0118;3;2,9;5,3;834,39;26,3;0;0
2024-06;MT-03-0118;3;2,9;5,3;834,39;26,3;0;0
2024-07;MT-03-0118;5;2,9;5,3;1390,64;43,9;0;0
2024-08;MT-03-0118;2;2,9;5,3;556,26;17,6;0;0
2024-09;MT-03-0118;4;2,9;5,3;1112,51;35,1;0;0
2024-10;MT-03-0118;4;2,9;5,3;1112,51;35,1;0;0
2024-11;MT-03-0118;7;2,9;5,3;1946,9;61,5;0;0
2024-12;MT-03-0118;2;2,9;5,3;556,26;17,6;0;0
2025-01;MT-03-0118;4;2,9;5,3;1112,51;35,1;0;0
2025-02;MT-03-0118;5;2,9;5,3;1390,64;43,9;0;0
2025-03;MT-03-0118;4;2,9;5,3;1112,51;35,1;0;0
2025-04;MT-03-0118;3;2,9;5,3;834,39;26,3;0;0
2025-05;MT-03-0118;7;2,9;5,3;1946,9;61,5;0;0
2025-06;MT-03-0118;3;2,9;5,3;834,39;26,3;0;0
2025-07;MT-03-0118;9;2,9;5,3;2503,16;79,0;0;0
2025-08;MT-03-0118;7;2,9;5,3;1946,9;61,5;0;0
2025-09;MT-03-0118;1;2,9;5,3;278,13;8,8;0;0
2025-10;MT-03-0118;0;2,9;5,3;0,0;0,0;1;0
2025-11;MT-03-0118;1;2,9;5,3;278,13;8,8;0;0
2025-12;MT-03-0118;6;2,9;5,3;1668,77;52,7;0;0
2024-01;AWP-03-0676;28;10,3;19,0;4720,69;146,1;0;0
2024-02;AWP-03-0676;15;10,3;19,0;2528,94;78,3;0;0
2024-03;AWP-03-0676;14;10,3;19,0;2360,34;73,0;0;0
2024-04;AWP-03-0676;0;10,3;19,0;0,0;0,0;1;0
2024-05;AWP-03-0676;24;10,3;19,0;4046,3;125,2;0;0
2024-06;AWP-03-0676;20;10,3;19,0;3371,92;104,3;0;0
2024-07;AWP-03-0676;32;10,3;19,0;5395,07;167,0;0;0
2024-08;AWP-03-0676;33;10,3;19,0;5563,67;172,2;0;0
2024-09;AWP-03-0676;11;10,3;19,0;1854,56;57,4;0;0
2024-10;AWP-03-0676;2;10,3;19,0;337,19;10,4;0;0
2024-11;AWP-03-0676;12;10,3;19,0;2023,15;62,6;0;0
2024-12;AWP-03-0676;32;10,3;19,0;5395,07;167,0;0;0
2025-01;AWP-03-0676;16;10,3;19,0;2697,54;83,5;0;0
2025-02;AWP-03-0676;22;10,3;19,0;3709,11;114,8;0;0
2025-03;AWP-03-0676;34;10,3;19,0;5732,27;177,4;0;0
2025-04;AWP-03-0676;15;10,3;19,0;2528,94;78,3;0;0
2025-05;AWP-03-0676;30;10,3;19,0;5057,88;156,5;0;0
2025-06;AWP-03-0676;19;10,3;19,0;3203,32;99,1;0;0
2025-07;AWP-03-0676;28;10,3;19,0;4720,69;146,1;0;0
2025-08;AWP-03-0676;14;10,3;19,0;2360,34;73,0;0;0
2025-09;AWP-03-0676;23;10,3;19,0;3877,71;120,0;0;0
2025-10;AWP-03-0676;30;10,3;19,0;5057,88;156,5;0;0
2025-11;AWP-03-0676;33;10,3;19,0;5563,67;172,2;0;0
2025-12;AWP-03-0676;10;10,3;19,0;1685,96;52,2;0;0
2024-01;MT-07-0177;24;16,0;29,3;4036,35;81,1;0;0
2024-02;MT-07-0177;27;16,0;29,3;4540,89;91,3;0;0
2024-03;MT-07-0177;36;16,0;29,3;6054,52;121,7;0;0
2024-04;MT-07-0177;33;16,0;29,3;5549,98;111,5;0;0
2024-05;MT-07-0177;27;16,0;29,3;4540,89;91,3;0;0
2024-06;MT-07-0177;17;16,0;29,3;2859,08;57,5;0;0
2024-07;MT-07-0177;51;16,0;29,3;8577,24;172,4;0;0
2024-08;MT-07-0177;46;16,0;29,3;7736,34;155,5;0;0
2024-09;MT-07-0177;37;16,0;29,3;6222,7;125,1;0;0
2024-10;MT-07-0177;38;16,0;29,3;6390,89;128,5;0;0
2024-11;MT-07-0177;45;16,0;29,3;7568,15;152,1;0;0
2024-12;MT-07-0177;25;16,0;29,3;4204,53;84,5;0;0
2025-01;MT-07-0177;9;16,0;29,3;1513,63;30,4;0;0
2025-02;MT-07-0177;27;16,0;29,3;4540,89;91,3;0;0
2025-03;MT-07-0177;50;16,0;29,3;8409,06;169,0;0;0
2025-04;MT-07-0177;23;16,0;29,3;3868,17;77,7;0;0
2025-05;MT-07-0177;47;16,0;29,3;7904,52;158,9;0;0
2025-06;MT-07-0177;9;16,0;29,3;1513,63;30,4;0;0
2025-07;MT-07-0177;49;16,0;29,3;8240,88;165,6;0;0
2025-08;MT-07-0177;35;16,0;29,3;5886,34;118,3;0;0
2025-09;MT-07-0177;29;16,0;29,3;4877,25;98,0;0;0
2025-10;MT-07-0177;33;16,0;29,3;5549,98;111,5;0;0
2025-11;MT-07-0177;31;16,0;29,3;5213,62;104,8;0;0
2025-12;MT-07-0177;37;16,0;29,3;6222,7;125,1;0;0
2024-01;AWP-03-0632;1;1;1,4;299,06;17,6;0;0
2024-02;AWP-03-0632;0;1;1,4;0,0;0,0;1;0
2024-03;AWP-03-0632;0;1;1,4;0,0;0,0;1;0
2024-04;AWP-03-0632;1;1;1,4;299,06;17,6;0;0
2024-05;AWP-03-0632;1;1;1,4;299,06;17,6;0;0
2024-06;AWP-03-0632;1;1;1,4;299,06;17,6;0;0
2024-07;AWP-03-0632;0;1;1,4;0,0;0,0;1;0
2024-08;AWP-03-0632;0;1;1,4;0,0;0,0;1;0
2024-09;AWP-03-0632;1;1;1,4;299,06;17,6;0;0
2024-10;AWP-03-0632;1;1;1,4;299,06;17,6;0;0
2024-11;AWP-03-0632;0;1;1,4;0,0;0,0;1;0
2024-12;AWP-03-0632;1;1;1,4;299,06;17,6;0;0
2025-01;AWP-03-0632;1;1;1,4;299,06;17,6;0;0
2025-02;AWP-03-0632;1;1;1,4;299,06;17,6;0;0
2025-03;AWP-03-0632;1;1;1,4;299,06;17,6;0;0
2025-04;AWP-03-0632;1;1;1,4;299,06;17,6;0;0
2025-05;AWP-03-0632;1;1;1,4;299,06;17,6;0;0
2025-06;AWP-03-0632;2;1;1,4;598,12;35,1;0;0
2025-07;AWP-03-0632;1;1;1,4;299,06;17,6;0;0
2025-08;AWP-03-0632;1;1;1,4;299,06;17,6;0;0
2025-09;AWP-03-0632;2;1;1,4;598,12;35,1;0;0
2025-10;AWP-03-0632;1;1;1,4;299,06;17,6;0;0
2025-11;AWP-03-0632;2;1;1,4;598,12;35,1;0;0
2025-12;AWP-03-0632;1;1;1,4;299,06;17,6;0;0
2024-01;LOAD-07-0793;10;5,1;8,3;3214,61;141,2;0;0
2024-02;LOAD-07-0793;8;5,1;8,3;2571,69;112,9;0;0
2024-03;LOAD-07-0793;6;5,1;8,3;1928,77;84,7;0;0
2024-04;LOAD-07-0793;0;5,1;8,3;0,0;0,0;1;0
2024-05;LOAD-07-0793;10;5,1;8,3;3214,61;141,2;0;0
2024-06;LOAD-07-0793;7;5,1;8,3;2250,23;98,8;0;0
2024-07;LOAD-07-0793;6;5,1;8,3;1928,77;84,7;0;0
2024-08;LOAD-07-0793;0;5,1;8,3;0,0;0,0;1;0
2024-09;LOAD-07-0793;7;5,1;8,3;2250,23;98,8;0;0
2024-10;LOAD-07-0793;9;5,1;8,3;2893,15;127,1;0;0
2024-11;LOAD-07-0793;6;5,1;8,3;1928,77;84,7;0;0
2024-12;LOAD-07-0793;10;5,1;8,3;3214,61;141,2;0;0
2025-01;LOAD-07-0793;7;5,1;8,3;2250,23;98,8;0;0
2025-02;LOAD-07-0793;9;5,1;8,3;2893,15;127,1;0;0
2025-03;LOAD-07-0793;9;5,1;8,3;2893,15;127,1;0;0
2025-04;LOAD-07-0793;6;5,1;8,3;1928,77;84,7;0;0
2025-05;LOAD-07-0793;10;5,1;8,3;3214,61;141,2;0;0
2025-06;LOAD-07-0793;11;5,1;8,3;3536,08;155,3;0;0
2025-07;LOAD-07-0793;12;5,1;8,3;3857,54;169,4;0;0
2025-08;LOAD-07-0793;11;5,1;8,3;3536,08;155,3;0;0
2025-09;LOAD-07-0793;7;5,1;8,3;2250,23;98,8;0;0
2025-10;LOAD-07-0793;15;5,1;8,3;4821,92;211,8;0;0
2025-11;LOAD-07-0793;7;5,1;8,3;2250,23;98,8;0;0
2025-12;LOAD-07-0793;3;5,1;8,3;964,38;42,4;0;0
2024-01;MT-10-0030;1;1;1,3;363,67;9,4;0;0
2024-02;MT-10-0030;1;1;1,3;363,67;9,4;0;0
2024-03;MT-10-0030;2;1;1,3;727,34;18,7;0;0
2024-04;MT-10-0030;1;1;1,3;363,67;9,4;0;0
2024-05;MT-10-0030;1;1;1,3;363,67;9,4;0;0
2024-06;MT-10-0030;1;1;1,3;363,67;9,4;0;0
2024-07;MT-10-0030;1;1;1,3;363,67;9,4;0;0
2024-08;MT-10-0030;1;1;1,3;363,67;9,4;0;0
2024-09;MT-10-0030;1;1;1,3;363,67;9,4;0;0
2024-10;MT-10-0030;0;1;1,3;0,0;0,0;1;0
2024-11;MT-10-0030;0;1;1,3;0,0;0,0;1;0
2024-12;MT-10-0030;0;1;1,3;0,0;0,0;1;0
2025-01;MT-10-0030;1;1;1,3;363,67;9,4;0;0
2025-02;MT-10-0030;0;1;1,3;0,0;0,0;1;0
2025-03;MT-10-0030;0;1;1,3;0,0;0,0;1;0
2025-04;MT-10-0030;1;1;1,3;363,67;9,4;0;0
2025-05;MT-10-0030;0;1;1,3;0,0;0,0;1;0
2025-06;MT-10-0030;2;1;1,3;727,34;18,7;0;0
2025-07;MT-10-0030;1;1;1,3;363,67;9,4;0;0
2025-08;MT-10-0030;0;1;1,3;0,0;0,0;1;0
2025-09;MT-10-0030;1;1;1,3;363,67;9,4;0;0
2025-10;MT-10-0030;0;1;1,3;0,0;0,0;1;0
2025-11;MT-10-0030;0;1;1,3;0,0;0,0;1;0
2025-12;MT-10-0030;1;1;1,3;363,67;9,4;0;0
2024-01;MRT-03-0425;1;1;1,4;443,68;24,0;0;0
2024-02;MRT-03-0425;1;1;1,4;443,68;24,0;0;0
2024-03;MRT-03-0425;1;1;1,4;443,68;24,0;0;0
2024-04;MRT-03-0425;2;1;1,4;887,35;48,0;0;0
2024-05;MRT-03-0425;2;1;1,4;887,35;48,0;0;0
2024-06;MRT-03-0425;1;1;1,4;443,68;24,0;0;0
2024-07;MRT-03-0425;1;1;1,4;443,68;24,0;0;0
2024-08;MRT-03-0425;2;1;1,4;887,35;48,0;0;0
2024-09;MRT-03-0425;2;1;1,4;887,35;48,0;0;0
2024-10;MRT-03-0425;0;1;1,4;0,0;0,0;1;0
2024-11;MRT-03-0425;1;1;1,4;443,68;24,0;0;0
2024-12;MRT-03-0425;0;1;1,4;0,0;0,0;1;0
2025-01;MRT-03-0425;0;1;1,4;0,0;0,0;1;0
2025-02;MRT-03-0425;0;1;1,4;0,0;0,0;1;0
2025-03;MRT-03-0425;1;1;1,4;443,68;24,0;0;0
2025-04;MRT-03-0425;1;1;1,4;443,68;24,0;0;0
2025-05;MRT-03-0425;1;1;1,4;443,68;24,0;0;0
2025-06;MRT-03-0425;2;1;1,4;887,35;48,0;0;0
2025-07;MRT-03-0425;1;1;1,4;443,68;24,0;0;0
2025-08;MRT-03-0425;2;1;1,4;887,35;48,0;0;0
2025-09;MRT-03-0425;2;1;1,4;887,35;48,0;0;0
2025-10;MRT-03-0425;1;1;1,4;443,68;24,0;0;0
2025-11;MRT-03-0425;2;1;1,4;887,35;48,0;0;0
2025-12;MRT-03-0425;1;1;1,4;443,68;24,0;0;0
2024-01;MLT-03-0331;44;16,9;27,5;9267,27;187,5;0;0
2024-02;MLT-03-0331;28;16,9;27,5;5897,35;119,3;0;0
2024-03;MLT-03-0331;27;16,9;27,5;5686,73;115,0;0;0
2024-04;MLT-03-0331;26;16,9;27,5;5476,11;110,8;0;0
2024-05;MLT-03-0331;47;16,9;27,5;9899,12;200,2;0;0
2024-06;MLT-03-0331;29;16,9;27,5;6107,97;123,6;0;0
2024-07;MLT-03-0331;13;16,9;27,5;2738,06;55,4;0;0
2024-08;MLT-03-0331;14;16,9;27,5;2948,68;59,6;0;0
2024-09;MLT-03-0331;26;16,9;27,5;5476,11;110,8;0;0
2024-10;MLT-03-0331;22;16,9;27,5;4633,63;93,7;0;0
2024-11;MLT-03-0331;47;16,9;27,5;9899,12;200,2;0;0
2024-12;MLT-03-0331;36;16,9;27,5;7582,31;153,4;0;0
2025-01;MLT-03-0331;29;16,9;27,5;6107,97;123,6;0;0
2025-02;MLT-03-0331;42;16,9;27,5;8846,03;178,9;0;0
2025-03;MLT-03-0331;33;16,9;27,5;6950,45;140,6;0;0
2025-04;MLT-03-0331;48;16,9;27,5;10109,74;204,5;0;0
2025-05;MLT-03-0331;27;16,9;27,5;5686,73;115,0;0;0
2025-06;MLT-03-0331;52;16,9;27,5;10952,22;221,5;0;0
2025-07;MLT-03-0331;19;16,9;27,5;4001,77;80,9;0;0
2025-08;MLT-03-0331;31;16,9;27,5;6529,21;132,1;0;0
2025-09;MLT-03-0331;7;16,9;27,5;1474,34;29,8;0;0
2025-10;MLT-03-0331;22;16,9;27,5;4633,63;93,7;0;0
2025-11;MLT-03-0331;45;16,9;27,5;9477,89;191,7;0;0
2025-12;MLT-03-0331;21;16,9;27,5;4423,01;89,5;0;0
2024-01;MI-MC-03-0517;3;1,4;2,6;1139,66;52,7;0;0
2024-02;MI-MC-03-0517;0;1,4;2,6;0,0;0,0;1;0
2024-03;MI-MC-03-0517;3;1,4;2,6;1139,66;52,7;0;0
2024-04;MI-MC-03-0517;2;1,4;2,6;759,77;35,1;0;0
2024-05;MI-MC-03-0517;4;1,4;2,6;1519,54;70,2;0;0
2024-06;MI-MC-03-0517;2;1,4;2,6;759,77;35,1;0;0
2024-07;MI-MC-03-0517;2;1,4;2,6;759,77;35,1;0;0
2024-08;MI-MC-03-0517;3;1,4;2,6;1139,66;52,7;0;0
2024-09;MI-MC-03-0517;0;1,4;2,6;0,0;0,0;1;0
2024-10;MI-MC-03-0517;0;1,4;2,6;0,0;0,0;1;0
2024-11;MI-MC-03-0517;4;1,4;2,6;1519,54;70,2;0;0
2024-12;MI-MC-03-0517;3;1,4;2,6;1139,66;52,7;0;0
2025-01;MI-MC-03-0517;6;1,4;2,6;2279,31;105,4;0;0
2025-02;MI-MC-03-0517;3;1,4;2,6;1139,66;52,7;0;0
2025-03;MI-MC-03-0517;1;1,4;2,6;379,89;17,6;0;0
2025-04;MI-MC-03-0517;4;1,4;2,6;1519,54;70,2;0;0
2025-05;MI-MC-03-0517;0;1,4;2,6;0,0;0,0;1;0
2025-06;MI-MC-03-0517;3;1,4;2,6;1139,66;52,7;0;0
2025-07;MI-MC-03-0517;1;1,4;2,6;379,89;17,6;0;0
2025-08;MI-MC-03-0517;1;1,4;2,6;379,89;17,6;0;0
2025-09;MI-MC-03-0517;2;1,4;2,6;759,77;35,1;0;0
2025-10;MI-MC-03-0517;1;1,4;2,6;379,89;17,6;0;0
2025-11;MI-MC-03-0517;3;1,4;2,6;1139,66;52,7;0;0
2025-12;MI-MC-03-0517;2;1,4;2,6;759,77;35,1;0;0
2024-01;MLT-08-0314;11;9,1;16,7;358,5;10,2;0;0
2024-02;MLT-08-0314;26;9,1;16,7;847,38;24,0;0;0
2024-03;MLT-08-0314;20;9,1;16,7;651,83;18,5;0;0
2024-04;MLT-08-0314;13;9,1;16,7;423,69;12,0;0;0
2024-05;MLT-08-0314;9;9,1;16,7;293,32;8,3;0;0
2024-06;MLT-08-0314;22;9,1;16,7;717,01;20,3;0;0
2024-07;MLT-08-0314;9;9,1;16,7;293,32;8,3;0;0
2024-08;MLT-08-0314;7;9,1;16,7;228,14;6,5;0;0
2024-09;MLT-08-0314;16;9,1;16,7;521,46;14,8;0;0
2024-10;MLT-08-0314;16;9,1;16,7;521,46;14,8;0;0
2024-11;MLT-08-0314;8;9,1;16,7;260,73;7,4;0;0
2024-12;MLT-08-0314;18;9,1;16,7;586,64;16,6;0;0
2025-01;MLT-08-0314;20;9,1;16,7;651,83;18,5;0;0
2025-02;MLT-08-0314;27;9,1;16,7;879,97;25,0;0;0
2025-03;MLT-08-0314;21;9,1;16,7;684,42;19,4;0;0
2025-04;MLT-08-0314;18;9,1;16,7;586,64;16,6;0;0
2025-05;MLT-08-0314;9;9,1;16,7;293,32;8,3;0;0
2025-06;MLT-08-0314;13;9,1;16,7;423,69;12,0;0;0
2025-07;MLT-08-0314;27;9,1;16,7;879,97;25,0;0;0
2025-08;MLT-08-0314;25;9,1;16,7;814,78;23,1;0;0
2025-09;MLT-08-0314;23;9,1;16,7;749,6;21,3;0;0
2025-10;MLT-08-0314;26;9,1;16,7;847,38;24,0;0;0
2025-11;MLT-08-0314;15;9,1;16,7;488,87;13,9;0;0
2025-12;MLT-08-0314;7;9,1;16,7;228,14;6,5;0;0
2024-01;MT-05-0051;43;28,6;46,5;3827,34;108,3;0;0
2024-02;MT-05-0051;24;28,6;46,5;2136,19;60,4;0;0
2024-03;MT-05-0051;58;28,6;46,5;5162,45;146,0;0;0
2024-04;MT-05-0051;69;28,6;46,5;6141,54;173,7;0;0
2024-05;MT-05-0051;85;28,6;46,5;7565,67;214,0;0;0
2024-06;MT-05-0051;20;28,6;46,5;1780,16;50,3;0;0
2024-07;MT-05-0051;53;28,6;46,5;4717,42;133,4;0;0
2024-08;MT-05-0051;42;28,6;46,5;3738,33;105,7;0;0
2024-09;MT-05-0051;21;28,6;46,5;1869,16;52,9;0;0
2024-10;MT-05-0051;35;28,6;46,5;3115,27;88,1;0;0
2024-11;MT-05-0051;13;28,6;46,5;1157,1;32,7;0;0
2024-12;MT-05-0051;95;28,6;46,5;8455,74;239,2;0;0
2025-01;MT-05-0051;77;28,6;46,5;6853,6;193,8;0;0
2025-02;MT-05-0051;95;28,6;46,5;8455,74;239,2;0;0
2025-03;MT-05-0051;25;28,6;46,5;2225,2;62,9;0;0
2025-04;MT-05-0051;66;28,6;46,5;5874,52;166,2;0;0
2025-05;MT-05-0051;57;28,6;46,5;5073,45;143,5;0;0
2025-06;MT-05-0051;20;28,6;46,5;1780,16;50,3;0;0
2025-07;MT-05-0051;60;28,6;46,5;5340,47;151,0;0;0
2025-08;MT-05-0051;12;28,6;46,5;1068,09;30,2;0;0
2025-09;MT-05-0051;0;28,6;46,5;0,0;0,0;1;0
2025-10;MT-05-0051;42;28,6;46,5;3738,33;105,7;0;0
2025-11;MT-05-0051;55;28,6;46,5;4895,43;138,5;0;0
2025-12;MT-05-0051;52;28,6;46,5;4628,41;130,9;0;0
2024-01;MT-03-0105;0;1;1,6;0,0;0,0;1;0
2024-02;MT-03-0105;0;1;1,6;0,0;0,0;1;0
2024-03;MT-03-0105;1;1;1,6;372,5;8,3;0;0
2024-04;MT-03-0105;1;1;1,6;372,5;8,3;0;0
2024-05;MT-03-0105;2;1;1,6;744,99;16,6;0;0
2024-06;MT-03-0105;0;1;1,6;0,0;0,0;1;0
2024-07;MT-03-0105;2;1;1,6;744,99;16,6;0;0
2024-08;MT-03-0105;0;1;1,6;0,0;0,0;1;0
2024-09;MT-03-0105;2;1;1,6;744,99;16,6;0;0
2024-10;MT-03-0105;1;1;1,6;372,5;8,3;0;0
2024-11;MT-03-0105;1;1;1,6;372,5;8,3;0;0
2024-12;MT-03-0105;1;1;1,6;372,5;8,3;0;0
2025-01;MT-03-0105;1;1;1,6;372,5;8,3;0;0
2025-02;MT-03-0105;1;1;1,6;372,5;8,3;0;0
2025-03;MT-03-0105;2;1;1,6;744,99;16,6;0;0
2025-04;MT-03-0105;1;1;1,6;372,5;8,3;0;0
2025-05;MT-03-0105;1;1;1,6;372,5;8,3;0;0
2025-06;MT-03-0105;2;1;1,6;744,99;16,6;0;0
2025-07;MT-03-0105;0;1;1,6;0,0;0,0;1;0
2025-08;MT-03-0105;1;1;1,6;372,5;8,3;0;0
2025-09;MT-03-0105;2;1;1,6;744,99;16,6;0;0
2025-10;MT-03-0105;1;1;1,6;372,5;8,3;0;0
2025-11;MT-03-0105;2;1;1,6;744,99;16,6;0;0
2025-12;MT-03-0105;1;1;1,6;372,5;8,3;0;0
2024-01;LOAD-M-07-0811;2;2,5;4,7;654,89;28,2;0;0
2024-02;LOAD-M-07-0811;6;2,5;4,7;1964,66;84,7;0;0
2024-03;LOAD-M-07-0811;5;2,5;4,7;1637,21;70,6;0;0
2024-04;LOAD-M-07-0811;2;2,5;4,7;654,89;28,2;0;0
2024-05;LOAD-M-07-0811;7;2,5;4,7;2292,1;98,8;0;0
2024-06;LOAD-M-07-0811;0;2,5;4,7;0,0;0,0;1;0
2024-07;LOAD-M-07-0811;2;2,5;4,7;654,89;28,2;0;0
2024-08;LOAD-M-07-0811;12;2,5;4,7;3929,32;169,4;0;0
2024-09;LOAD-M-07-0811;1;2,5;4,7;327,44;14,1;0;0
2024-10;LOAD-M-07-0811;5;2,5;4,7;1637,21;70,6;0;0
2024-11;LOAD-M-07-0811;7;2,5;4,7;2292,1;98,8;0;0
2024-12;LOAD-M-07-0811;6;2,5;4,7;1964,66;84,7;0;0
2025-01;LOAD-M-07-0811;2;2,5;4,7;654,89;28,2;0;0
2025-02;LOAD-M-07-0811;2;2,5;4,7;654,89;28,2;0;0
2025-03;LOAD-M-07-0811;7;2,5;4,7;2292,1;98,8;0;0
2025-04;LOAD-M-07-0811;3;2,5;4,7;982,33;42,4;0;0
2025-05;LOAD-M-07-0811;6;2,5;4,7;1964,66;84,7;0;0
2025-06;LOAD-M-07-0811;4;2,5;4,7;1309,77;56,5;0;0
2025-07;LOAD-M-07-0811;2;2,5;4,7;654,89;28,2;0;0
2025-08;LOAD-M-07-0811;9;2,5;4,7;2946,99;127,1;0;0
2025-09;LOAD-M-07-0811;7;2,5;4,7;2292,1;98,8;0;0
2025-10;LOAD-M-07-0811;5;2,5;4,7;1637,21;70,6;0;0
2025-11;LOAD-M-07-0811;1;2,5;4,7;327,44;14,1;0;0
2025-12;LOAD-M-07-0811;5;2,5;4,7;1637,21;70,6;0;0
2024-01;LOAD-02-0805;2;2,1;3,9;551,98;23,6;0;0
2024-02;LOAD-02-0805;0;2,1;3,9;0,0;0,0;1;0
2024-03;LOAD-02-0805;2;2,1;3,9;551,98;23,6;0;0
2024-04;LOAD-02-0805;0;2,1;3,9;0,0;0,0;1;0
2024-05;LOAD-02-0805;0;2,1;3,9;0,0;0,0;1;0
2024-06;LOAD-02-0805;6;2,1;3,9;1655,94;70,8;0;0
2024-07;LOAD-02-0805;2;2,1;3,9;551,98;23,6;0;0
2024-08;LOAD-02-0805;1;2,1;3,9;275,99;11,8;0;0
2024-09;LOAD-02-0805;1;2,1;3,9;275,99;11,8;0;0
2024-10;LOAD-02-0805;5;2,1;3,9;1379,95;59,0;0;0
2024-11;LOAD-02-0805;2;2,1;3,9;551,98;23,6;0;0
2024-12;LOAD-02-0805;5;2,1;3,9;1379,95;59,0;0;0
2025-01;LOAD-02-0805;3;2,1;3,9;827,97;35,4;0;0
2025-02;LOAD-02-0805;5;2,1;3,9;1379,95;59,0;0;0
2025-03;LOAD-02-0805;6;2,1;3,9;1655,94;70,8;0;0
2025-04;LOAD-02-0805;2;2,1;3,9;551,98;23,6;0;0
2025-05;LOAD-02-0805;7;2,1;3,9;1931,92;82,6;0;0
2025-06;LOAD-02-0805;2;2,1;3,9;551,98;23,6;0;0
2025-07;LOAD-02-0805;5;2,1;3,9;1379,95;59,0;0;0
2025-08;LOAD-02-0805;5;2,1;3,9;1379,95;59,0;0;0
2025-09;LOAD-02-0805;3;2,1;3,9;827,97;35,4;0;0
2025-10;LOAD-02-0805;0;2,1;3,9;0,0;0,0;1;0
2025-11;LOAD-02-0805;2;2,1;3,9;551,98;23,6;0;0
2025-12;LOAD-02-0805;2;2,1;3,9;551,98;23,6;0;0
2024-01;MLT-07-0354;2;1;1,7;875,72;29,4;0;0
2024-02;MLT-07-0354;1;1;1,7;437,86;14,7;0;0
2024-03;MLT-07-0354;0;1;1,7;0,0;0,0;1;0
2024-04;MLT-07-0354;2;1;1,7;875,72;29,4;0;0
2024-05;MLT-07-0354;1;1;1,7;437,86;14,7;0;0
2024-06;MLT-07-0354;3;1;1,7;1313,58;44,1;0;0
2024-07;MLT-07-0354;1;1;1,7;437,86;14,7;0;0
2024-08;MLT-07-0354;0;1;1,7;0,0;0,0;1;0
2024-09;MLT-07-0354;1;1;1,7;437,86;14,7;0;0
2024-10;MLT-07-0354;2;1;1,7;875,72;29,4;0;0
2024-11;MLT-07-0354;1;1;1,7;437,86;14,7;0;0
2024-12;MLT-07-0354;1;1;1,7;437,86;14,7;0;0
2025-01;MLT-07-0354;2;1;1,7;875,72;29,4;0;0
2025-02;MLT-07-0354;0;1;1,7;0,0;0,0;1;0
2025-03;MLT-07-0354;1;1;1,7;437,86;14,7;0;0
2025-04;MLT-07-0354;3;1;1,7;1313,58;44,1;0;0
2025-05;MLT-07-0354;0;1;1,7;0,0;0,0;1;0
2025-06;MLT-07-0354;1;1;1,7;437,86;14,7;0;0
2025-07;MLT-07-0354;2;1;1,7;875,72;29,4;0;0
2025-08;MLT-07-0354;1;1;1,7;437,86;14,7;0;0
2025-09;MLT-07-0354;2;1;1,7;875,72;29,4;0;0
2025-10;MLT-07-0354;1;1;1,7;437,86;14,7;0;0
2025-11;MLT-07-0354;1;1;1,7;437,86;14,7;0;0
2025-12;MLT-07-0354;2;1;1,7;875,72;29,4;0;0
2024-01;MLT-04-0296;1;1;1,6;373,68;11,2;0;0
2024-02;MLT-04-0296;1;1;1,6;373,68;11,2;0;0
2024-03;MLT-04-0296;2;1;1,6;747,36;22,5;0;0
2024-04;MLT-04-0296;3;1;1,6;1121,04;33,8;0;0
2024-05;MLT-04-0296;1;1;1,6;373,68;11,2;0;0
2024-06;MLT-04-0296;1;1;1,6;373,68;11,2;0;0
2024-07;MLT-04-0296;1;1;1,6;373,68;11,2;0;0
2024-08;MLT-04-0296;1;1;1,6;373,68;11,2;0;0
2024-09;MLT-04-0296;2;1;1,6;747,36;22,5;0;0
2024-10;MLT-04-0296;1;1;1,6;373,68;11,2;0;0
2024-11;MLT-04-0296;1;1;1,6;373,68;11,2;0;0
2024-12;MLT-04-0296;2;1;1,6;747,36;22,5;0;0
2025-01;MLT-04-0296;1;1;1,6;373,68;11,2;0;0
2025-02;MLT-04-0296;0;1;1,6;0,0;0,0;1;0
2025-03;MLT-04-0296;1;1;1,6;373,68;11,2;0;0
2025-04;MLT-04-0296;1;1;1,6;373,68;11,2;0;0
2025-05;MLT-04-0296;1;1;1,6;373,68;11,2;0;0
2025-06;MLT-04-0296;1;1;1,6;373,68;11,2;0;0
2025-07;MLT-04-0296;1;1;1,6;373,68;11,2;0;0
2025-08;MLT-04-0296;1;1;1,6;373,68;11,2;0;0
2025-09;MLT-04-0296;1;1;1,6;373,68;11,2;0;0
2025-10;MLT-04-0296;1;1;1,6;373,68;11,2;0;0
2025-11;MLT-04-0296;1;1;1,6;373,68;11,2;0;0
2025-12;MLT-04-0296;3;1;1,6;1121,04;33,8;0;0
2024-01;MI-MC-03-0514;2;1;1,3;613,95;20,6;0;0
2024-02;MI-MC-03-0514;0;1;1,3;0,0;0,0;1;0
2024-03;MI-MC-03-0514;1;1;1,3;306,98;10,3;0;0
2024-04;MI-MC-03-0514;0;1;1,3;0,0;0,0;1;0
2024-05;MI-MC-03-0514;1;1;1,3;306,98;10,3;0;0
2024-06;MI-MC-03-0514;1;1;1,3;306,98;10,3;0;0
2024-07;MI-MC-03-0514;1;1;1,3;306,98;10,3;0;0
2024-08;MI-MC-03-0514;1;1;1,3;306,98;10,3;0;0
2024-09;MI-MC-03-0514;1;1;1,3;306,98;10,3;0;0
2024-10;MI-MC-03-0514;1;1;1,3;306,98;10,3;0;0
2024-11;MI-MC-03-0514;0;1;1,3;0,0;0,0;1;0
2024-12;MI-MC-03-0514;1;1;1,3;306,98;10,3;0;0
2025-01;MI-MC-03-0514;1;1;1,3;306,98;10,3;0;0
2025-02;MI-MC-03-0514;0;1;1,3;0,0;0,0;1;0
2025-03;MI-MC-03-0514;1;1;1,3;306,98;10,3;0;0
2025-04;MI-MC-03-0514;1;1;1,3;306,98;10,3;0;0
2025-05;MI-MC-03-0514;1;1;1,3;306,98;10,3;0;0
2025-06;MI-MC-03-0514;1;1;1,3;306,98;10,3;0;0
2025-07;MI-MC-03-0514;0;1;1,3;0,0;0,0;1;0
2025-08;MI-MC-03-0514;1;1;1,3;306,98;10,3;0;0
2025-09;MI-MC-03-0514;1;1;1,3;306,98;10,3;0;0
2025-10;MI-MC-03-0514;0;1;1,3;0,0;0,0;1;0
2025-11;MI-MC-03-0514;0;1;1,3;0,0;0,0;1;0
2025-12;MI-MC-03-0514;1;1;1,3;306,98;10,3;0;0
2024-01;LOAD-07-0774;0;2,5;4,0;0,0;0,0;1;0
2024-02;LOAD-07-0774;4;2,5;4,0;1305,31;54,3;0;0
2024-03;LOAD-07-0774;6;2,5;4,0;1957,97;81,5;0;0
2024-04;LOAD-07-0774;3;2,5;4,0;978,98;40,8;0;0
2024-05;LOAD-07-0774;1;2,5;4,0;326,33;13,6;0;0
2024-06;LOAD-07-0774;0;2,5;4,0;0,0;0,0;1;0
2024-07;LOAD-07-0774;7;2,5;4,0;2284,29;95,1;0;0
2024-08;LOAD-07-0774;5;2,5;4,0;1631,64;67,9;0;0
2024-09;LOAD-07-0774;2;2,5;4,0;652,66;27,2;0;0
2024-10;LOAD-07-0774;1;2,5;4,0;326,33;13,6;0;0
2024-11;LOAD-07-0774;2;2,5;4,0;652,66;27,2;0;0
2024-12;LOAD-07-0774;4;2,5;4,0;1305,31;54,3;0;0
2025-01;LOAD-07-0774;6;2,5;4,0;1957,97;81,5;0;0
2025-02;LOAD-07-0774;5;2,5;4,0;1631,64;67,9;0;0
2025-03;LOAD-07-0774;2;2,5;4,0;652,66;27,2;0;0
2025-04;LOAD-07-0774;4;2,5;4,0;1305,31;54,3;0;0
2025-05;LOAD-07-0774;4;2,5;4,0;1305,31;54,3;0;0
2025-06;LOAD-07-0774;3;2,5;4,0;978,98;40,8;0;0
2025-07;LOAD-07-0774;5;2,5;4,0;1631,64;67,9;0;0
2025-08;LOAD-07-0774;1;2,5;4,0;326,33;13,6;0;0
2025-09;LOAD-07-0774;0;2,5;4,0;0,0;0,0;1;0
2025-10;LOAD-07-0774;2;2,5;4,0;652,66;27,2;0;0
2025-11;LOAD-07-0774;4;2,5;4,0;1305,31;54,3;0;0
2025-12;LOAD-07-0774;3;2,5;4,0;978,98;40,8;0;0
2024-01;LOAD-04-0719;1;1;1,2;451,2;28,8;0;0
2024-02;LOAD-04-0719;1;1;1,2;451,2;28,8;0;0
2024-03;LOAD-04-0719;1;1;1,2;451,2;28,8;0;0
2024-04;LOAD-04-0719;2;1;1,2;902,41;57,6;0;0
2024-05;LOAD-04-0719;1;1;1,2;451,2;28,8;0;0
2024-06;LOAD-04-0719;1;1;1,2;451,2;28,8;0;0
2024-07;LOAD-04-0719;0;1;1,2;0,0;0,0;1;0
2024-08;LOAD-04-0719;1;1;1,2;451,2;28,8;0;0
2024-09;LOAD-04-0719;0;1;1,2;0,0;0,0;1;0
2024-10;LOAD-04-0719;1;1;1,2;451,2;28,8;0;0
2024-11;LOAD-04-0719;1;1;1,2;451,2;28,8;0;0
2024-12;LOAD-04-0719;1;1;1,2;451,2;28,8;0;0
2025-01;LOAD-04-0719;0;1;1,2;0,0;0,0;1;0
2025-02;LOAD-04-0719;0;1;1,2;0,0;0,0;1;0
2025-03;LOAD-04-0719;0;1;1,2;0,0;0,0;1;0
2025-04;LOAD-04-0719;1;1;1,2;451,2;28,8;0;0
2025-05;LOAD-04-0719;0;1;1,2;0,0;0,0;1;0
2025-06;LOAD-04-0719;1;1;1,2;451,2;28,8;0;0
2025-07;LOAD-04-0719;1;1;1,2;451,2;28,8;0;0
2025-08;LOAD-04-0719;0;1;1,2;0,0;0,0;1;0
2025-09;LOAD-04-0719;1;1;1,2;451,2;28,8;0;0
2025-10;LOAD-04-0719;1;1;1,2;451,2;28,8;0;0
2025-11;LOAD-04-0719;1;1;1,2;451,2;28,8;0;0
2025-12;LOAD-04-0719;0;1;1,2;0,0;0,0;1;0
2024-01;MT-03-0191;2;1,3;2,3;372,33;9,4;0;0
2024-02;MT-03-0191;0;1,3;2,3;0,0;0,0;1;0
2024-03;MT-03-0191;2;1,3;2,3;372,33;9,4;0;0
2024-04;MT-03-0191;1;1,3;2,3;186,17;4,7;0;0
2024-05;MT-03-0191;2;1,3;2,3;372,33;9,4;0;0
2024-06;MT-03-0191;1;1,3;2,3;186,17;4,7;0;0
2024-07;MT-03-0191;0;1,3;2,3;0,0;0,0;1;0
2024-08;MT-03-0191;2;1,3;2,3;372,33;9,4;0;0
2024-09;MT-03-0191;0;1,3;2,3;0,0;0,0;1;0
2024-10;MT-03-0191;4;1,3;2,3;744,67;18,8;0;0
2024-11;MT-03-0191;1;1,3;2,3;186,17;4,7;0;0
2024-12;MT-03-0191;3;1,3;2,3;558,5;14,1;0;0
2025-01;MT-03-0191;2;1,3;2,3;372,33;9,4;0;0
2025-02;MT-03-0191;1;1,3;2,3;186,17;4,7;0;0
2025-03;MT-03-0191;1;1,3;2,3;186,17;4,7;0;0
2025-04;MT-03-0191;3;1,3;2,3;558,5;14,1;0;0
2025-05;MT-03-0191;1;1,3;2,3;186,17;4,7;0;0
2025-06;MT-03-0191;0;1,3;2,3;0,0;0,0;1;0
2025-07;MT-03-0191;2;1,3;2,3;372,33;9,4;0;0
2025-08;MT-03-0191;0;1,3;2,3;0,0;0,0;1;0
2025-09;MT-03-0191;2;1,3;2,3;372,33;9,4;0;0
2025-10;MT-03-0191;3;1,3;2,3;558,5;14,1;0;0
2025-11;MT-03-0191;2;1,3;2,3;372,33;9,4;0;0
2025-12;MT-03-0191;3;1,3;2,3;558,5;14,1;0;0
2024-01;TMM-10-0609;2;1;1,8;361,61;24,4;0;0
2024-02;TMM-10-0609;2;1;1,8;361,61;24,4;0;0
2024-03;TMM-10-0609;1;1;1,8;180,8;12,2;0;0
2024-04;TMM-10-0609;0;1;1,8;0,0;0,0;1;0
2024-05;TMM-10-0609;2;1;1,8;361,61;24,4;0;0
2024-06;TMM-10-0609;2;1;1,8;361,61;24,4;0;0
2024-07;TMM-10-0609;2;1;1,8;361,61;24,4;0;0
2024-08;TMM-10-0609;1;1;1,8;180,8;12,2;0;0
2024-09;TMM-10-0609;2;1;1,8;361,61;24,4;0;0
2024-10;TMM-10-0609;1;1;1,8;180,8;12,2;0;0
2024-11;TMM-10-0609;1;1;1,8;180,8;12,2;0;0
2024-12;TMM-10-0609;1;1;1,8;180,8;12,2;0;0
2025-01;TMM-10-0609;3;1;1,8;542,41;36,6;0;0
2025-02;TMM-10-0609;1;1;1,8;180,8;12,2;0;0
2025-03;TMM-10-0609;2;1;1,8;361,61;24,4;0;0
2025-04;TMM-10-0609;1;1;1,8;180,8;12,2;0;0
2025-05;TMM-10-0609;3;1;1,8;542,41;36,6;0;0
2025-06;TMM-10-0609;0;1;1,8;0,0;0,0;1;0
2025-07;TMM-10-0609;3;1;1,8;542,41;36,6;0;0
2025-08;TMM-10-0609;2;1;1,8;361,61;24,4;0;0
2025-09;TMM-10-0609;3;1;1,8;542,41;36,6;0;0
2025-10;TMM-10-0609;2;1;1,8;361,61;24,4;0;0
2025-11;TMM-10-0609;0;1;1,8;0,0;0,0;1;0
2025-12;TMM-10-0609;1;1;1,8;180,8;12,2;0;0
2024-01;MLT-10-0263;1;1,8;3,3;327,11;9,2;0;0
2024-02;MLT-10-0263;1;1,8;3,3;327,11;9,2;0;0
2024-03;MLT-10-0263;3;1,8;3,3;981,34;27,7;0;0
2024-04;MLT-10-0263;7;1,8;3,3;2289,79;64,6;0;0
2024-05;MLT-10-0263;3;1,8;3,3;981,34;27,7;0;0
2024-06;MLT-10-0263;5;1,8;3,3;1635,56;46,2;0;0
2024-07;MLT-10-0263;1;1,8;3,3;327,11;9,2;0;0
2024-08;MLT-10-0263;2;1,8;3,3;654,23;18,5;0;0
2024-09;MLT-10-0263;1;1,8;3,3;327,11;9,2;0;0
2024-10;MLT-10-0263;3;1,8;3,3;981,34;27,7;0;0
2024-11;MLT-10-0263;4;1,8;3,3;1308,45;36,9;0;0
2024-12;MLT-10-0263;5;1,8;3,3;1635,56;46,2;0;0
2025-01;MLT-10-0263;2;1,8;3,3;654,23;18,5;0;0
2025-02;MLT-10-0263;5;1,8;3,3;1635,56;46,2;0;0
2025-03;MLT-10-0263;3;1,8;3,3;981,34;27,7;0;0
2025-04;MLT-10-0263;2;1,8;3,3;654,23;18,5;0;0
2025-05;MLT-10-0263;0;1,8;3,3;0,0;0,0;1;0
2025-06;MLT-10-0263;0;1,8;3,3;0,0;0,0;1;0
2025-07;MLT-10-0263;4;1,8;3,3;1308,45;36,9;0;0
2025-08;MLT-10-0263;3;1,8;3,3;981,34;27,7;0;0
2025-09;MLT-10-0263;5;1,8;3,3;1635,56;46,2;0;0
2025-10;MLT-10-0263;5;1,8;3,3;1635,56;46,2;0;0
2025-11;MLT-10-0263;2;1,8;3,3;654,23;18,5;0;0
2025-12;MLT-10-0263;4;1,8;3,3;1308,45;36,9;0;0
2024-01;MT-02-0096;17;6,4;11,7;4455,95;144,0;0;0
2024-02;MT-02-0096;15;6,4;11,7;3931,72;127,1;0;0
2024-03;MT-02-0096;10;6,4;11,7;2621,15;84,7;0;0
2024-04;MT-02-0096;15;6,4;11,7;3931,72;127,1;0;0
2024-05;MT-02-0096;13;6,4;11,7;3407,49;110,1;0;0
2024-06;MT-02-0096;4;6,4;11,7;1048,46;33,9;0;0
2024-07;MT-02-0096;15;6,4;11,7;3931,72;127,1;0;0
2024-08;MT-02-0096;9;6,4;11,7;2359,03;76,2;0;0
2024-09;MT-02-0096;11;6,4;11,7;2883,26;93,2;0;0
2024-10;MT-02-0096;7;6,4;11,7;1834,8;59,3;0;0
2024-11;MT-02-0096;9;6,4;11,7;2359,03;76,2;0;0
2024-12;MT-02-0096;10;6,4;11,7;2621,15;84,7;0;0
2025-01;MT-02-0096;10;6,4;11,7;2621,15;84,7;0;0
2025-02;MT-02-0096;10;6,4;11,7;2621,15;84,7;0;0
2025-03;MT-02-0096;6;6,4;11,7;1572,69;50,8;0;0
2025-04;MT-02-0096;5;6,4;11,7;1310,57;42,4;0;0
2025-05;MT-02-0096;10;6,4;11,7;2621,15;84,7;0;0
2025-06;MT-02-0096;7;6,4;11,7;1834,8;59,3;0;0
2025-07;MT-02-0096;16;6,4;11,7;4193,84;135,5;0;0
2025-08;MT-02-0096;14;6,4;11,7;3669,61;118,6;0;0
2025-09;MT-02-0096;6;6,4;11,7;1572,69;50,8;0;0
2025-10;MT-02-0096;18;6,4;11,7;4718,07;152,5;0;0
2025-11;MT-02-0096;19;6,4;11,7;4980,18;160,9;0;0
2025-12;MT-02-0096;12;6,4;11,7;3145,38;101,6;0;0
2024-01;LOAD-10-0792;2;1;1,6;416,35;15,7;0;0
2024-02;LOAD-10-0792;0;1;1,6;0,0;0,0;1;0
2024-03;LOAD-10-0792;1;1;1,6;208,17;7,8;0;0
2024-04;LOAD-10-0792;1;1;1,6;208,17;7,8;0;0
2024-05;LOAD-10-0792;0;1;1,6;0,0;0,0;1;0
2024-06;LOAD-10-0792;2;1;1,6;416,35;15,7;0;0
2024-07;LOAD-10-0792;2;1;1,6;416,35;15,7;0;0
2024-08;LOAD-10-0792;3;1;1,6;624,52;23,5;0;0
2024-09;LOAD-10-0792;1;1;1,6;208,17;7,8;0;0
2024-10;LOAD-10-0792;2;1;1,6;416,35;15,7;0;0
2024-11;LOAD-10-0792;1;1;1,6;208,17;7,8;0;0
2024-12;LOAD-10-0792;0;1;1,6;0,0;0,0;1;0
2025-01;LOAD-10-0792;2;1;1,6;416,35;15,7;0;0
2025-02;LOAD-10-0792;2;1;1,6;416,35;15,7;0;0
2025-03;LOAD-10-0792;2;1;1,6;416,35;15,7;0;0
2025-04;LOAD-10-0792;0;1;1,6;0,0;0,0;1;0
2025-05;LOAD-10-0792;0;1;1,6;0,0;0,0;1;0
2025-06;LOAD-10-0792;1;1;1,6;208,17;7,8;0;0
2025-07;LOAD-10-0792;0;1;1,6;0,0;0,0;1;0
2025-08;LOAD-10-0792;1;1;1,6;208,17;7,8;0;0
2025-09;LOAD-10-0792;1;1;1,6;208,17;7,8;0;0
2025-10;LOAD-10-0792;0;1;1,6;0,0;0,0;1;0
2025-11;LOAD-10-0792;2;1;1,6;416,35;15,7;0;0
2025-12;LOAD-10-0792;1;1;1,6;208,17;7,8;0;0
2024-01;MLT-02-0230;4;2,1;3,4;1065,75;30,6;0;0
2024-02;MLT-02-0230;3;2,1;3,4;799,32;23,0;0;0
2024-03;MLT-02-0230;5;2,1;3,4;1332,19;38,3;0;0
2024-04;MLT-02-0230;4;2,1;3,4;1065,75;30,6;0;0
2024-05;MLT-02-0230;4;2,1;3,4;1065,75;30,6;0;0
2024-06;MLT-02-0230;3;2,1;3,4;799,32;23,0;0;0
2024-07;MLT-02-0230;4;2,1;3,4;1065,75;30,6;0;0
2024-08;MLT-02-0230;3;2,1;3,4;799,32;23,0;0;0
2024-09;MLT-02-0230;5;2,1;3,4;1332,19;38,3;0;0
2024-10;MLT-02-0230;2;2,1;3,4;532,88;15,3;0;0
2024-11;MLT-02-0230;2;2,1;3,4;532,88;15,3;0;0
2024-12;MLT-02-0230;3;2,1;3,4;799,32;23,0;0;0
2025-01;MLT-02-0230;4;2,1;3,4;1065,75;30,6;0;0
2025-02;MLT-02-0230;3;2,1;3,4;799,32;23,0;0;0
2025-03;MLT-02-0230;0;2,1;3,4;0,0;0,0;1;0
2025-04;MLT-02-0230;1;2,1;3,4;266,44;7,7;0;0
2025-05;MLT-02-0230;1;2,1;3,4;266,44;7,7;0;0
2025-06;MLT-02-0230;2;2,1;3,4;532,88;15,3;0;0
2025-07;MLT-02-0230;2;2,1;3,4;532,88;15,3;0;0
2025-08;MLT-02-0230;3;2,1;3,4;799,32;23,0;0;0
2025-09;MLT-02-0230;5;2,1;3,4;1332,19;38,3;0;0
2025-10;MLT-02-0230;2;2,1;3,4;532,88;15,3;0;0
2025-11;MLT-02-0230;4;2,1;3,4;1065,75;30,6;0;0
2025-12;MLT-02-0230;2;2,1;3,4;532,88;15,3;0;0
2024-01;MI-MC-02-0489;1;1;1,2;189,89;14,1;0;0
2024-02;MI-MC-02-0489;0;1;1,2;0,0;0,0;1;0
2024-03;MI-MC-02-0489;1;1;1,2;189,89;14,1;0;0
2024-04;MI-MC-02-0489;1;1;1,2;189,89;14,1;0;0
2024-05;MI-MC-02-0489;0;1;1,2;0,0;0,0;1;0
2024-06;MI-MC-02-0489;0;1;1,2;0,0;0,0;1;0
2024-07;MI-MC-02-0489;1;1;1,2;189,89;14,1;0;0
2024-08;MI-MC-02-0489;1;1;1,2;189,89;14,1;0;0
2024-09;MI-MC-02-0489;1;1;1,2;189,89;14,1;0;0
2024-10;MI-MC-02-0489;1;1;1,2;189,89;14,1;0;0
2024-11;MI-MC-02-0489;0;1;1,2;0,0;0,0;1;0
2024-12;MI-MC-02-0489;1;1;1,2;189,89;14,1;0;0
2025-01;MI-MC-02-0489;0;1;1,2;0,0;0,0;1;0
2025-02;MI-MC-02-0489;0;1;1,2;0,0;0,0;1;0
2025-03;MI-MC-02-0489;1;1;1,2;189,89;14,1;0;0
2025-04;MI-MC-02-0489;0;1;1,2;0,0;0,0;1;0
2025-05;MI-MC-02-0489;2;1;1,2;379,77;28,2;0;0
2025-06;MI-MC-02-0489;1;1;1,2;189,89;14,1;0;0
2025-07;MI-MC-02-0489;1;1;1,2;189,89;14,1;0;0
2025-08;MI-MC-02-0489;1;1;1,2;189,89;14,1;0;0
2025-09;MI-MC-02-0489;2;1;1,2;379,77;28,2;0;0
2025-10;MI-MC-02-0489;0;1;1,2;0,0;0,0;1;0
2025-11;MI-MC-02-0489;2;1;1,2;379,77;28,2;0;0
2025-12;MI-MC-02-0489;1;1;1,2;189,89;14,1;0;0
2024-01;LOAD-06-0765;17;5,5;10,2;2207,76;110,3;0;0
2024-02;LOAD-06-0765;7;5,5;10,2;909,08;45,4;0;0
2024-03;LOAD-06-0765;17;5,5;10,2;2207,76;110,3;0;0
2024-04;LOAD-06-0765;17;5,5;10,2;2207,76;110,3;0;0
2024-05;LOAD-06-0765;4;5,5;10,2;519,47;25,9;0;0
2024-06;LOAD-06-0765;18;5,5;10,2;2337,63;116,8;0;0
2024-07;LOAD-06-0765;4;5,5;10,2;519,47;25,9;0;0
2024-08;LOAD-06-0765;3;5,5;10,2;389,6;19,5;0;0
2024-09;LOAD-06-0765;10;5,5;10,2;1298,68;64,9;0;0
2024-10;LOAD-06-0765;4;5,5;10,2;519,47;25,9;0;0
2024-11;LOAD-06-0765;12;5,5;10,2;1558,42;77,8;0;0
2024-12;LOAD-06-0765;13;5,5;10,2;1688,29;84,3;0;0
2025-01;LOAD-06-0765;4;5,5;10,2;519,47;25,9;0;0
2025-02;LOAD-06-0765;15;5,5;10,2;1948,02;97,3;0;0
2025-03;LOAD-06-0765;10;5,5;10,2;1298,68;64,9;0;0
2025-04;LOAD-06-0765;8;5,5;10,2;1038,95;51,9;0;0
2025-05;LOAD-06-0765;14;5,5;10,2;1818,16;90,8;0;0
2025-06;LOAD-06-0765;18;5,5;10,2;2337,63;116,8;0;0
2025-07;LOAD-06-0765;0;5,5;10,2;0,0;0,0;1;0
2025-08;LOAD-06-0765;6;5,5;10,2;779,21;38,9;0;0
2025-09;LOAD-06-0765;15;5,5;10,2;1948,02;97,3;0;0
2025-10;LOAD-06-0765;1;5,5;10,2;129,87;6,5;0;0
2025-11;LOAD-06-0765;4;5,5;10,2;519,47;25,9;0;0
2025-12;LOAD-06-0765;4;5,5;10,2;519,47;25,9;0;0
2024-01;MLT-09-0267;0;2,0;3,6;0,0;0,0;1;0
2024-02;MLT-09-0267;3;2,0;3,6;342,57;12,9;0;0
2024-03;MLT-09-0267;5;2,0;3,6;570,94;21,4;0;0
2024-04;MLT-09-0267;4;2,0;3,6;456,76;17,1;0;0
2024-05;MLT-09-0267;3;2,0;3,6;342,57;12,9;0;0
2024-06;MLT-09-0267;4;2,0;3,6;456,76;17,1;0;0
2024-07;MLT-09-0267;6;2,0;3,6;685,13;25,7;0;0
2024-08;MLT-09-0267;0;2,0;3,6;0,0;0,0;1;0
2024-09;MLT-09-0267;3;2,0;3,6;342,57;12,9;0;0
2024-10;MLT-09-0267;4;2,0;3,6;456,76;17,1;0;0
2024-11;MLT-09-0267;3;2,0;3,6;342,57;12,9;0;0
2024-12;MLT-09-0267;4;2,0;3,6;456,76;17,1;0;0
2025-01;MLT-09-0267;5;2,0;3,6;570,94;21,4;0;0
2025-02;MLT-09-0267;3;2,0;3,6;342,57;12,9;0;0
2025-03;MLT-09-0267;1;2,0;3,6;114,19;4,3;0;0
2025-04;MLT-09-0267;4;2,0;3,6;456,76;17,1;0;0
2025-05;MLT-09-0267;4;2,0;3,6;456,76;17,1;0;0
2025-06;MLT-09-0267;4;2,0;3,6;456,76;17,1;0;0
2025-07;MLT-09-0267;3;2,0;3,6;342,57;12,9;0;0
2025-08;MLT-09-0267;3;2,0;3,6;342,57;12,9;0;0
2025-09;MLT-09-0267;2;2,0;3,6;228,38;8,6;0;0
2025-10;MLT-09-0267;2;2,0;3,6;228,38;8,6;0;0
2025-11;MLT-09-0267;2;2,0;3,6;228,38;8,6;0;0
2025-12;MLT-09-0267;4;2,0;3,6;456,76;17,1;0;0
2024-01;TMM-02-0605;9;3,6;6,5;863,44;91,3;0;0
2024-02;TMM-02-0605;8;3,6;6,5;767,5;81,1;0;0
2024-03;TMM-02-0605;8;3,6;6,5;767,5;81,1;0;0
2024-04;TMM-02-0605;0;3,6;6,5;0,0;0,0;1;0
2024-05;TMM-02-0605;11;3,6;6,5;1055,31;111,5;0;0
2024-06;TMM-02-0605;0;3,6;6,5;0,0;0,0;1;0
2024-07;TMM-02-0605;6;3,6;6,5;575,62;60,8;0;0
2024-08;TMM-02-0605;5;3,6;6,5;479,69;50,7;0;0
2024-09;TMM-02-0605;1;3,6;6,5;95,94;10,1;0;0
2024-10;TMM-02-0605;6;3,6;6,5;575,62;60,8;0;0
2024-11;TMM-02-0605;9;3,6;6,5;863,44;91,3;0;0
2024-12;TMM-02-0605;7;3,6;6,5;671,56;71,0;0;0
2025-01;TMM-02-0605;5;3,6;6,5;479,69;50,7;0;0
2025-02;TMM-02-0605;10;3,6;6,5;959,37;101,4;0;0
2025-03;TMM-02-0605;8;3,6;6,5;767,5;81,1;0;0
2025-04;TMM-02-0605;5;3,6;6,5;479,69;50,7;0;0
2025-05;TMM-02-0605;5;3,6;6,5;479,69;50,7;0;0
2025-06;TMM-02-0605;8;3,6;6,5;767,5;81,1;0;0
2025-07;TMM-02-0605;6;3,6;6,5;575,62;60,8;0;0
2025-08;TMM-02-0605;9;3,6;6,5;863,44;91,3;0;0
2025-09;TMM-02-0605;3;3,6;6,5;287,81;30,4;0;0
2025-10;TMM-02-0605;2;3,6;6,5;191,87;20,3;0;0
2025-11;TMM-02-0605;5;3,6;6,5;479,69;50,7;0;0
2025-12;TMM-02-0605;7;3,6;6,5;671,56;71,0;0;0
2024-01;LOAD-10-0704;2;1;1,8;597,42;26,7;0;0
2024-02;LOAD-10-0704;1;1;1,8;298,71;13,3;0;0
2024-03;LOAD-10-0704;2;1;1,8;597,42;26,7;0;0
2024-04;LOAD-10-0704;2;1;1,8;597,42;26,7;0;0
2024-05;LOAD-10-0704;2;1;1,8;597,42;26,7;0;0
2024-06;LOAD-10-0704;1;1;1,8;298,71;13,3;0;0
2024-07;LOAD-10-0704;3;1;1,8;896,13;40,0;0;0
2024-08;LOAD-10-0704;1;1;1,8;298,71;13,3;0;0
2024-09;LOAD-10-0704;0;1;1,8;0,0;0,0;1;0
2024-10;LOAD-10-0704;0;1;1,8;0,0;0,0;1;0
2024-11;LOAD-10-0704;1;1;1,8;298,71;13,3;0;0
2024-12;LOAD-10-0704;2;1;1,8;597,42;26,7;0;0
2025-01;LOAD-10-0704;0;1;1,8;0,0;0,0;1;0
2025-02;LOAD-10-0704;0;1;1,8;0,0;0,0;1;0
2025-03;LOAD-10-0704;1;1;1,8;298,71;13,3;0;0
2025-04;LOAD-10-0704;1;1;1,8;298,71;13,3;0;0
2025-05;LOAD-10-0704;1;1;1,8;298,71;13,3;0;0
2025-06;LOAD-10-0704;1;1;1,8;298,71;13,3;0;0
2025-07;LOAD-10-0704;1;1;1,8;298,71;13,3;0;0
2025-08;LOAD-10-0704;3;1;1,8;896,13;40,0;0;0
2025-09;LOAD-10-0704;2;1;1,8;597,42;26,7;0;0
2025-10;LOAD-10-0704;2;1;1,8;597,42;26,7;0;0
2025-11;LOAD-10-0704;2;1;1,8;597,42;26,7;0;0
2025-12;LOAD-10-0704;2;1;1,8;597,42;26,7;0;0
2024-01;MI-MC-04-0513;1;1,2;1,9;557,79;19,5;0;0
2024-02;MI-MC-04-0513;3;1,2;1,9;1673,36;58,4;0;0
2024-03;MI-MC-04-0513;4;1,2;1,9;2231,14;77,8;0;0
2024-04;MI-MC-04-0513;2;1,2;1,9;1115,57;38,9;0;0
2024-05;MI-MC-04-0513;0;1,2;1,9;0,0;0,0;1;0
2024-06;MI-MC-04-0513;0;1,2;1,9;0,0;0,0;1;0
2024-07;MI-MC-04-0513;0;1,2;1,9;0,0;0,0;1;0
2024-08;MI-MC-04-0513;1;1,2;1,9;557,79;19,5;0;0
2024-09;MI-MC-04-0513;1;1,2;1,9;557,79;19,5;0;0
2024-10;MI-MC-04-0513;1;1,2;1,9;557,79;19,5;0;0
2024-11;MI-MC-04-0513;1;1,2;1,9;557,79;19,5;0;0
2024-12;MI-MC-04-0513;1;1,2;1,9;557,79;19,5;0;0
2025-01;MI-MC-04-0513;1;1,2;1,9;557,79;19,5;0;0
2025-02;MI-MC-04-0513;3;1,2;1,9;1673,36;58,4;0;0
2025-03;MI-MC-04-0513;2;1,2;1,9;1115,57;38,9;0;0
2025-04;MI-MC-04-0513;1;1,2;1,9;557,79;19,5;0;0
2025-05;MI-MC-04-0513;1;1,2;1,9;557,79;19,5;0;0
2025-06;MI-MC-04-0513;1;1,2;1,9;557,79;19,5;0;0
2025-07;MI-MC-04-0513;0;1,2;1,9;0,0;0,0;1;0
2025-08;MI-MC-04-0513;1;1,2;1,9;557,79;19,5;0;0
2025-09;MI-MC-04-0513;2;1,2;1,9;1115,57;38,9;0;0
2025-10;MI-MC-04-0513;3;1,2;1,9;1673,36;58,4;0;0
2025-11;MI-MC-04-0513;2;1,2;1,9;1115,57;38,9;0;0
2025-12;MI-MC-04-0513;3;1,2;1,9;1673,36;58,4;0;0
2024-01;LOAD-02-0735;0;1;1,4;0,0;0,0;1;0
2024-02;LOAD-02-0735;0;1;1,4;0,0;0,0;1;0
2024-03;LOAD-02-0735;0;1;1,4;0,0;0,0;1;0
2024-04;LOAD-02-0735;1;1;1,4;165,82;8,2;0;0
2024-05;LOAD-02-0735;1;1;1,4;165,82;8,2;0;0
2024-06;LOAD-02-0735;1;1;1,4;165,82;8,2;0;0
2024-07;LOAD-02-0735;2;1;1,4;331,64;16,4;0;0
2024-08;LOAD-02-0735;1;1;1,4;165,82;8,2;0;0
2024-09;LOAD-02-0735;1;1;1,4;165,82;8,2;0;0
2024-10;LOAD-02-0735;0;1;1,4;0,0;0,0;1;0
2024-11;LOAD-02-0735;1;1;1,4;165,82;8,2;0;0
2024-12;LOAD-02-0735;1;1;1,4;165,82;8,2;0;0
2025-01;LOAD-02-0735;1;1;1,4;165,82;8,2;0;0
2025-02;LOAD-02-0735;2;1;1,4;331,64;16,4;0;0
2025-03;LOAD-02-0735;1;1;1,4;165,82;8,2;0;0
2025-04;LOAD-02-0735;1;1;1,4;165,82;8,2;0;0
2025-05;LOAD-02-0735;1;1;1,4;165,82;8,2;0;0
2025-06;LOAD-02-0735;1;1;1,4;165,82;8,2;0;0
2025-07;LOAD-02-0735;0;1;1,4;0,0;0,0;1;0
2025-08;LOAD-02-0735;0;1;1,4;0,0;0,0;1;0
2025-09;LOAD-02-0735;3;1;1,4;497,46;24,5;0;0
2025-10;LOAD-02-0735;0;1;1,4;0,0;0,0;1;0
2025-11;LOAD-02-0735;1;1;1,4;165,82;8,2;0;0
2025-12;LOAD-02-0735;1;1;1,4;165,82;8,2;0;0
2024-01;MRT-02-0370;3;8,0;13,0;606,84;27,0;0;0
2024-02;MRT-02-0370;23;8,0;13,0;4652,43;207,0;0;0
2024-03;MRT-02-0370;18;8,0;13,0;3641,03;162,0;0;0
2024-04;MRT-02-0370;5;8,0;13,0;1011,4;45,0;0;0
2024-05;MRT-02-0370;7;8,0;13,0;1415,96;63,0;0;0
2024-06;MRT-02-0370;9;8,0;13,0;1820,52;81,0;0;0
2024-07;MRT-02-0370;18;8,0;13,0;3641,03;162,0;0;0
2024-08;MRT-02-0370;9;8,0;13,0;1820,52;81,0;0;0
2024-09;MRT-02-0370;16;8,0;13,0;3236,47;144,0;0;0
2024-10;MRT-02-0370;23;8,0;13,0;4652,43;207,0;0;0
2024-11;MRT-02-0370;10;8,0;13,0;2022,8;90,0;0;0
2024-12;MRT-02-0370;14;8,0;13,0;2831,91;126,0;0;0
2025-01;MRT-02-0370;7;8,0;13,0;1415,96;63,0;0;0
2025-02;MRT-02-0370;6;8,0;13,0;1213,68;54,0;0;0
2025-03;MRT-02-0370;11;8,0;13,0;2225,08;99,0;0;0
2025-04;MRT-02-0370;11;8,0;13,0;2225,08;99,0;0;0
2025-05;MRT-02-0370;12;8,0;13,0;2427,36;108,0;0;0
2025-06;MRT-02-0370;7;8,0;13,0;1415,96;63,0;0;0
2025-07;MRT-02-0370;10;8,0;13,0;2022,8;90,0;0;0
2025-08;MRT-02-0370;25;8,0;13,0;5056,99;225,0;0;0
2025-09;MRT-02-0370;14;8,0;13,0;2831,91;126,0;0;0
2025-10;MRT-02-0370;14;8,0;13,0;2831,91;126,0;0;0
2025-11;MRT-02-0370;17;8,0;13,0;3438,75;153,0;0;0
2025-12;MRT-02-0370;3;8,0;13,0;606,84;27,0;0;0
2024-01;MLT-03-0251;34;18,7;30,4;4807,88;130,9;0;0
2024-02;MLT-03-0251;50;18,7;30,4;7070,41;192,5;0;0
2024-03;MLT-03-0251;37;18,7;30,4;5232,11;142,5;0;0
2024-04;MLT-03-0251;37;18,7;30,4;5232,11;142,5;0;0
2024-05;MLT-03-0251;26;18,7;30,4;3676,62;100,1;0;0
2024-06;MLT-03-0251;28;18,7;30,4;3959,43;107,8;0;0
2024-07;MLT-03-0251;73;18,7;30,4;10322,81;281,1;0;0
2024-08;MLT-03-0251;37;18,7;30,4;5232,11;142,5;0;0
2024-09;MLT-03-0251;33;18,7;30,4;4666,47;127,1;0;0
2024-10;MLT-03-0251;24;18,7;30,4;3393,8;92,4;0;0
2024-11;MLT-03-0251;4;18,7;30,4;565,63;15,4;0;0
2024-12;MLT-03-0251;58;18,7;30,4;8201,68;223,3;0;0
2025-01;MLT-03-0251;45;18,7;30,4;6363,37;173,3;0;0
2025-02;MLT-03-0251;34;18,7;30,4;4807,88;130,9;0;0
2025-03;MLT-03-0251;9;18,7;30,4;1272,67;34,7;0;0
2025-04;MLT-03-0251;36;18,7;30,4;5090,7;138,6;0;0
2025-05;MLT-03-0251;43;18,7;30,4;6080,56;165,6;0;0
2025-06;MLT-03-0251;18;18,7;30,4;2545,35;69,3;0;0
2025-07;MLT-03-0251;1;18,7;30,4;141,41;3,9;0;0
2025-08;MLT-03-0251;29;18,7;30,4;4100,84;111,7;0;0
2025-09;MLT-03-0251;23;18,7;30,4;3252,39;88,6;0;0
2025-10;MLT-03-0251;28;18,7;30,4;3959,43;107,8;0;0
2025-11;MLT-03-0251;8;18,7;30,4;1131,27;30,8;0;0
2025-12;MLT-03-0251;50;18,7;30,4;7070,41;192,5;0;0
2024-01;LOAD-07-0790;0;4,5;8,2;0,0;0,0;1;0
2024-02;LOAD-07-0790;6;4,5;8,2;1307,66;48,0;0;0
2024-03;LOAD-07-0790;9;4,5;8,2;1961,49;72,0;0;0
2024-04;LOAD-07-0790;11;4,5;8,2;2397,38;88,0;0;0
2024-05;LOAD-07-0790;9;4,5;8,2;1961,49;72,0;0;0
2024-06;LOAD-07-0790;8;4,5;8,2;1743,55;64,0;0;0
2024-07;LOAD-07-0790;14;4,5;8,2;3051,21;112,0;0;0
2024-08;LOAD-07-0790;12;4,5;8,2;2615,32;96,0;0;0
2024-09;LOAD-07-0790;4;4,5;8,2;871,77;32,0;0;0
2024-10;LOAD-07-0790;8;4,5;8,2;1743,55;64,0;0;0
2024-11;LOAD-07-0790;0;4,5;8,2;0,0;0,0;1;0
2024-12;LOAD-07-0790;7;4,5;8,2;1525,6;56,0;0;0
2025-01;LOAD-07-0790;4;4,5;8,2;871,77;32,0;0;0
2025-02;LOAD-07-0790;6;4,5;8,2;1307,66;48,0;0;0
2025-03;LOAD-07-0790;2;4,5;8,2;435,89;16,0;0;0
2025-04;LOAD-07-0790;10;4,5;8,2;2179,43;80,0;0;0
2025-05;LOAD-07-0790;10;4,5;8,2;2179,43;80,0;0;0
2025-06;LOAD-07-0790;8;4,5;8,2;1743,55;64,0;0;0
2025-07;LOAD-07-0790;10;4,5;8,2;2179,43;80,0;0;0
2025-08;LOAD-07-0790;6;4,5;8,2;1307,66;48,0;0;0
2025-09;LOAD-07-0790;11;4,5;8,2;2397,38;88,0;0;0
2025-10;LOAD-07-0790;12;4,5;8,2;2615,32;96,0;0;0
2025-11;LOAD-07-0790;8;4,5;8,2;1743,55;64,0;0;0
2025-12;LOAD-07-0790;8;4,5;8,2;1743,55;64,0;0;0
2024-01;LOAD-M-03-0869;3;1,6;3,0;860,53;46,0;0;0
2024-02;LOAD-M-03-0869;2;1,6;3,0;573,69;30,6;0;0
2024-03;LOAD-M-03-0869;2;1,6;3,0;573,69;30,6;0;0
2024-04;LOAD-M-03-0869;4;1,6;3,0;1147,37;61,3;0;0
2024-05;LOAD-M-03-0869;1;1,6;3,0;286,84;15,3;0;0
2024-06;LOAD-M-03-0869;2;1,6;3,0;573,69;30,6;0;0
2024-07;LOAD-M-03-0869;3;1,6;3,0;860,53;46,0;0;0
2024-08;LOAD-M-03-0869;2;1,6;3,0;573,69;30,6;0;0
2024-09;LOAD-M-03-0869;2;1,6;3,0;573,69;30,6;0;0
2024-10;LOAD-M-03-0869;2;1,6;3,0;573,69;30,6;0;0
2024-11;LOAD-M-03-0869;3;1,6;3,0;860,53;46,0;0;0
2024-12;LOAD-M-03-0869;1;1,6;3,0;286,84;15,3;0;0
2025-01;LOAD-M-03-0869;4;1,6;3,0;1147,37;61,3;0;0
2025-02;LOAD-M-03-0869;5;1,6;3,0;1434,22;76,6;0;0
2025-03;LOAD-M-03-0869;5;1,6;3,0;1434,22;76,6;0;0
2025-04;LOAD-M-03-0869;4;1,6;3,0;1147,37;61,3;0;0
2025-05;LOAD-M-03-0869;3;1,6;3,0;860,53;46,0;0;0
2025-06;LOAD-M-03-0869;4;1,6;3,0;1147,37;61,3;0;0
2025-07;LOAD-M-03-0869;3;1,6;3,0;860,53;46,0;0;0
2025-08;LOAD-M-03-0869;4;1,6;3,0;1147,37;61,3;0;0
2025-09;LOAD-M-03-0869;3;1,6;3,0;860,53;46,0;0;0
2025-10;LOAD-M-03-0869;3;1,6;3,0;860,53;46,0;0;0
2025-11;LOAD-M-03-0869;6;1,6;3,0;1721,06;91,9;0;0
2025-12;LOAD-M-03-0869;3;1,6;3,0;860,53;46,0;0;0
2024-01;MT-05-0088;4;3,1;5,0;439,05;20,7;0;0
2024-02;MT-05-0088;5;3,1;5,0;548,81;25,9;0;0
2024-03;MT-05-0088;2;3,1;5,0;219,52;10,4;0;0
2024-04;MT-05-0088;7;3,1;5,0;768,33;36,3;0;0
2024-05;MT-05-0088;4;3,1;5,0;439,05;20,7;0;0
2024-06;MT-05-0088;8;3,1;5,0;878,09;41,4;0;0
2024-07;MT-05-0088;11;3,1;5,0;1207,38;57,0;0;0
2024-08;MT-05-0088;5;3,1;5,0;548,81;25,9;0;0
2024-09;MT-05-0088;8;3,1;5,0;878,09;41,4;0;0
2024-10;MT-05-0088;6;3,1;5,0;658,57;31,1;0;0
2024-11;MT-05-0088;0;3,1;5,0;0,0;0,0;1;0
2024-12;MT-05-0088;6;3,1;5,0;658,57;31,1;0;0
2025-01;MT-05-0088;6;3,1;5,0;658,57;31,1;0;0
2025-02;MT-05-0088;6;3,1;5,0;658,57;31,1;0;0
2025-03;MT-05-0088;4;3,1;5,0;439,05;20,7;0;0
2025-04;MT-05-0088;4;3,1;5,0;439,05;20,7;0;0
2025-05;MT-05-0088;5;3,1;5,0;548,81;25,9;0;0
2025-06;MT-05-0088;6;3,1;5,0;658,57;31,1;0;0
2025-07;MT-05-0088;2;3,1;5,0;219,52;10,4;0;0
2025-08;MT-05-0088;0;3,1;5,0;0,0;0,0;1;0
2025-09;MT-05-0088;6;3,1;5,0;658,57;31,1;0;0
2025-10;MT-05-0088;5;3,1;5,0;548,81;25,9;0;0
2025-11;MT-05-0088;3;3,1;5,0;329,29;15,5;0;0
2025-12;MT-05-0088;2;3,1;5,0;219,52;10,4;0;0
2024-01;MLT-03-0242;0;1,4;2,2;0,0;0,0;1;0
2024-02;MLT-03-0242;0;1,4;2,2;0,0;0,0;1;0
2024-03;MLT-03-0242;1;1,4;2,2;270,64;8,3;0;0
2024-04;MLT-03-0242;0;1,4;2,2;0,0;0,0;1;0
2024-05;MLT-03-0242;1;1,4;2,2;270,64;8,3;0;0
2024-06;MLT-03-0242;1;1,4;2,2;270,64;8,3;0;0
2024-07;MLT-03-0242;3;1,4;2,2;811,91;24,8;0;0
2024-08;MLT-03-0242;2;1,4;2,2;541,27;16,6;0;0
2024-09;MLT-03-0242;1;1,4;2,2;270,64;8,3;0;0
2024-10;MLT-03-0242;1;1,4;2,2;270,64;8,3;0;0
2024-11;MLT-03-0242;3;1,4;2,2;811,91;24,8;0;0
2024-12;MLT-03-0242;2;1,4;2,2;541,27;16,6;0;0
2025-01;MLT-03-0242;3;1,4;2,2;811,91;24,8;0;0
2025-02;MLT-03-0242;0;1,4;2,2;0,0;0,0;1;0
2025-03;MLT-03-0242;2;1,4;2,2;541,27;16,6;0;0
2025-04;MLT-03-0242;1;1,4;2,2;270,64;8,3;0;0
2025-05;MLT-03-0242;4;1,4;2,2;1082,55;33,1;0;0
2025-06;MLT-03-0242;1;1,4;2,2;270,64;8,3;0;0
2025-07;MLT-03-0242;4;1,4;2,2;1082,55;33,1;0;0
2025-08;MLT-03-0242;2;1,4;2,2;541,27;16,6;0;0
2025-09;MLT-03-0242;2;1,4;2,2;541,27;16,6;0;0
2025-10;MLT-03-0242;3;1,4;2,2;811,91;24,8;0;0
2025-11;MLT-03-0242;3;1,4;2,2;811,91;24,8;0;0
2025-12;MLT-03-0242;1;1,4;2,2;270,64;8,3;0;0
2024-01;MLT-07-0290;3;1;1,5;817,1;19,8;0;0
2024-02;MLT-07-0290;0;1;1,5;0,0;0,0;1;0
2024-03;MLT-07-0290;1;1;1,5;272,37;6,6;0;0
2024-04;MLT-07-0290;2;1;1,5;544,74;13,2;0;0
2024-05;MLT-07-0290;1;1;1,5;272,37;6,6;0;0
2024-06;MLT-07-0290;2;1;1,5;544,74;13,2;0;0
2024-07;MLT-07-0290;2;1;1,5;544,74;13,2;0;0
2024-08;MLT-07-0290;2;1;1,5;544,74;13,2;0;0
2024-09;MLT-07-0290;2;1;1,5;544,74;13,2;0;0
2024-10;MLT-07-0290;1;1;1,5;272,37;6,6;0;0
2024-11;MLT-07-0290;0;1;1,5;0,0;0,0;1;0
2024-12;MLT-07-0290;0;1;1,5;0,0;0,0;1;0
2025-01;MLT-07-0290;1;1;1,5;272,37;6,6;0;0
2025-02;MLT-07-0290;0;1;1,5;0,0;0,0;1;0
2025-03;MLT-07-0290;0;1;1,5;0,0;0,0;1;0
2025-04;MLT-07-0290;0;1;1,5;0,0;0,0;1;0
2025-05;MLT-07-0290;1;1;1,5;272,37;6,6;0;0
2025-06;MLT-07-0290;0;1;1,5;0,0;0,0;1;0
2025-07;MLT-07-0290;1;1;1,5;272,37;6,6;0;0
2025-08;MLT-07-0290;2;1;1,5;544,74;13,2;0;0
2025-09;MLT-07-0290;2;1;1,5;544,74;13,2;0;0
2025-10;MLT-07-0290;1;1;1,5;272,37;6,6;0;0
2025-11;MLT-07-0290;2;1;1,5;544,74;13,2;0;0
2025-12;MLT-07-0290;0;1;1,5;0,0;0,0;1;0
2024-01;MLT-03-0207;1;1;1,3;287,31;9,4;0;0
2024-02;MLT-03-0207;0;1;1,3;0,0;0,0;1;0
2024-03;MLT-03-0207;1;1;1,3;287,31;9,4;0;0
2024-04;MLT-03-0207;0;1;1,3;0,0;0,0;1;0
2024-05;MLT-03-0207;1;1;1,3;287,31;9,4;0;0
2024-06;MLT-03-0207;1;1;1,3;287,31;9,4;0;0
2024-07;MLT-03-0207;2;1;1,3;574,63;18,7;0;0
2024-08;MLT-03-0207;1;1;1,3;287,31;9,4;0;0
2024-09;MLT-03-0207;1;1;1,3;287,31;9,4;0;0
2024-10;MLT-03-0207;0;1;1,3;0,0;0,0;1;0
2024-11;MLT-03-0207;1;1;1,3;287,31;9,4;0;0
2024-12;MLT-03-0207;0;1;1,3;0,0;0,0;1;0
2025-01;MLT-03-0207;2;1;1,3;574,63;18,7;0;0
2025-02;MLT-03-0207;2;1;1,3;574,63;18,7;0;0
2025-03;MLT-03-0207;0;1;1,3;0,0;0,0;1;0
2025-04;MLT-03-0207;1;1;1,3;287,31;9,4;0;0
2025-05;MLT-03-0207;1;1;1,3;287,31;9,4;0;0
2025-06;MLT-03-0207;1;1;1,3;287,31;9,4;0;0
2025-07;MLT-03-0207;0;1;1,3;0,0;0,0;1;0
2025-08;MLT-03-0207;0;1;1,3;0,0;0,0;1;0
2025-09;MLT-03-0207;2;1;1,3;574,63;18,7;0;0
2025-10;MLT-03-0207;0;1;1,3;0,0;0,0;1;0
2025-11;MLT-03-0207;2;1;1,3;574,63;18,7;0;0
2025-12;MLT-03-0207;1;1;1,3;287,31;9,4;0;0
2024-01;MT-07-0129;3;9,8;15,9;675,37;22,0;0;0
2024-02;MT-07-0129;11;9,8;15,9;2476,37;80,8;0;0
2024-03;MT-07-0129;20;9,8;15,9;4502,49;146,9;0;0
2024-04;MT-07-0129;17;9,8;15,9;3827,12;124,9;0;0
2024-05;MT-07-0129;21;9,8;15,9;4727,62;154,3;0;0
2024-06;MT-07-0129;16;9,8;15,9;3602,0;117,6;0;0
2024-07;MT-07-0129;14;9,8;15,9;3151,75;102,9;0;0
2024-08;MT-07-0129;7;9,8;15,9;1575,87;51,4;0;0
2024-09;MT-07-0129;2;9,8;15,9;450,25;14,7;0;0
2024-10;MT-07-0129;6;9,8;15,9;1350,75;44,1;0;0
2024-11;MT-07-0129;22;9,8;15,9;4952,74;161,6;0;0
2024-12;MT-07-0129;12;9,8;15,9;2701,5;88,2;0;0
2025-01;MT-07-0129;19;9,8;15,9;4277,37;139,6;0;0
2025-02;MT-07-0129;15;9,8;15,9;3376,87;110,2;0;0
2025-03;MT-07-0129;14;9,8;15,9;3151,75;102,9;0;0
2025-04;MT-07-0129;9;9,8;15,9;2026,12;66,1;0;0
2025-05;MT-07-0129;9;9,8;15,9;2026,12;66,1;0;0
2025-06;MT-07-0129;21;9,8;15,9;4727,62;154,3;0;0
2025-07;MT-07-0129;11;9,8;15,9;2476,37;80,8;0;0
2025-08;MT-07-0129;15;9,8;15,9;3376,87;110,2;0;0
2025-09;MT-07-0129;9;9,8;15,9;2026,12;66,1;0;0
2025-10;MT-07-0129;18;9,8;15,9;4052,24;132,2;0;0
2025-11;MT-07-0129;25;9,8;15,9;5628,12;183,7;0;0
2025-12;MT-07-0129;22;9,8;15,9;4952,74;161,6;0;0
2024-01;LOAD-02-0751;13;5,5;8,9;2534,78;170,2;0;0
2024-02;LOAD-02-0751;17;5,5;8,9;3314,71;222,5;0;0
2024-03;LOAD-02-0751;10;5,5;8,9;1949,83;130,9;0;0
2024-04;LOAD-02-0751;14;5,5;8,9;2729,76;183,3;0;0
2024-05;LOAD-02-0751;0;5,5;8,9;0,0;0,0;1;0
2024-06;LOAD-02-0751;9;5,5;8,9;1754,85;117,8;0;0
2024-07;LOAD-02-0751;13;5,5;8,9;2534,78;170,2;0;0
2024-08;LOAD-02-0751;0;5,5;8,9;0,0;0,0;1;0
2024-09;LOAD-02-0751;7;5,5;8,9;1364,88;91,6;0;0
2024-10;LOAD-02-0751;11;5,5;8,9;2144,82;144,0;0;0
2024-11;LOAD-02-0751;6;5,5;8,9;1169,9;78,5;0;0
2024-12;LOAD-02-0751;6;5,5;8,9;1169,9;78,5;0;0
2025-01;LOAD-02-0751;8;5,5;8,9;1559,87;104,7;0;0
2025-02;LOAD-02-0751;8;5,5;8,9;1559,87;104,7;0;0
2025-03;LOAD-02-0751;7;5,5;8,9;1364,88;91,6;0;0
2025-04;LOAD-02-0751;11;5,5;8,9;2144,82;144,0;0;0
2025-05;LOAD-02-0751;3;5,5;8,9;584,95;39,3;0;0
2025-06;LOAD-02-0751;13;5,5;8,9;2534,78;170,2;0;0
2025-07;LOAD-02-0751;9;5,5;8,9;1754,85;117,8;0;0
2025-08;LOAD-02-0751;13;5,5;8,9;2534,78;170,2;0;0
2025-09;LOAD-02-0751;4;5,5;8,9;779,93;52,4;0;0
2025-10;LOAD-02-0751;2;5,5;8,9;389,97;26,2;0;0
2025-11;LOAD-02-0751;8;5,5;8,9;1559,87;104,7;0;0
2025-12;LOAD-02-0751;6;5,5;8,9;1169,9;78,5;0;0
2024-01;LOAD-10-0759;7;3,3;6,1;595,95;35,2;0;0
2024-02;LOAD-10-0759;9;3,3;6,1;766,22;45,3;0;0
2024-03;LOAD-10-0759;5;3,3;6,1;425,68;25,2;0;0
2024-04;LOAD-10-0759;0;3,3;6,1;0,0;0,0;1;0
2024-05;LOAD-10-0759;6;3,3;6,1;510,81;30,2;0;0
2024-06;LOAD-10-0759;8;3,3;6,1;681,08;40,3;0;0
2024-07;LOAD-10-0759;10;3,3;6,1;851,35;50,3;0;0
2024-08;LOAD-10-0759;6;3,3;6,1;510,81;30,2;0;0
2024-09;LOAD-10-0759;8;3,3;6,1;681,08;40,3;0;0
2024-10;LOAD-10-0759;4;3,3;6,1;340,54;20,1;0;0
2024-11;LOAD-10-0759;6;3,3;6,1;510,81;30,2;0;0
2024-12;LOAD-10-0759;0;3,3;6,1;0,0;0,0;1;0
2025-01;LOAD-10-0759;4;3,3;6,1;340,54;20,1;0;0
2025-02;LOAD-10-0759;5;3,3;6,1;425,68;25,2;0;0
2025-03;LOAD-10-0759;7;3,3;6,1;595,95;35,2;0;0
2025-04;LOAD-10-0759;0;3,3;6,1;0,0;0,0;1;0
2025-05;LOAD-10-0759;2;3,3;6,1;170,27;10,1;0;0
2025-06;LOAD-10-0759;9;3,3;6,1;766,22;45,3;0;0
2025-07;LOAD-10-0759;8;3,3;6,1;681,08;40,3;0;0
2025-08;LOAD-10-0759;4;3,3;6,1;340,54;20,1;0;0
2025-09;LOAD-10-0759;8;3,3;6,1;681,08;40,3;0;0
2025-10;LOAD-10-0759;5;3,3;6,1;425,68;25,2;0;0
2025-11;LOAD-10-0759;5;3,3;6,1;425,68;25,2;0;0
2025-12;LOAD-10-0759;7;3,3;6,1;595,95;35,2;0;0
2024-01;MLT-06-0199;21;13,0;21,2;1242,07;54,2;0;0
2024-02;MLT-06-0199;29;13,0;21,2;1715,24;74,8;0;0
2024-03;MLT-06-0199;27;13,0;21,2;1596,94;69,7;0;0
2024-04;MLT-06-0199;11;13,0;21,2;650,61;28,4;0;0
2024-05;MLT-06-0199;16;13,0;21,2;946,34;41,3;0;0
2024-06;MLT-06-0199;17;13,0;21,2;1005,48;43,9;0;0
2024-07;MLT-06-0199;28;13,0;21,2;1656,09;72,3;0;0
2024-08;MLT-06-0199;28;13,0;21,2;1656,09;72,3;0;0
2024-09;MLT-06-0199;11;13,0;21,2;650,61;28,4;0;0
2024-10;MLT-06-0199;20;13,0;21,2;1182,92;51,6;0;0
2024-11;MLT-06-0199;10;13,0;21,2;591,46;25,8;0;0
2024-12;MLT-06-0199;19;13,0;21,2;1123,78;49,0;0;0
2025-01;MLT-06-0199;8;13,0;21,2;473,17;20,6;0;0
2025-02;MLT-06-0199;5;13,0;21,2;295,73;12,9;0;0
2025-03;MLT-06-0199;13;13,0;21,2;768,9;33,5;0;0
2025-04;MLT-06-0199;14;13,0;21,2;828,05;36,1;0;0
2025-05;MLT-06-0199;31;13,0;21,2;1833,53;80,0;0;0
2025-06;MLT-06-0199;13;13,0;21,2;768,9;33,5;0;0
2025-07;MLT-06-0199;41;13,0;21,2;2424,99;105,8;0;0
2025-08;MLT-06-0199;25;13,0;21,2;1478,65;64,5;0;0
2025-09;MLT-06-0199;29;13,0;21,2;1715,24;74,8;0;0
2025-10;MLT-06-0199;19;13,0;21,2;1123,78;49,0;0;0
2025-11;MLT-06-0199;0;13,0;21,2;0,0;0,0;1;0
2025-12;MLT-06-0199;19;13,0;21,2;1123,78;49,0;0;0
2024-01;LOAD-M-04-0816;1;1;1,4;675,62;80,0;0;0
2024-02;LOAD-M-04-0816;0;1;1,4;0,0;0,0;1;0
2024-03;LOAD-M-04-0816;0;1;1,4;0,0;0,0;1;0
2024-04;LOAD-M-04-0816;1;1;1,4;675,62;80,0;0;0
2024-05;LOAD-M-04-0816;1;1;1,4;675,62;80,0;0;0
2024-06;LOAD-M-04-0816;1;1;1,4;675,62;80,0;0;0
2024-07;LOAD-M-04-0816;1;1;1,4;675,62;80,0;0;0
2024-08;LOAD-M-04-0816;2;1;1,4;1351,24;160,0;0;0
2024-09;LOAD-M-04-0816;1;1;1,4;675,62;80,0;0;0
2024-10;LOAD-M-04-0816;1;1;1,4;675,62;80,0;0;0
2024-11;LOAD-M-04-0816;1;1;1,4;675,62;80,0;0;0
2024-12;LOAD-M-04-0816;1;1;1,4;675,62;80,0;0;0
2025-01;LOAD-M-04-0816;1;1;1,4;675,62;80,0;0;0
2025-02;LOAD-M-04-0816;1;1;1,4;675,62;80,0;0;0
2025-03;LOAD-M-04-0816;1;1;1,4;675,62;80,0;0;0
2025-04;LOAD-M-04-0816;0;1;1,4;0,0;0,0;1;0
2025-05;LOAD-M-04-0816;0;1;1,4;0,0;0,0;1;0
2025-06;LOAD-M-04-0816;1;1;1,4;675,62;80,0;0;0
2025-07;LOAD-M-04-0816;1;1;1,4;675,62;80,0;0;0
2025-08;LOAD-M-04-0816;1;1;1,4;675,62;80,0;0;0
2025-09;LOAD-M-04-0816;1;1;1,4;675,62;80,0;0;0
2025-10;LOAD-M-04-0816;1;1;1,4;675,62;80,0;0;0
2025-11;LOAD-M-04-0816;1;1;1,4;675,62;80,0;0;0
2025-12;LOAD-M-04-0816;0;1;1,4;0,0;0,0;1;0
2024-01;LOAD-06-0733;7;3,3;5,4;518,45;33,8;0;0
2024-02;LOAD-06-0733;8;3,3;5,4;592,51;38,7;0;0
2024-03;LOAD-06-0733;5;3,3;5,4;370,32;24,2;0;0
2024-04;LOAD-06-0733;3;3,3;5,4;222,19;14,5;0;0
2024-05;LOAD-06-0733;2;3,3;5,4;148,13;9,7;0;0
2024-06;LOAD-06-0733;6;3,3;5,4;444,38;29,0;0;0
2024-07;LOAD-06-0733;9;3,3;5,4;666,58;43,5;0;0
2024-08;LOAD-06-0733;2;3,3;5,4;148,13;9,7;0;0
2024-09;LOAD-06-0733;6;3,3;5,4;444,38;29,0;0;0
2024-10;LOAD-06-0733;5;3,3;5,4;370,32;24,2;0;0
2024-11;LOAD-06-0733;3;3,3;5,4;222,19;14,5;0;0
2024-12;LOAD-06-0733;3;3,3;5,4;222,19;14,5;0;0
2025-01;LOAD-06-0733;5;3,3;5,4;370,32;24,2;0;0
2025-02;LOAD-06-0733;8;3,3;5,4;592,51;38,7;0;0
2025-03;LOAD-06-0733;4;3,3;5,4;296,26;19,3;0;0
2025-04;LOAD-06-0733;2;3,3;5,4;148,13;9,7;0;0
2025-05;LOAD-06-0733;7;3,3;5,4;518,45;33,8;0;0
2025-06;LOAD-06-0733;6;3,3;5,4;444,38;29,0;0;0
2025-07;LOAD-06-0733;5;3,3;5,4;370,32;24,2;0;0
2025-08;LOAD-06-0733;3;3,3;5,4;222,19;14,5;0;0
2025-09;LOAD-06-0733;8;3,3;5,4;592,51;38,7;0;0
2025-10;LOAD-06-0733;5;3,3;5,4;370,32;24,2;0;0
2025-11;LOAD-06-0733;3;3,3;5,4;222,19;14,5;0;0
2025-12;LOAD-06-0733;6;3,3;5,4;444,38;29,0;0;0
2024-01;AWP-02-0660;0;1;1,1;0,0;0,0;1;0
2024-02;AWP-02-0660;0;1;1,1;0,0;0,0;1;0
2024-03;AWP-02-0660;0;1;1,1;0,0;0,0;1;0
2024-04;AWP-02-0660;1;1;1,1;299,06;23,2;0;0
2024-05;AWP-02-0660;1;1;1,1;299,06;23,2;0;0
2024-06;AWP-02-0660;1;1;1,1;299,06;23,2;0;0
2024-07;AWP-02-0660;0;1;1,1;0,0;0,0;1;0
2024-08;AWP-02-0660;0;1;1,1;0,0;0,0;1;0
2024-09;AWP-02-0660;1;1;1,1;299,06;23,2;0;0
2024-10;AWP-02-0660;1;1;1,1;299,06;23,2;0;0
2024-11;AWP-02-0660;0;1;1,1;0,0;0,0;1;0
2024-12;AWP-02-0660;1;1;1,1;299,06;23,2;0;0
2025-01;AWP-02-0660;1;1;1,1;299,06;23,2;0;0
2025-02;AWP-02-0660;2;1;1,1;598,11;46,5;0;0
2025-03;AWP-02-0660;1;1;1,1;299,06;23,2;0;0
2025-04;AWP-02-0660;0;1;1,1;0,0;0,0;1;0
2025-05;AWP-02-0660;0;1;1,1;0,0;0,0;1;0
2025-06;AWP-02-0660;0;1;1,1;0,0;0,0;1;0
2025-07;AWP-02-0660;0;1;1,1;0,0;0,0;1;0
2025-08;AWP-02-0660;1;1;1,1;299,06;23,2;0;0
2025-09;AWP-02-0660;0;1;1,1;0,0;0,0;1;0
2025-10;AWP-02-0660;1;1;1,1;299,06;23,2;0;0
2025-11;AWP-02-0660;1;1;1,1;299,06;23,2;0;0
2025-12;AWP-02-0660;0;1;1,1;0,0;0,0;1;0
2024-01;MT-08-0027;86;38,3;62,2;3039,78;107,9;0;0
2024-02;MT-08-0027;64;38,3;62,2;2262,16;80,3;0;0
2024-03;MT-08-0027;44;38,3;62,2;1555,24;55,2;0;0
2024-04;MT-08-0027;69;38,3;62,2;2438,89;86,6;0;0
2024-05;MT-08-0027;90;38,3;62,2;3181,17;112,9;0;0
2024-06;MT-08-0027;74;38,3;62,2;2615,62;92,8;0;0
2024-07;MT-08-0027;77;38,3;62,2;2721,66;96,6;0;0
2024-08;MT-08-0027;51;38,3;62,2;1802,66;64,0;0;0
2024-09;MT-08-0027;110;38,3;62,2;3888,09;138,0;0;0
2024-10;MT-08-0027;65;38,3;62,2;2297,51;81,5;0;0
2024-11;MT-08-0027;113;38,3;62,2;3994,13;141,7;0;0
2024-12;MT-08-0027;115;38,3;62,2;4064,82;144,3;0;0
2025-01;MT-08-0027;60;38,3;62,2;2120,78;75,3;0;0
2025-02;MT-08-0027;51;38,3;62,2;1802,66;64,0;0;0
2025-03;MT-08-0027;58;38,3;62,2;2050,08;72,8;0;0
2025-04;MT-08-0027;52;38,3;62,2;1838,01;65,2;0;0
2025-05;MT-08-0027;23;38,3;62,2;812,96;28,9;0;0
2025-06;MT-08-0027;31;38,3;62,2;1095,73;38,9;0;0
2025-07;MT-08-0027;37;38,3;62,2;1307,81;46,4;0;0
2025-08;MT-08-0027;93;38,3;62,2;3287,2;116,7;0;0
2025-09;MT-08-0027;52;38,3;62,2;1838,01;65,2;0;0
2025-10;MT-08-0027;45;38,3;62,2;1590,58;56,4;0;0
2025-11;MT-08-0027;35;38,3;62,2;1237,12;43,9;0;0
2025-12;MT-08-0027;101;38,3;62,2;3569,97;126,7;0;0
2024-01;MT-04-0185;0;2,3;4,3;0,0;0,0;1;0
2024-02;MT-04-0185;3;2,3;4,3;1124,31;46,0;0;0
2024-03;MT-04-0185;3;2,3;4,3;1124,31;46,0;0;0
2024-04;MT-04-0185;7;2,3;4,3;2623,38;107,2;0;0
2024-05;MT-04-0185;3;2,3;4,3;1124,31;46,0;0;0
2024-06;MT-04-0185;2;2,3;4,3;749,54;30,6;0;0
2024-07;MT-04-0185;2;2,3;4,3;749,54;30,6;0;0
2024-08;MT-04-0185;2;2,3;4,3;749,54;30,6;0;0
2024-09;MT-04-0185;4;2,3;4,3;1499,08;61,3;0;0
2024-10;MT-04-0185;0;2,3;4,3;0,0;0,0;1;0
2024-11;MT-04-0185;2;2,3;4,3;749,54;30,6;0;0
2024-12;MT-04-0185;6;2,3;4,3;2248,61;91,9;0;0
2025-01;MT-04-0185;4;2,3;4,3;1499,08;61,3;0;0
2025-02;MT-04-0185;3;2,3;4,3;1124,31;46,0;0;0
2025-03;MT-04-0185;3;2,3;4,3;1124,31;46,0;0;0
2025-04;MT-04-0185;7;2,3;4,3;2623,38;107,2;0;0
2025-05;MT-04-0185;6;2,3;4,3;2248,61;91,9;0;0
2025-06;MT-04-0185;7;2,3;4,3;2623,38;107,2;0;0
2025-07;MT-04-0185;6;2,3;4,3;2248,61;91,9;0;0
2025-08;MT-04-0185;4;2,3;4,3;1499,08;61,3;0;0
2025-09;MT-04-0185;5;2,3;4,3;1873,84;76,6;0;0
2025-10;MT-04-0185;5;2,3;4,3;1873,84;76,6;0;0
2025-11;MT-04-0185;4;2,3;4,3;1499,08;61,3;0;0
2025-12;MT-04-0185;6;2,3;4,3;2248,61;91,9;0;0
2024-01;AWP-09-0648;2;1;1,6;395,05;45,0;0;0
2024-02;AWP-09-0648;1;1;1,6;197,53;22,5;0;0
2024-03;AWP-09-0648;0;1;1,6;0,0;0,0;1;0
2024-04;AWP-09-0648;1;1;1,6;197,53;22,5;0;0
2024-05;AWP-09-0648;0;1;1,6;0,0;0,0;1;0
2024-06;AWP-09-0648;0;1;1,6;0,0;0,0;1;0
2024-07;AWP-09-0648;1;1;1,6;197,53;22,5;0;0
2024-08;AWP-09-0648;0;1;1,6;0,0;0,0;1;0
2024-09;AWP-09-0648;1;1;1,6;197,53;22,5;0;0
2024-10;AWP-09-0648;1;1;1,6;197,53;22,5;0;0
2024-11;AWP-09-0648;1;1;1,6;197,53;22,5;0;0
2024-12;AWP-09-0648;1;1;1,6;197,53;22,5;0;0
2025-01;AWP-09-0648;1;1;1,6;197,53;22,5;0;0
2025-02;AWP-09-0648;1;1;1,6;197,53;22,5;0;0
2025-03;AWP-09-0648;1;1;1,6;197,53;22,5;0;0
2025-04;AWP-09-0648;1;1;1,6;197,53;22,5;0;0
2025-05;AWP-09-0648;1;1;1,6;197,53;22,5;0;0
2025-06;AWP-09-0648;1;1;1,6;197,53;22,5;0;0
2025-07;AWP-09-0648;1;1;1,6;197,53;22,5;0;0
2025-08;AWP-09-0648;1;1;1,6;197,53;22,5;0;0
2025-09;AWP-09-0648;1;1;1,6;197,53;22,5;0;0
2025-10;AWP-09-0648;0;1;1,6;0,0;0,0;1;0
2025-11;AWP-09-0648;1;1;1,6;197,53;22,5;0;0
2025-12;AWP-09-0648;1;1;1,6;197,53;22,5;0;0
2024-01;MLT-09-0201;0;1;1,6;0,0;0,0;1;0
2024-02;MLT-09-0201;1;1;1,6;210,33;8,1;0;0
2024-03;MLT-09-0201;2;1;1,6;420,66;16,2;0;0
2024-04;MLT-09-0201;2;1;1,6;420,66;16,2;0;0
2024-05;MLT-09-0201;2;1;1,6;420,66;16,2;0;0
2024-06;MLT-09-0201;1;1;1,6;210,33;8,1;0;0
2024-07;MLT-09-0201;2;1;1,6;420,66;16,2;0;0
2024-08;MLT-09-0201;0;1;1,6;0,0;0,0;1;0
2024-09;MLT-09-0201;0;1;1,6;0,0;0,0;1;0
2024-10;MLT-09-0201;1;1;1,6;210,33;8,1;0;0
2024-11;MLT-09-0201;0;1;1,6;0,0;0,0;1;0
2024-12;MLT-09-0201;2;1;1,6;420,66;16,2;0;0
2025-01;MLT-09-0201;1;1;1,6;210,33;8,1;0;0
2025-02;MLT-09-0201;1;1;1,6;210,33;8,1;0;0
2025-03;MLT-09-0201;0;1;1,6;0,0;0,0;1;0
2025-04;MLT-09-0201;0;1;1,6;0,0;0,0;1;0
2025-05;MLT-09-0201;1;1;1,6;210,33;8,1;0;0
2025-06;MLT-09-0201;2;1;1,6;420,66;16,2;0;0
2025-07;MLT-09-0201;1;1;1,6;210,33;8,1;0;0
2025-08;MLT-09-0201;1;1;1,6;210,33;8,1;0;0
2025-09;MLT-09-0201;1;1;1,6;210,33;8,1;0;0
2025-10;MLT-09-0201;2;1;1,6;420,66;16,2;0;0
2025-11;MLT-09-0201;0;1;1,6;0,0;0,0;1;0
2025-12;MLT-09-0201;1;1;1,6;210,33;8,1;0;0
2024-01;LOAD-03-0752;0;1;1,2;0,0;0,0;1;0
2024-02;LOAD-03-0752;2;1;1,2;939,94;102,9;0;0
2024-03;LOAD-03-0752;0;1;1,2;0,0;0,0;1;0
2024-04;LOAD-03-0752;1;1;1,2;469,97;51,4;0;0
2024-05;LOAD-03-0752;0;1;1,2;0,0;0,0;1;0
2024-06;LOAD-03-0752;2;1;1,2;939,94;102,9;0;0
2024-07;LOAD-03-0752;1;1;1,2;469,97;51,4;0;0
2024-08;LOAD-03-0752;1;1;1,2;469,97;51,4;0;0
2024-09;LOAD-03-0752;1;1;1,2;469,97;51,4;0;0
2024-10;LOAD-03-0752;0;1;1,2;0,0;0,0;1;0
2024-11;LOAD-03-0752;1;1;1,2;469,97;51,4;0;0
2024-12;LOAD-03-0752;0;1;1,2;0,0;0,0;1;0
2025-01;LOAD-03-0752;1;1;1,2;469,97;51,4;0;0
2025-02;LOAD-03-0752;0;1;1,2;0,0;0,0;1;0
2025-03;LOAD-03-0752;0;1;1,2;0,0;0,0;1;0
2025-04;LOAD-03-0752;1;1;1,2;469,97;51,4;0;0
2025-05;LOAD-03-0752;1;1;1,2;469,97;51,4;0;0
2025-06;LOAD-03-0752;1;1;1,2;469,97;51,4;0;0
2025-07;LOAD-03-0752;0;1;1,2;0,0;0,0;1;0
2025-08;LOAD-03-0752;0;1;1,2;0,0;0,0;1;0
2025-09;LOAD-03-0752;1;1;1,2;469,97;51,4;0;0
2025-10;LOAD-03-0752;1;1;1,2;469,97;51,4;0;0
2025-11;LOAD-03-0752;1;1;1,2;469,97;51,4;0;0
2025-12;LOAD-03-0752;0;1;1,2;0,0;0,0;1;0
2024-01;AWP-10-0626;0;1,7;3,1;0,0;0,0;1;0
2024-02;AWP-10-0626;4;1,7;3,1;731,32;60,0;0;0
2024-03;AWP-10-0626;1;1,7;3,1;182,83;15,0;0;0
2024-04;AWP-10-0626;0;1,7;3,1;0,0;0,0;1;0
2024-05;AWP-10-0626;1;1,7;3,1;182,83;15,0;0;0
2024-06;AWP-10-0626;3;1,7;3,1;548,49;45,0;0;0
2024-07;AWP-10-0626;5;1,7;3,1;914,16;75,0;0;0
2024-08;AWP-10-0626;4;1,7;3,1;731,32;60,0;0;0
2024-09;AWP-10-0626;0;1,7;3,1;0,0;0,0;1;0
2024-10;AWP-10-0626;3;1,7;3,1;548,49;45,0;0;0
2024-11;AWP-10-0626;3;1,7;3,1;548,49;45,0;0;0
2024-12;AWP-10-0626;3;1,7;3,1;548,49;45,0;0;0
2025-01;AWP-10-0626;2;1,7;3,1;365,66;30,0;0;0
2025-02;AWP-10-0626;3;1,7;3,1;548,49;45,0;0;0
2025-03;AWP-10-0626;1;1,7;3,1;182,83;15,0;0;0
2025-04;AWP-10-0626;4;1,7;3,1;731,32;60,0;0;0
2025-05;AWP-10-0626;1;1,7;3,1;182,83;15,0;0;0
2025-06;AWP-10-0626;5;1,7;3,1;914,16;75,0;0;0
2025-07;AWP-10-0626;4;1,7;3,1;731,32;60,0;0;0
2025-08;AWP-10-0626;2;1,7;3,1;365,66;30,0;0;0
2025-09;AWP-10-0626;0;1,7;3,1;0,0;0,0;1;0
2025-10;AWP-10-0626;3;1,7;3,1;548,49;45,0;0;0
2025-11;AWP-10-0626;3;1,7;3,1;548,49;45,0;0;0
2025-12;AWP-10-0626;0;1,7;3,1;0,0;0,0;1;0
2024-01;MI-MC-05-0467;11;6,9;11,3;1738,8;76,2;0;0
2024-02;MI-MC-05-0467;11;6,9;11,3;1738,8;76,2;0;0
2024-03;MI-MC-05-0467;0;6,9;11,3;0,0;0,0;1;0
2024-04;MI-MC-05-0467;14;6,9;11,3;2213,02;96,9;0;0
2024-05;MI-MC-05-0467;0;6,9;11,3;0,0;0,0;1;0
2024-06;MI-MC-05-0467;8;6,9;11,3;1264,58;55,4;0;0
2024-07;MI-MC-05-0467;9;6,9;11,3;1422,65;62,3;0;0
2024-08;MI-MC-05-0467;1;6,9;11,3;158,07;6,9;0;0
2024-09;MI-MC-05-0467;7;6,9;11,3;1106,51;48,5;0;0
2024-10;MI-MC-05-0467;11;6,9;11,3;1738,8;76,2;0;0
2024-11;MI-MC-05-0467;3;6,9;11,3;474,22;20,8;0;0
2024-12;MI-MC-05-0467;8;6,9;11,3;1264,58;55,4;0;0
2025-01;MI-MC-05-0467;4;6,9;11,3;632,29;27,7;0;0
2025-02;MI-MC-05-0467;17;6,9;11,3;2687,24;117,7;0;0
2025-03;MI-MC-05-0467;6;6,9;11,3;948,44;41,5;0;0
2025-04;MI-MC-05-0467;9;6,9;11,3;1422,65;62,3;0;0
2025-05;MI-MC-05-0467;15;6,9;11,3;2371,09;103,8;0;0
2025-06;MI-MC-05-0467;0;6,9;11,3;0,0;0,0;1;0
2025-07;MI-MC-05-0467;6;6,9;11,3;948,44;41,5;0;0
2025-08;MI-MC-05-0467;8;6,9;11,3;1264,58;55,4;0;0
2025-09;MI-MC-05-0467;12;6,9;11,3;1896,87;83,1;0;0
2025-10;MI-MC-05-0467;17;6,9;11,3;2687,24;117,7;0;0
2025-11;MI-MC-05-0467;18;6,9;11,3;2845,31;124,6;0;0
2025-12;MI-MC-05-0467;9;6,9;11,3;1422,65;62,3;0;0
2024-01;LOAD-M-10-0875;2;1;1,6;307,36;23,2;0;0
2024-02;LOAD-M-10-0875;1;1;1,6;153,68;11,6;0;0
2024-03;LOAD-M-10-0875;1;1;1,6;153,68;11,6;0;0
2024-04;LOAD-M-10-0875;1;1;1,6;153,68;11,6;0;0
2024-05;LOAD-M-10-0875;1;1;1,6;153,68;11,6;0;0
2024-06;LOAD-M-10-0875;0;1;1,6;0,0;0,0;1;0
2024-07;LOAD-M-10-0875;0;1;1,6;0,0;0,0;1;0
2024-08;LOAD-M-10-0875;1;1;1,6;153,68;11,6;0;0
2024-09;LOAD-M-10-0875;1;1;1,6;153,68;11,6;0;0
2024-10;LOAD-M-10-0875;1;1;1,6;153,68;11,6;0;0
2024-11;LOAD-M-10-0875;0;1;1,6;0,0;0,0;1;0
2024-12;LOAD-M-10-0875;0;1;1,6;0,0;0,0;1;0
2025-01;LOAD-M-10-0875;1;1;1,6;153,68;11,6;0;0
2025-02;LOAD-M-10-0875;2;1;1,6;307,36;23,2;0;0
2025-03;LOAD-M-10-0875;2;1;1,6;307,36;23,2;0;0
2025-04;LOAD-M-10-0875;2;1;1,6;307,36;23,2;0;0
2025-05;LOAD-M-10-0875;2;1;1,6;307,36;23,2;0;0
2025-06;LOAD-M-10-0875;2;1;1,6;307,36;23,2;0;0
2025-07;LOAD-M-10-0875;1;1;1,6;153,68;11,6;0;0
2025-08;LOAD-M-10-0875;1;1;1,6;153,68;11,6;0;0
2025-09;LOAD-M-10-0875;1;1;1,6;153,68;11,6;0;0
2025-10;LOAD-M-10-0875;1;1;1,6;153,68;11,6;0;0
2025-11;LOAD-M-10-0875;1;1;1,6;153,68;11,6;0;0
2025-12;LOAD-M-10-0875;2;1;1,6;307,36;23,2;0;0
2024-01;MT-07-0092;8;2,8;5,1;1710,15;34,3;0;0
2024-02;MT-07-0092;6;2,8;5,1;1282,61;25,7;0;0
2024-03;MT-07-0092;2;2,8;5,1;427,54;8,6;0;0
2024-04;MT-07-0092;7;2,8;5,1;1496,38;30,0;0;0
2024-05;MT-07-0092;3;2,8;5,1;641,31;12,9;0;0
2024-06;MT-07-0092;5;2,8;5,1;1068,84;21,4;0;0
2024-07;MT-07-0092;7;2,8;5,1;1496,38;30,0;0;0
2024-08;MT-07-0092;4;2,8;5,1;855,07;17,1;0;0
2024-09;MT-07-0092;5;2,8;5,1;1068,84;21,4;0;0
2024-10;MT-07-0092;0;2,8;5,1;0,0;0,0;1;0
2024-11;MT-07-0092;7;2,8;5,1;1496,38;30,0;0;0
2024-12;MT-07-0092;3;2,8;5,1;641,31;12,9;0;0
2025-01;MT-07-0092;8;2,8;5,1;1710,15;34,3;0;0
2025-02;MT-07-0092;5;2,8;5,1;1068,84;21,4;0;0
2025-03;MT-07-0092;2;2,8;5,1;427,54;8,6;0;0
2025-04;MT-07-0092;4;2,8;5,1;855,07;17,1;0;0
2025-05;MT-07-0092;4;2,8;5,1;855,07;17,1;0;0
2025-06;MT-07-0092;6;2,8;5,1;1282,61;25,7;0;0
2025-07;MT-07-0092;3;2,8;5,1;641,31;12,9;0;0
2025-08;MT-07-0092;5;2,8;5,1;1068,84;21,4;0;0
2025-09;MT-07-0092;4;2,8;5,1;855,07;17,1;0;0
2025-10;MT-07-0092;0;2,8;5,1;0,0;0,0;1;0
2025-11;MT-07-0092;5;2,8;5,1;1068,84;21,4;0;0
2025-12;MT-07-0092;4;2,8;5,1;855,07;17,1;0;0
2024-01;MT-03-0136;6;2,5;4,6;1123,11;28,6;0;0
2024-02;MT-03-0136;2;2,5;4,6;374,37;9,5;0;0
2024-03;MT-03-0136;4;2,5;4,6;748,74;19,1;0;0
2024-04;MT-03-0136;5;2,5;4,6;935,93;23,8;0;0
2024-05;MT-03-0136;1;2,5;4,6;187,19;4,8;0;0
2024-06;MT-03-0136;1;2,5;4,6;187,19;4,8;0;0
2024-07;MT-03-0136;4;2,5;4,6;748,74;19,1;0;0
2024-08;MT-03-0136;5;2,5;4,6;935,93;23,8;0;0
2024-09;MT-03-0136;5;2,5;4,6;935,93;23,8;0;0
2024-10;MT-03-0136;6;2,5;4,6;1123,11;28,6;0;0
2024-11;MT-03-0136;0;2,5;4,6;0,0;0,0;1;0
2024-12;MT-03-0136;7;2,5;4,6;1310,3;33,4;0;0
2025-01;MT-03-0136;8;2,5;4,6;1497,48;38,1;0;0
2025-02;MT-03-0136;5;2,5;4,6;935,93;23,8;0;0
2025-03;MT-03-0136;9;2,5;4,6;1684,67;42,9;0;0
2025-04;MT-03-0136;4;2,5;4,6;748,74;19,1;0;0
2025-05;MT-03-0136;5;2,5;4,6;935,93;23,8;0;0
2025-06;MT-03-0136;4;2,5;4,6;748,74;19,1;0;0
2025-07;MT-03-0136;1;2,5;4,6;187,19;4,8;0;0
2025-08;MT-03-0136;2;2,5;4,6;374,37;9,5;0;0
2025-09;MT-03-0136;2;2,5;4,6;374,37;9,5;0;0
2025-10;MT-03-0136;4;2,5;4,6;748,74;19,1;0;0
2025-11;MT-03-0136;6;2,5;4,6;1123,11;28,6;0;0
2025-12;MT-03-0136;7;2,5;4,6;1310,3;33,4;0;0
2024-01;MRT-05-0402;0;1,8;3,3;0,0;0,0;1;0
2024-02;MRT-05-0402;2;1,8;3,3;160,08;9,5;0;0
2024-03;MRT-05-0402;2;1,8;3,3;160,08;9,5;0;0
2024-04;MRT-05-0402;5;1,8;3,3;400,2;23,7;0;0
2024-05;MRT-05-0402;4;1,8;3,3;320,16;18,9;0;0
2024-06;MRT-05-0402;2;1,8;3,3;160,08;9,5;0;0
2024-07;MRT-05-0402;4;1,8;3,3;320,16;18,9;0;0
2024-08;MRT-05-0402;2;1,8;3,3;160,08;9,5;0;0
2024-09;MRT-05-0402;4;1,8;3,3;320,16;18,9;0;0
2024-10;MRT-05-0402;1;1,8;3,3;80,04;4,7;0;0
2024-11;MRT-05-0402;1;1,8;3,3;80,04;4,7;0;0
2024-12;MRT-05-0402;2;1,8;3,3;160,08;9,5;0;0
2025-01;MRT-05-0402;3;1,8;3,3;240,12;14,2;0;0
2025-02;MRT-05-0402;3;1,8;3,3;240,12;14,2;0;0
2025-03;MRT-05-0402;3;1,8;3,3;240,12;14,2;0;0
2025-04;MRT-05-0402;6;1,8;3,3;480,24;28,4;0;0
2025-05;MRT-05-0402;4;1,8;3,3;320,16;18,9;0;0
2025-06;MRT-05-0402;2;1,8;3,3;160,08;9,5;0;0
2025-07;MRT-05-0402;5;1,8;3,3;400,2;23,7;0;0
2025-08;MRT-05-0402;2;1,8;3,3;160,08;9,5;0;0
2025-09;MRT-05-0402;2;1,8;3,3;160,08;9,5;0;0
2025-10;MRT-05-0402;2;1,8;3,3;160,08;9,5;0;0
2025-11;MRT-05-0402;4;1,8;3,3;320,16;18,9;0;0
2025-12;MRT-05-0402;5;1,8;3,3;400,2;23,7;0;0
2024-01;LOAD-M-06-0812;4;2,9;4,7;450,77;31,0;0;0
2024-02;LOAD-M-06-0812;8;2,9;4,7;901,54;61,9;0;0
2024-03;LOAD-M-06-0812;1;2,9;4,7;112,69;7,7;0;0
2024-04;LOAD-M-06-0812;2;2,9;4,7;225,39;15,5;0;0
2024-05;LOAD-M-06-0812;6;2,9;4,7;676,16;46,5;0;0
2024-06;LOAD-M-06-0812;1;2,9;4,7;112,69;7,7;0;0
2024-07;LOAD-M-06-0812;3;2,9;4,7;338,08;23,2;0;0
2024-08;LOAD-M-06-0812;3;2,9;4,7;338,08;23,2;0;0
2024-09;LOAD-M-06-0812;1;2,9;4,7;112,69;7,7;0;0
2024-10;LOAD-M-06-0812;1;2,9;4,7;112,69;7,7;0;0
2024-11;LOAD-M-06-0812;7;2,9;4,7;788,85;54,2;0;0
2024-12;LOAD-M-06-0812;9;2,9;4,7;1014,24;69,7;0;0
2025-01;LOAD-M-06-0812;4;2,9;4,7;450,77;31,0;0;0
2025-02;LOAD-M-06-0812;3;2,9;4,7;338,08;23,2;0;0
2025-03;LOAD-M-06-0812;3;2,9;4,7;338,08;23,2;0;0
2025-04;LOAD-M-06-0812;2;2,9;4,7;225,39;15,5;0;0
2025-05;LOAD-M-06-0812;0;2,9;4,7;0,0;0,0;1;0
2025-06;LOAD-M-06-0812;2;2,9;4,7;225,39;15,5;0;0
2025-07;LOAD-M-06-0812;4;2,9;4,7;450,77;31,0;0;0
2025-08;LOAD-M-06-0812;5;2,9;4,7;563,46;38,7;0;0
2025-09;LOAD-M-06-0812;3;2,9;4,7;338,08;23,2;0;0
2025-10;LOAD-M-06-0812;3;2,9;4,7;338,08;23,2;0;0
2025-11;LOAD-M-06-0812;10;2,9;4,7;1126,93;77,4;0;0
2025-12;LOAD-M-06-0812;6;2,9;4,7;676,16;46,5;0;0
2024-01;LOAD-10-0756;1;1;1,8;207,28;17,6;0;0
2024-02;LOAD-10-0756;1;1;1,8;207,28;17,6;0;0
2024-03;LOAD-10-0756;3;1;1,8;621,85;52,7;0;0
2024-04;LOAD-10-0756;1;1;1,8;207,28;17,6;0;0
2024-05;LOAD-10-0756;1;1;1,8;207,28;17,6;0;0
2024-06;LOAD-10-0756;1;1;1,8;207,28;17,6;0;0
2024-07;LOAD-10-0756;0;1;1,8;0,0;0,0;1;0
2024-08;LOAD-10-0756;0;1;1,8;0,0;0,0;1;0
2024-09;LOAD-10-0756;1;1;1,8;207,28;17,6;0;0
2024-10;LOAD-10-0756;0;1;1,8;0,0;0,0;1;0
2024-11;LOAD-10-0756;1;1;1,8;207,28;17,6;0;0
2024-12;LOAD-10-0756;1;1;1,8;207,28;17,6;0;0
2025-01;LOAD-10-0756;2;1;1,8;414,57;35,1;0;0
2025-02;LOAD-10-0756;3;1;1,8;621,85;52,7;0;0
2025-03;LOAD-10-0756;0;1;1,8;0,0;0,0;1;0
2025-04;LOAD-10-0756;1;1;1,8;207,28;17,6;0;0
2025-05;LOAD-10-0756;0;1;1,8;0,0;0,0;1;0
2025-06;LOAD-10-0756;2;1;1,8;414,57;35,1;0;0
2025-07;LOAD-10-0756;1;1;1,8;207,28;17,6;0;0
2025-08;LOAD-10-0756;0;1;1,8;0,0;0,0;1;0
2025-09;LOAD-10-0756;1;1;1,8;207,28;17,6;0;0
2025-10;LOAD-10-0756;1;1;1,8;207,28;17,6;0;0
2025-11;LOAD-10-0756;1;1;1,8;207,28;17,6;0;0
2025-12;LOAD-10-0756;1;1;1,8;207,28;17,6;0;0
2024-01;TMM-06-0565;18;8,2;13,3;1653,87;158,0;0;0
2024-02;TMM-06-0565;10;8,2;13,3;918,81;87,8;0;0
2024-03;TMM-06-0565;7;8,2;13,3;643,17;61,5;0;0
2024-04;TMM-06-0565;12;8,2;13,3;1102,58;105,4;0;0
2024-05;TMM-06-0565;6;8,2;13,3;551,29;52,7;0;0
2024-06;TMM-06-0565;12;8,2;13,3;1102,58;105,4;0;0
2024-07;TMM-06-0565;3;8,2;13,3;275,64;26,3;0;0
2024-08;TMM-06-0565;11;8,2;13,3;1010,7;96,6;0;0
2024-09;TMM-06-0565;21;8,2;13,3;1929,51;184,4;0;0
2024-10;TMM-06-0565;7;8,2;13,3;643,17;61,5;0;0
2024-11;TMM-06-0565;1;8,2;13,3;91,88;8,8;0;0
2024-12;TMM-06-0565;21;8,2;13,3;1929,51;184,4;0;0
2025-01;TMM-06-0565;10;8,2;13,3;918,81;87,8;0;0
2025-02;TMM-06-0565;37;8,2;13,3;3399,61;324,9;0;0
2025-03;TMM-06-0565;20;8,2;13,3;1837,63;175,6;0;0
2025-04;TMM-06-0565;28;8,2;13,3;2572,68;245,9;0;0
2025-05;TMM-06-0565;19;8,2;13,3;1745,75;166,8;0;0
2025-06;TMM-06-0565;16;8,2;13,3;1470,1;140,5;0;0
2025-07;TMM-06-0565;20;8,2;13,3;1837,63;175,6;0;0
2025-08;TMM-06-0565;9;8,2;13,3;826,93;79,0;0;0
2025-09;TMM-06-0565;19;8,2;13,3;1745,75;166,8;0;0
2025-10;TMM-06-0565;15;8,2;13,3;1378,22;131,7;0;0
2025-11;TMM-06-0565;8;8,2;13,3;735,05;70,2;0;0
2025-12;TMM-06-0565;12;8,2;13,3;1102,58;105,4;0;0
2024-01;MI-MC-04-0502;6;3,8;7,0;1406,82;84,7;0;0
2024-02;MI-MC-04-0502;6;3,8;7,0;1406,82;84,7;0;0
2024-03;MI-MC-04-0502;1;3,8;7,0;234,47;14,1;0;0
2024-04;MI-MC-04-0502;14;3,8;7,0;3282,57;197,6;0;0
2024-05;MI-MC-04-0502;3;3,8;7,0;703,41;42,4;0;0
2024-06;MI-MC-04-0502;5;3,8;7,0;1172,35;70,6;0;0
2024-07;MI-MC-04-0502;8;3,8;7,0;1875,76;112,9;0;0
2024-08;MI-MC-04-0502;15;3,8;7,0;3517,04;211,8;0;0
2024-09;MI-MC-04-0502;3;3,8;7,0;703,41;42,4;0;0
2024-10;MI-MC-04-0502;11;3,8;7,0;2579,16;155,3;0;0
2024-11;MI-MC-04-0502;6;3,8;7,0;1406,82;84,7;0;0
2024-12;MI-MC-04-0502;13;3,8;7,0;3048,1;183,5;0;0
2025-01;MI-MC-04-0502;13;3,8;7,0;3048,1;183,5;0;0
2025-02;MI-MC-04-0502;8;3,8;7,0;1875,76;112,9;0;0
2025-03;MI-MC-04-0502;9;3,8;7,0;2110,23;127,1;0;0
2025-04;MI-MC-04-0502;10;3,8;7,0;2344,69;141,2;0;0
2025-05;MI-MC-04-0502;8;3,8;7,0;1875,76;112,9;0;0
2025-06;MI-MC-04-0502;3;3,8;7,0;703,41;42,4;0;0
2025-07;MI-MC-04-0502;0;3,8;7,0;0,0;0,0;1;0
2025-08;MI-MC-04-0502;8;3,8;7,0;1875,76;112,9;0;0
2025-09;MI-MC-04-0502;2;3,8;7,0;468,94;28,2;0;0
2025-10;MI-MC-04-0502;8;3,8;7,0;1875,76;112,9;0;0
2025-11;MI-MC-04-0502;8;3,8;7,0;1875,76;112,9;0;0
2025-12;MI-MC-04-0502;12;3,8;7,0;2813,63;169,4;0;0
2024-01;MLT-02-0295;14;5,0;9,2;1913,13;70,0;0;0
2024-02;MLT-02-0295;16;5,0;9,2;2186,44;80,0;0;0
2024-03;MLT-02-0295;13;5,0;9,2;1776,48;65,0;0;0
2024-04;MLT-02-0295;2;5,0;9,2;273,3;10,0;0;0
2024-05;MLT-02-0295;4;5,0;9,2;546,61;20,0;0;0
2024-06;MLT-02-0295;13;5,0;9,2;1776,48;65,0;0;0
2024-07;MLT-02-0295;14;5,0;9,2;1913,13;70,0;0;0
2024-08;MLT-02-0295;12;5,0;9,2;1639,83;60,0;0;0
2024-09;MLT-02-0295;11;5,0;9,2;1503,17;55,0;0;0
2024-10;MLT-02-0295;8;5,0;9,2;1093,22;40,0;0;0
2024-11;MLT-02-0295;9;5,0;9,2;1229,87;45,0;0;0
2024-12;MLT-02-0295;10;5,0;9,2;1366,52;50,0;0;0
2025-01;MLT-02-0295;17;5,0;9,2;2323,09;85,0;0;0
2025-02;MLT-02-0295;5;5,0;9,2;683,26;25,0;0;0
2025-03;MLT-02-0295;11;5,0;9,2;1503,17;55,0;0;0
2025-04;MLT-02-0295;7;5,0;9,2;956,57;35,0;0;0
2025-05;MLT-02-0295;13;5,0;9,2;1776,48;65,0;0;0
2025-06;MLT-02-0295;9;5,0;9,2;1229,87;45,0;0;0
2025-07;MLT-02-0295;8;5,0;9,2;1093,22;40,0;0;0
2025-08;MLT-02-0295;6;5,0;9,2;819,91;30,0;0;0
2025-09;MLT-02-0295;10;5,0;9,2;1366,52;50,0;0;0
2025-10;MLT-02-0295;16;5,0;9,2;2186,44;80,0;0;0
2025-11;MLT-02-0295;12;5,0;9,2;1639,83;60,0;0;0
2025-12;MLT-02-0295;7;5,0;9,2;956,57;35,0;0;0
2024-01;MI-MC-02-0528;0;1,4;2,2;0,0;0,0;1;0
2024-02;MI-MC-02-0528;1;1,4;2,2;254,08;11,6;0;0
2024-03;MI-MC-02-0528;1;1,4;2,2;254,08;11,6;0;0
2024-04;MI-MC-02-0528;3;1,4;2,2;762,23;34,8;0;0
2024-05;MI-MC-02-0528;1;1,4;2,2;254,08;11,6;0;0
2024-06;MI-MC-02-0528;1;1,4;2,2;254,08;11,6;0;0
2024-07;MI-MC-02-0528;1;1,4;2,2;254,08;11,6;0;0
2024-08;MI-MC-02-0528;3;1,4;2,2;762,23;34,8;0;0
2024-09;MI-MC-02-0528;1;1,4;2,2;254,08;11,6;0;0
2024-10;MI-MC-02-0528;2;1,4;2,2;508,15;23,2;0;0
2024-11;MI-MC-02-0528;1;1,4;2,2;254,08;11,6;0;0
2024-12;MI-MC-02-0528;1;1,4;2,2;254,08;11,6;0;0
2025-01;MI-MC-02-0528;3;1,4;2,2;762,23;34,8;0;0
2025-02;MI-MC-02-0528;2;1,4;2,2;508,15;23,2;0;0
2025-03;MI-MC-02-0528;3;1,4;2,2;762,23;34,8;0;0
2025-04;MI-MC-02-0528;1;1,4;2,2;254,08;11,6;0;0
2025-05;MI-MC-02-0528;2;1,4;2,2;508,15;23,2;0;0
2025-06;MI-MC-02-0528;1;1,4;2,2;254,08;11,6;0;0
2025-07;MI-MC-02-0528;2;1,4;2,2;508,15;23,2;0;0
2025-08;MI-MC-02-0528;2;1,4;2,2;508,15;23,2;0;0
2025-09;MI-MC-02-0528;0;1,4;2,2;0,0;0,0;1;0
2025-10;MI-MC-02-0528;3;1,4;2,2;762,23;34,8;0;0
2025-11;MI-MC-02-0528;3;1,4;2,2;762,23;34,8;0;0
2025-12;MI-MC-02-0528;3;1,4;2,2;762,23;34,8;0;0
2024-01;TMM-02-0584;1;1;1,2;206,96;32,7;0;0
2024-02;TMM-02-0584;0;1;1,2;0,0;0,0;1;0
2024-03;TMM-02-0584;1;1;1,2;206,96;32,7;0;0
2024-04;TMM-02-0584;1;1;1,2;206,96;32,7;0;0
2024-05;TMM-02-0584;0;1;1,2;0,0;0,0;1;0
2024-06;TMM-02-0584;0;1;1,2;0,0;0,0;1;0
2024-07;TMM-02-0584;0;1;1,2;0,0;0,0;1;0
2024-08;TMM-02-0584;1;1;1,2;206,96;32,7;0;0
2024-09;TMM-02-0584;1;1;1,2;206,96;32,7;0;0
2024-10;TMM-02-0584;0;1;1,2;0,0;0,0;1;0
2024-11;TMM-02-0584;0;1;1,2;0,0;0,0;1;0
2024-12;TMM-02-0584;1;1;1,2;206,96;32,7;0;0
2025-01;TMM-02-0584;0;1;1,2;0,0;0,0;1;0
2025-02;TMM-02-0584;0;1;1,2;0,0;0,0;1;0
2025-03;TMM-02-0584;1;1;1,2;206,96;32,7;0;0
2025-04;TMM-02-0584;2;1;1,2;413,92;65,5;0;0
2025-05;TMM-02-0584;1;1;1,2;206,96;32,7;0;0
2025-06;TMM-02-0584;1;1;1,2;206,96;32,7;0;0
2025-07;TMM-02-0584;0;1;1,2;0,0;0,0;1;0
2025-08;TMM-02-0584;1;1;1,2;206,96;32,7;0;0
2025-09;TMM-02-0584;0;1;1,2;0,0;0,0;1;0
2025-10;TMM-02-0584;1;1;1,2;206,96;32,7;0;0
2025-11;TMM-02-0584;1;1;1,2;206,96;32,7;0;0
2025-12;TMM-02-0584;1;1;1,2;206,96;32,7;0;0
2024-01;MLT-02-0292;15;17,9;29,1;1609,65;60,3;0;0
2024-02;MLT-02-0292;15;17,9;29,1;1609,65;60,3;0;0
2024-03;MLT-02-0292;26;17,9;29,1;2790,06;104,6;0;0
2024-04;MLT-02-0292;39;17,9;29,1;4185,08;156,9;0;0
2024-05;MLT-02-0292;26;17,9;29,1;2790,06;104,6;0;0
2024-06;MLT-02-0292;26;17,9;29,1;2790,06;104,6;0;0
2024-07;MLT-02-0292;44;17,9;29,1;4721,63;177,0;0;0
2024-08;MLT-02-0292;24;17,9;29,1;2575,44;96,5;0;0
2024-09;MLT-02-0292;26;17,9;29,1;2790,06;104,6;0;0
2024-10;MLT-02-0292;13;17,9;29,1;1395,03;52,3;0;0
2024-11;MLT-02-0292;29;17,9;29,1;3111,99;116,6;0;0
2024-12;MLT-02-0292;33;17,9;29,1;3541,23;132,7;0;0
2025-01;MLT-02-0292;37;17,9;29,1;3970,46;148,8;0;0
2025-02;MLT-02-0292;17;17,9;29,1;1824,27;68,4;0;0
2025-03;MLT-02-0292;28;17,9;29,1;3004,68;112,6;0;0
2025-04;MLT-02-0292;54;17,9;29,1;5794,73;217,2;0;0
2025-05;MLT-02-0292;20;17,9;29,1;2146,2;80,4;0;0
2025-06;MLT-02-0292;31;17,9;29,1;3326,61;124,7;0;0
2025-07;MLT-02-0292;41;17,9;29,1;4399,7;164,9;0;0
2025-08;MLT-02-0292;25;17,9;29,1;2682,75;100,6;0;0
2025-09;MLT-02-0292;19;17,9;29,1;2038,89;76,4;0;0
2025-10;MLT-02-0292;52;17,9;29,1;5580,11;209,2;0;0
2025-11;MLT-02-0292;49;17,9;29,1;5258,18;197,1;0;0
2025-12;MLT-02-0292;11;17,9;29,1;1180,41;44,2;0;0
2024-01;TMM-07-0579;1;1;1,8;186,31;13,3;0;0
2024-02;TMM-07-0579;0;1;1,8;0,0;0,0;1;0
2024-03;TMM-07-0579;1;1;1,8;186,31;13,3;0;0
2024-04;TMM-07-0579;2;1;1,8;372,61;26,7;0;0
2024-05;TMM-07-0579;1;1;1,8;186,31;13,3;0;0
2024-06;TMM-07-0579;1;1;1,8;186,31;13,3;0;0
2024-07;TMM-07-0579;1;1;1,8;186,31;13,3;0;0
2024-08;TMM-07-0579;2;1;1,8;372,61;26,7;0;0
2024-09;TMM-07-0579;2;1;1,8;372,61;26,7;0;0
2024-10;TMM-07-0579;2;1;1,8;372,61;26,7;0;0
2024-11;TMM-07-0579;2;1;1,8;372,61;26,7;0;0
2024-12;TMM-07-0579;2;1;1,8;372,61;26,7;0;0
2025-01;TMM-07-0579;2;1;1,8;372,61;26,7;0;0
2025-02;TMM-07-0579;1;1;1,8;186,31;13,3;0;0
2025-03;TMM-07-0579;1;1;1,8;186,31;13,3;0;0
2025-04;TMM-07-0579;1;1;1,8;186,31;13,3;0;0
2025-05;TMM-07-0579;0;1;1,8;0,0;0,0;1;0
2025-06;TMM-07-0579;1;1;1,8;186,31;13,3;0;0
2025-07;TMM-07-0579;1;1;1,8;186,31;13,3;0;0
2025-08;TMM-07-0579;2;1;1,8;372,61;26,7;0;0
2025-09;TMM-07-0579;2;1;1,8;372,61;26,7;0;0
2025-10;TMM-07-0579;2;1;1,8;372,61;26,7;0;0
2025-11;TMM-07-0579;0;1;1,8;0,0;0,0;1;0
2025-12;TMM-07-0579;1;1;1,8;186,31;13,3;0;0
2024-01;MLT-03-0321;1;1;1,4;236,3;8,4;0;0
2024-02;MLT-03-0321;2;1;1,4;472,61;16,7;0;0
2024-03;MLT-03-0321;0;1;1,4;0,0;0,0;1;0
2024-04;MLT-03-0321;1;1;1,4;236,3;8,4;0;0
2024-05;MLT-03-0321;0;1;1,4;0,0;0,0;1;0
2024-06;MLT-03-0321;0;1;1,4;0,0;0,0;1;0
2024-07;MLT-03-0321;1;1;1,4;236,3;8,4;0;0
2024-08;MLT-03-0321;0;1;1,4;0,0;0,0;1;0
2024-09;MLT-03-0321;1;1;1,4;236,3;8,4;0;0
2024-10;MLT-03-0321;1;1;1,4;236,3;8,4;0;0
2024-11;MLT-03-0321;2;1;1,4;472,61;16,7;0;0
2024-12;MLT-03-0321;1;1;1,4;236,3;8,4;0;0
2025-01;MLT-03-0321;1;1;1,4;236,3;8,4;0;0
2025-02;MLT-03-0321;0;1;1,4;0,0;0,0;1;0
2025-03;MLT-03-0321;1;1;1,4;236,3;8,4;0;0
2025-04;MLT-03-0321;0;1;1,4;0,0;0,0;1;0
2025-05;MLT-03-0321;0;1;1,4;0,0;0,0;1;0
2025-06;MLT-03-0321;1;1;1,4;236,3;8,4;0;0
2025-07;MLT-03-0321;0;1;1,4;0,0;0,0;1;0
2025-08;MLT-03-0321;2;1;1,4;472,61;16,7;0;0
2025-09;MLT-03-0321;1;1;1,4;236,3;8,4;0;0
2025-10;MLT-03-0321;2;1;1,4;472,61;16,7;0;0
2025-11;MLT-03-0321;1;1;1,4;236,3;8,4;0;0
2025-12;MLT-03-0321;1;1;1,4;236,3;8,4;0;0
2024-01;MT-07-0046;0;1,3;2,1;0,0;0,0;1;0
2024-02;MT-07-0046;1;1,3;2,1;122,42;3,7;0;0
2024-03;MT-07-0046;2;1,3;2,1;244,84;7,4;0;0
2024-04;MT-07-0046;2;1,3;2,1;244,84;7,4;0;0
2024-05;MT-07-0046;3;1,3;2,1;367,26;11,1;0;0
2024-06;MT-07-0046;2;1,3;2,1;244,84;7,4;0;0
2024-07;MT-07-0046;2;1,3;2,1;244,84;7,4;0;0
2024-08;MT-07-0046;2;1,3;2,1;244,84;7,4;0;0
2024-09;MT-07-0046;4;1,3;2,1;489,68;14,8;0;0
2024-10;MT-07-0046;3;1,3;2,1;367,26;11,1;0;0
2024-11;MT-07-0046;2;1,3;2,1;244,84;7,4;0;0
2024-12;MT-07-0046;4;1,3;2,1;489,68;14,8;0;0
2025-01;MT-07-0046;1;1,3;2,1;122,42;3,7;0;0
2025-02;MT-07-0046;3;1,3;2,1;367,26;11,1;0;0
2025-03;MT-07-0046;2;1,3;2,1;244,84;7,4;0;0
2025-04;MT-07-0046;2;1,3;2,1;244,84;7,4;0;0
2025-05;MT-07-0046;3;1,3;2,1;367,26;11,1;0;0
2025-06;MT-07-0046;2;1,3;2,1;244,84;7,4;0;0
2025-07;MT-07-0046;1;1,3;2,1;122,42;3,7;0;0
2025-08;MT-07-0046;3;1,3;2,1;367,26;11,1;0;0
2025-09;MT-07-0046;0;1,3;2,1;0,0;0,0;1;0
2025-10;MT-07-0046;0;1,3;2,1;0,0;0,0;1;0
2025-11;MT-07-0046;2;1,3;2,1;244,84;7,4;0;0
2025-12;MT-07-0046;2;1,3;2,1;244,84;7,4;0;0
2024-01;AWP-10-0691;0;1;1,5;0,0;0,0;1;0
2024-02;AWP-10-0691;2;1;1,5;332,67;30,6;0;0
2024-03;AWP-10-0691;1;1;1,5;166,33;15,3;0;0
2024-04;AWP-10-0691;1;1;1,5;166,33;15,3;0;0
2024-05;AWP-10-0691;1;1;1,5;166,33;15,3;0;0
2024-06;AWP-10-0691;0;1;1,5;0,0;0,0;1;0
2024-07;AWP-10-0691;0;1;1,5;0,0;0,0;1;0
2024-08;AWP-10-0691;0;1;1,5;0,0;0,0;1;0
2024-09;AWP-10-0691;0;1;1,5;0,0;0,0;1;0
2024-10;AWP-10-0691;0;1;1,5;0,0;0,0;1;0
2024-11;AWP-10-0691;0;1;1,5;0,0;0,0;1;0
2024-12;AWP-10-0691;1;1;1,5;166,33;15,3;0;0
2025-01;AWP-10-0691;1;1;1,5;166,33;15,3;0;0
2025-02;AWP-10-0691;2;1;1,5;332,67;30,6;0;0
2025-03;AWP-10-0691;1;1;1,5;166,33;15,3;0;0
2025-04;AWP-10-0691;0;1;1,5;0,0;0,0;1;0
2025-05;AWP-10-0691;1;1;1,5;166,33;15,3;0;0
2025-06;AWP-10-0691;2;1;1,5;332,67;30,6;0;0
2025-07;AWP-10-0691;0;1;1,5;0,0;0,0;1;0
2025-08;AWP-10-0691;1;1;1,5;166,33;15,3;0;0
2025-09;AWP-10-0691;0;1;1,5;0,0;0,0;1;0
2025-10;AWP-10-0691;1;1;1,5;166,33;15,3;0;0
2025-11;AWP-10-0691;1;1;1,5;166,33;15,3;0;0
2025-12;AWP-10-0691;0;1;1,5;0,0;0,0;1;0
2024-01;MT-04-0125;0;1;1,3;0,0;0,0;1;0
2024-02;MT-04-0125;1;1;1,3;455,12;11,2;0;0
2024-03;MT-04-0125;2;1;1,3;910,25;22,5;0;0
2024-04;MT-04-0125;1;1;1,3;455,12;11,2;0;0
2024-05;MT-04-0125;1;1;1,3;455,12;11,2;0;0
2024-06;MT-04-0125;0;1;1,3;0,0;0,0;1;0
2024-07;MT-04-0125;1;1;1,3;455,12;11,2;0;0
2024-08;MT-04-0125;2;1;1,3;910,25;22,5;0;0
2024-09;MT-04-0125;1;1;1,3;455,12;11,2;0;0
2024-10;MT-04-0125;0;1;1,3;0,0;0,0;1;0
2024-11;MT-04-0125;1;1;1,3;455,12;11,2;0;0
2024-12;MT-04-0125;1;1;1,3;455,12;11,2;0;0
2025-01;MT-04-0125;0;1;1,3;0,0;0,0;1;0
2025-02;MT-04-0125;2;1;1,3;910,25;22,5;0;0
2025-03;MT-04-0125;1;1;1,3;455,12;11,2;0;0
2025-04;MT-04-0125;0;1;1,3;0,0;0,0;1;0
2025-05;MT-04-0125;1;1;1,3;455,12;11,2;0;0
2025-06;MT-04-0125;0;1;1,3;0,0;0,0;1;0
2025-07;MT-04-0125;0;1;1,3;0,0;0,0;1;0
2025-08;MT-04-0125;1;1;1,3;455,12;11,2;0;0
2025-09;MT-04-0125;1;1;1,3;455,12;11,2;0;0
2025-10;MT-04-0125;1;1;1,3;455,12;11,2;0;0
2025-11;MT-04-0125;0;1;1,3;0,0;0,0;1;0
2025-12;MT-04-0125;1;1;1,3;455,12;11,2;0;0
2024-01;MT-04-0022;1;1,2;1,9;648,4;18,9;0;0
2024-02;MT-04-0022;1;1,2;1,9;648,4;18,9;0;0
2024-03;MT-04-0022;0;1,2;1,9;0,0;0,0;1;0
2024-04;MT-04-0022;1;1,2;1,9;648,4;18,9;0;0
2024-05;MT-04-0022;1;1,2;1,9;648,4;18,9;0;0
2024-06;MT-04-0022;2;1,2;1,9;1296,79;37,9;0;0
2024-07;MT-04-0022;2;1,2;1,9;1296,79;37,9;0;0
2024-08;MT-04-0022;1;1,2;1,9;648,4;18,9;0;0
2024-09;MT-04-0022;2;1,2;1,9;1296,79;37,9;0;0
2024-10;MT-04-0022;2;1,2;1,9;1296,79;37,9;0;0
2024-11;MT-04-0022;0;1,2;1,9;0,0;0,0;1;0
2024-12;MT-04-0022;1;1,2;1,9;648,4;18,9;0;0
2025-01;MT-04-0022;1;1,2;1,9;648,4;18,9;0;0
2025-02;MT-04-0022;1;1,2;1,9;648,4;18,9;0;0
2025-03;MT-04-0022;1;1,2;1,9;648,4;18,9;0;0
2025-04;MT-04-0022;1;1,2;1,9;648,4;18,9;0;0
2025-05;MT-04-0022;1;1,2;1,9;648,4;18,9;0;0
2025-06;MT-04-0022;3;1,2;1,9;1945,19;56,8;0;0
2025-07;MT-04-0022;2;1,2;1,9;1296,79;37,9;0;0
2025-08;MT-04-0022;3;1,2;1,9;1945,19;56,8;0;0
2025-09;MT-04-0022;1;1,2;1,9;648,4;18,9;0;0
2025-10;MT-04-0022;3;1,2;1,9;1945,19;56,8;0;0
2025-11;MT-04-0022;2;1,2;1,9;1296,79;37,9;0;0
2025-12;MT-04-0022;3;1,2;1,9;1945,19;56,8;0;0
2024-01;MLT-09-0308;8;10,3;19,0;762,52;27,8;0;0
2024-02;MLT-09-0308;19;10,3;19,0;1810,98;66,1;0;0
2024-03;MLT-09-0308;28;10,3;19,0;2668,81;97,4;0;0
2024-04;MLT-09-0308;9;10,3;19,0;857,83;31,3;0;0
2024-05;MLT-09-0308;39;10,3;19,0;3717,27;135,7;0;0
2024-06;MLT-09-0308;19;10,3;19,0;1810,98;66,1;0;0
2024-07;MLT-09-0308;12;10,3;19,0;1143,78;41,7;0;0
2024-08;MLT-09-0308;12;10,3;19,0;1143,78;41,7;0;0
2024-09;MLT-09-0308;21;10,3;19,0;2001,61;73,0;0;0
2024-10;MLT-09-0308;15;10,3;19,0;1429,72;52,2;0;0
2024-11;MLT-09-0308;13;10,3;19,0;1239,09;45,2;0;0
2024-12;MLT-09-0308;5;10,3;19,0;476,57;17,4;0;0
2025-01;MLT-09-0308;2;10,3;19,0;190,63;7,0;0;0
2025-02;MLT-09-0308;22;10,3;19,0;2096,92;76,5;0;0
2025-03;MLT-09-0308;19;10,3;19,0;1810,98;66,1;0;0
2025-04;MLT-09-0308;15;10,3;19,0;1429,72;52,2;0;0
2025-05;MLT-09-0308;12;10,3;19,0;1143,78;41,7;0;0
2025-06;MLT-09-0308;32;10,3;19,0;3050,07;111,3;0;0
2025-07;MLT-09-0308;15;10,3;19,0;1429,72;52,2;0;0
2025-08;MLT-09-0308;14;10,3;19,0;1334,41;48,7;0;0
2025-09;MLT-09-0308;1;10,3;19,0;95,31;3,5;0;0
2025-10;MLT-09-0308;38;10,3;19,0;3621,96;132,2;0;0
2025-11;MLT-09-0308;11;10,3;19,0;1048,46;38,3;0;0
2025-12;MLT-09-0308;20;10,3;19,0;1906,29;69,6;0;0
2024-01;MLT-07-0249;0;7,9;14,4;0,0;0,0;1;0
2024-02;MLT-07-0249;18;7,9;14,4;4909,77;123,4;0;0
2024-03;MLT-07-0249;10;7,9;14,4;2727,65;68,6;0;0
2024-04;MLT-07-0249;22;7,9;14,4;6000,83;150,9;0;0
2024-05;MLT-07-0249;18;7,9;14,4;4909,77;123,4;0;0
2024-06;MLT-07-0249;12;7,9;14,4;3273,18;82,3;0;0
2024-07;MLT-07-0249;4;7,9;14,4;1091,06;27,4;0;0
2024-08;MLT-07-0249;18;7,9;14,4;4909,77;123,4;0;0
2024-09;MLT-07-0249;17;7,9;14,4;4637,01;116,6;0;0
2024-10;MLT-07-0249;12;7,9;14,4;3273,18;82,3;0;0
2024-11;MLT-07-0249;9;7,9;14,4;2454,89;61,7;0;0
2024-12;MLT-07-0249;9;7,9;14,4;2454,89;61,7;0;0
2025-01;MLT-07-0249;8;7,9;14,4;2182,12;54,9;0;0
2025-02;MLT-07-0249;18;7,9;14,4;4909,77;123,4;0;0
2025-03;MLT-07-0249;14;7,9;14,4;3818,71;96,0;0;0
2025-04;MLT-07-0249;26;7,9;14,4;7091,89;178,3;0;0
2025-05;MLT-07-0249;14;7,9;14,4;3818,71;96,0;0;0
2025-06;MLT-07-0249;18;7,9;14,4;4909,77;123,4;0;0
2025-07;MLT-07-0249;11;7,9;14,4;3000,42;75,4;0;0
2025-08;MLT-07-0249;22;7,9;14,4;6000,83;150,9;0;0
2025-09;MLT-07-0249;10;7,9;14,4;2727,65;68,6;0;0
2025-10;MLT-07-0249;19;7,9;14,4;5182,54;130,3;0;0
2025-11;MLT-07-0249;20;7,9;14,4;5455,3;137,1;0;0
2025-12;MLT-07-0249;14;7,9;14,4;3818,71;96,0;0;0
2024-01;LOAD-M-04-0832;0;1;1,7;0,0;0,0;1;0
2024-02;LOAD-M-04-0832;0;1;1,7;0,0;0,0;1;0
2024-03;LOAD-M-04-0832;1;1;1,7;291,59;31,3;0;0
2024-04;LOAD-M-04-0832;2;1;1,7;583,17;62,6;0;0
2024-05;LOAD-M-04-0832;2;1;1,7;583,17;62,6;0;0
2024-06;LOAD-M-04-0832;0;1;1,7;0,0;0,0;1;0
2024-07;LOAD-M-04-0832;2;1;1,7;583,17;62,6;0;0
2024-08;LOAD-M-04-0832;1;1;1,7;291,59;31,3;0;0
2024-09;LOAD-M-04-0832;2;1;1,7;583,17;62,6;0;0
2024-10;LOAD-M-04-0832;2;1;1,7;583,17;62,6;0;0
2024-11;LOAD-M-04-0832;2;1;1,7;583,17;62,6;0;0
2024-12;LOAD-M-04-0832;1;1;1,7;291,59;31,3;0;0
2025-01;LOAD-M-04-0832;0;1;1,7;0,0;0,0;1;0
2025-02;LOAD-M-04-0832;1;1;1,7;291,59;31,3;0;0
2025-03;LOAD-M-04-0832;1;1;1,7;291,59;31,3;0;0
2025-04;LOAD-M-04-0832;0;1;1,7;0,0;0,0;1;0
2025-05;LOAD-M-04-0832;1;1;1,7;291,59;31,3;0;0
2025-06;LOAD-M-04-0832;1;1;1,7;291,59;31,3;0;0
2025-07;LOAD-M-04-0832;1;1;1,7;291,59;31,3;0;0
2025-08;LOAD-M-04-0832;1;1;1,7;291,59;31,3;0;0
2025-09;LOAD-M-04-0832;2;1;1,7;583,17;62,6;0;0
2025-10;LOAD-M-04-0832;2;1;1,7;583,17;62,6;0;0
2025-11;LOAD-M-04-0832;2;1;1,7;583,17;62,6;0;0
2025-12;LOAD-M-04-0832;1;1;1,7;291,59;31,3;0;0
2024-01;MT-02-0159;10;4,8;7,8;1118,96;33,2;0;0
2024-02;MT-02-0159;7;4,8;7,8;783,27;23,2;0;0
2024-03;MT-02-0159;6;4,8;7,8;671,38;19,9;0;0
2024-04;MT-02-0159;7;4,8;7,8;783,27;23,2;0;0
2024-05;MT-02-0159;11;4,8;7,8;1230,86;36,5;0;0
2024-06;MT-02-0159;10;4,8;7,8;1118,96;33,2;0;0
2024-07;MT-02-0159;14;4,8;7,8;1566,54;46,5;0;0
2024-08;MT-02-0159;8;4,8;7,8;895,17;26,5;0;0
2024-09;MT-02-0159;11;4,8;7,8;1230,86;36,5;0;0
2024-10;MT-02-0159;5;4,8;7,8;559,48;16,6;0;0
2024-11;MT-02-0159;6;4,8;7,8;671,38;19,9;0;0
2024-12;MT-02-0159;1;4,8;7,8;111,9;3,3;0;0
2025-01;MT-02-0159;10;4,8;7,8;1118,96;33,2;0;0
2025-02;MT-02-0159;8;4,8;7,8;895,17;26,5;0;0
2025-03;MT-02-0159;13;4,8;7,8;1454,65;43,1;0;0
2025-04;MT-02-0159;11;4,8;7,8;1230,86;36,5;0;0
2025-05;MT-02-0159;6;4,8;7,8;671,38;19,9;0;0
2025-06;MT-02-0159;11;4,8;7,8;1230,86;36,5;0;0
2025-07;MT-02-0159;5;4,8;7,8;559,48;16,6;0;0
2025-08;MT-02-0159;9;4,8;7,8;1007,06;29,9;0;0
2025-09;MT-02-0159;0;4,8;7,8;0,0;0,0;1;0
2025-10;MT-02-0159;5;4,8;7,8;559,48;16,6;0;0
2025-11;MT-02-0159;3;4,8;7,8;335,69;10,0;0;0
2025-12;MT-02-0159;7;4,8;7,8;783,27;23,2;0;0
2024-01;MT-03-0169;2;1,6;2,6;574,66;20,3;0;0
2024-02;MT-03-0169;3;1,6;2,6;862,0;30,4;0;0
2024-03;MT-03-0169;2;1,6;2,6;574,66;20,3;0;0
2024-04;MT-03-0169;1;1,6;2,6;287,33;10,1;0;0
2024-05;MT-03-0169;1;1,6;2,6;287,33;10,1;0;0
2024-06;MT-03-0169;2;1,6;2,6;574,66;20,3;0;0
2024-07;MT-03-0169;0;1,6;2,6;0,0;0,0;1;0
2024-08;MT-03-0169;2;1,6;2,6;574,66;20,3;0;0
2024-09;MT-03-0169;4;1,6;2,6;1149,33;40,6;0;0
2024-10;MT-03-0169;3;1,6;2,6;862,0;30,4;0;0
2024-11;MT-03-0169;0;1,6;2,6;0,0;0,0;1;0
2024-12;MT-03-0169;1;1,6;2,6;287,33;10,1;0;0
2025-01;MT-03-0169;4;1,6;2,6;1149,33;40,6;0;0
2025-02;MT-03-0169;2;1,6;2,6;574,66;20,3;0;0
2025-03;MT-03-0169;1;1,6;2,6;287,33;10,1;0;0
2025-04;MT-03-0169;1;1,6;2,6;287,33;10,1;0;0
2025-05;MT-03-0169;3;1,6;2,6;862,0;30,4;0;0
2025-06;MT-03-0169;1;1,6;2,6;287,33;10,1;0;0
2025-07;MT-03-0169;3;1,6;2,6;862,0;30,4;0;0
2025-08;MT-03-0169;3;1,6;2,6;862,0;30,4;0;0
2025-09;MT-03-0169;1;1,6;2,6;287,33;10,1;0;0
2025-10;MT-03-0169;1;1,6;2,6;287,33;10,1;0;0
2025-11;MT-03-0169;3;1,6;2,6;862,0;30,4;0;0
2025-12;MT-03-0169;0;1,6;2,6;0,0;0,0;1;0
2024-01;AWP-08-0644;21;11,1;20,4;689,8;67,8;0;0
2024-02;AWP-08-0644;20;11,1;20,4;656,95;64,6;0;0
2024-03;AWP-08-0644;11;11,1;20,4;361,32;35,5;0;0
2024-04;AWP-08-0644;29;11,1;20,4;952,58;93,6;0;0
2024-05;AWP-08-0644;12;11,1;20,4;394,17;38,7;0;0
2024-06;AWP-08-0644;25;11,1;20,4;821,19;80,7;0;0
2024-07;AWP-08-0644;6;11,1;20,4;197,09;19,4;0;0
2024-08;AWP-08-0644;11;11,1;20,4;361,32;35,5;0;0
2024-09;AWP-08-0644;13;11,1;20,4;427,02;42,0;0;0
2024-10;AWP-08-0644;17;11,1;20,4;558,41;54,9;0;0
2024-11;AWP-08-0644;3;11,1;20,4;98,54;9,7;0;0
2024-12;AWP-08-0644;20;11,1;20,4;656,95;64,6;0;0
2025-01;AWP-08-0644;15;11,1;20,4;492,71;48,4;0;0
2025-02;AWP-08-0644;13;11,1;20,4;427,02;42,0;0;0
2025-03;AWP-08-0644;33;11,1;20,4;1083,97;106,5;0;0
2025-04;AWP-08-0644;24;11,1;20,4;788,34;77,5;0;0
2025-05;AWP-08-0644;28;11,1;20,4;919,73;90,4;0;0
2025-06;AWP-08-0644;18;11,1;20,4;591,26;58,1;0;0
2025-07;AWP-08-0644;27;11,1;20,4;886,88;87,2;0;0
2025-08;AWP-08-0644;32;11,1;20,4;1051,12;103,3;0;0
2025-09;AWP-08-0644;38;11,1;20,4;1248,21;122,7;0;0
2025-10;AWP-08-0644;23;11,1;20,4;755,49;74,3;0;0
2025-11;AWP-08-0644;27;11,1;20,4;886,88;87,2;0;0
2025-12;AWP-08-0644;36;11,1;20,4;1182,51;116,2;0;0
2024-01;MT-02-0023;1;2,6;4,8;222,29;9,6;0;0
2024-02;MT-02-0023;8;2,6;4,8;1778,34;76,8;0;0
2024-03;MT-02-0023;6;2,6;4,8;1333,75;57,6;0;0
2024-04;MT-02-0023;10;2,6;4,8;2222,92;96,0;0;0
2024-05;MT-02-0023;4;2,6;4,8;889,17;38,4;0;0
2024-06;MT-02-0023;8;2,6;4,8;1778,34;76,8;0;0
2024-07;MT-02-0023;0;2,6;4,8;0,0;0,0;1;0
2024-08;MT-02-0023;4;2,6;4,8;889,17;38,4;0;0
2024-09;MT-02-0023;4;2,6;4,8;889,17;38,4;0;0
2024-10;MT-02-0023;3;2,6;4,8;666,88;28,8;0;0
2024-11;MT-02-0023;6;2,6;4,8;1333,75;57,6;0;0
2024-12;MT-02-0023;10;2,6;4,8;2222,92;96,0;0;0
2025-01;MT-02-0023;5;2,6;4,8;1111,46;48,0;0;0
2025-02;MT-02-0023;6;2,6;4,8;1333,75;57,6;0;0
2025-03;MT-02-0023;8;2,6;4,8;1778,34;76,8;0;0
2025-04;MT-02-0023;5;2,6;4,8;1111,46;48,0;0;0
2025-05;MT-02-0023;1;2,6;4,8;222,29;9,6;0;0
2025-06;MT-02-0023;0;2,6;4,8;0,0;0,0;1;0
2025-07;MT-02-0023;8;2,6;4,8;1778,34;76,8;0;0
2025-08;MT-02-0023;0;2,6;4,8;0,0;0,0;1;0
2025-09;MT-02-0023;5;2,6;4,8;1111,46;48,0;0;0
2025-10;MT-02-0023;6;2,6;4,8;1333,75;57,6;0;0
2025-11;MT-02-0023;8;2,6;4,8;1778,34;76,8;0;0
2025-12;MT-02-0023;0;2,6;4,8;0,0;0,0;1;0
2024-01;AWP-01-0692;32;20,4;37,4;995,09;84,7;0;0
2024-02;AWP-01-0692;40;20,4;37,4;1243,86;105,9;0;0
2024-03;AWP-01-0692;29;20,4;37,4;901,8;76,8;0;0
2024-04;AWP-01-0692;34;20,4;37,4;1057,28;90,0;0;0
2024-05;AWP-01-0692;33;20,4;37,4;1026,19;87,4;0;0
2024-06;AWP-01-0692;48;20,4;37,4;1492,64;127,1;0;0
2024-07;AWP-01-0692;18;20,4;37,4;559,74;47,6;0;0
2024-08;AWP-01-0692;39;20,4;37,4;1212,77;103,2;0;0
2024-09;AWP-01-0692;36;20,4;37,4;1119,48;95,3;0;0
2024-10;AWP-01-0692;22;20,4;37,4;684,13;58,2;0;0
2024-11;AWP-01-0692;31;20,4;37,4;963,99;82,1;0;0
2024-12;AWP-01-0692;45;20,4;37,4;1399,35;119,1;0;0
2025-01;AWP-01-0692;34;20,4;37,4;1057,28;90,0;0;0
2025-02;AWP-01-0692;31;20,4;37,4;963,99;82,1;0;0
2025-03;AWP-01-0692;34;20,4;37,4;1057,28;90,0;0;0
2025-04;AWP-01-0692;43;20,4;37,4;1337,15;113,8;0;0
2025-05;AWP-01-0692;37;20,4;37,4;1150,57;97,9;0;0
2025-06;AWP-01-0692;48;20,4;37,4;1492,64;127,1;0;0
2025-07;AWP-01-0692;58;20,4;37,4;1803,6;153,5;0;0
2025-08;AWP-01-0692;20;20,4;37,4;621,93;52,9;0;0
2025-09;AWP-01-0692;23;20,4;37,4;715,22;60,9;0;0
2025-10;AWP-01-0692;18;20,4;37,4;559,74;47,6;0;0
2025-11;AWP-01-0692;22;20,4;37,4;684,13;58,2;0;0
2025-12;AWP-01-0692;37;20,4;37,4;1150,57;97,9;0;0
2024-01;MLT-04-0247;0;1;1,3;0,0;0,0;1;0
2024-02;MLT-04-0247;1;1;1,3;205,76;10,1;0;0
2024-03;MLT-04-0247;1;1;1,3;205,76;10,1;0;0
2024-04;MLT-04-0247;0;1;1,3;0,0;0,0;1;0
2024-05;MLT-04-0247;1;1;1,3;205,76;10,1;0;0
2024-06;MLT-04-0247;1;1;1,3;205,76;10,1;0;0
2024-07;MLT-04-0247;2;1;1,3;411,53;20,3;0;0
2024-08;MLT-04-0247;0;1;1,3;0,0;0,0;1;0
2024-09;MLT-04-0247;1;1;1,3;205,76;10,1;0;0
2024-10;MLT-04-0247;1;1;1,3;205,76;10,1;0;0
2024-11;MLT-04-0247;1;1;1,3;205,76;10,1;0;0
2024-12;MLT-04-0247;2;1;1,3;411,53;20,3;0;0
2025-01;MLT-04-0247;0;1;1,3;0,0;0,0;1;0
2025-02;MLT-04-0247;1;1;1,3;205,76;10,1;0;0
2025-03;MLT-04-0247;1;1;1,3;205,76;10,1;0;0
2025-04;MLT-04-0247;1;1;1,3;205,76;10,1;0;0
2025-05;MLT-04-0247;1;1;1,3;205,76;10,1;0;0
2025-06;MLT-04-0247;0;1;1,3;0,0;0,0;1;0
2025-07;MLT-04-0247;1;1;1,3;205,76;10,1;0;0
2025-08;MLT-04-0247;2;1;1,3;411,53;20,3;0;0
2025-09;MLT-04-0247;1;1;1,3;205,76;10,1;0;0
2025-10;MLT-04-0247;0;1;1,3;0,0;0,0;1;0
2025-11;MLT-04-0247;0;1;1,3;0,0;0,0;1;0
2025-12;MLT-04-0247;1;1;1,3;205,76;10,1;0;0
2024-01;TMM-04-0578;1;1;1,5;613,79;30,0;0;0
2024-02;TMM-04-0578;1;1;1,5;613,79;30,0;0;0
2024-03;TMM-04-0578;0;1;1,5;0,0;0,0;1;0
2024-04;TMM-04-0578;0;1;1,5;0,0;0,0;1;0
2024-05;TMM-04-0578;2;1;1,5;1227,57;60,0;0;0
2024-06;TMM-04-0578;0;1;1,5;0,0;0,0;1;0
2024-07;TMM-04-0578;0;1;1,5;0,0;0,0;1;0
2024-08;TMM-04-0578;2;1;1,5;1227,57;60,0;0;0
2024-09;TMM-04-0578;1;1;1,5;613,79;30,0;0;0
2024-10;TMM-04-0578;2;1;1,5;1227,57;60,0;0;0
2024-11;TMM-04-0578;0;1;1,5;0,0;0,0;1;0
2024-12;TMM-04-0578;2;1;1,5;1227,57;60,0;0;0
2025-01;TMM-04-0578;1;1;1,5;613,79;30,0;0;0
2025-02;TMM-04-0578;0;1;1,5;0,0;0,0;1;0
2025-03;TMM-04-0578;2;1;1,5;1227,57;60,0;0;0
2025-04;TMM-04-0578;0;1;1,5;0,0;0,0;1;0
2025-05;TMM-04-0578;0;1;1,5;0,0;0,0;1;0
2025-06;TMM-04-0578;2;1;1,5;1227,57;60,0;0;0
2025-07;TMM-04-0578;1;1;1,5;613,79;30,0;0;0
2025-08;TMM-04-0578;1;1;1,5;613,79;30,0;0;0
2025-09;TMM-04-0578;1;1;1,5;613,79;30,0;0;0
2025-10;TMM-04-0578;1;1;1,5;613,79;30,0;0;0
2025-11;TMM-04-0578;2;1;1,5;1227,57;60,0;0;0
2025-12;TMM-04-0578;2;1;1,5;1227,57;60,0;0;0
2024-01;LOAD-10-0762;4;1,9;3,5;849,1;75,8;0;0
2024-02;LOAD-10-0762;0;1,9;3,5;0,0;0,0;1;0
2024-03;LOAD-10-0762;2;1,9;3,5;424,55;37,9;0;0
2024-04;LOAD-10-0762;0;1,9;3,5;0,0;0,0;1;0
2024-05;LOAD-10-0762;6;1,9;3,5;1273,65;113,7;0;0
2024-06;LOAD-10-0762;1;1,9;3,5;212,28;18,9;0;0
2024-07;LOAD-10-0762;5;1,9;3,5;1061,38;94,7;0;0
2024-08;LOAD-10-0762;3;1,9;3,5;636,83;56,8;0;0
2024-09;LOAD-10-0762;0;1,9;3,5;0,0;0,0;1;0
2024-10;LOAD-10-0762;3;1,9;3,5;636,83;56,8;0;0
2024-11;LOAD-10-0762;5;1,9;3,5;1061,38;94,7;0;0
2024-12;LOAD-10-0762;0;1,9;3,5;0,0;0,0;1;0
2025-01;LOAD-10-0762;5;1,9;3,5;1061,38;94,7;0;0
2025-02;LOAD-10-0762;2;1,9;3,5;424,55;37,9;0;0
2025-03;LOAD-10-0762;1;1,9;3,5;212,28;18,9;0;0
2025-04;LOAD-10-0762;1;1,9;3,5;212,28;18,9;0;0
2025-05;LOAD-10-0762;2;1,9;3,5;424,55;37,9;0;0
2025-06;LOAD-10-0762;3;1,9;3,5;636,83;56,8;0;0
2025-07;LOAD-10-0762;4;1,9;3,5;849,1;75,8;0;0
2025-08;LOAD-10-0762;2;1,9;3,5;424,55;37,9;0;0
2025-09;LOAD-10-0762;4;1,9;3,5;849,1;75,8;0;0
2025-10;LOAD-10-0762;4;1,9;3,5;849,1;75,8;0;0
2025-11;LOAD-10-0762;4;1,9;3,5;849,1;75,8;0;0
2025-12;LOAD-10-0762;2;1,9;3,5;424,55;37,9;0;0
2024-01;MT-09-0090;26;20,1;32,7;2027,16;93,1;0;0
2024-02;MT-09-0090;45;20,1;32,7;3508,55;161,2;0;0
2024-03;MT-09-0090;22;20,1;32,7;1715,29;78,8;0;0
2024-04;MT-09-0090;24;20,1;32,7;1871,22;86,0;0;0
2024-05;MT-09-0090;30;20,1;32,7;2339,03;107,5;0;0
2024-06;MT-09-0090;31;20,1;32,7;2417,0;111,0;0;0
2024-07;MT-09-0090;18;20,1;32,7;1403,42;64,5;0;0
2024-08;MT-09-0090;51;20,1;32,7;3976,35;182,7;0;0
2024-09;MT-09-0090;32;20,1;32,7;2494,97;114,6;0;0
2024-10;MT-09-0090;41;20,1;32,7;3196,68;146,9;0;0
2024-11;MT-09-0090;38;20,1;32,7;2962,77;136,1;0;0
2024-12;MT-09-0090;17;20,1;32,7;1325,45;60,9;0;0
2025-01;MT-09-0090;20;20,1;32,7;1559,35;71,6;0;0
2025-02;MT-09-0090;48;20,1;32,7;3742,45;171,9;0;0
2025-03;MT-09-0090;29;20,1;32,7;2261,06;103,9;0;0
2025-04;MT-09-0090;27;20,1;32,7;2105,13;96,7;0;0
2025-05;MT-09-0090;49;20,1;32,7;3820,42;175,5;0;0
2025-06;MT-09-0090;23;20,1;32,7;1793,26;82,4;0;0
2025-07;MT-09-0090;28;20,1;32,7;2183,1;100,3;0;0
2025-08;MT-09-0090;34;20,1;32,7;2650,9;121,8;0;0
2025-09;MT-09-0090;30;20,1;32,7;2339,03;107,5;0;0
2025-10;MT-09-0090;26;20,1;32,7;2027,16;93,1;0;0
2025-11;MT-09-0090;61;20,1;32,7;4756,03;218,5;0;0
2025-12;MT-09-0090;48;20,1;32,7;3742,45;171,9;0;0
2024-01;LOAD-M-06-0836;1;1;1,3;81,4;10,3;0;0
2024-02;LOAD-M-06-0836;0;1;1,3;0,0;0,0;1;0
2024-03;LOAD-M-06-0836;2;1;1,3;162,8;20,6;0;0
2024-04;LOAD-M-06-0836;0;1;1,3;0,0;0,0;1;0
2024-05;LOAD-M-06-0836;0;1;1,3;0,0;0,0;1;0
2024-06;LOAD-M-06-0836;1;1;1,3;81,4;10,3;0;0
2024-07;LOAD-M-06-0836;0;1;1,3;0,0;0,0;1;0
2024-08;LOAD-M-06-0836;0;1;1,3;0,0;0,0;1;0
2024-09;LOAD-M-06-0836;1;1;1,3;81,4;10,3;0;0
2024-10;LOAD-M-06-0836;1;1;1,3;81,4;10,3;0;0
2024-11;LOAD-M-06-0836;1;1;1,3;81,4;10,3;0;0
2024-12;LOAD-M-06-0836;0;1;1,3;0,0;0,0;1;0
2025-01;LOAD-M-06-0836;1;1;1,3;81,4;10,3;0;0
2025-02;LOAD-M-06-0836;1;1;1,3;81,4;10,3;0;0
2025-03;LOAD-M-06-0836;1;1;1,3;81,4;10,3;0;0
2025-04;LOAD-M-06-0836;1;1;1,3;81,4;10,3;0;0
2025-05;LOAD-M-06-0836;0;1;1,3;0,0;0,0;1;0
2025-06;LOAD-M-06-0836;2;1;1,3;162,8;20,6;0;0
2025-07;LOAD-M-06-0836;0;1;1,3;0,0;0,0;1;0
2025-08;LOAD-M-06-0836;0;1;1,3;0,0;0,0;1;0
2025-09;LOAD-M-06-0836;1;1;1,3;81,4;10,3;0;0
2025-10;LOAD-M-06-0836;1;1;1,3;81,4;10,3;0;0
2025-11;LOAD-M-06-0836;1;1;1,3;81,4;10,3;0;0
2025-12;LOAD-M-06-0836;0;1;1,3;0,0;0,0;1;0
2024-01;TMM-08-0589;40;23,7;43,5;778,68;91,1;0;0
2024-02;TMM-08-0589;27;23,7;43,5;525,61;61,5;0;0
2024-03;TMM-08-0589;69;23,7;43,5;1343,22;157,2;0;0
2024-04;TMM-08-0589;80;23,7;43,5;1557,35;182,3;0;0
2024-05;TMM-08-0589;35;23,7;43,5;681,34;79,7;0;0
2024-06;TMM-08-0589;62;23,7;43,5;1206,95;141,3;0;0
2024-07;TMM-08-0589;69;23,7;43,5;1343,22;157,2;0;0
2024-08;TMM-08-0589;47;23,7;43,5;914,95;107,1;0;0
2024-09;TMM-08-0589;36;23,7;43,5;700,81;82,0;0;0
2024-10;TMM-08-0589;34;23,7;43,5;661,88;77,5;0;0
2024-11;TMM-08-0589;30;23,7;43,5;584,01;68,4;0;0
2024-12;TMM-08-0589;39;23,7;43,5;759,21;88,9;0;0
2025-01;TMM-08-0589;53;23,7;43,5;1031,75;120,8;0;0
2025-02;TMM-08-0589;67;23,7;43,5;1304,28;152,7;0;0
2025-03;TMM-08-0589;43;23,7;43,5;837,08;98,0;0;0
2025-04;TMM-08-0589;36;23,7;43,5;700,81;82,0;0;0
2025-05;TMM-08-0589;53;23,7;43,5;1031,75;120,8;0;0
2025-06;TMM-08-0589;29;23,7;43,5;564,54;66,1;0;0
2025-07;TMM-08-0589;45;23,7;43,5;876,01;102,5;0;0
2025-08;TMM-08-0589;18;23,7;43,5;350,4;41,0;0;0
2025-09;TMM-08-0589;65;23,7;43,5;1265,35;148,1;0;0
2025-10;TMM-08-0589;44;23,7;43,5;856,54;100,3;0;0
2025-11;TMM-08-0589;43;23,7;43,5;837,08;98,0;0;0
2025-12;TMM-08-0589;51;23,7;43,5;992,81;116,2;0;0
2024-01;AWP-04-0663;1;1;1,4;471,2;24,0;0;0
2024-02;AWP-04-0663;2;1;1,4;942,41;48,0;0;0
2024-03;AWP-04-0663;1;1;1,4;471,2;24,0;0;0
2024-04;AWP-04-0663;0;1;1,4;0,0;0,0;1;0
2024-05;AWP-04-0663;0;1;1,4;0,0;0,0;1;0
2024-06;AWP-04-0663;3;1;1,4;1413,61;72,0;0;0
2024-07;AWP-04-0663;1;1;1,4;471,2;24,0;0;0
2024-08;AWP-04-0663;0;1;1,4;0,0;0,0;1;0
2024-09;AWP-04-0663;0;1;1,4;0,0;0,0;1;0
2024-10;AWP-04-0663;2;1;1,4;942,41;48,0;0;0
2024-11;AWP-04-0663;1;1;1,4;471,2;24,0;0;0
2024-12;AWP-04-0663;1;1;1,4;471,2;24,0;0;0
2025-01;AWP-04-0663;1;1;1,4;471,2;24,0;0;0
2025-02;AWP-04-0663;1;1;1,4;471,2;24,0;0;0
2025-03;AWP-04-0663;1;1;1,4;471,2;24,0;0;0
2025-04;AWP-04-0663;1;1;1,4;471,2;24,0;0;0
2025-05;AWP-04-0663;0;1;1,4;0,0;0,0;1;0
2025-06;AWP-04-0663;1;1;1,4;471,2;24,0;0;0
2025-07;AWP-04-0663;2;1;1,4;942,41;48,0;0;0
2025-08;AWP-04-0663;1;1;1,4;471,2;24,0;0;0
2025-09;AWP-04-0663;0;1;1,4;0,0;0,0;1;0
2025-10;AWP-04-0663;1;1;1,4;471,2;24,0;0;0
2025-11;AWP-04-0663;1;1;1,4;471,2;24,0;0;0
2025-12;AWP-04-0663;2;1;1,4;942,41;48,0;0;0
2024-01;MLT-10-0217;2;1,3;2,3;700,87;18,9;0;0
2024-02;MLT-10-0217;3;1,3;2,3;1051,31;28,4;0;0
2024-03;MLT-10-0217;1;1,3;2,3;350,44;9,5;0;0
2024-04;MLT-10-0217;3;1,3;2,3;1051,31;28,4;0;0
2024-05;MLT-10-0217;1;1,3;2,3;350,44;9,5;0;0
2024-06;MLT-10-0217;2;1,3;2,3;700,87;18,9;0;0
2024-07;MLT-10-0217;0;1,3;2,3;0,0;0,0;1;0
2024-08;MLT-10-0217;3;1,3;2,3;1051,31;28,4;0;0
2024-09;MLT-10-0217;4;1,3;2,3;1401,75;37,9;0;0
2024-10;MLT-10-0217;2;1,3;2,3;700,87;18,9;0;0
2024-11;MLT-10-0217;1;1,3;2,3;350,44;9,5;0;0
2024-12;MLT-10-0217;3;1,3;2,3;1051,31;28,4;0;0
2025-01;MLT-10-0217;1;1,3;2,3;350,44;9,5;0;0
2025-02;MLT-10-0217;1;1,3;2,3;350,44;9,5;0;0
2025-03;MLT-10-0217;0;1,3;2,3;0,0;0,0;1;0
2025-04;MLT-10-0217;0;1,3;2,3;0,0;0,0;1;0
2025-05;MLT-10-0217;0;1,3;2,3;0,0;0,0;1;0
2025-06;MLT-10-0217;1;1,3;2,3;350,44;9,5;0;0
2025-07;MLT-10-0217;1;1,3;2,3;350,44;9,5;0;0
2025-08;MLT-10-0217;2;1,3;2,3;700,87;18,9;0;0
2025-09;MLT-10-0217;2;1,3;2,3;700,87;18,9;0;0
2025-10;MLT-10-0217;2;1,3;2,3;700,87;18,9;0;0
2025-11;MLT-10-0217;3;1,3;2,3;1051,31;28,4;0;0
2025-12;MLT-10-0217;1;1,3;2,3;350,44;9,5;0;0
2024-01;AWP-08-0639;6;3,5;6,4;71,06;6,2;0;0
2024-02;AWP-08-0639;8;3,5;6,4;94,75;8,2;0;0
2024-03;AWP-08-0639;7;3,5;6,4;82,91;7,2;0;0
2024-04;AWP-08-0639;11;3,5;6,4;130,28;11,3;0;0
2024-05;AWP-08-0639;8;3,5;6,4;94,75;8,2;0;0
2024-06;AWP-08-0639;7;3,5;6,4;82,91;7,2;0;0
2024-07;AWP-08-0639;7;3,5;6,4;82,91;7,2;0;0
2024-08;AWP-08-0639;9;3,5;6,4;106,6;9,3;0;0
2024-09;AWP-08-0639;1;3,5;6,4;11,84;1,0;0;0
2024-10;AWP-08-0639;0;3,5;6,4;0,0;0,0;1;0
2024-11;AWP-08-0639;2;3,5;6,4;23,69;2,1;0;0
2024-12;AWP-08-0639;9;3,5;6,4;106,6;9,3;0;0
2025-01;AWP-08-0639;0;3,5;6,4;0,0;0,0;1;0
2025-02;AWP-08-0639;11;3,5;6,4;130,28;11,3;0;0
2025-03;AWP-08-0639;7;3,5;6,4;82,91;7,2;0;0
2025-04;AWP-08-0639;3;3,5;6,4;35,53;3,1;0;0
2025-05;AWP-08-0639;12;3,5;6,4;142,13;12,3;0;0
2025-06;AWP-08-0639;8;3,5;6,4;94,75;8,2;0;0
2025-07;AWP-08-0639;10;3,5;6,4;118,44;10,3;0;0
2025-08;AWP-08-0639;6;3,5;6,4;71,06;6,2;0;0
2025-09;AWP-08-0639;10;3,5;6,4;118,44;10,3;0;0
2025-10;AWP-08-0639;7;3,5;6,4;82,91;7,2;0;0
2025-11;AWP-08-0639;7;3,5;6,4;82,91;7,2;0;0
2025-12;AWP-08-0639;5;3,5;6,4;59,22;5,1;0;0
2024-01;MRT-01-0449;9;6,1;11,3;321,49;24,6;0;0
2024-02;MRT-01-0449;10;6,1;11,3;357,21;27,4;0;0
2024-03;MRT-01-0449;16;6,1;11,3;571,54;43,8;0;0
2024-04;MRT-01-0449;17;6,1;11,3;607,26;46,5;0;0
2024-05;MRT-01-0449;14;6,1;11,3;500,09;38,3;0;0
2024-06;MRT-01-0449;18;6,1;11,3;642,98;49,3;0;0
2024-07;MRT-01-0449;29;6,1;11,3;1035,91;79,4;0;0
2024-08;MRT-01-0449;12;6,1;11,3;428,65;32,9;0;0
2024-09;MRT-01-0449;5;6,1;11,3;178,61;13,7;0;0
2024-10;MRT-01-0449;4;6,1;11,3;142,88;11,0;0;0
2024-11;MRT-01-0449;12;6,1;11,3;428,65;32,9;0;0
2024-12;MRT-01-0449;0;6,1;11,3;0,0;0,0;1;0
2025-01;MRT-01-0449;10;6,1;11,3;357,21;27,4;0;0
2025-02;MRT-01-0449;12;6,1;11,3;428,65;32,9;0;0
2025-03;MRT-01-0449;8;6,1;11,3;285,77;21,9;0;0
2025-04;MRT-01-0449;12;6,1;11,3;428,65;32,9;0;0
2025-05;MRT-01-0449;12;6,1;11,3;428,65;32,9;0;0
2025-06;MRT-01-0449;22;6,1;11,3;785,86;60,2;0;0
2025-07;MRT-01-0449;9;6,1;11,3;321,49;24,6;0;0
2025-08;MRT-01-0449;13;6,1;11,3;464,37;35,6;0;0
2025-09;MRT-01-0449;18;6,1;11,3;642,98;49,3;0;0
2025-10;MRT-01-0449;0;6,1;11,3;0,0;0,0;1;0
2025-11;MRT-01-0449;7;6,1;11,3;250,05;19,2;0;0
2025-12;MRT-01-0449;20;6,1;11,3;714,42;54,8;0;0
2024-01;MRT-02-0440;1;1;1,3;240,1;17,1;0;0
2024-02;MRT-02-0440;1;1;1,3;240,1;17,1;0;0
2024-03;MRT-02-0440;2;1;1,3;480,2;34,3;0;0
2024-04;MRT-02-0440;1;1;1,3;240,1;17,1;0;0
2024-05;MRT-02-0440;1;1;1,3;240,1;17,1;0;0
2024-06;MRT-02-0440;1;1;1,3;240,1;17,1;0;0
2024-07;MRT-02-0440;1;1;1,3;240,1;17,1;0;0
2024-08;MRT-02-0440;2;1;1,3;480,2;34,3;0;0
2024-09;MRT-02-0440;2;1;1,3;480,2;34,3;0;0
2024-10;MRT-02-0440;0;1;1,3;0,0;0,0;1;0
2024-11;MRT-02-0440;1;1;1,3;240,1;17,1;0;0
2024-12;MRT-02-0440;1;1;1,3;240,1;17,1;0;0
2025-01;MRT-02-0440;0;1;1,3;0,0;0,0;1;0
2025-02;MRT-02-0440;1;1;1,3;240,1;17,1;0;0
2025-03;MRT-02-0440;0;1;1,3;0,0;0,0;1;0
2025-04;MRT-02-0440;0;1;1,3;0,0;0,0;1;0
2025-05;MRT-02-0440;0;1;1,3;0,0;0,0;1;0
2025-06;MRT-02-0440;1;1;1,3;240,1;17,1;0;0
2025-07;MRT-02-0440;0;1;1,3;0,0;0,0;1;0
2025-08;MRT-02-0440;1;1;1,3;240,1;17,1;0;0
2025-09;MRT-02-0440;1;1;1,3;240,1;17,1;0;0
2025-10;MRT-02-0440;0;1;1,3;0,0;0,0;1;0
2025-11;MRT-02-0440;0;1;1,3;0,0;0,0;1;0
2025-12;MRT-02-0440;1;1;1,3;240,1;17,1;0;0
2024-01;LOAD-M-09-0818;14;7,6;13,9;913,22;99,8;0;0
2024-02;LOAD-M-09-0818;15;7,6;13,9;978,45;106,9;0;0
2024-03;LOAD-M-09-0818;9;7,6;13,9;587,07;64,2;0;0
2024-04;LOAD-M-09-0818;26;7,6;13,9;1695,98;185,3;0;0
2024-05;LOAD-M-09-0818;14;7,6;13,9;913,22;99,8;0;0
2024-06;LOAD-M-09-0818;8;7,6;13,9;521,84;57,0;0;0
2024-07;LOAD-M-09-0818;0;7,6;13,9;0,0;0,0;1;0
2024-08;LOAD-M-09-0818;6;7,6;13,9;391,38;42,8;0;0
2024-09;LOAD-M-09-0818;13;7,6;13,9;847,99;92,7;0;0
2024-10;LOAD-M-09-0818;16;7,6;13,9;1043,68;114,1;0;0
2024-11;LOAD-M-09-0818;21;7,6;13,9;1369,83;149,7;0;0
2024-12;LOAD-M-09-0818;10;7,6;13,9;652,3;71,3;0;0
2025-01;LOAD-M-09-0818;23;7,6;13,9;1500,29;164,0;0;0
2025-02;LOAD-M-09-0818;3;7,6;13,9;195,69;21,4;0;0
2025-03;LOAD-M-09-0818;24;7,6;13,9;1565,52;171,1;0;0
2025-04;LOAD-M-09-0818;6;7,6;13,9;391,38;42,8;0;0
2025-05;LOAD-M-09-0818;0;7,6;13,9;0,0;0,0;1;0
2025-06;LOAD-M-09-0818;7;7,6;13,9;456,61;49,9;0;0
2025-07;LOAD-M-09-0818;18;7,6;13,9;1174,14;128,3;0;0
2025-08;LOAD-M-09-0818;4;7,6;13,9;260,92;28,5;0;0
2025-09;LOAD-M-09-0818;3;7,6;13,9;195,69;21,4;0;0
2025-10;LOAD-M-09-0818;28;7,6;13,9;1826,44;199,6;0;0
2025-11;LOAD-M-09-0818;4;7,6;13,9;260,92;28,5;0;0
2025-12;LOAD-M-09-0818;0;7,6;13,9;0,0;0,0;1;0
2024-01;LOAD-M-08-0851;58;18,1;29,4;2076,67;230,7;0;0
2024-02;LOAD-M-08-0851;33;18,1;29,4;1181,55;131,3;0;0
2024-03;LOAD-M-08-0851;25;18,1;29,4;895,12;99,4;0;0
2024-04;LOAD-M-08-0851;23;18,1;29,4;823,51;91,5;0;0
2024-05;LOAD-M-08-0851;18;18,1;29,4;644,48;71,6;0;0
2024-06;LOAD-M-08-0851;31;18,1;29,4;1109,94;123,3;0;0
2024-07;LOAD-M-08-0851;54;18,1;29,4;1933,45;214,8;0;0
2024-08;LOAD-M-08-0851;36;18,1;29,4;1288,97;143,2;0;0
2024-09;LOAD-M-08-0851;30;18,1;29,4;1074,14;119,3;0;0
2024-10;LOAD-M-08-0851;28;18,1;29,4;1002,53;111,4;0;0
2024-11;LOAD-M-08-0851;33;18,1;29,4;1181,55;131,3;0;0
2024-12;LOAD-M-08-0851;50;18,1;29,4;1790,23;198,9;0;0
2025-01;LOAD-M-08-0851;12;18,1;29,4;429,66;47,7;0;0
2025-02;LOAD-M-08-0851;0;18,1;29,4;0,0;0,0;1;0
2025-03;LOAD-M-08-0851;33;18,1;29,4;1181,55;131,3;0;0
2025-04;LOAD-M-08-0851;14;18,1;29,4;501,26;55,7;0;0
2025-05;LOAD-M-08-0851;21;18,1;29,4;751,9;83,5;0;0
2025-06;LOAD-M-08-0851;14;18,1;29,4;501,26;55,7;0;0
2025-07;LOAD-M-08-0851;27;18,1;29,4;966,72;107,4;0;0
2025-08;LOAD-M-08-0851;21;18,1;29,4;751,9;83,5;0;0
2025-09;LOAD-M-08-0851;7;18,1;29,4;250,63;27,8;0;0
2025-10;LOAD-M-08-0851;35;18,1;29,4;1253,16;139,2;0;0
2025-11;LOAD-M-08-0851;10;18,1;29,4;358,05;39,8;0;0
2025-12;LOAD-M-08-0851;27;18,1;29,4;966,72;107,4;0;0
2024-01;TMM-06-0583;16;8,8;14,3;1282,78;130,9;0;0
2024-02;TMM-06-0583;12;8,8;14,3;962,09;98,2;0;0
2024-03;TMM-06-0583;11;8,8;14,3;881,91;90,0;0;0
2024-04;TMM-06-0583;17;8,8;14,3;1362,95;139,1;0;0
2024-05;TMM-06-0583;17;8,8;14,3;1362,95;139,1;0;0
2024-06;TMM-06-0583;12;8,8;14,3;962,09;98,2;0;0
2024-07;TMM-06-0583;8;8,8;14,3;641,39;65,5;0;0
2024-08;TMM-06-0583;11;8,8;14,3;881,91;90,0;0;0
2024-09;TMM-06-0583;13;8,8;14,3;1042,26;106,4;0;0
2024-10;TMM-06-0583;25;8,8;14,3;2004,35;204,5;0;0
2024-11;TMM-06-0583;12;8,8;14,3;962,09;98,2;0;0
2024-12;TMM-06-0583;5;8,8;14,3;400,87;40,9;0;0
2025-01;TMM-06-0583;20;8,8;14,3;1603,48;163,6;0;0
2025-02;TMM-06-0583;5;8,8;14,3;400,87;40,9;0;0
2025-03;TMM-06-0583;14;8,8;14,3;1122,43;114,5;0;0
2025-04;TMM-06-0583;13;8,8;14,3;1042,26;106,4;0;0
2025-05;TMM-06-0583;25;8,8;14,3;2004,35;204,5;0;0
2025-06;TMM-06-0583;8;8,8;14,3;641,39;65,5;0;0
2025-07;TMM-06-0583;7;8,8;14,3;561,22;57,3;0;0
2025-08;TMM-06-0583;15;8,8;14,3;1202,61;122,7;0;0
2025-09;TMM-06-0583;6;8,8;14,3;481,04;49,1;0;0
2025-10;TMM-06-0583;32;8,8;14,3;2565,56;261,8;0;0
2025-11;TMM-06-0583;17;8,8;14,3;1362,95;139,1;0;0
2025-12;TMM-06-0583;20;8,8;14,3;1603,48;163,6;0;0
2024-01;MI-MC-07-0460;2;1,6;3,0;586,4;30,6;0;0
2024-02;MI-MC-07-0460;2;1,6;3,0;586,4;30,6;0;0
2024-03;MI-MC-07-0460;2;1,6;3,0;586,4;30,6;0;0
2024-04;MI-MC-07-0460;1;1,6;3,0;293,2;15,3;0;0
2024-05;MI-MC-07-0460;3;1,6;3,0;879,61;46,0;0;0
2024-06;MI-MC-07-0460;1;1,6;3,0;293,2;15,3;0;0
2024-07;MI-MC-07-0460;1;1,6;3,0;293,2;15,3;0;0
2024-08;MI-MC-07-0460;3;1,6;3,0;879,61;46,0;0;0
2024-09;MI-MC-07-0460;2;1,6;3,0;586,4;30,6;0;0
2024-10;MI-MC-07-0460;1;1,6;3,0;293,2;15,3;0;0
2024-11;MI-MC-07-0460;2;1,6;3,0;586,4;30,6;0;0
2024-12;MI-MC-07-0460;3;1,6;3,0;879,61;46,0;0;0
2025-01;MI-MC-07-0460;2;1,6;3,0;586,4;30,6;0;0
2025-02;MI-MC-07-0460;0;1,6;3,0;0,0;0,0;1;0
2025-03;MI-MC-07-0460;0;1,6;3,0;0,0;0,0;1;0
2025-04;MI-MC-07-0460;0;1,6;3,0;0,0;0,0;1;0
2025-05;MI-MC-07-0460;4;1,6;3,0;1172,81;61,3;0;0
2025-06;MI-MC-07-0460;2;1,6;3,0;586,4;30,6;0;0
2025-07;MI-MC-07-0460;2;1,6;3,0;586,4;30,6;0;0
2025-08;MI-MC-07-0460;4;1,6;3,0;1172,81;61,3;0;0
2025-09;MI-MC-07-0460;2;1,6;3,0;586,4;30,6;0;0
2025-10;MI-MC-07-0460;2;1,6;3,0;586,4;30,6;0;0
2025-11;MI-MC-07-0460;2;1,6;3,0;586,4;30,6;0;0
2025-12;MI-MC-07-0460;2;1,6;3,0;586,4;30,6;0;0
2024-01;LOAD-06-0796;1;1;1,6;61,32;4,6;0;0
2024-02;LOAD-06-0796;2;1;1,6;122,64;9,3;0;0
2024-03;LOAD-06-0796;1;1;1,6;61,32;4,6;0;0
2024-04;LOAD-06-0796;0;1;1,6;0,0;0,0;1;0
2024-05;LOAD-06-0796;1;1;1,6;61,32;4,6;0;0
2024-06;LOAD-06-0796;0;1;1,6;0,0;0,0;1;0
2024-07;LOAD-06-0796;2;1;1,6;122,64;9,3;0;0
2024-08;LOAD-06-0796;1;1;1,6;61,32;4,6;0;0
2024-09;LOAD-06-0796;0;1;1,6;0,0;0,0;1;0
2024-10;LOAD-06-0796;1;1;1,6;61,32;4,6;0;0
2024-11;LOAD-06-0796;1;1;1,6;61,32;4,6;0;0
2024-12;LOAD-06-0796;2;1;1,6;122,64;9,3;0;0
2025-01;LOAD-06-0796;2;1;1,6;122,64;9,3;0;0
2025-02;LOAD-06-0796;1;1;1,6;61,32;4,6;0;0
2025-03;LOAD-06-0796;0;1;1,6;0,0;0,0;1;0
2025-04;LOAD-06-0796;2;1;1,6;122,64;9,3;0;0
2025-05;LOAD-06-0796;1;1;1,6;61,32;4,6;0;0
2025-06;LOAD-06-0796;2;1;1,6;122,64;9,3;0;0
2025-07;LOAD-06-0796;1;1;1,6;61,32;4,6;0;0
2025-08;LOAD-06-0796;1;1;1,6;61,32;4,6;0;0
2025-09;LOAD-06-0796;1;1;1,6;61,32;4,6;0;0
2025-10;LOAD-06-0796;0;1;1,6;0,0;0,0;1;0
2025-11;LOAD-06-0796;2;1;1,6;122,64;9,3;0;0
2025-12;LOAD-06-0796;1;1;1,6;61,32;4,6;0;0
2024-01;LOAD-04-0744;1;1;1,6;272,1;24,0;0;0
2024-02;LOAD-04-0744;1;1;1,6;272,1;24,0;0;0
2024-03;LOAD-04-0744;0;1;1,6;0,0;0,0;1;0
2024-04;LOAD-04-0744;1;1;1,6;272,1;24,0;0;0
2024-05;LOAD-04-0744;2;1;1,6;544,2;48,0;0;0
2024-06;LOAD-04-0744;1;1;1,6;272,1;24,0;0;0
2024-07;LOAD-04-0744;0;1;1,6;0,0;0,0;1;0
2024-08;LOAD-04-0744;0;1;1,6;0,0;0,0;1;0
2024-09;LOAD-04-0744;0;1;1,6;0,0;0,0;1;0
2024-10;LOAD-04-0744;2;1;1,6;544,2;48,0;0;0
2024-11;LOAD-04-0744;1;1;1,6;272,1;24,0;0;0
2024-12;LOAD-04-0744;1;1;1,6;272,1;24,0;0;0
2025-01;LOAD-04-0744;0;1;1,6;0,0;0,0;1;0
2025-02;LOAD-04-0744;1;1;1,6;272,1;24,0;0;0
2025-03;LOAD-04-0744;1;1;1,6;272,1;24,0;0;0
2025-04;LOAD-04-0744;0;1;1,6;0,0;0,0;1;0
2025-05;LOAD-04-0744;1;1;1,6;272,1;24,0;0;0
2025-06;LOAD-04-0744;1;1;1,6;272,1;24,0;0;0
2025-07;LOAD-04-0744;2;1;1,6;544,2;48,0;0;0
2025-08;LOAD-04-0744;0;1;1,6;0,0;0,0;1;0
2025-09;LOAD-04-0744;1;1;1,6;272,1;24,0;0;0
2025-10;LOAD-04-0744;1;1;1,6;272,1;24,0;0;0
2025-11;LOAD-04-0744;3;1;1,6;816,29;72,0;0;0
2025-12;LOAD-04-0744;0;1;1,6;0,0;0,0;1;0
2024-01;MT-06-0100;16;10,3;19,0;1735,79;55,7;0;0
2024-02;MT-06-0100;13;10,3;19,0;1410,33;45,2;0;0
2024-03;MT-06-0100;29;10,3;19,0;3146,12;100,9;0;0
2024-04;MT-06-0100;10;10,3;19,0;1084,87;34,8;0;0
2024-05;MT-06-0100;3;10,3;19,0;325,46;10,4;0;0
2024-06;MT-06-0100;13;10,3;19,0;1410,33;45,2;0;0
2024-07;MT-06-0100;6;10,3;19,0;650,92;20,9;0;0
2024-08;MT-06-0100;42;10,3;19,0;4556,45;146,1;0;0
2024-09;MT-06-0100;9;10,3;19,0;976,38;31,3;0;0
2024-10;MT-06-0100;13;10,3;19,0;1410,33;45,2;0;0
2024-11;MT-06-0100;16;10,3;19,0;1735,79;55,7;0;0
2024-12;MT-06-0100;24;10,3;19,0;2603,69;83,5;0;0
2025-01;MT-06-0100;0;10,3;19,0;0,0;0,0;1;0
2025-02;MT-06-0100;9;10,3;19,0;976,38;31,3;0;0
2025-03;MT-06-0100;5;10,3;19,0;542,43;17,4;0;0
2025-04;MT-06-0100;26;10,3;19,0;2820,66;90,4;0;0
2025-05;MT-06-0100;12;10,3;19,0;1301,84;41,7;0;0
2025-06;MT-06-0100;17;10,3;19,0;1844,28;59,1;0;0
2025-07;MT-06-0100;12;10,3;19,0;1301,84;41,7;0;0
2025-08;MT-06-0100;37;10,3;19,0;4014,02;128,7;0;0
2025-09;MT-06-0100;34;10,3;19,0;3688,56;118,3;0;0
2025-10;MT-06-0100;16;10,3;19,0;1735,79;55,7;0;0
2025-11;MT-06-0100;1;10,3;19,0;108,49;3,5;0;0
2025-12;MT-06-0100;21;10,3;19,0;2278,23;73,0;0;0
2024-01;MI-MC-06-0519;3;3,4;6,2;138,18;10,6;0;0
2024-02;MI-MC-06-0519;1;3,4;6,2;46,06;3,5;0;0
2024-03;MI-MC-06-0519;6;3,4;6,2;276,35;21,2;0;0
2024-04;MI-MC-06-0519;3;3,4;6,2;138,18;10,6;0;0
2024-05;MI-MC-06-0519;4;3,4;6,2;184,24;14,1;0;0
2024-06;MI-MC-06-0519;0;3,4;6,2;0,0;0,0;1;0
2024-07;MI-MC-06-0519;9;3,4;6,2;414,53;31,8;0;0
2024-08;MI-MC-06-0519;13;3,4;6,2;598,76;45,9;0;0
2024-09;MI-MC-06-0519;4;3,4;6,2;184,24;14,1;0;0
2024-10;MI-MC-06-0519;5;3,4;6,2;230,29;17,6;0;0
2024-11;MI-MC-06-0519;2;3,4;6,2;92,12;7,1;0;0
2024-12;MI-MC-06-0519;6;3,4;6,2;276,35;21,2;0;0
2025-01;MI-MC-06-0519;6;3,4;6,2;276,35;21,2;0;0
2025-02;MI-MC-06-0519;12;3,4;6,2;552,71;42,4;0;0
2025-03;MI-MC-06-0519;11;3,4;6,2;506,65;38,8;0;0
2025-04;MI-MC-06-0519;4;3,4;6,2;184,24;14,1;0;0
2025-05;MI-MC-06-0519;3;3,4;6,2;138,18;10,6;0;0
2025-06;MI-MC-06-0519;4;3,4;6,2;184,24;14,1;0;0
2025-07;MI-MC-06-0519;1;3,4;6,2;46,06;3,5;0;0
2025-08;MI-MC-06-0519;2;3,4;6,2;92,12;7,1;0;0
2025-09;MI-MC-06-0519;2;3,4;6,2;92,12;7,1;0;0
2025-10;MI-MC-06-0519;3;3,4;6,2;138,18;10,6;0;0
2025-11;MI-MC-06-0519;6;3,4;6,2;276,35;21,2;0;0
2025-12;MI-MC-06-0519;6;3,4;6,2;276,35;21,2;0;0
2024-01;TMM-04-0617;3;1,5;2,5;679,66;31,3;0;0
2024-02;TMM-04-0617;2;1,5;2,5;453,1;20,9;0;0
2024-03;TMM-04-0617;4;1,5;2,5;906,21;41,7;0;0
2024-04;TMM-04-0617;3;1,5;2,5;679,66;31,3;0;0
2024-05;TMM-04-0617;0;1,5;2,5;0,0;0,0;1;0
2024-06;TMM-04-0617;1;1,5;2,5;226,55;10,4;0;0
2024-07;TMM-04-0617;2;1,5;2,5;453,1;20,9;0;0
2024-08;TMM-04-0617;0;1,5;2,5;0,0;0,0;1;0
2024-09;TMM-04-0617;3;1,5;2,5;679,66;31,3;0;0
2024-10;TMM-04-0617;4;1,5;2,5;906,21;41,7;0;0
2024-11;TMM-04-0617;3;1,5;2,5;679,66;31,3;0;0
2024-12;TMM-04-0617;3;1,5;2,5;679,66;31,3;0;0
2025-01;TMM-04-0617;3;1,5;2,5;679,66;31,3;0;0
2025-02;TMM-04-0617;2;1,5;2,5;453,1;20,9;0;0
2025-03;TMM-04-0617;4;1,5;2,5;906,21;41,7;0;0
2025-04;TMM-04-0617;0;1,5;2,5;0,0;0,0;1;0
2025-05;TMM-04-0617;2;1,5;2,5;453,1;20,9;0;0
2025-06;TMM-04-0617;3;1,5;2,5;679,66;31,3;0;0
2025-07;TMM-04-0617;3;1,5;2,5;679,66;31,3;0;0
2025-08;TMM-04-0617;4;1,5;2,5;906,21;41,7;0;0
2025-09;TMM-04-0617;2;1,5;2,5;453,1;20,9;0;0
2025-10;TMM-04-0617;0;1,5;2,5;0,0;0,0;1;0
2025-11;TMM-04-0617;3;1,5;2,5;679,66;31,3;0;0
2025-12;TMM-04-0617;1;1,5;2,5;226,55;10,4;0;0
2024-01;MI-MC-06-0487;0;1;1,5;0,0;0,0;1;0
2024-02;MI-MC-06-0487;0;1;1,5;0,0;0,0;1;0
2024-03;MI-MC-06-0487;2;1;1,5;176,76;11,0;0;0
2024-04;MI-MC-06-0487;1;1;1,5;88,38;5,5;0;0
2024-05;MI-MC-06-0487;1;1;1,5;88,38;5,5;0;0
2024-06;MI-MC-06-0487;0;1;1,5;0,0;0,0;1;0
2024-07;MI-MC-06-0487;1;1;1,5;88,38;5,5;0;0
2024-08;MI-MC-06-0487;2;1;1,5;176,76;11,0;0;0
2024-09;MI-MC-06-0487;1;1;1,5;88,38;5,5;0;0
2024-10;MI-MC-06-0487;1;1;1,5;88,38;5,5;0;0
2024-11;MI-MC-06-0487;1;1;1,5;88,38;5,5;0;0
2024-12;MI-MC-06-0487;3;1;1,5;265,14;16,5;0;0
2025-01;MI-MC-06-0487;0;1;1,5;0,0;0,0;1;0
2025-02;MI-MC-06-0487;1;1;1,5;88,38;5,5;0;0
2025-03;MI-MC-06-0487;1;1;1,5;88,38;5,5;0;0
2025-04;MI-MC-06-0487;1;1;1,5;88,38;5,5;0;0
2025-05;MI-MC-06-0487;2;1;1,5;176,76;11,0;0;0
2025-06;MI-MC-06-0487;0;1;1,5;0,0;0,0;1;0
2025-07;MI-MC-06-0487;0;1;1,5;0,0;0,0;1;0
2025-08;MI-MC-06-0487;2;1;1,5;176,76;11,0;0;0
2025-09;MI-MC-06-0487;1;1;1,5;88,38;5,5;0;0
2025-10;MI-MC-06-0487;1;1;1,5;88,38;5,5;0;0
2025-11;MI-MC-06-0487;1;1;1,5;88,38;5,5;0;0
2025-12;MI-MC-06-0487;1;1;1,5;88,38;5,5;0;0
2024-01;MRT-09-0417;4;1,4;2,7;803,33;99,3;0;0
2024-02;MRT-09-0417;1;1,4;2,7;200,83;24,8;0;0
2024-03;MRT-09-0417;3;1,4;2,7;602,5;74,5;0;0
2024-04;MRT-09-0417;1;1,4;2,7;200,83;24,8;0;0
2024-05;MRT-09-0417;3;1,4;2,7;602,5;74,5;0;0
2024-06;MRT-09-0417;3;1,4;2,7;602,5;74,5;0;0
2024-07;MRT-09-0417;5;1,4;2,7;1004,16;124,1;0;0
2024-08;MRT-09-0417;1;1,4;2,7;200,83;24,8;0;0
2024-09;MRT-09-0417;2;1,4;2,7;401,66;49,7;0;0
2024-10;MRT-09-0417;4;1,4;2,7;803,33;99,3;0;0
2024-11;MRT-09-0417;3;1,4;2,7;602,5;74,5;0;0
2024-12;MRT-09-0417;3;1,4;2,7;602,5;74,5;0;0
2025-01;MRT-09-0417;6;1,4;2,7;1204,99;149,0;0;0
2025-02;MRT-09-0417;2;1,4;2,7;401,66;49,7;0;0
2025-03;MRT-09-0417;3;1,4;2,7;602,5;74,5;0;0
2025-04;MRT-09-0417;1;1,4;2,7;200,83;24,8;0;0
2025-05;MRT-09-0417;2;1,4;2,7;401,66;49,7;0;0
2025-06;MRT-09-0417;2;1,4;2,7;401,66;49,7;0;0
2025-07;MRT-09-0417;0;1,4;2,7;0,0;0,0;1;0
2025-08;MRT-09-0417;1;1,4;2,7;200,83;24,8;0;0
2025-09;MRT-09-0417;0;1,4;2,7;0,0;0,0;1;0
2025-10;MRT-09-0417;2;1,4;2,7;401,66;49,7;0;0
2025-11;MRT-09-0417;4;1,4;2,7;803,33;99,3;0;0
2025-12;MRT-09-0417;1;1,4;2,7;200,83;24,8;0;0
2024-01;MLT-02-0339;2;1,5;2,8;178,57;8,0;0;0
2024-02;MLT-02-0339;0;1,5;2,8;0,0;0,0;1;0
2024-03;MLT-02-0339;4;1,5;2,8;357,15;15,9;0;0
2024-04;MLT-02-0339;4;1,5;2,8;357,15;15,9;0;0
2024-05;MLT-02-0339;2;1,5;2,8;178,57;8,0;0;0
2024-06;MLT-02-0339;2;1,5;2,8;178,57;8,0;0;0
2024-07;MLT-02-0339;3;1,5;2,8;267,86;11,9;0;0
2024-08;MLT-02-0339;0;1,5;2,8;0,0;0,0;1;0
2024-09;MLT-02-0339;2;1,5;2,8;178,57;8,0;0;0
2024-10;MLT-02-0339;0;1,5;2,8;0,0;0,0;1;0
2024-11;MLT-02-0339;3;1,5;2,8;267,86;11,9;0;0
2024-12;MLT-02-0339;1;1,5;2,8;89,29;4,0;0;0
2025-01;MLT-02-0339;2;1,5;2,8;178,57;8,0;0;0
2025-02;MLT-02-0339;2;1,5;2,8;178,57;8,0;0;0
2025-03;MLT-02-0339;2;1,5;2,8;178,57;8,0;0;0
2025-04;MLT-02-0339;2;1,5;2,8;178,57;8,0;0;0
2025-05;MLT-02-0339;2;1,5;2,8;178,57;8,0;0;0
2025-06;MLT-02-0339;3;1,5;2,8;267,86;11,9;0;0
2025-07;MLT-02-0339;4;1,5;2,8;357,15;15,9;0;0
2025-08;MLT-02-0339;4;1,5;2,8;357,15;15,9;0;0
2025-09;MLT-02-0339;2;1,5;2,8;178,57;8,0;0;0
2025-10;MLT-02-0339;3;1,5;2,8;267,86;11,9;0;0
2025-11;MLT-02-0339;3;1,5;2,8;267,86;11,9;0;0
2025-12;MLT-02-0339;3;1,5;2,8;267,86;11,9;0;0
2024-01;MLT-06-0304;2;1,8;2,8;128,38;5,5;0;0
2024-02;MLT-06-0304;3;1,8;2,8;192,57;8,2;0;0
2024-03;MLT-06-0304;4;1,8;2,8;256,75;11,0;0;0
2024-04;MLT-06-0304;1;1,8;2,8;64,19;2,7;0;0
2024-05;MLT-06-0304;2;1,8;2,8;128,38;5,5;0;0
2024-06;MLT-06-0304;1;1,8;2,8;64,19;2,7;0;0
2024-07;MLT-06-0304;3;1,8;2,8;192,57;8,2;0;0
2024-08;MLT-06-0304;2;1,8;2,8;128,38;5,5;0;0
2024-09;MLT-06-0304;0;1,8;2,8;0,0;0,0;1;0
2024-10;MLT-06-0304;1;1,8;2,8;64,19;2,7;0;0
2024-11;MLT-06-0304;2;1,8;2,8;128,38;5,5;0;0
2024-12;MLT-06-0304;2;1,8;2,8;128,38;5,5;0;0
2025-01;MLT-06-0304;1;1,8;2,8;64,19;2,7;0;0
2025-02;MLT-06-0304;2;1,8;2,8;128,38;5,5;0;0
2025-03;MLT-06-0304;2;1,8;2,8;128,38;5,5;0;0
2025-04;MLT-06-0304;2;1,8;2,8;128,38;5,5;0;0
2025-05;MLT-06-0304;0;1,8;2,8;0,0;0,0;1;0
2025-06;MLT-06-0304;0;1,8;2,8;0,0;0,0;1;0
2025-07;MLT-06-0304;4;1,8;2,8;256,75;11,0;0;0
2025-08;MLT-06-0304;1;1,8;2,8;64,19;2,7;0;0
2025-09;MLT-06-0304;1;1,8;2,8;64,19;2,7;0;0
2025-10;MLT-06-0304;0;1,8;2,8;0,0;0,0;1;0
2025-11;MLT-06-0304;1;1,8;2,8;64,19;2,7;0;0
2025-12;MLT-06-0304;2;1,8;2,8;128,38;5,5;0;0
2024-01;MRT-06-0399;1;1;1,5;53,61;6,2;0;0
2024-02;MRT-06-0399;1;1;1,5;53,61;6,2;0;0
2024-03;MRT-06-0399;2;1;1,5;107,23;12,4;0;0
2024-04;MRT-06-0399;2;1;1,5;107,23;12,4;0;0
2024-05;MRT-06-0399;2;1;1,5;107,23;12,4;0;0
2024-06;MRT-06-0399;1;1;1,5;53,61;6,2;0;0
2024-07;MRT-06-0399;1;1;1,5;53,61;6,2;0;0
2024-08;MRT-06-0399;1;1;1,5;53,61;6,2;0;0
2024-09;MRT-06-0399;1;1;1,5;53,61;6,2;0;0
2024-10;MRT-06-0399;0;1;1,5;0,0;0,0;1;0
2024-11;MRT-06-0399;1;1;1,5;53,61;6,2;0;0
2024-12;MRT-06-0399;0;1;1,5;0,0;0,0;1;0
2025-01;MRT-06-0399;0;1;1,5;0,0;0,0;1;0
2025-02;MRT-06-0399;1;1;1,5;53,61;6,2;0;0
2025-03;MRT-06-0399;0;1;1,5;0,0;0,0;1;0
2025-04;MRT-06-0399;0;1;1,5;0,0;0,0;1;0
2025-05;MRT-06-0399;1;1;1,5;53,61;6,2;0;0
2025-06;MRT-06-0399;0;1;1,5;0,0;0,0;1;0
2025-07;MRT-06-0399;1;1;1,5;53,61;6,2;0;0
2025-08;MRT-06-0399;1;1;1,5;53,61;6,2;0;0
2025-09;MRT-06-0399;2;1;1,5;107,23;12,4;0;0
2025-10;MRT-06-0399;2;1;1,5;107,23;12,4;0;0
2025-11;MRT-06-0399;1;1;1,5;53,61;6,2;0;0
2025-12;MRT-06-0399;1;1;1,5;53,61;6,2;0;0
2024-01;AWP-10-0628;1;1;1,6;267,6;37,9;0;0
2024-02;AWP-10-0628;1;1;1,6;267,6;37,9;0;0
2024-03;AWP-10-0628;0;1;1,6;0,0;0,0;1;0
2024-04;AWP-10-0628;2;1;1,6;535,21;75,8;0;0
2024-05;AWP-10-0628;1;1;1,6;267,6;37,9;0;0
2024-06;AWP-10-0628;1;1;1,6;267,6;37,9;0;0
2024-07;AWP-10-0628;1;1;1,6;267,6;37,9;0;0
2024-08;AWP-10-0628;2;1;1,6;535,21;75,8;0;0
2024-09;AWP-10-0628;0;1;1,6;0,0;0,0;1;0
2024-10;AWP-10-0628;2;1;1,6;535,21;75,8;0;0
2024-11;AWP-10-0628;0;1;1,6;0,0;0,0;1;0
2024-12;AWP-10-0628;2;1;1,6;535,21;75,8;0;0
2025-01;AWP-10-0628;0;1;1,6;0,0;0,0;1;0
2025-02;AWP-10-0628;2;1;1,6;535,21;75,8;0;0
2025-03;AWP-10-0628;2;1;1,6;535,21;75,8;0;0
2025-04;AWP-10-0628;1;1;1,6;267,6;37,9;0;0
2025-05;AWP-10-0628;1;1;1,6;267,6;37,9;0;0
2025-06;AWP-10-0628;1;1;1,6;267,6;37,9;0;0
2025-07;AWP-10-0628;1;1;1,6;267,6;37,9;0;0
2025-08;AWP-10-0628;2;1;1,6;535,21;75,8;0;0
2025-09;AWP-10-0628;2;1;1,6;535,21;75,8;0;0
2025-10;AWP-10-0628;1;1;1,6;267,6;37,9;0;0
2025-11;AWP-10-0628;1;1;1,6;267,6;37,9;0;0
2025-12;AWP-10-0628;1;1;1,6;267,6;37,9;0;0
2024-01;MT-06-0181;4;1,7;3,1;338,26;14,3;0;0
2024-02;MT-06-0181;3;1,7;3,1;253,69;10,7;0;0
2024-03;MT-06-0181;0;1,7;3,1;0,0;0,0;1;0
2024-04;MT-06-0181;2;1,7;3,1;169,13;7,1;0;0
2024-05;MT-06-0181;5;1,7;3,1;422,82;17,8;0;0
2024-06;MT-06-0181;5;1,7;3,1;422,82;17,8;0;0
2024-07;MT-06-0181;4;1,7;3,1;338,26;14,3;0;0
2024-08;MT-06-0181;4;1,7;3,1;338,26;14,3;0;0
2024-09;MT-06-0181;3;1,7;3,1;253,69;10,7;0;0
2024-10;MT-06-0181;3;1,7;3,1;253,69;10,7;0;0
2024-11;MT-06-0181;1;1,7;3,1;84,56;3,6;0;0
2024-12;MT-06-0181;4;1,7;3,1;338,26;14,3;0;0
2025-01;MT-06-0181;3;1,7;3,1;253,69;10,7;0;0
2025-02;MT-06-0181;2;1,7;3,1;169,13;7,1;0;0
2025-03;MT-06-0181;1;1,7;3,1;84,56;3,6;0;0
2025-04;MT-06-0181;4;1,7;3,1;338,26;14,3;0;0
2025-05;MT-06-0181;2;1,7;3,1;169,13;7,1;0;0
2025-06;MT-06-0181;0;1,7;3,1;0,0;0,0;1;0
2025-07;MT-06-0181;2;1,7;3,1;169,13;7,1;0;0
2025-08;MT-06-0181;2;1,7;3,1;169,13;7,1;0;0
2025-09;MT-06-0181;1;1,7;3,1;84,56;3,6;0;0
2025-10;MT-06-0181;5;1,7;3,1;422,82;17,8;0;0
2025-11;MT-06-0181;2;1,7;3,1;169,13;7,1;0;0
2025-12;MT-06-0181;4;1,7;3,1;338,26;14,3;0;0
2024-01;MLT-07-0352;12;3,1;5,7;1792,37;64,5;0;0
2024-02;MLT-07-0352;1;3,1;5,7;149,36;5,4;0;0
2024-03;MLT-07-0352;11;3,1;5,7;1643,01;59,1;0;0
2024-04;MLT-07-0352;5;3,1;5,7;746,82;26,9;0;0
2024-05;MLT-07-0352;12;3,1;5,7;1792,37;64,5;0;0
2024-06;MLT-07-0352;10;3,1;5,7;1493,65;53,7;0;0
2024-07;MLT-07-0352;4;3,1;5,7;597,46;21,5;0;0
2024-08;MLT-07-0352;0;3,1;5,7;0,0;0,0;1;0
2024-09;MLT-07-0352;9;3,1;5,7;1344,28;48,4;0;0
2024-10;MLT-07-0352;7;3,1;5,7;1045,55;37,6;0;0
2024-11;MLT-07-0352;6;3,1;5,7;896,19;32,2;0;0
2024-12;MLT-07-0352;3;3,1;5,7;448,09;16,1;0;0
2025-01;MLT-07-0352;1;3,1;5,7;149,36;5,4;0;0
2025-02;MLT-07-0352;3;3,1;5,7;448,09;16,1;0;0
2025-03;MLT-07-0352;6;3,1;5,7;896,19;32,2;0;0
2025-04;MLT-07-0352;5;3,1;5,7;746,82;26,9;0;0
2025-05;MLT-07-0352;4;3,1;5,7;597,46;21,5;0;0
2025-06;MLT-07-0352;3;3,1;5,7;448,09;16,1;0;0
2025-07;MLT-07-0352;1;3,1;5,7;149,36;5,4;0;0
2025-08;MLT-07-0352;3;3,1;5,7;448,09;16,1;0;0
2025-09;MLT-07-0352;5;3,1;5,7;746,82;26,9;0;0
2025-10;MLT-07-0352;10;3,1;5,7;1493,65;53,7;0;0
2025-11;MLT-07-0352;4;3,1;5,7;597,46;21,5;0;0
2025-12;MLT-07-0352;5;3,1;5,7;746,82;26,9;0;0
2024-01;MRT-04-0384;1;1;1,2;411,49;36,0;0;0
2024-02;MRT-04-0384;0;1;1,2;0,0;0,0;1;0
2024-03;MRT-04-0384;1;1;1,2;411,49;36,0;0;0
2024-04;MRT-04-0384;1;1;1,2;411,49;36,0;0;0
2024-05;MRT-04-0384;1;1;1,2;411,49;36,0;0;0
2024-06;MRT-04-0384;1;1;1,2;411,49;36,0;0;0
2024-07;MRT-04-0384;1;1;1,2;411,49;36,0;0;0
2024-08;MRT-04-0384;1;1;1,2;411,49;36,0;0;0
2024-09;MRT-04-0384;1;1;1,2;411,49;36,0;0;0
2024-10;MRT-04-0384;0;1;1,2;0,0;0,0;1;0
2024-11;MRT-04-0384;0;1;1,2;0,0;0,0;1;0
2024-12;MRT-04-0384;1;1;1,2;411,49;36,0;0;0
2025-01;MRT-04-0384;0;1;1,2;0,0;0,0;1;0
2025-02;MRT-04-0384;0;1;1,2;0,0;0,0;1;0
2025-03;MRT-04-0384;1;1;1,2;411,49;36,0;0;0
2025-04;MRT-04-0384;0;1;1,2;0,0;0,0;1;0
2025-05;MRT-04-0384;1;1;1,2;411,49;36,0;0;0
2025-06;MRT-04-0384;0;1;1,2;0,0;0,0;1;0
2025-07;MRT-04-0384;0;1;1,2;0,0;0,0;1;0
2025-08;MRT-04-0384;0;1;1,2;0,0;0,0;1;0
2025-09;MRT-04-0384;0;1;1,2;0,0;0,0;1;0
2025-10;MRT-04-0384;1;1;1,2;411,49;36,0;0;0
2025-11;MRT-04-0384;0;1;1,2;0,0;0,0;1;0
2025-12;MRT-04-0384;0;1;1,2;0,0;0,0;1;0
2024-01;MT-08-0186;19;6,4;11,8;660,49;35,5;0;0
2024-02;MT-08-0186;14;6,4;11,8;486,68;26,2;0;0
2024-03;MT-08-0186;10;6,4;11,8;347,63;18,7;0;0
2024-04;MT-08-0186;7;6,4;11,8;243,34;13,1;0;0
2024-05;MT-08-0186;10;6,4;11,8;347,63;18,7;0;0
2024-06;MT-08-0186;16;6,4;11,8;556,2;29,9;0;0
2024-07;MT-08-0186;14;6,4;11,8;486,68;26,2;0;0
2024-08;MT-08-0186;9;6,4;11,8;312,86;16,8;0;0
2024-09;MT-08-0186;11;6,4;11,8;382,39;20,6;0;0
2024-10;MT-08-0186;9;6,4;11,8;312,86;16,8;0;0
2024-11;MT-08-0186;9;6,4;11,8;312,86;16,8;0;0
2024-12;MT-08-0186;14;6,4;11,8;486,68;26,2;0;0
2025-01;MT-08-0186;15;6,4;11,8;521,44;28,1;0;0
2025-02;MT-08-0186;18;6,4;11,8;625,73;33,7;0;0
2025-03;MT-08-0186;21;6,4;11,8;730,02;39,3;0;0
2025-04;MT-08-0186;18;6,4;11,8;625,73;33,7;0;0
2025-05;MT-08-0186;12;6,4;11,8;417,15;22,4;0;0
2025-06;MT-08-0186;13;6,4;11,8;451,91;24,3;0;0
2025-07;MT-08-0186;11;6,4;11,8;382,39;20,6;0;0
2025-08;MT-08-0186;10;6,4;11,8;347,63;18,7;0;0
2025-09;MT-08-0186;10;6,4;11,8;347,63;18,7;0;0
2025-10;MT-08-0186;14;6,4;11,8;486,68;26,2;0;0
2025-11;MT-08-0186;13;6,4;11,8;451,91;24,3;0;0
2025-12;MT-08-0186;11;6,4;11,8;382,39;20,6;0;0
2024-01;MLT-07-0227;0;1;1,6;0,0;0,0;1;0
2024-02;MLT-07-0227;2;1;1,6;224,18;10,7;0;0
2024-03;MLT-07-0227;0;1;1,6;0,0;0,0;1;0
2024-04;MLT-07-0227;1;1;1,6;112,09;5,3;0;0
2024-05;MLT-07-0227;1;1;1,6;112,09;5,3;0;0
2024-06;MLT-07-0227;1;1;1,6;112,09;5,3;0;0
2024-07;MLT-07-0227;1;1;1,6;112,09;5,3;0;0
2024-08;MLT-07-0227;1;1;1,6;112,09;5,3;0;0
2024-09;MLT-07-0227;0;1;1,6;0,0;0,0;1;0
2024-10;MLT-07-0227;3;1;1,6;336,27;16,0;0;0
2024-11;MLT-07-0227;0;1;1,6;0,0;0,0;1;0
2024-12;MLT-07-0227;1;1;1,6;112,09;5,3;0;0
2025-01;MLT-07-0227;1;1;1,6;112,09;5,3;0;0
2025-02;MLT-07-0227;1;1;1,6;112,09;5,3;0;0
2025-03;MLT-07-0227;0;1;1,6;0,0;0,0;1;0
2025-04;MLT-07-0227;0;1;1,6;0,0;0,0;1;0
2025-05;MLT-07-0227;1;1;1,6;112,09;5,3;0;0
2025-06;MLT-07-0227;3;1;1,6;336,27;16,0;0;0
2025-07;MLT-07-0227;3;1;1,6;336,27;16,0;0;0
2025-08;MLT-07-0227;1;1;1,6;112,09;5,3;0;0
2025-09;MLT-07-0227;2;1;1,6;224,18;10,7;0;0
2025-10;MLT-07-0227;0;1;1,6;0,0;0,0;1;0
2025-11;MLT-07-0227;1;1;1,6;112,09;5,3;0;0
2025-12;MLT-07-0227;1;1;1,6;112,09;5,3;0;0
2024-01;MLT-04-0245;7;5,0;9,2;804,14;35,2;0;0
2024-02;MLT-04-0245;10;5,0;9,2;1148,77;50,3;0;0
2024-03;MLT-04-0245;7;5,0;9,2;804,14;35,2;0;0
2024-04;MLT-04-0245;7;5,0;9,2;804,14;35,2;0;0
2024-05;MLT-04-0245;15;5,0;9,2;1723,16;75,5;0;0
2024-06;MLT-04-0245;15;5,0;9,2;1723,16;75,5;0;0
2024-07;MLT-04-0245;16;5,0;9,2;1838,04;80,6;0;0
2024-08;MLT-04-0245;14;5,0;9,2;1608,28;70,5;0;0
2024-09;MLT-04-0245;6;5,0;9,2;689,26;30,2;0;0
2024-10;MLT-04-0245;12;5,0;9,2;1378,53;60,4;0;0
2024-11;MLT-04-0245;5;5,0;9,2;574,39;25,2;0;0
2024-12;MLT-04-0245;21;5,0;9,2;2412,43;105,7;0;0
2025-01;MLT-04-0245;4;5,0;9,2;459,51;20,1;0;0
2025-02;MLT-04-0245;11;5,0;9,2;1263,65;55,4;0;0
2025-03;MLT-04-0245;12;5,0;9,2;1378,53;60,4;0;0
2025-04;MLT-04-0245;13;5,0;9,2;1493,41;65,5;0;0
2025-05;MLT-04-0245;15;5,0;9,2;1723,16;75,5;0;0
2025-06;MLT-04-0245;0;5,0;9,2;0,0;0,0;1;0
2025-07;MLT-04-0245;5;5,0;9,2;574,39;25,2;0;0
2025-08;MLT-04-0245;11;5,0;9,2;1263,65;55,4;0;0
2025-09;MLT-04-0245;12;5,0;9,2;1378,53;60,4;0;0
2025-10;MLT-04-0245;18;5,0;9,2;2067,79;90,6;0;0
2025-11;MLT-04-0245;6;5,0;9,2;689,26;30,2;0;0
2025-12;MLT-04-0245;13;5,0;9,2;1493,41;65,5;0;0
2024-01;LOAD-M-04-0871;5;1,8;3,3;3063,89;150,0;0;0
2024-02;LOAD-M-04-0871;5;1,8;3,3;3063,89;150,0;0;0
2024-03;LOAD-M-04-0871;3;1,8;3,3;1838,33;90,0;0;0
2024-04;LOAD-M-04-0871;2;1,8;3,3;1225,56;60,0;0;0
2024-05;LOAD-M-04-0871;1;1,8;3,3;612,78;30,0;0;0
2024-06;LOAD-M-04-0871;3;1,8;3,3;1838,33;90,0;0;0
2024-07;LOAD-M-04-0871;5;1,8;3,3;3063,89;150,0;0;0
2024-08;LOAD-M-04-0871;6;1,8;3,3;3676,67;180,0;0;0
2024-09;LOAD-M-04-0871;3;1,8;3,3;1838,33;90,0;0;0
2024-10;LOAD-M-04-0871;2;1,8;3,3;1225,56;60,0;0;0
2024-11;LOAD-M-04-0871;1;1,8;3,3;612,78;30,0;0;0
2024-12;LOAD-M-04-0871;3;1,8;3,3;1838,33;90,0;0;0
2025-01;LOAD-M-04-0871;2;1,8;3,3;1225,56;60,0;0;0
2025-02;LOAD-M-04-0871;0;1,8;3,3;0,0;0,0;1;0
2025-03;LOAD-M-04-0871;5;1,8;3,3;3063,89;150,0;0;0
2025-04;LOAD-M-04-0871;3;1,8;3,3;1838,33;90,0;0;0
2025-05;LOAD-M-04-0871;3;1,8;3,3;1838,33;90,0;0;0
2025-06;LOAD-M-04-0871;3;1,8;3,3;1838,33;90,0;0;0
2025-07;LOAD-M-04-0871;1;1,8;3,3;612,78;30,0;0;0
2025-08;LOAD-M-04-0871;1;1,8;3,3;612,78;30,0;0;0
2025-09;LOAD-M-04-0871;3;1,8;3,3;1838,33;90,0;0;0
2025-10;LOAD-M-04-0871;5;1,8;3,3;3063,89;150,0;0;0
2025-11;LOAD-M-04-0871;3;1,8;3,3;1838,33;90,0;0;0
2025-12;LOAD-M-04-0871;2;1,8;3,3;1225,56;60,0;0;0
2024-01;MLT-08-0208;9;2,9;5,3;234,03;11,2;0;0
2024-02;MLT-08-0208;9;2,9;5,3;234,03;11,2;0;0
2024-03;MLT-08-0208;9;2,9;5,3;234,03;11,2;0;0
2024-04;MLT-08-0208;9;2,9;5,3;234,03;11,2;0;0
2024-05;MLT-08-0208;2;2,9;5,3;52,01;2,5;0;0
2024-06;MLT-08-0208;4;2,9;5,3;104,01;5,0;0;0
2024-07;MLT-08-0208;2;2,9;5,3;52,01;2,5;0;0
2024-08;MLT-08-0208;8;2,9;5,3;208,02;10,0;0;0
2024-09;MLT-08-0208;7;2,9;5,3;182,02;8,8;0;0
2024-10;MLT-08-0208;8;2,9;5,3;208,02;10,0;0;0
2024-11;MLT-08-0208;6;2,9;5,3;156,02;7,5;0;0
2024-12;MLT-08-0208;1;2,9;5,3;26,0;1,2;0;0
2025-01;MLT-08-0208;2;2,9;5,3;52,01;2,5;0;0
2025-02;MLT-08-0208;3;2,9;5,3;78,01;3,8;0;0
2025-03;MLT-08-0208;7;2,9;5,3;182,02;8,8;0;0
2025-04;MLT-08-0208;2;2,9;5,3;52,01;2,5;0;0
2025-05;MLT-08-0208;9;2,9;5,3;234,03;11,2;0;0
2025-06;MLT-08-0208;4;2,9;5,3;104,01;5,0;0;0
2025-07;MLT-08-0208;4;2,9;5,3;104,01;5,0;0;0
2025-08;MLT-08-0208;2;2,9;5,3;52,01;2,5;0;0
2025-09;MLT-08-0208;6;2,9;5,3;156,02;7,5;0;0
2025-10;MLT-08-0208;6;2,9;5,3;156,02;7,5;0;0
2025-11;MLT-08-0208;11;2,9;5,3;286,03;13,8;0;0
2025-12;MLT-08-0208;4;2,9;5,3;104,01;5,0;0;0
2024-01;LOAD-03-0715;3;1,4;2,6;668,62;52,7;0;0
2024-02;LOAD-03-0715;1;1,4;2,6;222,87;17,6;0;0
2024-03;LOAD-03-0715;1;1,4;2,6;222,87;17,6;0;0
2024-04;LOAD-03-0715;1;1,4;2,6;222,87;17,6;0;0
2024-05;LOAD-03-0715;1;1,4;2,6;222,87;17,6;0;0
2024-06;LOAD-03-0715;2;1,4;2,6;445,75;35,1;0;0
2024-07;LOAD-03-0715;2;1,4;2,6;445,75;35,1;0;0
2024-08;LOAD-03-0715;2;1,4;2,6;445,75;35,1;0;0
2024-09;LOAD-03-0715;2;1,4;2,6;445,75;35,1;0;0
2024-10;LOAD-03-0715;0;1,4;2,6;0,0;0,0;1;0
2024-11;LOAD-03-0715;1;1,4;2,6;222,87;17,6;0;0
2024-12;LOAD-03-0715;1;1,4;2,6;222,87;17,6;0;0
2025-01;LOAD-03-0715;4;1,4;2,6;891,5;70,2;0;0
2025-02;LOAD-03-0715;0;1,4;2,6;0,0;0,0;1;0
2025-03;LOAD-03-0715;1;1,4;2,6;222,87;17,6;0;0
2025-04;LOAD-03-0715;1;1,4;2,6;222,87;17,6;0;0
2025-05;LOAD-03-0715;3;1,4;2,6;668,62;52,7;0;0
2025-06;LOAD-03-0715;5;1,4;2,6;1114,37;87,8;0;0
2025-07;LOAD-03-0715;6;1,4;2,6;1337,24;105,4;0;0
2025-08;LOAD-03-0715;0;1,4;2,6;0,0;0,0;1;0
2025-09;LOAD-03-0715;1;1,4;2,6;222,87;17,6;0;0
2025-10;LOAD-03-0715;0;1,4;2,6;0,0;0,0;1;0
2025-11;LOAD-03-0715;0;1,4;2,6;0,0;0,0;1;0
2025-12;LOAD-03-0715;1;1,4;2,6;222,87;17,6;0;0
2024-01;LOAD-M-05-0877;0;1;1,2;0,0;0,0;1;0
2024-02;LOAD-M-05-0877;1;1;1,2;88,63;20,6;0;0
2024-03;LOAD-M-05-0877;0;1;1,2;0,0;0,0;1;0
2024-04;LOAD-M-05-0877;0;1;1,2;0,0;0,0;1;0
2024-05;LOAD-M-05-0877;1;1;1,2;88,63;20,6;0;0
2024-06;LOAD-M-05-0877;1;1;1,2;88,63;20,6;0;0
2024-07;LOAD-M-05-0877;0;1;1,2;0,0;0,0;1;0
2024-08;LOAD-M-05-0877;0;1;1,2;0,0;0,0;1;0
2024-09;LOAD-M-05-0877;0;1;1,2;0,0;0,0;1;0
2024-10;LOAD-M-05-0877;0;1;1,2;0,0;0,0;1;0
2024-11;LOAD-M-05-0877;1;1;1,2;88,63;20,6;0;0
2024-12;LOAD-M-05-0877;1;1;1,2;88,63;20,6;0;0
2025-01;LOAD-M-05-0877;1;1;1,2;88,63;20,6;0;0
2025-02;LOAD-M-05-0877;1;1;1,2;88,63;20,6;0;0
2025-03;LOAD-M-05-0877;1;1;1,2;88,63;20,6;0;0
2025-04;LOAD-M-05-0877;1;1;1,2;88,63;20,6;0;0
2025-05;LOAD-M-05-0877;0;1;1,2;0,0;0,0;1;0
2025-06;LOAD-M-05-0877;0;1;1,2;0,0;0,0;1;0
2025-07;LOAD-M-05-0877;0;1;1,2;0,0;0,0;1;0
2025-08;LOAD-M-05-0877;1;1;1,2;88,63;20,6;0;0
2025-09;LOAD-M-05-0877;0;1;1,2;0,0;0,0;1;0
2025-10;LOAD-M-05-0877;0;1;1,2;0,0;0,0;1;0
2025-11;LOAD-M-05-0877;1;1;1,2;88,63;20,6;0;0
2025-12;LOAD-M-05-0877;1;1;1,2;88,63;20,6;0;0
2024-01;MI-MC-01-0507;2;1,2;2,0;89,09;7,7;0;0
2024-02;MI-MC-01-0507;0;1,2;2,0;0,0;0,0;1;0
2024-03;MI-MC-01-0507;2;1,2;2,0;89,09;7,7;0;0
2024-04;MI-MC-01-0507;2;1,2;2,0;89,09;7,7;0;0
2024-05;MI-MC-01-0507;2;1,2;2,0;89,09;7,7;0;0
2024-06;MI-MC-01-0507;1;1,2;2,0;44,54;3,9;0;0
2024-07;MI-MC-01-0507;1;1,2;2,0;44,54;3,9;0;0
2024-08;MI-MC-01-0507;1;1,2;2,0;44,54;3,9;0;0
2024-09;MI-MC-01-0507;2;1,2;2,0;89,09;7,7;0;0
2024-10;MI-MC-01-0507;0;1,2;2,0;0,0;0,0;1;0
2024-11;MI-MC-01-0507;1;1,2;2,0;44,54;3,9;0;0
2024-12;MI-MC-01-0507;2;1,2;2,0;89,09;7,7;0;0
2025-01;MI-MC-01-0507;1;1,2;2,0;44,54;3,9;0;0
2025-02;MI-MC-01-0507;3;1,2;2,0;133,63;11,6;0;0
2025-03;MI-MC-01-0507;4;1,2;2,0;178,18;15,5;0;0
2025-04;MI-MC-01-0507;2;1,2;2,0;89,09;7,7;0;0
2025-05;MI-MC-01-0507;2;1,2;2,0;89,09;7,7;0;0
2025-06;MI-MC-01-0507;3;1,2;2,0;133,63;11,6;0;0
2025-07;MI-MC-01-0507;3;1,2;2,0;133,63;11,6;0;0
2025-08;MI-MC-01-0507;2;1,2;2,0;89,09;7,7;0;0
2025-09;MI-MC-01-0507;0;1,2;2,0;0,0;0,0;1;0
2025-10;MI-MC-01-0507;1;1,2;2,0;44,54;3,9;0;0
2025-11;MI-MC-01-0507;3;1,2;2,0;133,63;11,6;0;0
2025-12;MI-MC-01-0507;0;1,2;2,0;0,0;0,0;1;0
2024-01;MLT-06-0350;1;1,1;2,0;138,04;5,4;0;0
2024-02;MLT-06-0350;1;1,1;2,0;138,04;5,4;0;0
2024-03;MLT-06-0350;2;1,1;2,0;276,07;10,8;0;0
2024-04;MLT-06-0350;3;1,1;2,0;414,11;16,2;0;0
2024-05;MLT-06-0350;1;1,1;2,0;138,04;5,4;0;0
2024-06;MLT-06-0350;2;1,1;2,0;276,07;10,8;0;0
2024-07;MLT-06-0350;2;1,1;2,0;276,07;10,8;0;0
2024-08;MLT-06-0350;1;1,1;2,0;138,04;5,4;0;0
2024-09;MLT-06-0350;3;1,1;2,0;414,11;16,2;0;0
2024-10;MLT-06-0350;2;1,1;2,0;276,07;10,8;0;0
2024-11;MLT-06-0350;3;1,1;2,0;414,11;16,2;0;0
2024-12;MLT-06-0350;2;1,1;2,0;276,07;10,8;0;0
2025-01;MLT-06-0350;2;1,1;2,0;276,07;10,8;0;0
2025-02;MLT-06-0350;3;1,1;2,0;414,11;16,2;0;0
2025-03;MLT-06-0350;0;1,1;2,0;0,0;0,0;1;0
2025-04;MLT-06-0350;3;1,1;2,0;414,11;16,2;0;0
2025-05;MLT-06-0350;3;1,1;2,0;414,11;16,2;0;0
2025-06;MLT-06-0350;1;1,1;2,0;138,04;5,4;0;0
2025-07;MLT-06-0350;0;1,1;2,0;0,0;0,0;1;0
2025-08;MLT-06-0350;3;1,1;2,0;414,11;16,2;0;0
2025-09;MLT-06-0350;1;1,1;2,0;138,04;5,4;0;0
2025-10;MLT-06-0350;1;1,1;2,0;138,04;5,4;0;0
2025-11;MLT-06-0350;1;1,1;2,0;138,04;5,4;0;0
2025-12;MLT-06-0350;2;1,1;2,0;276,07;10,8;0;0
2024-01;MLT-03-0353;0;7,7;12,5;0,0;0,0;1;0
2024-02;MLT-03-0353;8;7,7;12,5;3050,8;74,8;0;0
2024-03;MLT-03-0353;14;7,7;12,5;5338,91;130,9;0;0
2024-04;MLT-03-0353;7;7,7;12,5;2669,45;65,5;0;0
2024-05;MLT-03-0353;19;7,7;12,5;7245,66;177,7;0;0
2024-06;MLT-03-0353;12;7,7;12,5;4576,21;112,2;0;0
2024-07;MLT-03-0353;16;7,7;12,5;6101,61;149,6;0;0
2024-08;MLT-03-0353;16;7,7;12,5;6101,61;149,6;0;0
2024-09;MLT-03-0353;14;7,7;12,5;5338,91;130,9;0;0
2024-10;MLT-03-0353;11;7,7;12,5;4194,86;102,9;0;0
2024-11;MLT-03-0353;1;7,7;12,5;381,35;9,4;0;0
2024-12;MLT-03-0353;7;7,7;12,5;2669,45;65,5;0;0
2025-01;MLT-03-0353;2;7,7;12,5;762,7;18,7;0;0
2025-02;MLT-03-0353;18;7,7;12,5;6864,31;168,3;0;0
2025-03;MLT-03-0353;13;7,7;12,5;4957,56;121,6;0;0
2025-04;MLT-03-0353;16;7,7;12,5;6101,61;149,6;0;0
2025-05;MLT-03-0353;16;7,7;12,5;6101,61;149,6;0;0
2025-06;MLT-03-0353;16;7,7;12,5;6101,61;149,6;0;0
2025-07;MLT-03-0353;9;7,7;12,5;3432,15;84,2;0;0
2025-08;MLT-03-0353;26;7,7;12,5;9915,11;243,1;0;0
2025-09;MLT-03-0353;0;7,7;12,5;0,0;0,0;1;0
2025-10;MLT-03-0353;8;7,7;12,5;3050,8;74,8;0;0
2025-11;MLT-03-0353;15;7,7;12,5;5720,26;140,3;0;0
2025-12;MLT-03-0353;13;7,7;12,5;4957,56;121,6;0;0
2024-01;MT-06-0010;0;3,2;5,9;0,0;0,0;1;0
2024-02;MT-06-0010;5;3,2;5,9;506,82;26,1;0;0
2024-03;MT-06-0010;6;3,2;5,9;608,18;31,3;0;0
2024-04;MT-06-0010;10;3,2;5,9;1013,63;52,2;0;0
2024-05;MT-06-0010;0;3,2;5,9;0,0;0,0;1;0
2024-06;MT-06-0010;6;3,2;5,9;608,18;31,3;0;0
2024-07;MT-06-0010;7;3,2;5,9;709,54;36,5;0;0
2024-08;MT-06-0010;8;3,2;5,9;810,91;41,7;0;0
2024-09;MT-06-0010;8;3,2;5,9;810,91;41,7;0;0
2024-10;MT-06-0010;0;3,2;5,9;0,0;0,0;1;0
2024-11;MT-06-0010;4;3,2;5,9;405,45;20,9;0;0
2024-12;MT-06-0010;3;3,2;5,9;304,09;15,7;0;0
2025-01;MT-06-0010;1;3,2;5,9;101,36;5,2;0;0
2025-02;MT-06-0010;8;3,2;5,9;810,91;41,7;0;0
2025-03;MT-06-0010;4;3,2;5,9;405,45;20,9;0;0
2025-04;MT-06-0010;7;3,2;5,9;709,54;36,5;0;0
2025-05;MT-06-0010;6;3,2;5,9;608,18;31,3;0;0
2025-06;MT-06-0010;7;3,2;5,9;709,54;36,5;0;0
2025-07;MT-06-0010;8;3,2;5,9;810,91;41,7;0;0
2025-08;MT-06-0010;7;3,2;5,9;709,54;36,5;0;0
2025-09;MT-06-0010;4;3,2;5,9;405,45;20,9;0;0
2025-10;MT-06-0010;10;3,2;5,9;1013,63;52,2;0;0
2025-11;MT-06-0010;6;3,2;5,9;608,18;31,3;0;0
2025-12;MT-06-0010;6;3,2;5,9;608,18;31,3;0;0
2024-01;AWP-02-0688;1;1;1,2;257,23;27,7;0;0
2024-02;AWP-02-0688;1;1;1,2;257,23;27,7;0;0
2024-03;AWP-02-0688;1;1;1,2;257,23;27,7;0;0
2024-04;AWP-02-0688;1;1;1,2;257,23;27,7;0;0
2024-05;AWP-02-0688;0;1;1,2;0,0;0,0;1;0
2024-06;AWP-02-0688;1;1;1,2;257,23;27,7;0;0
2024-07;AWP-02-0688;0;1;1,2;0,0;0,0;1;0
2024-08;AWP-02-0688;1;1;1,2;257,23;27,7;0;0
2024-09;AWP-02-0688;1;1;1,2;257,23;27,7;0;0
2024-10;AWP-02-0688;1;1;1,2;257,23;27,7;0;0
2024-11;AWP-02-0688;1;1;1,2;257,23;27,7;0;0
2024-12;AWP-02-0688;1;1;1,2;257,23;27,7;0;0
2025-01;AWP-02-0688;0;1;1,2;0,0;0,0;1;0
2025-02;AWP-02-0688;0;1;1,2;0,0;0,0;1;0
2025-03;AWP-02-0688;0;1;1,2;0,0;0,0;1;0
2025-04;AWP-02-0688;1;1;1,2;257,23;27,7;0;0
2025-05;AWP-02-0688;1;1;1,2;257,23;27,7;0;0
2025-06;AWP-02-0688;1;1;1,2;257,23;27,7;0;0
2025-07;AWP-02-0688;1;1;1,2;257,23;27,7;0;0
2025-08;AWP-02-0688;1;1;1,2;257,23;27,7;0;0
2025-09;AWP-02-0688;1;1;1,2;257,23;27,7;0;0
2025-10;AWP-02-0688;1;1;1,2;257,23;27,7;0;0
2025-11;AWP-02-0688;2;1;1,2;514,45;55,4;0;0
2025-12;AWP-02-0688;1;1;1,2;257,23;27,7;0;0
2024-01;LOAD-09-0773;2;1,5;2,7;371,96;22,9;0;0
2024-02;LOAD-09-0773;3;1,5;2,7;557,94;34,3;0;0
2024-03;LOAD-09-0773;1;1,5;2,7;185,98;11,4;0;0
2024-04;LOAD-09-0773;3;1,5;2,7;557,94;34,3;0;0
2024-05;LOAD-09-0773;1;1,5;2,7;185,98;11,4;0;0
2024-06;LOAD-09-0773;0;1,5;2,7;0,0;0,0;1;0
2024-07;LOAD-09-0773;3;1,5;2,7;557,94;34,3;0;0
2024-08;LOAD-09-0773;1;1,5;2,7;185,98;11,4;0;0
2024-09;LOAD-09-0773;3;1,5;2,7;557,94;34,3;0;0
2024-10;LOAD-09-0773;0;1,5;2,7;0,0;0,0;1;0
2024-11;LOAD-09-0773;2;1,5;2,7;371,96;22,9;0;0
2024-12;LOAD-09-0773;2;1,5;2,7;371,96;22,9;0;0
2025-01;LOAD-09-0773;2;1,5;2,7;371,96;22,9;0;0
2025-02;LOAD-09-0773;4;1,5;2,7;743,92;45,7;0;0
2025-03;LOAD-09-0773;2;1,5;2,7;371,96;22,9;0;0
2025-04;LOAD-09-0773;2;1,5;2,7;371,96;22,9;0;0
2025-05;LOAD-09-0773;1;1,5;2,7;185,98;11,4;0;0
2025-06;LOAD-09-0773;2;1,5;2,7;371,96;22,9;0;0
2025-07;LOAD-09-0773;4;1,5;2,7;743,92;45,7;0;0
2025-08;LOAD-09-0773;3;1,5;2,7;557,94;34,3;0;0
2025-09;LOAD-09-0773;1;1,5;2,7;185,98;11,4;0;0
2025-10;LOAD-09-0773;1;1,5;2,7;185,98;11,4;0;0
2025-11;LOAD-09-0773;4;1,5;2,7;743,92;45,7;0;0
2025-12;LOAD-09-0773;1;1,5;2,7;185,98;11,4;0;0
2024-01;MLT-07-0298;10;4,2;7,7;3065,22;128,6;0;0
2024-02;MLT-07-0298;8;4,2;7,7;2452,17;102,9;0;0
2024-03;MLT-07-0298;12;4,2;7,7;3678,26;154,3;0;0
2024-04;MLT-07-0298;7;4,2;7,7;2145,65;90,0;0;0
2024-05;MLT-07-0298;11;4,2;7,7;3371,74;141,4;0;0
2024-06;MLT-07-0298;6;4,2;7,7;1839,13;77,1;0;0
2024-07;MLT-07-0298;9;4,2;7,7;2758,69;115,7;0;0
2024-08;MLT-07-0298;9;4,2;7,7;2758,69;115,7;0;0
2024-09;MLT-07-0298;9;4,2;7,7;2758,69;115,7;0;0
2024-10;MLT-07-0298;5;4,2;7,7;1532,61;64,3;0;0
2024-11;MLT-07-0298;5;4,2;7,7;1532,61;64,3;0;0
2024-12;MLT-07-0298;15;4,2;7,7;4597,82;192,9;0;0
2025-01;MLT-07-0298;9;4,2;7,7;2758,69;115,7;0;0
2025-02;MLT-07-0298;13;4,2;7,7;3984,78;167,1;0;0
2025-03;MLT-07-0298;10;4,2;7,7;3065,22;128,6;0;0
2025-04;MLT-07-0298;4;4,2;7,7;1226,09;51,4;0;0
2025-05;MLT-07-0298;0;4,2;7,7;0,0;0,0;1;0
2025-06;MLT-07-0298;0;4,2;7,7;0,0;0,0;1;0
2025-07;MLT-07-0298;22;4,2;7,7;6743,48;282,9;0;0
2025-08;MLT-07-0298;2;4,2;7,7;613,04;25,7;0;0
2025-09;MLT-07-0298;5;4,2;7,7;1532,61;64,3;0;0
2025-10;MLT-07-0298;10;4,2;7,7;3065,22;128,6;0;0
2025-11;MLT-07-0298;5;4,2;7,7;1532,61;64,3;0;0
2025-12;MLT-07-0298;9;4,2;7,7;2758,69;115,7;0;0
2024-01;AWP-09-0668;10;4,6;7,5;685,79;72,7;0;0
2024-02;AWP-09-0668;8;4,6;7,5;548,63;58,2;0;0
2024-03;AWP-09-0668;10;4,6;7,5;685,79;72,7;0;0
2024-04;AWP-09-0668;12;4,6;7,5;822,95;87,3;0;0
2024-05;AWP-09-0668;5;4,6;7,5;342,9;36,4;0;0
2024-06;AWP-09-0668;7;4,6;7,5;480,05;50,9;0;0
2024-07;AWP-09-0668;9;4,6;7,5;617,21;65,5;0;0
2024-08;AWP-09-0668;12;4,6;7,5;822,95;87,3;0;0
2024-09;AWP-09-0668;2;4,6;7,5;137,16;14,5;0;0
2024-10;AWP-09-0668;7;4,6;7,5;480,05;50,9;0;0
2024-11;AWP-09-0668;1;4,6;7,5;68,58;7,3;0;0
2024-12;AWP-09-0668;14;4,6;7,5;960,11;101,8;0;0
2025-01;AWP-09-0668;5;4,6;7,5;342,9;36,4;0;0
2025-02;AWP-09-0668;11;4,6;7,5;754,37;80,0;0;0
2025-03;AWP-09-0668;5;4,6;7,5;342,9;36,4;0;0
2025-04;AWP-09-0668;7;4,6;7,5;480,05;50,9;0;0
2025-05;AWP-09-0668;8;4,6;7,5;548,63;58,2;0;0
2025-06;AWP-09-0668;5;4,6;7,5;342,9;36,4;0;0
2025-07;AWP-09-0668;14;4,6;7,5;960,11;101,8;0;0
2025-08;AWP-09-0668;6;4,6;7,5;411,48;43,6;0;0
2025-09;AWP-09-0668;6;4,6;7,5;411,48;43,6;0;0
2025-10;AWP-09-0668;0;4,6;7,5;0,0;0,0;1;0
2025-11;AWP-09-0668;12;4,6;7,5;822,95;87,3;0;0
2025-12;AWP-09-0668;8;4,6;7,5;548,63;58,2;0;0
2024-01;MRT-09-0439;1;1;1,6;124,19;16,4;0;0
2024-02;MRT-09-0439;0;1;1,6;0,0;0,0;1;0
2024-03;MRT-09-0439;2;1;1,6;248,37;32,7;0;0
2024-04;MRT-09-0439;2;1;1,6;248,37;32,7;0;0
2024-05;MRT-09-0439;1;1;1,6;124,19;16,4;0;0
2024-06;MRT-09-0439;1;1;1,6;124,19;16,4;0;0
2024-07;MRT-09-0439;1;1;1,6;124,19;16,4;0;0
2024-08;MRT-09-0439;0;1;1,6;0,0;0,0;1;0
2024-09;MRT-09-0439;1;1;1,6;124,19;16,4;0;0
2024-10;MRT-09-0439;1;1;1,6;124,19;16,4;0;0
2024-11;MRT-09-0439;1;1;1,6;124,19;16,4;0;0
2024-12;MRT-09-0439;1;1;1,6;124,19;16,4;0;0
2025-01;MRT-09-0439;0;1;1,6;0,0;0,0;1;0
2025-02;MRT-09-0439;2;1;1,6;248,37;32,7;0;0
2025-03;MRT-09-0439;1;1;1,6;124,19;16,4;0;0
2025-04;MRT-09-0439;1;1;1,6;124,19;16,4;0;0
2025-05;MRT-09-0439;2;1;1,6;248,37;32,7;0;0
2025-06;MRT-09-0439;2;1;1,6;248,37;32,7;0;0
2025-07;MRT-09-0439;2;1;1,6;248,37;32,7;0;0
2025-08;MRT-09-0439;0;1;1,6;0,0;0,0;1;0
2025-09;MRT-09-0439;0;1;1,6;0,0;0,0;1;0
2025-10;MRT-09-0439;2;1;1,6;248,37;32,7;0;0
2025-11;MRT-09-0439;2;1;1,6;248,37;32,7;0;0
2025-12;MRT-09-0439;1;1;1,6;124,19;16,4;0;0
2024-01;TMM-07-0611;6;3,3;6,0;733,08;98,2;0;0
2024-02;TMM-07-0611;5;3,3;6,0;610,9;81,8;0;0
2024-03;TMM-07-0611;8;3,3;6,0;977,44;130,9;0;0
2024-04;TMM-07-0611;3;3,3;6,0;366,54;49,1;0;0
2024-05;TMM-07-0611;5;3,3;6,0;610,9;81,8;0;0
2024-06;TMM-07-0611;5;3,3;6,0;610,9;81,8;0;0
2024-07;TMM-07-0611;4;3,3;6,0;488,72;65,5;0;0
2024-08;TMM-07-0611;9;3,3;6,0;1099,62;147,3;0;0
2024-09;TMM-07-0611;10;3,3;6,0;1221,8;163,6;0;0
2024-10;TMM-07-0611;13;3,3;6,0;1588,34;212,7;0;0
2024-11;TMM-07-0611;4;3,3;6,0;488,72;65,5;0;0
2024-12;TMM-07-0611;6;3,3;6,0;733,08;98,2;0;0
2025-01;TMM-07-0611;5;3,3;6,0;610,9;81,8;0;0
2025-02;TMM-07-0611;5;3,3;6,0;610,9;81,8;0;0
2025-03;TMM-07-0611;3;3,3;6,0;366,54;49,1;0;0
2025-04;TMM-07-0611;1;3,3;6,0;122,18;16,4;0;0
2025-05;TMM-07-0611;1;3,3;6,0;122,18;16,4;0;0
2025-06;TMM-07-0611;4;3,3;6,0;488,72;65,5;0;0
2025-07;TMM-07-0611;5;3,3;6,0;610,9;81,8;0;0
2025-08;TMM-07-0611;5;3,3;6,0;610,9;81,8;0;0
2025-09;TMM-07-0611;5;3,3;6,0;610,9;81,8;0;0
2025-10;TMM-07-0611;4;3,3;6,0;488,72;65,5;0;0
2025-11;TMM-07-0611;12;3,3;6,0;1466,16;196,4;0;0
2025-12;TMM-07-0611;6;3,3;6,0;733,08;98,2;0;0
2024-01;AWP-03-0698;0;1;1,6;0,0;0,0;1;0
2024-02;AWP-03-0698;0;1;1,6;0,0;0,0;1;0
2024-03;AWP-03-0698;2;1;1,6;630,22;68,6;0;0
2024-04;AWP-03-0698;1;1;1,6;315,11;34,3;0;0
2024-05;AWP-03-0698;3;1;1,6;945,33;102,9;0;0
2024-06;AWP-03-0698;1;1;1,6;315,11;34,3;0;0
2024-07;AWP-03-0698;2;1;1,6;630,22;68,6;0;0
2024-08;AWP-03-0698;2;1;1,6;630,22;68,6;0;0
2024-09;AWP-03-0698;1;1;1,6;315,11;34,3;0;0
2024-10;AWP-03-0698;1;1;1,6;315,11;34,3;0;0
2024-11;AWP-03-0698;1;1;1,6;315,11;34,3;0;0
2024-12;AWP-03-0698;2;1;1,6;630,22;68,6;0;0
2025-01;AWP-03-0698;1;1;1,6;315,11;34,3;0;0
2025-02;AWP-03-0698;1;1;1,6;315,11;34,3;0;0
2025-03;AWP-03-0698;0;1;1,6;0,0;0,0;1;0
2025-04;AWP-03-0698;2;1;1,6;630,22;68,6;0;0
2025-05;AWP-03-0698;1;1;1,6;315,11;34,3;0;0
2025-06;AWP-03-0698;1;1;1,6;315,11;34,3;0;0
2025-07;AWP-03-0698;0;1;1,6;0,0;0,0;1;0
2025-08;AWP-03-0698;1;1;1,6;315,11;34,3;0;0
2025-09;AWP-03-0698;1;1;1,6;315,11;34,3;0;0
2025-10;AWP-03-0698;2;1;1,6;630,22;68,6;0;0
2025-11;AWP-03-0698;1;1;1,6;315,11;34,3;0;0
2025-12;AWP-03-0698;1;1;1,6;315,11;34,3;0;0
2024-01;LOAD-09-0784;30;10,2;18,7;1798,25;158,8;0;0
2024-02;LOAD-09-0784;19;10,2;18,7;1138,89;100,6;0;0
2024-03;LOAD-09-0784;7;10,2;18,7;419,59;37,1;0;0
2024-04;LOAD-09-0784;25;10,2;18,7;1498,54;132,4;0;0
2024-05;LOAD-09-0784;29;10,2;18,7;1738,31;153,5;0;0
2024-06;LOAD-09-0784;18;10,2;18,7;1078,95;95,3;0;0
2024-07;LOAD-09-0784;8;10,2;18,7;479,53;42,4;0;0
2024-08;LOAD-09-0784;26;10,2;18,7;1558,48;137,6;0;0
2024-09;LOAD-09-0784;28;10,2;18,7;1678,36;148,2;0;0
2024-10;LOAD-09-0784;25;10,2;18,7;1498,54;132,4;0;0
2024-11;LOAD-09-0784;15;10,2;18,7;899,12;79,4;0;0
2024-12;LOAD-09-0784;26;10,2;18,7;1558,48;137,6;0;0
2025-01;LOAD-09-0784;34;10,2;18,7;2038,01;180,0;0;0
2025-02;LOAD-09-0784;33;10,2;18,7;1978,07;174,7;0;0
2025-03;LOAD-09-0784;16;10,2;18,7;959,07;84,7;0;0
2025-04;LOAD-09-0784;25;10,2;18,7;1498,54;132,4;0;0
2025-05;LOAD-09-0784;26;10,2;18,7;1558,48;137,6;0;0
2025-06;LOAD-09-0784;26;10,2;18,7;1558,48;137,6;0;0
2025-07;LOAD-09-0784;30;10,2;18,7;1798,25;158,8;0;0
2025-08;LOAD-09-0784;21;10,2;18,7;1258,77;111,2;0;0
2025-09;LOAD-09-0784;15;10,2;18,7;899,12;79,4;0;0
2025-10;LOAD-09-0784;21;10,2;18,7;1258,77;111,2;0;0
2025-11;LOAD-09-0784;15;10,2;18,7;899,12;79,4;0;0
2025-12;LOAD-09-0784;10;10,2;18,7;599,42;52,9;0;0
2024-01;MLT-03-0319;1;1;1,5;360,37;19,5;0;0
2024-02;MLT-03-0319;2;1;1,5;720,74;38,9;0;0
2024-03;MLT-03-0319;2;1;1,5;720,74;38,9;0;0
2024-04;MLT-03-0319;2;1;1,5;720,74;38,9;0;0
2024-05;MLT-03-0319;2;1;1,5;720,74;38,9;0;0
2024-06;MLT-03-0319;2;1;1,5;720,74;38,9;0;0
2024-07;MLT-03-0319;0;1;1,5;0,0;0,0;1;0
2024-08;MLT-03-0319;0;1;1,5;0,0;0,0;1;0
2024-09;MLT-03-0319;1;1;1,5;360,37;19,5;0;0
2024-10;MLT-03-0319;1;1;1,5;360,37;19,5;0;0
2024-11;MLT-03-0319;1;1;1,5;360,37;19,5;0;0
2024-12;MLT-03-0319;1;1;1,5;360,37;19,5;0;0
2025-01;MLT-03-0319;2;1;1,5;720,74;38,9;0;0
2025-02;MLT-03-0319;1;1;1,5;360,37;19,5;0;0
2025-03;MLT-03-0319;1;1;1,5;360,37;19,5;0;0
2025-04;MLT-03-0319;2;1;1,5;720,74;38,9;0;0
2025-05;MLT-03-0319;2;1;1,5;720,74;38,9;0;0
2025-06;MLT-03-0319;0;1;1,5;0,0;0,0;1;0
2025-07;MLT-03-0319;1;1;1,5;360,37;19,5;0;0
2025-08;MLT-03-0319;2;1;1,5;720,74;38,9;0;0
2025-09;MLT-03-0319;2;1;1,5;720,74;38,9;0;0
2025-10;MLT-03-0319;1;1;1,5;360,37;19,5;0;0
2025-11;MLT-03-0319;1;1;1,5;360,37;19,5;0;0
2025-12;MLT-03-0319;0;1;1,5;0,0;0,0;1;0
2024-01;MRT-02-0409;1;1;1,3;211,9;11,6;0;0
2024-02;MRT-02-0409;1;1;1,3;211,9;11,6;0;0
2024-03;MRT-02-0409;0;1;1,3;0,0;0,0;1;0
2024-04;MRT-02-0409;1;1;1,3;211,9;11,6;0;0
2024-05;MRT-02-0409;1;1;1,3;211,9;11,6;0;0
2024-06;MRT-02-0409;1;1;1,3;211,9;11,6;0;0
2024-07;MRT-02-0409;1;1;1,3;211,9;11,6;0;0
2024-08;MRT-02-0409;1;1;1,3;211,9;11,6;0;0
2024-09;MRT-02-0409;1;1;1,3;211,9;11,6;0;0
2024-10;MRT-02-0409;0;1;1,3;0,0;0,0;1;0
2024-11;MRT-02-0409;1;1;1,3;211,9;11,6;0;0
2024-12;MRT-02-0409;1;1;1,3;211,9;11,6;0;0
2025-01;MRT-02-0409;1;1;1,3;211,9;11,6;0;0
2025-02;MRT-02-0409;1;1;1,3;211,9;11,6;0;0
2025-03;MRT-02-0409;1;1;1,3;211,9;11,6;0;0
2025-04;MRT-02-0409;1;1;1,3;211,9;11,6;0;0
2025-05;MRT-02-0409;0;1;1,3;0,0;0,0;1;0
2025-06;MRT-02-0409;0;1;1,3;0,0;0,0;1;0
2025-07;MRT-02-0409;0;1;1,3;0,0;0,0;1;0
2025-08;MRT-02-0409;0;1;1,3;0,0;0,0;1;0
2025-09;MRT-02-0409;1;1;1,3;211,9;11,6;0;0
2025-10;MRT-02-0409;0;1;1,3;0,0;0,0;1;0
2025-11;MRT-02-0409;1;1;1,3;211,9;11,6;0;0
2025-12;MRT-02-0409;1;1;1,3;211,9;11,6;0;0
2024-01;MI-MC-02-0525;1;1;1,2;182,97;13,8;0;0
2024-02;MI-MC-02-0525;1;1;1,2;182,97;13,8;0;0
2024-03;MI-MC-02-0525;2;1;1,2;365,93;27,7;0;0
2024-04;MI-MC-02-0525;0;1;1,2;0,0;0,0;1;0
2024-05;MI-MC-02-0525;1;1;1,2;182,97;13,8;0;0
2024-06;MI-MC-02-0525;1;1;1,2;182,97;13,8;0;0
2024-07;MI-MC-02-0525;1;1;1,2;182,97;13,8;0;0
2024-08;MI-MC-02-0525;1;1;1,2;182,97;13,8;0;0
2024-09;MI-MC-02-0525;1;1;1,2;182,97;13,8;0;0
2024-10;MI-MC-02-0525;2;1;1,2;365,93;27,7;0;0
2024-11;MI-MC-02-0525;1;1;1,2;182,97;13,8;0;0
2024-12;MI-MC-02-0525;1;1;1,2;182,97;13,8;0;0
2025-01;MI-MC-02-0525;1;1;1,2;182,97;13,8;0;0
2025-02;MI-MC-02-0525;1;1;1,2;182,97;13,8;0;0
2025-03;MI-MC-02-0525;1;1;1,2;182,97;13,8;0;0
2025-04;MI-MC-02-0525;0;1;1,2;0,0;0,0;1;0
2025-05;MI-MC-02-0525;0;1;1,2;0,0;0,0;1;0
2025-06;MI-MC-02-0525;0;1;1,2;0,0;0,0;1;0
2025-07;MI-MC-02-0525;1;1;1,2;182,97;13,8;0;0
2025-08;MI-MC-02-0525;1;1;1,2;182,97;13,8;0;0
2025-09;MI-MC-02-0525;0;1;1,2;0,0;0,0;1;0
2025-10;MI-MC-02-0525;1;1;1,2;182,97;13,8;0;0
2025-11;MI-MC-02-0525;0;1;1,2;0,0;0,0;1;0
2025-12;MI-MC-02-0525;1;1;1,2;182,97;13,8;0;0
2024-01;MI-MC-06-0490;6;7,6;12,4;827,8;56,8;0;0
2024-02;MI-MC-06-0490;13;7,6;12,4;1793,56;123,2;0;0
2024-03;MI-MC-06-0490;15;7,6;12,4;2069,5;142,1;0;0
2024-04;MI-MC-06-0490;12;7,6;12,4;1655,6;113,7;0;0
2024-05;MI-MC-06-0490;18;7,6;12,4;2483,4;170,5;0;0
2024-06;MI-MC-06-0490;0;7,6;12,4;0,0;0,0;1;0
2024-07;MI-MC-06-0490;14;7,6;12,4;1931,53;132,6;0;0
2024-08;MI-MC-06-0490;10;7,6;12,4;1379,66;94,7;0;0
2024-09;MI-MC-06-0490;6;7,6;12,4;827,8;56,8;0;0
2024-10;MI-MC-06-0490;4;7,6;12,4;551,87;37,9;0;0
2024-11;MI-MC-06-0490;21;7,6;12,4;2897,29;198,9;0;0
2024-12;MI-MC-06-0490;1;7,6;12,4;137,97;9,5;0;0
2025-01;MI-MC-06-0490;20;7,6;12,4;2759,33;189,5;0;0
2025-02;MI-MC-06-0490;9;7,6;12,4;1241,7;85,3;0;0
2025-03;MI-MC-06-0490;4;7,6;12,4;551,87;37,9;0;0
2025-04;MI-MC-06-0490;13;7,6;12,4;1793,56;123,2;0;0
2025-05;MI-MC-06-0490;4;7,6;12,4;551,87;37,9;0;0
2025-06;MI-MC-06-0490;4;7,6;12,4;551,87;37,9;0;0
2025-07;MI-MC-06-0490;18;7,6;12,4;2483,4;170,5;0;0
2025-08;MI-MC-06-0490;2;7,6;12,4;275,93;18,9;0;0
2025-09;MI-MC-06-0490;17;7,6;12,4;2345,43;161,1;0;0
2025-10;MI-MC-06-0490;17;7,6;12,4;2345,43;161,1;0;0
2025-11;MI-MC-06-0490;15;7,6;12,4;2069,5;142,1;0;0
2025-12;MI-MC-06-0490;14;7,6;12,4;1931,53;132,6;0;0
2024-01;LOAD-M-07-0829;4;1,1;2,0;680,36;62,6;0;0
2024-02;LOAD-M-07-0829;2;1,1;2,0;340,18;31,3;0;0
2024-03;LOAD-M-07-0829;0;1,1;2,0;0,0;0,0;1;0
2024-04;LOAD-M-07-0829;1;1,1;2,0;170,09;15,7;0;0
2024-05;LOAD-M-07-0829;1;1,1;2,0;170,09;15,7;0;0
2024-06;LOAD-M-07-0829;0;1,1;2,0;0,0;0,0;1;0
2024-07;LOAD-M-07-0829;2;1,1;2,0;340,18;31,3;0;0
2024-08;LOAD-M-07-0829;4;1,1;2,0;680,36;62,6;0;0
2024-09;LOAD-M-07-0829;2;1,1;2,0;340,18;31,3;0;0
2024-10;LOAD-M-07-0829;0;1,1;2,0;0,0;0,0;1;0
2024-11;LOAD-M-07-0829;2;1,1;2,0;340,18;31,3;0;0
2024-12;LOAD-M-07-0829;1;1,1;2,0;170,09;15,7;0;0
2025-01;LOAD-M-07-0829;1;1,1;2,0;170,09;15,7;0;0
2025-02;LOAD-M-07-0829;1;1,1;2,0;170,09;15,7;0;0
2025-03;LOAD-M-07-0829;0;1,1;2,0;0,0;0,0;1;0
2025-04;LOAD-M-07-0829;1;1,1;2,0;170,09;15,7;0;0
2025-05;LOAD-M-07-0829;2;1,1;2,0;340,18;31,3;0;0
2025-06;LOAD-M-07-0829;2;1,1;2,0;340,18;31,3;0;0
2025-07;LOAD-M-07-0829;2;1,1;2,0;340,18;31,3;0;0
2025-08;LOAD-M-07-0829;0;1,1;2,0;0,0;0,0;1;0
2025-09;LOAD-M-07-0829;0;1,1;2,0;0,0;0,0;1;0
2025-10;LOAD-M-07-0829;0;1,1;2,0;0,0;0,0;1;0
2025-11;LOAD-M-07-0829;2;1,1;2,0;340,18;31,3;0;0
2025-12;LOAD-M-07-0829;1;1,1;2,0;170,09;15,7;0;0
2024-01;MT-05-0173;6;12,8;20,8;599,77;22,5;0;0
2024-02;MT-05-0173;28;12,8;20,8;2798,92;105,0;0;0
2024-03;MT-05-0173;15;12,8;20,8;1499,42;56,2;0;0
2024-04;MT-05-0173;7;12,8;20,8;699,73;26,2;0;0
2024-05;MT-05-0173;11;12,8;20,8;1099,57;41,2;0;0
2024-06;MT-05-0173;52;12,8;20,8;5197,99;195,0;0;0
2024-07;MT-05-0173;18;12,8;20,8;1799,3;67,5;0;0
2024-08;MT-05-0173;23;12,8;20,8;2299,11;86,2;0;0
2024-09;MT-05-0173;27;12,8;20,8;2698,95;101,2;0;0
2024-10;MT-05-0173;22;12,8;20,8;2199,15;82,5;0;0
2024-11;MT-05-0173;14;12,8;20,8;1399,46;52,5;0;0
2024-12;MT-05-0173;29;12,8;20,8;2898,88;108,8;0;0
2025-01;MT-05-0173;13;12,8;20,8;1299,5;48,8;0;0
2025-02;MT-05-0173;18;12,8;20,8;1799,3;67,5;0;0
2025-03;MT-05-0173;18;12,8;20,8;1799,3;67,5;0;0
2025-04;MT-05-0173;25;12,8;20,8;2499,03;93,8;0;0
2025-05;MT-05-0173;22;12,8;20,8;2199,15;82,5;0;0
2025-06;MT-05-0173;40;12,8;20,8;3998,45;150,0;0;0
2025-07;MT-05-0173;19;12,8;20,8;1899,26;71,2;0;0
2025-08;MT-05-0173;34;12,8;20,8;3398,68;127,5;0;0
2025-09;MT-05-0173;24;12,8;20,8;2399,07;90,0;0;0
2025-10;MT-05-0173;17;12,8;20,8;1699,34;63,8;0;0
2025-11;MT-05-0173;29;12,8;20,8;2898,88;108,8;0;0
2025-12;MT-05-0173;14;12,8;20,8;1399,46;52,5;0;0
2024-01;MT-02-0135;1;5,1;9,3;240,61;10,6;0;0
2024-02;MT-02-0135;14;5,1;9,3;3368,58;148,2;0;0
2024-03;MT-02-0135;3;5,1;9,3;721,84;31,8;0;0
2024-04;MT-02-0135;12;5,1;9,3;2887,35;127,1;0;0
2024-05;MT-02-0135;12;5,1;9,3;2887,35;127,1;0;0
2024-06;MT-02-0135;16;5,1;9,3;3849,81;169,4;0;0
2024-07;MT-02-0135;4;5,1;9,3;962,45;42,4;0;0
2024-08;MT-02-0135;4;5,1;9,3;962,45;42,4;0;0
2024-09;MT-02-0135;4;5,1;9,3;962,45;42,4;0;0
2024-10;MT-02-0135;2;5,1;9,3;481,23;21,2;0;0
2024-11;MT-02-0135;13;5,1;9,3;3127,97;137,6;0;0
2024-12;MT-02-0135;16;5,1;9,3;3849,81;169,4;0;0
2025-01;MT-02-0135;7;5,1;9,3;1684,29;74,1;0;0
2025-02;MT-02-0135;19;5,1;9,3;4571,64;201,2;0;0
2025-03;MT-02-0135;7;5,1;9,3;1684,29;74,1;0;0
2025-04;MT-02-0135;4;5,1;9,3;962,45;42,4;0;0
2025-05;MT-02-0135;11;5,1;9,3;2646,74;116,5;0;0
2025-06;MT-02-0135;9;5,1;9,3;2165,52;95,3;0;0
2025-07;MT-02-0135;8;5,1;9,3;1924,9;84,7;0;0
2025-08;MT-02-0135;10;5,1;9,3;2406,13;105,9;0;0
2025-09;MT-02-0135;11;5,1;9,3;2646,74;116,5;0;0
2025-10;MT-02-0135;8;5,1;9,3;1924,9;84,7;0;0
2025-11;MT-02-0135;10;5,1;9,3;2406,13;105,9;0;0
2025-12;MT-02-0135;10;5,1;9,3;2406,13;105,9;0;0
2024-01;MLT-10-0265;2;1,2;2,1;383,98;20,6;0;0
2024-02;MLT-10-0265;1;1,2;2,1;191,99;10,3;0;0
2024-03;MLT-10-0265;2;1,2;2,1;383,98;20,6;0;0
2024-04;MLT-10-0265;2;1,2;2,1;383,98;20,6;0;0
2024-05;MLT-10-0265;1;1,2;2,1;191,99;10,3;0;0
2024-06;MLT-10-0265;2;1,2;2,1;383,98;20,6;0;0
2024-07;MLT-10-0265;0;1,2;2,1;0,0;0,0;1;0
2024-08;MLT-10-0265;0;1,2;2,1;0,0;0,0;1;0
2024-09;MLT-10-0265;3;1,2;2,1;575,97;30,9;0;0
2024-10;MLT-10-0265;0;1,2;2,1;0,0;0,0;1;0
2024-11;MLT-10-0265;1;1,2;2,1;191,99;10,3;0;0
2024-12;MLT-10-0265;1;1,2;2,1;191,99;10,3;0;0
2025-01;MLT-10-0265;4;1,2;2,1;767,96;41,1;0;0
2025-02;MLT-10-0265;1;1,2;2,1;191,99;10,3;0;0
2025-03;MLT-10-0265;1;1,2;2,1;191,99;10,3;0;0
2025-04;MLT-10-0265;2;1,2;2,1;383,98;20,6;0;0
2025-05;MLT-10-0265;2;1,2;2,1;383,98;20,6;0;0
2025-06;MLT-10-0265;2;1,2;2,1;383,98;20,6;0;0
2025-07;MLT-10-0265;0;1,2;2,1;0,0;0,0;1;0
2025-08;MLT-10-0265;2;1,2;2,1;383,98;20,6;0;0
2025-09;MLT-10-0265;0;1,2;2,1;0,0;0,0;1;0
2025-10;MLT-10-0265;0;1,2;2,1;0,0;0,0;1;0
2025-11;MLT-10-0265;2;1,2;2,1;383,98;20,6;0;0
2025-12;MLT-10-0265;1;1,2;2,1;191,99;10,3;0;0
2024-01;MLT-05-0244;15;10,7;17,4;897,2;31,4;0;0
2024-02;MLT-05-0244;22;10,7;17,4;1315,89;46,0;0;0
2024-03;MLT-05-0244;20;10,7;17,4;1196,26;41,9;0;0
2024-04;MLT-05-0244;9;10,7;17,4;538,32;18,8;0;0
2024-05;MLT-05-0244;5;10,7;17,4;299,07;10,5;0;0
2024-06;MLT-05-0244;2;10,7;17,4;119,63;4,2;0;0
2024-07;MLT-05-0244;34;10,7;17,4;2033,65;71,2;0;0
2024-08;MLT-05-0244;20;10,7;17,4;1196,26;41,9;0;0
2024-09;MLT-05-0244;19;10,7;17,4;1136,45;39,8;0;0
2024-10;MLT-05-0244;9;10,7;17,4;538,32;18,8;0;0
2024-11;MLT-05-0244;8;10,7;17,4;478,5;16,7;0;0
2024-12;MLT-05-0244;10;10,7;17,4;598,13;20,9;0;0
2025-01;MLT-05-0244;7;10,7;17,4;418,69;14,7;0;0
2025-02;MLT-05-0244;0;10,7;17,4;0,0;0,0;1;0
2025-03;MLT-05-0244;19;10,7;17,4;1136,45;39,8;0;0
2025-04;MLT-05-0244;0;10,7;17,4;0,0;0,0;1;0
2025-05;MLT-05-0244;27;10,7;17,4;1614,95;56,5;0;0
2025-06;MLT-05-0244;14;10,7;17,4;837,38;29,3;0;0
2025-07;MLT-05-0244;25;10,7;17,4;1495,33;52,3;0;0
2025-08;MLT-05-0244;24;10,7;17,4;1435,51;50,2;0;0
2025-09;MLT-05-0244;6;10,7;17,4;358,88;12,6;0;0
2025-10;MLT-05-0244;15;10,7;17,4;897,2;31,4;0;0
2025-11;MLT-05-0244;14;10,7;17,4;837,38;29,3;0;0
2025-12;MLT-05-0244;12;10,7;17,4;717,76;25,1;0;0
2024-01;MRT-09-0404;6;2,1;3,3;636,71;65,5;0;0
2024-02;MRT-09-0404;4;2,1;3,3;424,47;43,6;0;0
2024-03;MRT-09-0404;4;2,1;3,3;424,47;43,6;0;0
2024-04;MRT-09-0404;3;2,1;3,3;318,35;32,7;0;0
2024-05;MRT-09-0404;3;2,1;3,3;318,35;32,7;0;0
2024-06;MRT-09-0404;0;2,1;3,3;0,0;0,0;1;0
2024-07;MRT-09-0404;3;2,1;3,3;318,35;32,7;0;0
2024-08;MRT-09-0404;3;2,1;3,3;318,35;32,7;0;0
2024-09;MRT-09-0404;3;2,1;3,3;318,35;32,7;0;0
2024-10;MRT-09-0404;5;2,1;3,3;530,59;54,5;0;0
2024-11;MRT-09-0404;4;2,1;3,3;424,47;43,6;0;0
2024-12;MRT-09-0404;2;2,1;3,3;212,24;21,8;0;0
2025-01;MRT-09-0404;5;2,1;3,3;530,59;54,5;0;0
2025-02;MRT-09-0404;3;2,1;3,3;318,35;32,7;0;0
2025-03;MRT-09-0404;3;2,1;3,3;318,35;32,7;0;0
2025-04;MRT-09-0404;3;2,1;3,3;318,35;32,7;0;0
2025-05;MRT-09-0404;5;2,1;3,3;530,59;54,5;0;0
2025-06;MRT-09-0404;6;2,1;3,3;636,71;65,5;0;0
2025-07;MRT-09-0404;5;2,1;3,3;530,59;54,5;0;0
2025-08;MRT-09-0404;0;2,1;3,3;0,0;0,0;1;0
2025-09;MRT-09-0404;5;2,1;3,3;530,59;54,5;0;0
2025-10;MRT-09-0404;5;2,1;3,3;530,59;54,5;0;0
2025-11;MRT-09-0404;3;2,1;3,3;318,35;32,7;0;0
2025-12;MRT-09-0404;5;2,1;3,3;530,59;54,5;0;0
2024-01;MRT-06-0400;5;3,9;6,4;313,89;28,6;0;0
2024-02;MRT-06-0400;5;3,9;6,4;313,89;28,6;0;0
2024-03;MRT-06-0400;7;3,9;6,4;439,45;40,0;0;0
2024-04;MRT-06-0400;3;3,9;6,4;188,33;17,1;0;0
2024-05;MRT-06-0400;6;3,9;6,4;376,67;34,3;0;0
2024-06;MRT-06-0400;13;3,9;6,4;816,11;74,3;0;0
2024-07;MRT-06-0400;6;3,9;6,4;376,67;34,3;0;0
2024-08;MRT-06-0400;9;3,9;6,4;565,0;51,4;0;0
2024-09;MRT-06-0400;0;3,9;6,4;0,0;0,0;1;0
2024-10;MRT-06-0400;6;3,9;6,4;376,67;34,3;0;0
2024-11;MRT-06-0400;12;3,9;6,4;753,34;68,6;0;0
2024-12;MRT-06-0400;3;3,9;6,4;188,33;17,1;0;0
2025-01;MRT-06-0400;0;3,9;6,4;0,0;0,0;1;0
2025-02;MRT-06-0400;5;3,9;6,4;313,89;28,6;0;0
2025-03;MRT-06-0400;7;3,9;6,4;439,45;40,0;0;0
2025-04;MRT-06-0400;5;3,9;6,4;313,89;28,6;0;0
2025-05;MRT-06-0400;8;3,9;6,4;502,22;45,7;0;0
2025-06;MRT-06-0400;8;3,9;6,4;502,22;45,7;0;0
2025-07;MRT-06-0400;2;3,9;6,4;125,56;11,4;0;0
2025-08;MRT-06-0400;12;3,9;6,4;753,34;68,6;0;0
2025-09;MRT-06-0400;3;3,9;6,4;188,33;17,1;0;0
2025-10;MRT-06-0400;9;3,9;6,4;565,0;51,4;0;0
2025-11;MRT-06-0400;12;3,9;6,4;753,34;68,6;0;0
2025-12;MRT-06-0400;6;3,9;6,4;376,67;34,3;0;0
2024-01;MLT-10-0309;1;1;1,5;208,41;6,3;0;0
2024-02;MLT-10-0309;1;1;1,5;208,41;6,3;0;0
2024-03;MLT-10-0309;0;1;1,5;0,0;0,0;1;0
2024-04;MLT-10-0309;1;1;1,5;208,41;6,3;0;0
2024-05;MLT-10-0309;0;1;1,5;0,0;0,0;1;0
2024-06;MLT-10-0309;0;1;1,5;0,0;0,0;1;0
2024-07;MLT-10-0309;1;1;1,5;208,41;6,3;0;0
2024-08;MLT-10-0309;0;1;1,5;0,0;0,0;1;0
2024-09;MLT-10-0309;1;1;1,5;208,41;6,3;0;0
2024-10;MLT-10-0309;1;1;1,5;208,41;6,3;0;0
2024-11;MLT-10-0309;2;1;1,5;416,83;12,5;0;0
2024-12;MLT-10-0309;2;1;1,5;416,83;12,5;0;0
2025-01;MLT-10-0309;2;1;1,5;416,83;12,5;0;0
2025-02;MLT-10-0309;2;1;1,5;416,83;12,5;0;0
2025-03;MLT-10-0309;2;1;1,5;416,83;12,5;0;0
2025-04;MLT-10-0309;1;1;1,5;208,41;6,3;0;0
2025-05;MLT-10-0309;1;1;1,5;208,41;6,3;0;0
2025-06;MLT-10-0309;1;1;1,5;208,41;6,3;0;0
2025-07;MLT-10-0309;0;1;1,5;0,0;0,0;1;0
2025-08;MLT-10-0309;0;1;1,5;0,0;0,0;1;0
2025-09;MLT-10-0309;0;1;1,5;0,0;0,0;1;0
2025-10;MLT-10-0309;1;1;1,5;208,41;6,3;0;0
2025-11;MLT-10-0309;1;1;1,5;208,41;6,3;0;0
2025-12;MLT-10-0309;1;1;1,5;208,41;6,3;0;0
2024-01;MI-MC-05-0523;2;2,4;4,4;201,84;14,0;0;0
2024-02;MI-MC-05-0523;5;2,4;4,4;504,59;35,0;0;0
2024-03;MI-MC-05-0523;5;2,4;4,4;504,59;35,0;0;0
2024-04;MI-MC-05-0523;3;2,4;4,4;302,76;21,0;0;0
2024-05;MI-MC-05-0523;3;2,4;4,4;302,76;21,0;0;0
2024-06;MI-MC-05-0523;3;2,4;4,4;302,76;21,0;0;0
2024-07;MI-MC-05-0523;3;2,4;4,4;302,76;21,0;0;0
2024-08;MI-MC-05-0523;3;2,4;4,4;302,76;21,0;0;0
2024-09;MI-MC-05-0523;0;2,4;4,4;0,0;0,0;1;0
2024-10;MI-MC-05-0523;5;2,4;4,4;504,59;35,0;0;0
2024-11;MI-MC-05-0523;8;2,4;4,4;807,35;55,9;0;0
2024-12;MI-MC-05-0523;3;2,4;4,4;302,76;21,0;0;0
2025-01;MI-MC-05-0523;6;2,4;4,4;605,51;41,9;0;0
2025-02;MI-MC-05-0523;4;2,4;4,4;403,68;28,0;0;0
2025-03;MI-MC-05-0523;0;2,4;4,4;0,0;0,0;1;0
2025-04;MI-MC-05-0523;6;2,4;4,4;605,51;41,9;0;0
2025-05;MI-MC-05-0523;1;2,4;4,4;100,92;7,0;0;0
2025-06;MI-MC-05-0523;7;2,4;4,4;706,43;48,9;0;0
2025-07;MI-MC-05-0523;4;2,4;4,4;403,68;28,0;0;0
2025-08;MI-MC-05-0523;3;2,4;4,4;302,76;21,0;0;0
2025-09;MI-MC-05-0523;4;2,4;4,4;403,68;28,0;0;0
2025-10;MI-MC-05-0523;1;2,4;4,4;100,92;7,0;0;0
2025-11;MI-MC-05-0523;6;2,4;4,4;605,51;41,9;0;0
2025-12;MI-MC-05-0523;1;2,4;4,4;100,92;7,0;0;0
2024-01;AWP-10-0665;1;1;1,2;310,24;28,8;0;0
2024-02;AWP-10-0665;1;1;1,2;310,24;28,8;0;0
2024-03;AWP-10-0665;1;1;1,2;310,24;28,8;0;0
2024-04;AWP-10-0665;0;1;1,2;0,0;0,0;1;0
2024-05;AWP-10-0665;1;1;1,2;310,24;28,8;0;0
2024-06;AWP-10-0665;1;1;1,2;310,24;28,8;0;0
2024-07;AWP-10-0665;1;1;1,2;310,24;28,8;0;0
2024-08;AWP-10-0665;1;1;1,2;310,24;28,8;0;0
2024-09;AWP-10-0665;1;1;1,2;310,24;28,8;0;0
2024-10;AWP-10-0665;1;1;1,2;310,24;28,8;0;0
2024-11;AWP-10-0665;2;1;1,2;620,48;57,6;0;0
2024-12;AWP-10-0665;0;1;1,2;0,0;0,0;1;0
2025-01;AWP-10-0665;1;1;1,2;310,24;28,8;0;0
2025-02;AWP-10-0665;0;1;1,2;0,0;0,0;1;0
2025-03;AWP-10-0665;1;1;1,2;310,24;28,8;0;0
2025-04;AWP-10-0665;0;1;1,2;0,0;0,0;1;0
2025-05;AWP-10-0665;0;1;1,2;0,0;0,0;1;0
2025-06;AWP-10-0665;1;1;1,2;310,24;28,8;0;0
2025-07;AWP-10-0665;0;1;1,2;0,0;0,0;1;0
2025-08;AWP-10-0665;1;1;1,2;310,24;28,8;0;0
2025-09;AWP-10-0665;1;1;1,2;310,24;28,8;0;0
2025-10;AWP-10-0665;1;1;1,2;310,24;28,8;0;0
2025-11;AWP-10-0665;1;1;1,2;310,24;28,8;0;0
2025-12;AWP-10-0665;2;1;1,2;620,48;57,6;0;0
2024-01;MRT-02-0410;2;6,1;9,9;379,01;23,6;0;0
2024-02;MRT-02-0410;10;6,1;9,9;1895,06;118,0;0;0
2024-03;MRT-02-0410;16;6,1;9,9;3032,09;188,9;0;0
2024-04;MRT-02-0410;5;6,1;9,9;947,53;59,0;0;0
2024-05;MRT-02-0410;15;6,1;9,9;2842,58;177,0;0;0
2024-06;MRT-02-0410;8;6,1;9,9;1516,04;94,4;0;0
2024-07;MRT-02-0410;13;6,1;9,9;2463,57;153,4;0;0
2024-08;MRT-02-0410;16;6,1;9,9;3032,09;188,9;0;0
2024-09;MRT-02-0410;18;6,1;9,9;3411,1;212,5;0;0
2024-10;MRT-02-0410;7;6,1;9,9;1326,54;82,6;0;0
2024-11;MRT-02-0410;12;6,1;9,9;2274,07;141,6;0;0
2024-12;MRT-02-0410;3;6,1;9,9;568,52;35,4;0;0
2025-01;MRT-02-0410;14;6,1;9,9;2653,08;165,2;0;0
2025-02;MRT-02-0410;16;6,1;9,9;3032,09;188,9;0;0
2025-03;MRT-02-0410;13;6,1;9,9;2463,57;153,4;0;0
2025-04;MRT-02-0410;22;6,1;9,9;4169,12;259,7;0;0
2025-05;MRT-02-0410;14;6,1;9,9;2653,08;165,2;0;0
2025-06;MRT-02-0410;7;6,1;9,9;1326,54;82,6;0;0
2025-07;MRT-02-0410;6;6,1;9,9;1137,03;70,8;0;0
2025-08;MRT-02-0410;14;6,1;9,9;2653,08;165,2;0;0
2025-09;MRT-02-0410;15;6,1;9,9;2842,58;177,0;0;0
2025-10;MRT-02-0410;13;6,1;9,9;2463,57;153,4;0;0
2025-11;MRT-02-0410;15;6,1;9,9;2842,58;177,0;0;0
2025-12;MRT-02-0410;10;6,1;9,9;1895,06;118,0;0;0
2024-01;LOAD-M-02-0849;0;1;1,7;0,0;0,0;1;0
2024-02;LOAD-M-02-0849;2;1;1,7;362,34;60,0;0;0
2024-03;LOAD-M-02-0849;0;1;1,7;0,0;0,0;1;0
2024-04;LOAD-M-02-0849;1;1;1,7;181,17;30,0;0;0
2024-05;LOAD-M-02-0849;1;1;1,7;181,17;30,0;0;0
2024-06;LOAD-M-02-0849;2;1;1,7;362,34;60,0;0;0
2024-07;LOAD-M-02-0849;2;1;1,7;362,34;60,0;0;0
2024-08;LOAD-M-02-0849;1;1;1,7;181,17;30,0;0;0
2024-09;LOAD-M-02-0849;1;1;1,7;181,17;30,0;0;0
2024-10;LOAD-M-02-0849;1;1;1,7;181,17;30,0;0;0
2024-11;LOAD-M-02-0849;1;1;1,7;181,17;30,0;0;0
2024-12;LOAD-M-02-0849;0;1;1,7;0,0;0,0;1;0
2025-01;LOAD-M-02-0849;1;1;1,7;181,17;30,0;0;0
2025-02;LOAD-M-02-0849;2;1;1,7;362,34;60,0;0;0
2025-03;LOAD-M-02-0849;1;1;1,7;181,17;30,0;0;0
2025-04;LOAD-M-02-0849;0;1;1,7;0,0;0,0;1;0
2025-05;LOAD-M-02-0849;0;1;1,7;0,0;0,0;1;0
2025-06;LOAD-M-02-0849;1;1;1,7;181,17;30,0;0;0
2025-07;LOAD-M-02-0849;2;1;1,7;362,34;60,0;0;0
2025-08;LOAD-M-02-0849;1;1;1,7;181,17;30,0;0;0
2025-09;LOAD-M-02-0849;1;1;1,7;181,17;30,0;0;0
2025-10;LOAD-M-02-0849;1;1;1,7;181,17;30,0;0;0
2025-11;LOAD-M-02-0849;2;1;1,7;362,34;60,0;0;0
2025-12;LOAD-M-02-0849;0;1;1,7;0,0;0,0;1;0
2024-01;LOAD-M-07-0844;1;1;1,2;166,57;19,5;0;0
2024-02;LOAD-M-07-0844;0;1;1,2;0,0;0,0;1;0
2024-03;LOAD-M-07-0844;0;1;1,2;0,0;0,0;1;0
2024-04;LOAD-M-07-0844;0;1;1,2;0,0;0,0;1;0
2024-05;LOAD-M-07-0844;1;1;1,2;166,57;19,5;0;0
2024-06;LOAD-M-07-0844;1;1;1,2;166,57;19,5;0;0
2024-07;LOAD-M-07-0844;0;1;1,2;0,0;0,0;1;0
2024-08;LOAD-M-07-0844;1;1;1,2;166,57;19,5;0;0
2024-09;LOAD-M-07-0844;1;1;1,2;166,57;19,5;0;0
2024-10;LOAD-M-07-0844;1;1;1,2;166,57;19,5;0;0
2024-11;LOAD-M-07-0844;0;1;1,2;0,0;0,0;1;0
2024-12;LOAD-M-07-0844;1;1;1,2;166,57;19,5;0;0
2025-01;LOAD-M-07-0844;1;1;1,2;166,57;19,5;0;0
2025-02;LOAD-M-07-0844;2;1;1,2;333,13;38,9;0;0
2025-03;LOAD-M-07-0844;0;1;1,2;0,0;0,0;1;0
2025-04;LOAD-M-07-0844;0;1;1,2;0,0;0,0;1;0
2025-05;LOAD-M-07-0844;1;1;1,2;166,57;19,5;0;0
2025-06;LOAD-M-07-0844;1;1;1,2;166,57;19,5;0;0
2025-07;LOAD-M-07-0844;2;1;1,2;333,13;38,9;0;0
2025-08;LOAD-M-07-0844;0;1;1,2;0,0;0,0;1;0
2025-09;LOAD-M-07-0844;1;1;1,2;166,57;19,5;0;0
2025-10;LOAD-M-07-0844;0;1;1,2;0,0;0,0;1;0
2025-11;LOAD-M-07-0844;0;1;1,2;0,0;0,0;1;0
2025-12;LOAD-M-07-0844;0;1;1,2;0,0;0,0;1;0
2024-01;MI-MC-01-0505;3;1,4;2,6;67,79;7,5;0;0
2024-02;MI-MC-01-0505;1;1,4;2,6;22,6;2,5;0;0
2024-03;MI-MC-01-0505;3;1,4;2,6;67,79;7,5;0;0
2024-04;MI-MC-01-0505;1;1,4;2,6;22,6;2,5;0;0
2024-05;MI-MC-01-0505;1;1,4;2,6;22,6;2,5;0;0
2024-06;MI-MC-01-0505;3;1,4;2,6;67,79;7,5;0;0
2024-07;MI-MC-01-0505;3;1,4;2,6;67,79;7,5;0;0
2024-08;MI-MC-01-0505;1;1,4;2,6;22,6;2,5;0;0
2024-09;MI-MC-01-0505;3;1,4;2,6;67,79;7,5;0;0
2024-10;MI-MC-01-0505;1;1,4;2,6;22,6;2,5;0;0
2024-11;MI-MC-01-0505;2;1,4;2,6;45,19;5,0;0;0
2024-12;MI-MC-01-0505;2;1,4;2,6;45,19;5,0;0;0
2025-01;MI-MC-01-0505;2;1,4;2,6;45,19;5,0;0;0
2025-02;MI-MC-01-0505;2;1,4;2,6;45,19;5,0;0;0
2025-03;MI-MC-01-0505;1;1,4;2,6;22,6;2,5;0;0
2025-04;MI-MC-01-0505;1;1,4;2,6;22,6;2,5;0;0
2025-05;MI-MC-01-0505;2;1,4;2,6;45,19;5,0;0;0
2025-06;MI-MC-01-0505;5;1,4;2,6;112,98;12,5;0;0
2025-07;MI-MC-01-0505;0;1,4;2,6;0,0;0,0;1;0
2025-08;MI-MC-01-0505;2;1,4;2,6;45,19;5,0;0;0
2025-09;MI-MC-01-0505;5;1,4;2,6;112,98;12,5;0;0
2025-10;MI-MC-01-0505;1;1,4;2,6;22,6;2,5;0;0
2025-11;MI-MC-01-0505;3;1,4;2,6;67,79;7,5;0;0
2025-12;MI-MC-01-0505;1;1,4;2,6;22,6;2,5;0;0
2024-01;MRT-10-0434;0;1;1,7;0,0;0,0;1;0
2024-02;MRT-10-0434;1;1;1,7;223,97;30,0;0;0
2024-03;MRT-10-0434;0;1;1,7;0,0;0,0;1;0
2024-04;MRT-10-0434;1;1;1,7;223,97;30,0;0;0
2024-05;MRT-10-0434;2;1;1,7;447,94;60,0;0;0
2024-06;MRT-10-0434;1;1;1,7;223,97;30,0;0;0
2024-07;MRT-10-0434;1;1;1,7;223,97;30,0;0;0
2024-08;MRT-10-0434;1;1;1,7;223,97;30,0;0;0
2024-09;MRT-10-0434;0;1;1,7;0,0;0,0;1;0
2024-10;MRT-10-0434;0;1;1,7;0,0;0,0;1;0
2024-11;MRT-10-0434;2;1;1,7;447,94;60,0;0;0
2024-12;MRT-10-0434;1;1;1,7;223,97;30,0;0;0
2025-01;MRT-10-0434;0;1;1,7;0,0;0,0;1;0
2025-02;MRT-10-0434;1;1;1,7;223,97;30,0;0;0
2025-03;MRT-10-0434;2;1;1,7;447,94;60,0;0;0
2025-04;MRT-10-0434;0;1;1,7;0,0;0,0;1;0
2025-05;MRT-10-0434;2;1;1,7;447,94;60,0;0;0
2025-06;MRT-10-0434;0;1;1,7;0,0;0,0;1;0
2025-07;MRT-10-0434;2;1;1,7;447,94;60,0;0;0
2025-08;MRT-10-0434;1;1;1,7;223,97;30,0;0;0
2025-09;MRT-10-0434;2;1;1,7;447,94;60,0;0;0
2025-10;MRT-10-0434;2;1;1,7;447,94;60,0;0;0
2025-11;MRT-10-0434;3;1;1,7;671,91;90,0;0;0
2025-12;MRT-10-0434;1;1;1,7;223,97;30,0;0;0
2024-01;MLT-04-0315;1;1,0;1,7;439,21;15,7;0;0
2024-02;MLT-04-0315;2;1,0;1,7;878,43;31,3;0;0
2024-03;MLT-04-0315;1;1,0;1,7;439,21;15,7;0;0
2024-04;MLT-04-0315;1;1,0;1,7;439,21;15,7;0;0
2024-05;MLT-04-0315;3;1,0;1,7;1317,64;47,0;0;0
2024-06;MLT-04-0315;1;1,0;1,7;439,21;15,7;0;0
2024-07;MLT-04-0315;1;1,0;1,7;439,21;15,7;0;0
2024-08;MLT-04-0315;2;1,0;1,7;878,43;31,3;0;0
2024-09;MLT-04-0315;1;1,0;1,7;439,21;15,7;0;0
2024-10;MLT-04-0315;2;1,0;1,7;878,43;31,3;0;0
2024-11;MLT-04-0315;1;1,0;1,7;439,21;15,7;0;0
2024-12;MLT-04-0315;1;1,0;1,7;439,21;15,7;0;0
2025-01;MLT-04-0315;1;1,0;1,7;439,21;15,7;0;0
2025-02;MLT-04-0315;0;1,0;1,7;0,0;0,0;1;0
2025-03;MLT-04-0315;3;1,0;1,7;1317,64;47,0;0;0
2025-04;MLT-04-0315;0;1,0;1,7;0,0;0,0;1;0
2025-05;MLT-04-0315;1;1,0;1,7;439,21;15,7;0;0
2025-06;MLT-04-0315;2;1,0;1,7;878,43;31,3;0;0
2025-07;MLT-04-0315;1;1,0;1,7;439,21;15,7;0;0
2025-08;MLT-04-0315;1;1,0;1,7;439,21;15,7;0;0
2025-09;MLT-04-0315;3;1,0;1,7;1317,64;47,0;0;0
2025-10;MLT-04-0315;2;1,0;1,7;878,43;31,3;0;0
2025-11;MLT-04-0315;1;1,0;1,7;439,21;15,7;0;0
2025-12;MLT-04-0315;1;1,0;1,7;439,21;15,7;0;0
2024-01;MT-07-0014;6;4,8;8,8;1584,25;45,0;0;0
2024-02;MT-07-0014;15;4,8;8,8;3960,63;112,5;0;0
2024-03;MT-07-0014;0;4,8;8,8;0,0;0,0;1;0
2024-04;MT-07-0014;16;4,8;8,8;4224,67;120,0;0;0
2024-05;MT-07-0014;7;4,8;8,8;1848,29;52,5;0;0
2024-06;MT-07-0014;3;4,8;8,8;792,13;22,5;0;0
2024-07;MT-07-0014;6;4,8;8,8;1584,25;45,0;0;0
2024-08;MT-07-0014;10;4,8;8,8;2640,42;75,0;0;0
2024-09;MT-07-0014;6;4,8;8,8;1584,25;45,0;0;0
2024-10;MT-07-0014;12;4,8;8,8;3168,5;90,0;0;0
2024-11;MT-07-0014;2;4,8;8,8;528,08;15,0;0;0
2024-12;MT-07-0014;4;4,8;8,8;1056,17;30,0;0;0
2025-01;MT-07-0014;10;4,8;8,8;2640,42;75,0;0;0
2025-02;MT-07-0014;7;4,8;8,8;1848,29;52,5;0;0
2025-03;MT-07-0014;14;4,8;8,8;3696,59;105,0;0;0
2025-04;MT-07-0014;10;4,8;8,8;2640,42;75,0;0;0
2025-05;MT-07-0014;0;4,8;8,8;0,0;0,0;1;0
2025-06;MT-07-0014;16;4,8;8,8;4224,67;120,0;0;0
2025-07;MT-07-0014;6;4,8;8,8;1584,25;45,0;0;0
2025-08;MT-07-0014;6;4,8;8,8;1584,25;45,0;0;0
2025-09;MT-07-0014;3;4,8;8,8;792,13;22,5;0;0
2025-10;MT-07-0014;15;4,8;8,8;3960,63;112,5;0;0
2025-11;MT-07-0014;6;4,8;8,8;1584,25;45,0;0;0
2025-12;MT-07-0014;7;4,8;8,8;1848,29;52,5;0;0
2024-01;MI-MC-06-0480;1;1,9;3,1;93,5;8,5;0;0
2024-02;MI-MC-06-0480;2;1,9;3,1;187,0;16,9;0;0
2024-03;MI-MC-06-0480;2;1,9;3,1;187,0;16,9;0;0
2024-04;MI-MC-06-0480;4;1,9;3,1;373,99;33,9;0;0
2024-05;MI-MC-06-0480;3;1,9;3,1;280,49;25,4;0;0
2024-06;MI-MC-06-0480;0;1,9;3,1;0,0;0,0;1;0
2024-07;MI-MC-06-0480;1;1,9;3,1;93,5;8,5;0;0
2024-08;MI-MC-06-0480;0;1,9;3,1;0,0;0,0;1;0
2024-09;MI-MC-06-0480;3;1,9;3,1;280,49;25,4;0;0
2024-10;MI-MC-06-0480;5;1,9;3,1;467,49;42,4;0;0
2024-11;MI-MC-06-0480;1;1,9;3,1;93,5;8,5;0;0
2024-12;MI-MC-06-0480;2;1,9;3,1;187,0;16,9;0;0
2025-01;MI-MC-06-0480;3;1,9;3,1;280,49;25,4;0;0
2025-02;MI-MC-06-0480;2;1,9;3,1;187,0;16,9;0;0
2025-03;MI-MC-06-0480;1;1,9;3,1;93,5;8,5;0;0
2025-04;MI-MC-06-0480;1;1,9;3,1;93,5;8,5;0;0
2025-05;MI-MC-06-0480;4;1,9;3,1;373,99;33,9;0;0
2025-06;MI-MC-06-0480;3;1,9;3,1;280,49;25,4;0;0
2025-07;MI-MC-06-0480;4;1,9;3,1;373,99;33,9;0;0
2025-08;MI-MC-06-0480;5;1,9;3,1;467,49;42,4;0;0
2025-09;MI-MC-06-0480;1;1,9;3,1;93,5;8,5;0;0
2025-10;MI-MC-06-0480;2;1,9;3,1;187,0;16,9;0;0
2025-11;MI-MC-06-0480;1;1,9;3,1;93,5;8,5;0;0
2025-12;MI-MC-06-0480;2;1,9;3,1;187,0;16,9;0;0
2024-01;MRT-08-0390;1;1;1,7;38,95;4,4;0;0
2024-02;MRT-08-0390;2;1;1,7;77,9;8,7;0;0
2024-03;MRT-08-0390;1;1;1,7;38,95;4,4;0;0
2024-04;MRT-08-0390;3;1;1,7;116,85;13,1;0;0
2024-05;MRT-08-0390;1;1;1,7;38,95;4,4;0;0
2024-06;MRT-08-0390;1;1;1,7;38,95;4,4;0;0
2024-07;MRT-08-0390;1;1;1,7;38,95;4,4;0;0
2024-08;MRT-08-0390;2;1;1,7;77,9;8,7;0;0
2024-09;MRT-08-0390;1;1;1,7;38,95;4,4;0;0
2024-10;MRT-08-0390;2;1;1,7;77,9;8,7;0;0
2024-11;MRT-08-0390;2;1;1,7;77,9;8,7;0;0
2024-12;MRT-08-0390;1;1;1,7;38,95;4,4;0;0
2025-01;MRT-08-0390;1;1;1,7;38,95;4,4;0;0
2025-02;MRT-08-0390;0;1;1,7;0,0;0,0;1;0
2025-03;MRT-08-0390;2;1;1,7;77,9;8,7;0;0
2025-04;MRT-08-0390;0;1;1,7;0,0;0,0;1;0
2025-05;MRT-08-0390;1;1;1,7;38,95;4,4;0;0
2025-06;MRT-08-0390;2;1;1,7;77,9;8,7;0;0
2025-07;MRT-08-0390;2;1;1,7;77,9;8,7;0;0
2025-08;MRT-08-0390;1;1;1,7;38,95;4,4;0;0
2025-09;MRT-08-0390;1;1;1,7;38,95;4,4;0;0
2025-10;MRT-08-0390;2;1;1,7;77,9;8,7;0;0
2025-11;MRT-08-0390;3;1;1,7;116,85;13,1;0;0
2025-12;MRT-08-0390;0;1;1,7;0,0;0,0;1;0
2024-01;TMM-10-0604;0;1;1,4;0,0;0,0;1;0
2024-02;TMM-10-0604;1;1;1,4;290,8;51,4;0;0
2024-03;TMM-10-0604;2;1;1,4;581,6;102,9;0;0
2024-04;TMM-10-0604;2;1;1,4;581,6;102,9;0;0
2024-05;TMM-10-0604;1;1;1,4;290,8;51,4;0;0
2024-06;TMM-10-0604;0;1;1,4;0,0;0,0;1;0
2024-07;TMM-10-0604;1;1;1,4;290,8;51,4;0;0
2024-08;TMM-10-0604;1;1;1,4;290,8;51,4;0;0
2024-09;TMM-10-0604;0;1;1,4;0,0;0,0;1;0
2024-10;TMM-10-0604;1;1;1,4;290,8;51,4;0;0
2024-11;TMM-10-0604;1;1;1,4;290,8;51,4;0;0
2024-12;TMM-10-0604;1;1;1,4;290,8;51,4;0;0
2025-01;TMM-10-0604;0;1;1,4;0,0;0,0;1;0
2025-02;TMM-10-0604;1;1;1,4;290,8;51,4;0;0
2025-03;TMM-10-0604;1;1;1,4;290,8;51,4;0;0
2025-04;TMM-10-0604;1;1;1,4;290,8;51,4;0;0
2025-05;TMM-10-0604;2;1;1,4;581,6;102,9;0;0
2025-06;TMM-10-0604;1;1;1,4;290,8;51,4;0;0
2025-07;TMM-10-0604;1;1;1,4;290,8;51,4;0;0
2025-08;TMM-10-0604;1;1;1,4;290,8;51,4;0;0
2025-09;TMM-10-0604;1;1;1,4;290,8;51,4;0;0
2025-10;TMM-10-0604;2;1;1,4;581,6;102,9;0;0
2025-11;TMM-10-0604;1;1;1,4;290,8;51,4;0;0
2025-12;TMM-10-0604;0;1;1,4;0,0;0,0;1;0
2024-01;MLT-10-0214;18;5,2;9,6;2147,95;185,1;0;0
2024-02;MLT-10-0214;3;5,2;9,6;357,99;30,9;0;0
2024-03;MLT-10-0214;12;5,2;9,6;1431,97;123,4;0;0
2024-04;MLT-10-0214;9;5,2;9,6;1073,98;92,6;0;0
2024-05;MLT-10-0214;7;5,2;9,6;835,31;72,0;0;0
2024-06;MLT-10-0214;19;5,2;9,6;2267,28;195,4;0;0
2024-07;MLT-10-0214;3;5,2;9,6;357,99;30,9;0;0
2024-08;MLT-10-0214;3;5,2;9,6;357,99;30,9;0;0
2024-09;MLT-10-0214;7;5,2;9,6;835,31;72,0;0;0
2024-10;MLT-10-0214;9;5,2;9,6;1073,98;92,6;0;0
2024-11;MLT-10-0214;5;5,2;9,6;596,65;51,4;0;0
2024-12;MLT-10-0214;5;5,2;9,6;596,65;51,4;0;0
2025-01;MLT-10-0214;6;5,2;9,6;715,98;61,7;0;0
2025-02;MLT-10-0214;2;5,2;9,6;238,66;20,6;0;0
2025-03;MLT-10-0214;0;5,2;9,6;0,0;0,0;1;0
2025-04;MLT-10-0214;6;5,2;9,6;715,98;61,7;0;0
2025-05;MLT-10-0214;13;5,2;9,6;1551,3;133,7;0;0
2025-06;MLT-10-0214;6;5,2;9,6;715,98;61,7;0;0
2025-07;MLT-10-0214;10;5,2;9,6;1193,31;102,9;0;0
2025-08;MLT-10-0214;13;5,2;9,6;1551,3;133,7;0;0
2025-09;MLT-10-0214;14;5,2;9,6;1670,63;144,0;0;0
2025-10;MLT-10-0214;10;5,2;9,6;1193,31;102,9;0;0
2025-11;MLT-10-0214;3;5,2;9,6;357,99;30,9;0;0
2025-12;MLT-10-0214;0;5,2;9,6;0,0;0,0;1;0
2024-01;MT-05-0041;2;1,2;2,2;293,14;20,3;0;0
2024-02;MT-05-0041;2;1,2;2,2;293,14;20,3;0;0
2024-03;MT-05-0041;4;1,2;2,2;586,29;40,6;0;0
2024-04;MT-05-0041;1;1,2;2,2;146,57;10,1;0;0
2024-05;MT-05-0041;0;1,2;2,2;0,0;0,0;1;0
2024-06;MT-05-0041;3;1,2;2,2;439,72;30,4;0;0
2024-07;MT-05-0041;2;1,2;2,2;293,14;20,3;0;0
2024-08;MT-05-0041;1;1,2;2,2;146,57;10,1;0;0
2024-09;MT-05-0041;3;1,2;2,2;439,72;30,4;0;0
2024-10;MT-05-0041;2;1,2;2,2;293,14;20,3;0;0
2024-11;MT-05-0041;3;1,2;2,2;439,72;30,4;0;0
2024-12;MT-05-0041;1;1,2;2,2;146,57;10,1;0;0
2025-01;MT-05-0041;1;1,2;2,2;146,57;10,1;0;0
2025-02;MT-05-0041;3;1,2;2,2;439,72;30,4;0;0
2025-03;MT-05-0041;2;1,2;2,2;293,14;20,3;0;0
2025-04;MT-05-0041;1;1,2;2,2;146,57;10,1;0;0
2025-05;MT-05-0041;2;1,2;2,2;293,14;20,3;0;0
2025-06;MT-05-0041;3;1,2;2,2;439,72;30,4;0;0
2025-07;MT-05-0041;3;1,2;2,2;439,72;30,4;0;0
2025-08;MT-05-0041;1;1,2;2,2;146,57;10,1;0;0
2025-09;MT-05-0041;2;1,2;2,2;293,14;20,3;0;0
2025-10;MT-05-0041;3;1,2;2,2;439,72;30,4;0;0
2025-11;MT-05-0041;4;1,2;2,2;586,29;40,6;0;0
2025-12;MT-05-0041;2;1,2;2,2;293,14;20,3;0;0
2024-01;MT-01-0127;34;17,5;32,1;1390,39;69,9;0;0
2024-02;MT-01-0127;30;17,5;32,1;1226,82;61,7;0;0
2024-03;MT-01-0127;33;17,5;32,1;1349,5;67,9;0;0
2024-04;MT-01-0127;47;17,5;32,1;1922,01;96,7;0;0
2024-05;MT-01-0127;63;17,5;32,1;2576,32;129,6;0;0
2024-06;MT-01-0127;36;17,5;32,1;1472,18;74,1;0;0
2024-07;MT-01-0127;64;17,5;32,1;2617,21;131,7;0;0
2024-08;MT-01-0127;2;17,5;32,1;81,79;4,1;0;0
2024-09;MT-01-0127;53;17,5;32,1;2167,38;109,0;0;0
2024-10;MT-01-0127;58;17,5;32,1;2371,85;119,3;0;0
2024-11;MT-01-0127;25;17,5;32,1;1022,35;51,4;0;0
2024-12;MT-01-0127;34;17,5;32,1;1390,39;69,9;0;0
2025-01;MT-01-0127;45;17,5;32,1;1840,23;92,6;0;0
2025-02;MT-01-0127;33;17,5;32,1;1349,5;67,9;0;0
2025-03;MT-01-0127;32;17,5;32,1;1308,61;65,8;0;0
2025-04;MT-01-0127;6;17,5;32,1;245,36;12,3;0;0
2025-05;MT-01-0127;6;17,5;32,1;245,36;12,3;0;0
2025-06;MT-01-0127;47;17,5;32,1;1922,01;96,7;0;0
2025-07;MT-01-0127;24;17,5;32,1;981,45;49,4;0;0
2025-08;MT-01-0127;14;17,5;32,1;572,52;28,8;0;0
2025-09;MT-01-0127;20;17,5;32,1;817,88;41,1;0;0
2025-10;MT-01-0127;12;17,5;32,1;490,73;24,7;0;0
2025-11;MT-01-0127;30;17,5;32,1;1226,82;61,7;0;0
2025-12;MT-01-0127;0;17,5;32,1;0,0;0,0;1;0
2024-01;MT-05-0187;2;4,9;8,9;259,54;10,4;0;0
2024-02;MT-05-0187;10;4,9;8,9;1297,72;51,8;0;0
2024-03;MT-05-0187;13;4,9;8,9;1687,04;67,3;0;0
2024-04;MT-05-0187;12;4,9;8,9;1557,26;62,2;0;0
2024-05;MT-05-0187;11;4,9;8,9;1427,49;57,0;0;0
2024-06;MT-05-0187;2;4,9;8,9;259,54;10,4;0;0
2024-07;MT-05-0187;7;4,9;8,9;908,4;36,3;0;0
2024-08;MT-05-0187;9;4,9;8,9;1167,95;46,6;0;0
2024-09;MT-05-0187;18;4,9;8,9;2335,9;93,2;0;0
2024-10;MT-05-0187;9;4,9;8,9;1167,95;46,6;0;0
2024-11;MT-05-0187;12;4,9;8,9;1557,26;62,2;0;0
2024-12;MT-05-0187;8;4,9;8,9;1038,18;41,4;0;0
2025-01;MT-05-0187;0;4,9;8,9;0,0;0,0;1;0
2025-02;MT-05-0187;13;4,9;8,9;1687,04;67,3;0;0
2025-03;MT-05-0187;5;4,9;8,9;648,86;25,9;0;0
2025-04;MT-05-0187;2;4,9;8,9;259,54;10,4;0;0
2025-05;MT-05-0187;9;4,9;8,9;1167,95;46,6;0;0
2025-06;MT-05-0187;2;4,9;8,9;259,54;10,4;0;0
2025-07;MT-05-0187;1;4,9;8,9;129,77;5,2;0;0
2025-08;MT-05-0187;15;4,9;8,9;1946,58;77,7;0;0
2025-09;MT-05-0187;11;4,9;8,9;1427,49;57,0;0;0
2025-10;MT-05-0187;7;4,9;8,9;908,4;36,3;0;0
2025-11;MT-05-0187;9;4,9;8,9;1167,95;46,6;0;0
2025-12;MT-05-0187;12;4,9;8,9;1557,26;62,2;0;0
2024-01;TMM-07-0563;2;1;1,6;619,94;45,0;0;0
2024-02;TMM-07-0563;0;1;1,6;0,0;0,0;1;0
2024-03;TMM-07-0563;0;1;1,6;0,0;0,0;1;0
2024-04;TMM-07-0563;3;1;1,6;929,91;67,5;0;0
2024-05;TMM-07-0563;0;1;1,6;0,0;0,0;1;0
2024-06;TMM-07-0563;2;1;1,6;619,94;45,0;0;0
2024-07;TMM-07-0563;1;1;1,6;309,97;22,5;0;0
2024-08;TMM-07-0563;2;1;1,6;619,94;45,0;0;0
2024-09;TMM-07-0563;0;1;1,6;0,0;0,0;1;0
2024-10;TMM-07-0563;1;1;1,6;309,97;22,5;0;0
2024-11;TMM-07-0563;0;1;1,6;0,0;0,0;1;0
2024-12;TMM-07-0563;1;1;1,6;309,97;22,5;0;0
2025-01;TMM-07-0563;2;1;1,6;619,94;45,0;0;0
2025-02;TMM-07-0563;0;1;1,6;0,0;0,0;1;0
2025-03;TMM-07-0563;0;1;1,6;0,0;0,0;1;0
2025-04;TMM-07-0563;0;1;1,6;0,0;0,0;1;0
2025-05;TMM-07-0563;2;1;1,6;619,94;45,0;0;0
2025-06;TMM-07-0563;1;1;1,6;309,97;22,5;0;0
2025-07;TMM-07-0563;2;1;1,6;619,94;45,0;0;0
2025-08;TMM-07-0563;1;1;1,6;309,97;22,5;0;0
2025-09;TMM-07-0563;2;1;1,6;619,94;45,0;0;0
2025-10;TMM-07-0563;2;1;1,6;619,94;45,0;0;0
2025-11;TMM-07-0563;1;1;1,6;309,97;22,5;0;0
2025-12;TMM-07-0563;2;1;1,6;619,94;45,0;0;0
2024-01;TMM-07-0594;1;1;1,4;229,54;24,0;0;0
2024-02;TMM-07-0594;2;1;1,4;459,08;48,0;0;0
2024-03;TMM-07-0594;1;1;1,4;229,54;24,0;0;0
2024-04;TMM-07-0594;1;1;1,4;229,54;24,0;0;0
2024-05;TMM-07-0594;0;1;1,4;0,0;0,0;1;0
2024-06;TMM-07-0594;1;1;1,4;229,54;24,0;0;0
2024-07;TMM-07-0594;1;1;1,4;229,54;24,0;0;0
2024-08;TMM-07-0594;1;1;1,4;229,54;24,0;0;0
2024-09;TMM-07-0594;0;1;1,4;0,0;0,0;1;0
2024-10;TMM-07-0594;4;1;1,4;918,17;96,0;0;0
2024-11;TMM-07-0594;1;1;1,4;229,54;24,0;0;0
2024-12;TMM-07-0594;1;1;1,4;229,54;24,0;0;0
2025-01;TMM-07-0594;0;1;1,4;0,0;0,0;1;0
2025-02;TMM-07-0594;0;1;1,4;0,0;0,0;1;0
2025-03;TMM-07-0594;1;1;1,4;229,54;24,0;0;0
2025-04;TMM-07-0594;0;1;1,4;0,0;0,0;1;0
2025-05;TMM-07-0594;1;1;1,4;229,54;24,0;0;0
2025-06;TMM-07-0594;1;1;1,4;229,54;24,0;0;0
2025-07;TMM-07-0594;3;1;1,4;688,63;72,0;0;0
2025-08;TMM-07-0594;2;1;1,4;459,08;48,0;0;0
2025-09;TMM-07-0594;1;1;1,4;229,54;24,0;0;0
2025-10;TMM-07-0594;1;1;1,4;229,54;24,0;0;0
2025-11;TMM-07-0594;0;1;1,4;0,0;0,0;1;0
2025-12;TMM-07-0594;1;1;1,4;229,54;24,0;0;0
2024-01;TMM-10-0620;1;1;1,2;247,01;30,0;0;0
2024-02;TMM-10-0620;0;1;1,2;0,0;0,0;1;0
2024-03;TMM-10-0620;1;1;1,2;247,01;30,0;0;0
2024-04;TMM-10-0620;0;1;1,2;0,0;0,0;1;0
2024-05;TMM-10-0620;1;1;1,2;247,01;30,0;0;0
2024-06;TMM-10-0620;1;1;1,2;247,01;30,0;0;0
2024-07;TMM-10-0620;1;1;1,2;247,01;30,0;0;0
2024-08;TMM-10-0620;0;1;1,2;0,0;0,0;1;0
2024-09;TMM-10-0620;1;1;1,2;247,01;30,0;0;0
2024-10;TMM-10-0620;0;1;1,2;0,0;0,0;1;0
2024-11;TMM-10-0620;1;1;1,2;247,01;30,0;0;0
2024-12;TMM-10-0620;1;1;1,2;247,01;30,0;0;0
2025-01;TMM-10-0620;0;1;1,2;0,0;0,0;1;0
2025-02;TMM-10-0620;1;1;1,2;247,01;30,0;0;0
2025-03;TMM-10-0620;1;1;1,2;247,01;30,0;0;0
2025-04;TMM-10-0620;1;1;1,2;247,01;30,0;0;0
2025-05;TMM-10-0620;1;1;1,2;247,01;30,0;0;0
2025-06;TMM-10-0620;0;1;1,2;0,0;0,0;1;0
2025-07;TMM-10-0620;0;1;1,2;0,0;0,0;1;0
2025-08;TMM-10-0620;1;1;1,2;247,01;30,0;0;0
2025-09;TMM-10-0620;0;1;1,2;0,0;0,0;1;0
2025-10;TMM-10-0620;0;1;1,2;0,0;0,0;1;0
2025-11;TMM-10-0620;0;1;1,2;0,0;0,0;1;0
2025-12;TMM-10-0620;1;1;1,2;247,01;30,0;0;0
2024-01;MLT-05-0221;0;1;1,4;0,0;0,0;1;0
2024-02;MLT-05-0221;0;1;1,4;0,0;0,0;1;0
2024-03;MLT-05-0221;2;1;1,4;232,0;13,5;0;0
2024-04;MLT-05-0221;2;1;1,4;232,0;13,5;0;0
2024-05;MLT-05-0221;2;1;1,4;232,0;13,5;0;0
2024-06;MLT-05-0221;1;1;1,4;116,0;6,7;0;0
2024-07;MLT-05-0221;1;1;1,4;116,0;6,7;0;0
2024-08;MLT-05-0221;1;1;1,4;116,0;6,7;0;0
2024-09;MLT-05-0221;1;1;1,4;116,0;6,7;0;0
2024-10;MLT-05-0221;2;1;1,4;232,0;13,5;0;0
2024-11;MLT-05-0221;0;1;1,4;0,0;0,0;1;0
2024-12;MLT-05-0221;1;1;1,4;116,0;6,7;0;0
2025-01;MLT-05-0221;2;1;1,4;232,0;13,5;0;0
2025-02;MLT-05-0221;2;1;1,4;232,0;13,5;0;0
2025-03;MLT-05-0221;1;1;1,4;116,0;6,7;0;0
2025-04;MLT-05-0221;1;1;1,4;116,0;6,7;0;0
2025-05;MLT-05-0221;0;1;1,4;0,0;0,0;1;0
2025-06;MLT-05-0221;0;1;1,4;0,0;0,0;1;0
2025-07;MLT-05-0221;1;1;1,4;116,0;6,7;0;0
2025-08;MLT-05-0221;0;1;1,4;0,0;0,0;1;0
2025-09;MLT-05-0221;0;1;1,4;0,0;0,0;1;0
2025-10;MLT-05-0221;1;1;1,4;116,0;6,7;0;0
2025-11;MLT-05-0221;1;1;1,4;116,0;6,7;0;0
2025-12;MLT-05-0221;0;1;1,4;0,0;0,0;1;0
2024-01;MLT-04-0310;1;1;1,3;538,97;15,7;0;0
2024-02;MLT-04-0310;1;1;1,3;538,97;15,7;0;0
2024-03;MLT-04-0310;1;1;1,3;538,97;15,7;0;0
2024-04;MLT-04-0310;1;1;1,3;538,97;15,7;0;0
2024-05;MLT-04-0310;0;1;1,3;0,0;0,0;1;0
2024-06;MLT-04-0310;2;1;1,3;1077,94;31,3;0;0
2024-07;MLT-04-0310;0;1;1,3;0,0;0,0;1;0
2024-08;MLT-04-0310;2;1;1,3;1077,94;31,3;0;0
2024-09;MLT-04-0310;0;1;1,3;0,0;0,0;1;0
2024-10;MLT-04-0310;1;1;1,3;538,97;15,7;0;0
2024-11;MLT-04-0310;1;1;1,3;538,97;15,7;0;0
2024-12;MLT-04-0310;1;1;1,3;538,97;15,7;0;0
2025-01;MLT-04-0310;1;1;1,3;538,97;15,7;0;0
2025-02;MLT-04-0310;0;1;1,3;0,0;0,0;1;0
2025-03;MLT-04-0310;0;1;1,3;0,0;0,0;1;0
2025-04;MLT-04-0310;1;1;1,3;538,97;15,7;0;0
2025-05;MLT-04-0310;1;1;1,3;538,97;15,7;0;0
2025-06;MLT-04-0310;1;1;1,3;538,97;15,7;0;0
2025-07;MLT-04-0310;2;1;1,3;1077,94;31,3;0;0
2025-08;MLT-04-0310;1;1;1,3;538,97;15,7;0;0
2025-09;MLT-04-0310;1;1;1,3;538,97;15,7;0;0
2025-10;MLT-04-0310;1;1;1,3;538,97;15,7;0;0
2025-11;MLT-04-0310;1;1;1,3;538,97;15,7;0;0
2025-12;MLT-04-0310;1;1;1,3;538,97;15,7;0;0
2024-01;MRT-05-0433;0;1;1,3;0,0;0,0;1;0
2024-02;MRT-05-0433;1;1;1,3;143,6;21,8;0;0
2024-03;MRT-05-0433;0;1;1,3;0,0;0,0;1;0
2024-04;MRT-05-0433;1;1;1,3;143,6;21,8;0;0
2024-05;MRT-05-0433;1;1;1,3;143,6;21,8;0;0
2024-06;MRT-05-0433;2;1;1,3;287,2;43,6;0;0
2024-07;MRT-05-0433;1;1;1,3;143,6;21,8;0;0
2024-08;MRT-05-0433;2;1;1,3;287,2;43,6;0;0
2024-09;MRT-05-0433;1;1;1,3;143,6;21,8;0;0
2024-10;MRT-05-0433;1;1;1,3;143,6;21,8;0;0
2024-11;MRT-05-0433;1;1;1,3;143,6;21,8;0;0
2024-12;MRT-05-0433;0;1;1,3;0,0;0,0;1;0
2025-01;MRT-05-0433;0;1;1,3;0,0;0,0;1;0
2025-02;MRT-05-0433;2;1;1,3;287,2;43,6;0;0
2025-03;MRT-05-0433;1;1;1,3;143,6;21,8;0;0
2025-04;MRT-05-0433;0;1;1,3;0,0;0,0;1;0
2025-05;MRT-05-0433;1;1;1,3;143,6;21,8;0;0
2025-06;MRT-05-0433;1;1;1,3;143,6;21,8;0;0
2025-07;MRT-05-0433;1;1;1,3;143,6;21,8;0;0
2025-08;MRT-05-0433;0;1;1,3;0,0;0,0;1;0
2025-09;MRT-05-0433;1;1;1,3;143,6;21,8;0;0
2025-10;MRT-05-0433;2;1;1,3;287,2;43,6;0;0
2025-11;MRT-05-0433;1;1;1,3;143,6;21,8;0;0
2025-12;MRT-05-0433;1;1;1,3;143,6;21,8;0;0
2024-01;MT-10-0164;10;5,5;10,2;1792,6;97,3;0;0
2024-02;MT-10-0164;7;5,5;10,2;1254,82;68,1;0;0
2024-03;MT-10-0164;11;5,5;10,2;1971,86;107,0;0;0
2024-04;MT-10-0164;10;5,5;10,2;1792,6;97,3;0;0
2024-05;MT-10-0164;20;5,5;10,2;3585,2;194,6;0;0
2024-06;MT-10-0164;18;5,5;10,2;3226,68;175,1;0;0
2024-07;MT-10-0164;14;5,5;10,2;2509,64;136,2;0;0
2024-08;MT-10-0164;15;5,5;10,2;2688,9;145,9;0;0
2024-09;MT-10-0164;9;5,5;10,2;1613,34;87,6;0;0
2024-10;MT-10-0164;7;5,5;10,2;1254,82;68,1;0;0
2024-11;MT-10-0164;6;5,5;10,2;1075,56;58,4;0;0
2024-12;MT-10-0164;15;5,5;10,2;2688,9;145,9;0;0
2025-01;MT-10-0164;5;5,5;10,2;896,3;48,6;0;0
2025-02;MT-10-0164;6;5,5;10,2;1075,56;58,4;0;0
2025-03;MT-10-0164;7;5,5;10,2;1254,82;68,1;0;0
2025-04;MT-10-0164;8;5,5;10,2;1434,08;77,8;0;0
2025-05;MT-10-0164;10;5,5;10,2;1792,6;97,3;0;0
2025-06;MT-10-0164;2;5,5;10,2;358,52;19,5;0;0
2025-07;MT-10-0164;4;5,5;10,2;717,04;38,9;0;0
2025-08;MT-10-0164;16;5,5;10,2;2868,16;155,7;0;0
2025-09;MT-10-0164;12;5,5;10,2;2151,12;116,8;0;0
2025-10;MT-10-0164;9;5,5;10,2;1613,34;87,6;0;0
2025-11;MT-10-0164;10;5,5;10,2;1792,6;97,3;0;0
2025-12;MT-10-0164;13;5,5;10,2;2330,38;126,5;0;0
2024-01;MLT-09-0243;4;7,4;12,0;714,24;38,9;0;0
2024-02;MLT-09-0243;11;7,4;12,0;1964,17;107,0;0;0
2024-03;MLT-09-0243;17;7,4;12,0;3035,53;165,4;0;0
2024-04;MLT-09-0243;10;7,4;12,0;1785,61;97,3;0;0
2024-05;MLT-09-0243;11;7,4;12,0;1964,17;107,0;0;0
2024-06;MLT-09-0243;18;7,4;12,0;3214,09;175,1;0;0
2024-07;MLT-09-0243;10;7,4;12,0;1785,61;97,3;0;0
2024-08;MLT-09-0243;10;7,4;12,0;1785,61;97,3;0;0
2024-09;MLT-09-0243;11;7,4;12,0;1964,17;107,0;0;0
2024-10;MLT-09-0243;4;7,4;12,0;714,24;38,9;0;0
2024-11;MLT-09-0243;9;7,4;12,0;1607,04;87,6;0;0
2024-12;MLT-09-0243;8;7,4;12,0;1428,48;77,8;0;0
2025-01;MLT-09-0243;12;7,4;12,0;2142,73;116,8;0;0
2025-02;MLT-09-0243;9;7,4;12,0;1607,04;87,6;0;0
2025-03;MLT-09-0243;17;7,4;12,0;3035,53;165,4;0;0
2025-04;MLT-09-0243;7;7,4;12,0;1249,92;68,1;0;0
2025-05;MLT-09-0243;11;7,4;12,0;1964,17;107,0;0;0
2025-06;MLT-09-0243;0;7,4;12,0;0,0;0,0;1;0
2025-07;MLT-09-0243;13;7,4;12,0;2321,29;126,5;0;0
2025-08;MLT-09-0243;20;7,4;12,0;3571,21;194,6;0;0
2025-09;MLT-09-0243;22;7,4;12,0;3928,33;214,1;0;0
2025-10;MLT-09-0243;6;7,4;12,0;1071,36;58,4;0;0
2025-11;MLT-09-0243;14;7,4;12,0;2499,85;136,2;0;0
2025-12;MLT-09-0243;4;7,4;12,0;714,24;38,9;0;0
2024-01;MT-10-0006;10;8,4;15,4;1367,93;64,3;0;0
2024-02;MT-10-0006;24;8,4;15,4;3283,03;154,3;0;0
2024-03;MT-10-0006;25;8,4;15,4;3419,82;160,7;0;0
2024-04;MT-10-0006;17;8,4;15,4;2325,48;109,3;0;0
2024-05;MT-10-0006;12;8,4;15,4;1641,51;77,1;0;0
2024-06;MT-10-0006;18;8,4;15,4;2462,27;115,7;0;0
2024-07;MT-10-0006;18;8,4;15,4;2462,27;115,7;0;0
2024-08;MT-10-0006;10;8,4;15,4;1367,93;64,3;0;0
2024-09;MT-10-0006;16;8,4;15,4;2188,68;102,9;0;0
2024-10;MT-10-0006;2;8,4;15,4;273,59;12,9;0;0
2024-11;MT-10-0006;4;8,4;15,4;547,17;25,7;0;0
2024-12;MT-10-0006;15;8,4;15,4;2051,89;96,4;0;0
2025-01;MT-10-0006;0;8,4;15,4;0,0;0,0;1;0
2025-02;MT-10-0006;18;8,4;15,4;2462,27;115,7;0;0
2025-03;MT-10-0006;10;8,4;15,4;1367,93;64,3;0;0
2025-04;MT-10-0006;6;8,4;15,4;820,76;38,6;0;0
2025-05;MT-10-0006;15;8,4;15,4;2051,89;96,4;0;0
2025-06;MT-10-0006;14;8,4;15,4;1915,1;90,0;0;0
2025-07;MT-10-0006;8;8,4;15,4;1094,34;51,4;0;0
2025-08;MT-10-0006;16;8,4;15,4;2188,68;102,9;0;0
2025-09;MT-10-0006;7;8,4;15,4;957,55;45,0;0;0
2025-10;MT-10-0006;10;8,4;15,4;1367,93;64,3;0;0
2025-11;MT-10-0006;11;8,4;15,4;1504,72;70,7;0;0
2025-12;MT-10-0006;16;8,4;15,4;2188,68;102,9;0;0
2024-01;LOAD-M-04-0842;0;1;1,1;0,0;0,0;1;0
2024-02;LOAD-M-04-0842;1;1;1,1;309,06;34,3;0;0
2024-03;LOAD-M-04-0842;0;1;1,1;0,0;0,0;1;0
2024-04;LOAD-M-04-0842;1;1;1,1;309,06;34,3;0;0
2024-05;LOAD-M-04-0842;0;1;1,1;0,0;0,0;1;0
2024-06;LOAD-M-04-0842;0;1;1,1;0,0;0,0;1;0
2024-07;LOAD-M-04-0842;0;1;1,1;0,0;0,0;1;0
2024-08;LOAD-M-04-0842;1;1;1,1;309,06;34,3;0;0
2024-09;LOAD-M-04-0842;1;1;1,1;309,06;34,3;0;0
2024-10;LOAD-M-04-0842;0;1;1,1;0,0;0,0;1;0
2024-11;LOAD-M-04-0842;1;1;1,1;309,06;34,3;0;0
2024-12;LOAD-M-04-0842;0;1;1,1;0,0;0,0;1;0
2025-01;LOAD-M-04-0842;1;1;1,1;309,06;34,3;0;0
2025-02;LOAD-M-04-0842;1;1;1,1;309,06;34,3;0;0
2025-03;LOAD-M-04-0842;1;1;1,1;309,06;34,3;0;0
2025-04;LOAD-M-04-0842;1;1;1,1;309,06;34,3;0;0
2025-05;LOAD-M-04-0842;0;1;1,1;0,0;0,0;1;0
2025-06;LOAD-M-04-0842;1;1;1,1;309,06;34,3;0;0
2025-07;LOAD-M-04-0842;0;1;1,1;0,0;0,0;1;0
2025-08;LOAD-M-04-0842;1;1;1,1;309,06;34,3;0;0
2025-09;LOAD-M-04-0842;0;1;1,1;0,0;0,0;1;0
2025-10;LOAD-M-04-0842;0;1;1,1;0,0;0,0;1;0
2025-11;LOAD-M-04-0842;1;1;1,1;309,06;34,3;0;0
2025-12;LOAD-M-04-0842;1;1;1,1;309,06;34,3;0;0
2024-01;MRT-10-0376;5;1,9;3,5;628,11;66,7;0;0
2024-02;MRT-10-0376;3;1,9;3,5;376,86;40,0;0;0
2024-03;MRT-10-0376;3;1,9;3,5;376,86;40,0;0;0
2024-04;MRT-10-0376;2;1,9;3,5;251,24;26,7;0;0
2024-05;MRT-10-0376;2;1,9;3,5;251,24;26,7;0;0
2024-06;MRT-10-0376;1;1,9;3,5;125,62;13,3;0;0
2024-07;MRT-10-0376;2;1,9;3,5;251,24;26,7;0;0
2024-08;MRT-10-0376;6;1,9;3,5;753,73;80,0;0;0
2024-09;MRT-10-0376;5;1,9;3,5;628,11;66,7;0;0
2024-10;MRT-10-0376;3;1,9;3,5;376,86;40,0;0;0
2024-11;MRT-10-0376;4;1,9;3,5;502,48;53,3;0;0
2024-12;MRT-10-0376;5;1,9;3,5;628,11;66,7;0;0
2025-01;MRT-10-0376;4;1,9;3,5;502,48;53,3;0;0
2025-02;MRT-10-0376;0;1,9;3,5;0,0;0,0;1;0
2025-03;MRT-10-0376;4;1,9;3,5;502,48;53,3;0;0
2025-04;MRT-10-0376;2;1,9;3,5;251,24;26,7;0;0
2025-05;MRT-10-0376;1;1,9;3,5;125,62;13,3;0;0
2025-06;MRT-10-0376;3;1,9;3,5;376,86;40,0;0;0
2025-07;MRT-10-0376;1;1,9;3,5;125,62;13,3;0;0
2025-08;MRT-10-0376;7;1,9;3,5;879,35;93,3;0;0
2025-09;MRT-10-0376;4;1,9;3,5;502,48;53,3;0;0
2025-10;MRT-10-0376;4;1,9;3,5;502,48;53,3;0;0
2025-11;MRT-10-0376;5;1,9;3,5;628,11;66,7;0;0
2025-12;MRT-10-0376;1;1,9;3,5;125,62;13,3;0;0
2024-01;MT-02-0005;2;1;1,3;361,85;19,2;0;0
2024-02;MT-02-0005;2;1;1,3;361,85;19,2;0;0
2024-03;MT-02-0005;0;1;1,3;0,0;0,0;1;0
2024-04;MT-02-0005;0;1;1,3;0,0;0,0;1;0
2024-05;MT-02-0005;2;1;1,3;361,85;19,2;0;0
2024-06;MT-02-0005;1;1;1,3;180,93;9,6;0;0
2024-07;MT-02-0005;1;1;1,3;180,93;9,6;0;0
2024-08;MT-02-0005;0;1;1,3;0,0;0,0;1;0
2024-09;MT-02-0005;1;1;1,3;180,93;9,6;0;0
2024-10;MT-02-0005;1;1;1,3;180,93;9,6;0;0
2024-11;MT-02-0005;2;1;1,3;361,85;19,2;0;0
2024-12;MT-02-0005;1;1;1,3;180,93;9,6;0;0
2025-01;MT-02-0005;0;1;1,3;0,0;0,0;1;0
2025-02;MT-02-0005;1;1;1,3;180,93;9,6;0;0
2025-03;MT-02-0005;1;1;1,3;180,93;9,6;0;0
2025-04;MT-02-0005;1;1;1,3;180,93;9,6;0;0
2025-05;MT-02-0005;2;1;1,3;361,85;19,2;0;0
2025-06;MT-02-0005;1;1;1,3;180,93;9,6;0;0
2025-07;MT-02-0005;1;1;1,3;180,93;9,6;0;0
2025-08;MT-02-0005;0;1;1,3;0,0;0,0;1;0
2025-09;MT-02-0005;1;1;1,3;180,93;9,6;0;0
2025-10;MT-02-0005;1;1;1,3;180,93;9,6;0;0
2025-11;MT-02-0005;1;1;1,3;180,93;9,6;0;0
2025-12;MT-02-0005;0;1;1,3;0,0;0,0;1;0
2024-01;MT-08-0155;8;7,4;13,6;244,99;18,1;0;0
2024-02;MT-08-0155;27;7,4;13,6;826,84;61,1;0;0
2024-03;MT-08-0155;5;7,4;13,6;153,12;11,3;0;0
2024-04;MT-08-0155;4;7,4;13,6;122,49;9,1;0;0
2024-05;MT-08-0155;15;7,4;13,6;459,36;34,0;0;0
2024-06;MT-08-0155;7;7,4;13,6;214,37;15,8;0;0
2024-07;MT-08-0155;18;7,4;13,6;551,23;40,8;0;0
2024-08;MT-08-0155;11;7,4;13,6;336,86;24,9;0;0
2024-09;MT-08-0155;11;7,4;13,6;336,86;24,9;0;0
2024-10;MT-08-0155;27;7,4;13,6;826,84;61,1;0;0
2024-11;MT-08-0155;4;7,4;13,6;122,49;9,1;0;0
2024-12;MT-08-0155;19;7,4;13,6;581,85;43,0;0;0
2025-01;MT-08-0155;14;7,4;13,6;428,73;31,7;0;0
2025-02;MT-08-0155;23;7,4;13,6;704,35;52,1;0;0
2025-03;MT-08-0155;24;7,4;13,6;734,97;54,3;0;0
2025-04;MT-08-0155;4;7,4;13,6;122,49;9,1;0;0
2025-05;MT-08-0155;15;7,4;13,6;459,36;34,0;0;0
2025-06;MT-08-0155;10;7,4;13,6;306,24;22,6;0;0
2025-07;MT-08-0155;21;7,4;13,6;643,1;47,5;0;0
2025-08;MT-08-0155;10;7,4;13,6;306,24;22,6;0;0
2025-09;MT-08-0155;9;7,4;13,6;275,61;20,4;0;0
2025-10;MT-08-0155;13;7,4;13,6;398,11;29,4;0;0
2025-11;MT-08-0155;27;7,4;13,6;826,84;61,1;0;0
2025-12;MT-08-0155;17;7,4;13,6;520,6;38,5;0;0
2024-01;MT-06-0098;22;7,7;12,5;1458,78;64,1;0;0
2024-02;MT-06-0098;13;7,7;12,5;862,01;37,9;0;0
2024-03;MT-06-0098;6;7,7;12,5;397,85;17,5;0;0
2024-04;MT-06-0098;12;7,7;12,5;795,7;35,0;0;0
2024-05;MT-06-0098;15;7,7;12,5;994,62;43,7;0;0
2024-06;MT-06-0098;10;7,7;12,5;663,08;29,1;0;0
2024-07;MT-06-0098;7;7,7;12,5;464,16;20,4;0;0
2024-08;MT-06-0098;5;7,7;12,5;331,54;14,6;0;0
2024-09;MT-06-0098;12;7,7;12,5;795,7;35,0;0;0
2024-10;MT-06-0098;20;7,7;12,5;1326,16;58,3;0;0
2024-11;MT-06-0098;9;7,7;12,5;596,77;26,2;0;0
2024-12;MT-06-0098;8;7,7;12,5;530,47;23,3;0;0
2025-01;MT-06-0098;5;7,7;12,5;331,54;14,6;0;0
2025-02;MT-06-0098;8;7,7;12,5;530,47;23,3;0;0
2025-03;MT-06-0098;6;7,7;12,5;397,85;17,5;0;0
2025-04;MT-06-0098;16;7,7;12,5;1060,93;46,6;0;0
2025-05;MT-06-0098;5;7,7;12,5;331,54;14,6;0;0
2025-06;MT-06-0098;17;7,7;12,5;1127,24;49,6;0;0
2025-07;MT-06-0098;14;7,7;12,5;928,32;40,8;0;0
2025-08;MT-06-0098;15;7,7;12,5;994,62;43,7;0;0
2025-09;MT-06-0098;12;7,7;12,5;795,7;35,0;0;0
2025-10;MT-06-0098;0;7,7;12,5;0,0;0,0;1;0
2025-11;MT-06-0098;17;7,7;12,5;1127,24;49,6;0;0
2025-12;MT-06-0098;6;7,7;12,5;397,85;17,5;0;0
2024-01;AWP-06-0640;9;8,3;13,5;616,81;78,1;0;0
2024-02;AWP-06-0640;8;8,3;13,5;548,28;69,4;0;0
2024-03;AWP-06-0640;15;8,3;13,5;1028,02;130,1;0;0
2024-04;AWP-06-0640;22;8,3;13,5;1507,77;190,8;0;0
2024-05;AWP-06-0640;15;8,3;13,5;1028,02;130,1;0;0
2024-06;AWP-06-0640;18;8,3;13,5;1233,63;156,1;0;0
2024-07;AWP-06-0640;15;8,3;13,5;1028,02;130,1;0;0
2024-08;AWP-06-0640;23;8,3;13,5;1576,3;199,5;0;0
2024-09;AWP-06-0640;11;8,3;13,5;753,88;95,4;0;0
2024-10;AWP-06-0640;12;8,3;13,5;822,42;104,1;0;0
2024-11;AWP-06-0640;22;8,3;13,5;1507,77;190,8;0;0
2024-12;AWP-06-0640;14;8,3;13,5;959,49;121,4;0;0
2025-01;AWP-06-0640;11;8,3;13,5;753,88;95,4;0;0
2025-02;AWP-06-0640;12;8,3;13,5;822,42;104,1;0;0
2025-03;AWP-06-0640;19;8,3;13,5;1302,16;164,8;0;0
2025-04;AWP-06-0640;8;8,3;13,5;548,28;69,4;0;0
2025-05;AWP-06-0640;15;8,3;13,5;1028,02;130,1;0;0
2025-06;AWP-06-0640;8;8,3;13,5;548,28;69,4;0;0
2025-07;AWP-06-0640;17;8,3;13,5;1165,09;147,5;0;0
2025-08;AWP-06-0640;16;8,3;13,5;1096,56;138,8;0;0
2025-09;AWP-06-0640;15;8,3;13,5;1028,02;130,1;0;0
2025-10;AWP-06-0640;31;8,3;13,5;2124,58;268,9;0;0
2025-11;AWP-06-0640;10;8,3;13,5;685,35;86,7;0;0
2025-12;AWP-06-0640;23;8,3;13,5;1576,3;199,5;0;0
2024-01;MLT-01-0197;69;25,0;45,8;2182,29;149,2;0;0
2024-02;MLT-01-0197;41;25,0;45,8;1296,73;88,6;0;0
2024-03;MLT-01-0197;52;25,0;45,8;1644,63;112,4;0;0
2024-04;MLT-01-0197;67;25,0;45,8;2119,04;144,9;0;0
2024-05;MLT-01-0197;37;25,0;45,8;1170,22;80,0;0;0
2024-06;MLT-01-0197;51;25,0;45,8;1613,0;110,3;0;0
2024-07;MLT-01-0197;50;25,0;45,8;1581,37;108,1;0;0
2024-08;MLT-01-0197;46;25,0;45,8;1454,86;99,5;0;0
2024-09;MLT-01-0197;58;25,0;45,8;1834,39;125,4;0;0
2024-10;MLT-01-0197;23;25,0;45,8;727,43;49,7;0;0
2024-11;MLT-01-0197;10;25,0;45,8;316,27;21,6;0;0
2024-12;MLT-01-0197;51;25,0;45,8;1613,0;110,3;0;0
2025-01;MLT-01-0197;41;25,0;45,8;1296,73;88,6;0;0
2025-02;MLT-01-0197;61;25,0;45,8;1929,27;131,9;0;0
2025-03;MLT-01-0197;52;25,0;45,8;1644,63;112,4;0;0
2025-04;MLT-01-0197;74;25,0;45,8;2340,43;160,0;0;0
2025-05;MLT-01-0197;45;25,0;45,8;1423,23;97,3;0;0
2025-06;MLT-01-0197;37;25,0;45,8;1170,22;80,0;0;0
2025-07;MLT-01-0197;29;25,0;45,8;917,2;62,7;0;0
2025-08;MLT-01-0197;47;25,0;45,8;1486,49;101,6;0;0
2025-09;MLT-01-0197;44;25,0;45,8;1391,61;95,1;0;0
2025-10;MLT-01-0197;41;25,0;45,8;1296,73;88,6;0;0
2025-11;MLT-01-0197;46;25,0;45,8;1454,86;99,5;0;0
2025-12;MLT-01-0197;58;25,0;45,8;1834,39;125,4;0;0
2024-01;MT-09-0077;4;2,1;3,9;550,47;31,6;0;0
2024-02;MT-09-0077;7;2,1;3,9;963,32;55,4;0;0
2024-03;MT-09-0077;1;2,1;3,9;137,62;7,9;0;0
2024-04;MT-09-0077;3;2,1;3,9;412,85;23,7;0;0
2024-05;MT-09-0077;0;2,1;3,9;0,0;0,0;1;0
2024-06;MT-09-0077;2;2,1;3,9;275,23;15,8;0;0
2024-07;MT-09-0077;1;2,1;3,9;137,62;7,9;0;0
2024-08;MT-09-0077;6;2,1;3,9;825,7;47,5;0;0
2024-09;MT-09-0077;5;2,1;3,9;688,08;39,6;0;0
2024-10;MT-09-0077;3;2,1;3,9;412,85;23,7;0;0
2024-11;MT-09-0077;5;2,1;3,9;688,08;39,6;0;0
2024-12;MT-09-0077;2;2,1;3,9;275,23;15,8;0;0
2025-01;MT-09-0077;5;2,1;3,9;688,08;39,6;0;0
2025-02;MT-09-0077;2;2,1;3,9;275,23;15,8;0;0
2025-03;MT-09-0077;6;2,1;3,9;825,7;47,5;0;0
2025-04;MT-09-0077;3;2,1;3,9;412,85;23,7;0;0
2025-05;MT-09-0077;3;2,1;3,9;412,85;23,7;0;0
2025-06;MT-09-0077;4;2,1;3,9;550,47;31,6;0;0
2025-07;MT-09-0077;4;2,1;3,9;550,47;31,6;0;0
2025-08;MT-09-0077;2;2,1;3,9;275,23;15,8;0;0
2025-09;MT-09-0077;1;2,1;3,9;137,62;7,9;0;0
2025-10;MT-09-0077;4;2,1;3,9;550,47;31,6;0;0
2025-11;MT-09-0077;5;2,1;3,9;688,08;39,6;0;0
2025-12;MT-09-0077;8;2,1;3,9;1100,93;63,3;0;0
2024-01;LOAD-02-0723;0;1,7;3,1;0,0;0,0;1;0
2024-02;LOAD-02-0723;3;1,7;3,1;195,59;15,1;0;0
2024-03;LOAD-02-0723;0;1,7;3,1;0,0;0,0;1;0
2024-04;LOAD-02-0723;4;1,7;3,1;260,79;20,1;0;0
2024-05;LOAD-02-0723;4;1,7;3,1;260,79;20,1;0;0
2024-06;LOAD-02-0723;3;1,7;3,1;195,59;15,1;0;0
2024-07;LOAD-02-0723;2;1,7;3,1;130,39;10,1;0;0
2024-08;LOAD-02-0723;3;1,7;3,1;195,59;15,1;0;0
2024-09;LOAD-02-0723;3;1,7;3,1;195,59;15,1;0;0
2024-10;LOAD-02-0723;4;1,7;3,1;260,79;20,1;0;0
2024-11;LOAD-02-0723;4;1,7;3,1;260,79;20,1;0;0
2024-12;LOAD-02-0723;2;1,7;3,1;130,39;10,1;0;0
2025-01;LOAD-02-0723;2;1,7;3,1;130,39;10,1;0;0
2025-02;LOAD-02-0723;0;1,7;3,1;0,0;0,0;1;0
2025-03;LOAD-02-0723;3;1,7;3,1;195,59;15,1;0;0
2025-04;LOAD-02-0723;3;1,7;3,1;195,59;15,1;0;0
2025-05;LOAD-02-0723;3;1,7;3,1;195,59;15,1;0;0
2025-06;LOAD-02-0723;2;1,7;3,1;130,39;10,1;0;0
2025-07;LOAD-02-0723;2;1,7;3,1;130,39;10,1;0;0
2025-08;LOAD-02-0723;2;1,7;3,1;130,39;10,1;0;0
2025-09;LOAD-02-0723;0;1,7;3,1;0,0;0,0;1;0
2025-10;LOAD-02-0723;2;1,7;3,1;130,39;10,1;0;0
2025-11;LOAD-02-0723;2;1,7;3,1;130,39;10,1;0;0
2025-12;LOAD-02-0723;3;1,7;3,1;195,59;15,1;0;0
2024-01;LOAD-10-0800;2;1,2;2,2;503,18;41,1;0;0
2024-02;LOAD-10-0800;1;1,2;2,2;251,59;20,6;0;0
2024-03;LOAD-10-0800;3;1,2;2,2;754,77;61,7;0;0
2024-04;LOAD-10-0800;2;1,2;2,2;503,18;41,1;0;0
2024-05;LOAD-10-0800;2;1,2;2,2;503,18;41,1;0;0
2024-06;LOAD-10-0800;2;1,2;2,2;503,18;41,1;0;0
2024-07;LOAD-10-0800;2;1,2;2,2;503,18;41,1;0;0
2024-08;LOAD-10-0800;1;1,2;2,2;251,59;20,6;0;0
2024-09;LOAD-10-0800;0;1,2;2,2;0,0;0,0;1;0
2024-10;LOAD-10-0800;1;1,2;2,2;251,59;20,6;0;0
2024-11;LOAD-10-0800;2;1,2;2,2;503,18;41,1;0;0
2024-12;LOAD-10-0800;3;1,2;2,2;754,77;61,7;0;0
2025-01;LOAD-10-0800;3;1,2;2,2;754,77;61,7;0;0
2025-02;LOAD-10-0800;2;1,2;2,2;503,18;41,1;0;0
2025-03;LOAD-10-0800;2;1,2;2,2;503,18;41,1;0;0
2025-04;LOAD-10-0800;1;1,2;2,2;251,59;20,6;0;0
2025-05;LOAD-10-0800;1;1,2;2,2;251,59;20,6;0;0
2025-06;LOAD-10-0800;2;1,2;2,2;503,18;41,1;0;0
2025-07;LOAD-10-0800;2;1,2;2,2;503,18;41,1;0;0
2025-08;LOAD-10-0800;1;1,2;2,2;251,59;20,6;0;0
2025-09;LOAD-10-0800;1;1,2;2,2;251,59;20,6;0;0
2025-10;LOAD-10-0800;3;1,2;2,2;754,77;61,7;0;0
2025-11;LOAD-10-0800;2;1,2;2,2;503,18;41,1;0;0
2025-12;LOAD-10-0800;1;1,2;2,2;251,59;20,6;0;0
2024-01;MI-MC-10-0486;2;1,5;2,7;496,97;34,3;0;0
2024-02;MI-MC-10-0486;4;1,5;2,7;993,94;68,6;0;0
2024-03;MI-MC-10-0486;1;1,5;2,7;248,48;17,1;0;0
2024-04;MI-MC-10-0486;3;1,5;2,7;745,45;51,4;0;0
2024-05;MI-MC-10-0486;3;1,5;2,7;745,45;51,4;0;0
2024-06;MI-MC-10-0486;2;1,5;2,7;496,97;34,3;0;0
2024-07;MI-MC-10-0486;2;1,5;2,7;496,97;34,3;0;0
2024-08;MI-MC-10-0486;1;1,5;2,7;248,48;17,1;0;0
2024-09;MI-MC-10-0486;4;1,5;2,7;993,94;68,6;0;0
2024-10;MI-MC-10-0486;2;1,5;2,7;496,97;34,3;0;0
2024-11;MI-MC-10-0486;3;1,5;2,7;745,45;51,4;0;0
2024-12;MI-MC-10-0486;3;1,5;2,7;745,45;51,4;0;0
2025-01;MI-MC-10-0486;2;1,5;2,7;496,97;34,3;0;0
2025-02;MI-MC-10-0486;1;1,5;2,7;248,48;17,1;0;0
2025-03;MI-MC-10-0486;2;1,5;2,7;496,97;34,3;0;0
2025-04;MI-MC-10-0486;5;1,5;2,7;1242,42;85,7;0;0
2025-05;MI-MC-10-0486;3;1,5;2,7;745,45;51,4;0;0
2025-06;MI-MC-10-0486;3;1,5;2,7;745,45;51,4;0;0
2025-07;MI-MC-10-0486;3;1,5;2,7;745,45;51,4;0;0
2025-08;MI-MC-10-0486;1;1,5;2,7;248,48;17,1;0;0
2025-09;MI-MC-10-0486;0;1,5;2,7;0,0;0,0;1;0
2025-10;MI-MC-10-0486;4;1,5;2,7;993,94;68,6;0;0
2025-11;MI-MC-10-0486;1;1,5;2,7;248,48;17,1;0;0
2025-12;MI-MC-10-0486;3;1,5;2,7;745,45;51,4;0;0
2024-01;MI-MC-06-0544;2;2,3;4,2;75,03;7,3;0;0
2024-02;MI-MC-06-0544;0;2,3;4,2;0,0;0,0;1;0
2024-03;MI-MC-06-0544;6;2,3;4,2;225,09;21,9;0;0
2024-04;MI-MC-06-0544;4;2,3;4,2;150,06;14,6;0;0
2024-05;MI-MC-06-0544;3;2,3;4,2;112,54;11,0;0;0
2024-06;MI-MC-06-0544;2;2,3;4,2;75,03;7,3;0;0
2024-07;MI-MC-06-0544;5;2,3;4,2;187,57;18,3;0;0
2024-08;MI-MC-06-0544;3;2,3;4,2;112,54;11,0;0;0
2024-09;MI-MC-06-0544;5;2,3;4,2;187,57;18,3;0;0
2024-10;MI-MC-06-0544;3;2,3;4,2;112,54;11,0;0;0
2024-11;MI-MC-06-0544;0;2,3;4,2;0,0;0,0;1;0
2024-12;MI-MC-06-0544;4;2,3;4,2;150,06;14,6;0;0
2025-01;MI-MC-06-0544;3;2,3;4,2;112,54;11,0;0;0
2025-02;MI-MC-06-0544;3;2,3;4,2;112,54;11,0;0;0
2025-03;MI-MC-06-0544;1;2,3;4,2;37,51;3,7;0;0
2025-04;MI-MC-06-0544;2;2,3;4,2;75,03;7,3;0;0
2025-05;MI-MC-06-0544;4;2,3;4,2;150,06;14,6;0;0
2025-06;MI-MC-06-0544;6;2,3;4,2;225,09;21,9;0;0
2025-07;MI-MC-06-0544;1;2,3;4,2;37,51;3,7;0;0
2025-08;MI-MC-06-0544;4;2,3;4,2;150,06;14,6;0;0
2025-09;MI-MC-06-0544;1;2,3;4,2;37,51;3,7;0;0
2025-10;MI-MC-06-0544;3;2,3;4,2;112,54;11,0;0;0
2025-11;MI-MC-06-0544;1;2,3;4,2;37,51;3,7;0;0
2025-12;MI-MC-06-0544;4;2,3;4,2;150,06;14,6;0;0
2024-01;LOAD-M-05-0827;0;1;1,5;0,0;0,0;1;0
2024-02;LOAD-M-05-0827;1;1;1,5;94,7;20,0;0;0
2024-03;LOAD-M-05-0827;1;1;1,5;94,7;20,0;0;0
2024-04;LOAD-M-05-0827;0;1;1,5;0,0;0,0;1;0
2024-05;LOAD-M-05-0827;0;1;1,5;0,0;0,0;1;0
2024-06;LOAD-M-05-0827;1;1;1,5;94,7;20,0;0;0
2024-07;LOAD-M-05-0827;1;1;1,5;94,7;20,0;0;0
2024-08;LOAD-M-05-0827;1;1;1,5;94,7;20,0;0;0
2024-09;LOAD-M-05-0827;1;1;1,5;94,7;20,0;0;0
2024-10;LOAD-M-05-0827;2;1;1,5;189,41;40,0;0;0
2024-11;LOAD-M-05-0827;1;1;1,5;94,7;20,0;0;0
2024-12;LOAD-M-05-0827;0;1;1,5;0,0;0,0;1;0
2025-01;LOAD-M-05-0827;0;1;1,5;0,0;0,0;1;0
2025-02;LOAD-M-05-0827;1;1;1,5;94,7;20,0;0;0
2025-03;LOAD-M-05-0827;0;1;1,5;0,0;0,0;1;0
2025-04;LOAD-M-05-0827;1;1;1,5;94,7;20,0;0;0
2025-05;LOAD-M-05-0827;2;1;1,5;189,41;40,0;0;0
2025-06;LOAD-M-05-0827;2;1;1,5;189,41;40,0;0;0
2025-07;LOAD-M-05-0827;2;1;1,5;189,41;40,0;0;0
2025-08;LOAD-M-05-0827;1;1;1,5;94,7;20,0;0;0
2025-09;LOAD-M-05-0827;1;1;1,5;94,7;20,0;0;0
2025-10;LOAD-M-05-0827;2;1;1,5;189,41;40,0;0;0
2025-11;LOAD-M-05-0827;2;1;1,5;189,41;40,0;0;0
2025-12;LOAD-M-05-0827;1;1;1,5;94,7;20,0;0;0
2024-01;MI-MC-05-0470;3;2,5;4,0;445,9;58,4;0;0
2024-02;MI-MC-05-0470;3;2,5;4,0;445,9;58,4;0;0
2024-03;MI-MC-05-0470;1;2,5;4,0;148,63;19,5;0;0
2024-04;MI-MC-05-0470;2;2,5;4,0;297,26;38,9;0;0
2024-05;MI-MC-05-0470;1;2,5;4,0;148,63;19,5;0;0
2024-06;MI-MC-05-0470;6;2,5;4,0;891,79;116,8;0;0
2024-07;MI-MC-05-0470;4;2,5;4,0;594,53;77,8;0;0
2024-08;MI-MC-05-0470;6;2,5;4,0;891,79;116,8;0;0
2024-09;MI-MC-05-0470;4;2,5;4,0;594,53;77,8;0;0
2024-10;MI-MC-05-0470;4;2,5;4,0;594,53;77,8;0;0
2024-11;MI-MC-05-0470;8;2,5;4,0;1189,06;155,7;0;0
2024-12;MI-MC-05-0470;3;2,5;4,0;445,9;58,4;0;0
2025-01;MI-MC-05-0470;3;2,5;4,0;445,9;58,4;0;0
2025-02;MI-MC-05-0470;5;2,5;4,0;743,16;97,3;0;0
2025-03;MI-MC-05-0470;5;2,5;4,0;743,16;97,3;0;0
2025-04;MI-MC-05-0470;4;2,5;4,0;594,53;77,8;0;0
2025-05;MI-MC-05-0470;2;2,5;4,0;297,26;38,9;0;0
2025-06;MI-MC-05-0470;6;2,5;4,0;891,79;116,8;0;0
2025-07;MI-MC-05-0470;6;2,5;4,0;891,79;116,8;0;0
2025-08;MI-MC-05-0470;1;2,5;4,0;148,63;19,5;0;0
2025-09;MI-MC-05-0470;2;2,5;4,0;297,26;38,9;0;0
2025-10;MI-MC-05-0470;9;2,5;4,0;1337,69;175,1;0;0
2025-11;MI-MC-05-0470;2;2,5;4,0;297,26;38,9;0;0
2025-12;MI-MC-05-0470;1;2,5;4,0;148,63;19,5;0;0
2024-01;MT-02-0193;0;1;1,4;0,0;0,0;1;0
2024-02;MT-02-0193;0;1;1,4;0,0;0,0;1;0
2024-03;MT-02-0193;1;1;1,4;187,01;6,7;0;0
2024-04;MT-02-0193;1;1;1,4;187,01;6,7;0;0
2024-05;MT-02-0193;1;1;1,4;187,01;6,7;0;0
2024-06;MT-02-0193;2;1;1,4;374,02;13,3;0;0
2024-07;MT-02-0193;0;1;1,4;0,0;0,0;1;0
2024-08;MT-02-0193;1;1;1,4;187,01;6,7;0;0
2024-09;MT-02-0193;1;1;1,4;187,01;6,7;0;0
2024-10;MT-02-0193;1;1;1,4;187,01;6,7;0;0
2024-11;MT-02-0193;1;1;1,4;187,01;6,7;0;0
2024-12;MT-02-0193;0;1;1,4;0,0;0,0;1;0
2025-01;MT-02-0193;1;1;1,4;187,01;6,7;0;0
2025-02;MT-02-0193;1;1;1,4;187,01;6,7;0;0
2025-03;MT-02-0193;1;1;1,4;187,01;6,7;0;0
2025-04;MT-02-0193;1;1;1,4;187,01;6,7;0;0
2025-05;MT-02-0193;0;1;1,4;0,0;0,0;1;0
2025-06;MT-02-0193;2;1;1,4;374,02;13,3;0;0
2025-07;MT-02-0193;2;1;1,4;374,02;13,3;0;0
2025-08;MT-02-0193;0;1;1,4;0,0;0,0;1;0
2025-09;MT-02-0193;1;1;1,4;187,01;6,7;0;0
2025-10;MT-02-0193;1;1;1,4;187,01;6,7;0;0
2025-11;MT-02-0193;1;1;1,4;187,01;6,7;0;0
2025-12;MT-02-0193;1;1;1,4;187,01;6,7;0;0
2024-01;MT-09-0180;0;1;1,5;0,0;0,0;1;0
2024-02;MT-09-0180;0;1;1,5;0,0;0,0;1;0
2024-03;MT-09-0180;2;1;1,5;195,78;11,6;0;0
2024-04;MT-09-0180;1;1;1,5;97,89;5,8;0;0
2024-05;MT-09-0180;1;1;1,5;97,89;5,8;0;0
2024-06;MT-09-0180;2;1;1,5;195,78;11,6;0;0
2024-07;MT-09-0180;1;1;1,5;97,89;5,8;0;0
2024-08;MT-09-0180;2;1;1,5;195,78;11,6;0;0
2024-09;MT-09-0180;0;1;1,5;0,0;0,0;1;0
2024-10;MT-09-0180;0;1;1,5;0,0;0,0;1;0
2024-11;MT-09-0180;2;1;1,5;195,78;11,6;0;0
2024-12;MT-09-0180;0;1;1,5;0,0;0,0;1;0
2025-01;MT-09-0180;2;1;1,5;195,78;11,6;0;0
2025-02;MT-09-0180;2;1;1,5;195,78;11,6;0;0
2025-03;MT-09-0180;1;1;1,5;97,89;5,8;0;0
2025-04;MT-09-0180;2;1;1,5;195,78;11,6;0;0
2025-05;MT-09-0180;2;1;1,5;195,78;11,6;0;0
2025-06;MT-09-0180;1;1;1,5;97,89;5,8;0;0
2025-07;MT-09-0180;1;1;1,5;97,89;5,8;0;0
2025-08;MT-09-0180;2;1;1,5;195,78;11,6;0;0
2025-09;MT-09-0180;1;1;1,5;97,89;5,8;0;0
2025-10;MT-09-0180;2;1;1,5;195,78;11,6;0;0
2025-11;MT-09-0180;1;1;1,5;97,89;5,8;0;0
2025-12;MT-09-0180;2;1;1,5;195,78;11,6;0;0
2024-01;MT-04-0015;0;1,6;2,7;0,0;0,0;1;0
2024-02;MT-04-0015;4;1,6;2,7;839,11;27,2;0;0
2024-03;MT-04-0015;1;1,6;2,7;209,78;6,8;0;0
2024-04;MT-04-0015;0;1,6;2,7;0,0;0,0;1;0
2024-05;MT-04-0015;1;1,6;2,7;209,78;6,8;0;0
2024-06;MT-04-0015;3;1,6;2,7;629,33;20,4;0;0
2024-07;MT-04-0015;0;1,6;2,7;0,0;0,0;1;0
2024-08;MT-04-0015;1;1,6;2,7;209,78;6,8;0;0
2024-09;MT-04-0015;3;1,6;2,7;629,33;20,4;0;0
2024-10;MT-04-0015;2;1,6;2,7;419,55;13,6;0;0
2024-11;MT-04-0015;2;1,6;2,7;419,55;13,6;0;0
2024-12;MT-04-0015;1;1,6;2,7;209,78;6,8;0;0
2025-01;MT-04-0015;4;1,6;2,7;839,11;27,2;0;0
2025-02;MT-04-0015;5;1,6;2,7;1048,89;34,0;0;0
2025-03;MT-04-0015;0;1,6;2,7;0,0;0,0;1;0
2025-04;MT-04-0015;3;1,6;2,7;629,33;20,4;0;0
2025-05;MT-04-0015;2;1,6;2,7;419,55;13,6;0;0
2025-06;MT-04-0015;1;1,6;2,7;209,78;6,8;0;0
2025-07;MT-04-0015;2;1,6;2,7;419,55;13,6;0;0
2025-08;MT-04-0015;4;1,6;2,7;839,11;27,2;0;0
2025-09;MT-04-0015;3;1,6;2,7;629,33;20,4;0;0
2025-10;MT-04-0015;0;1,6;2,7;0,0;0,0;1;0
2025-11;MT-04-0015;3;1,6;2,7;629,33;20,4;0;0
2025-12;MT-04-0015;3;1,6;2,7;629,33;20,4;0;0
2024-01;MT-04-0147;0;1;1,4;0,0;0,0;1;0
2024-02;MT-04-0147;1;1;1,4;224,53;11,6;0;0
2024-03;MT-04-0147;2;1;1,4;449,07;23,2;0;0
2024-04;MT-04-0147;0;1;1,4;0,0;0,0;1;0
2024-05;MT-04-0147;1;1;1,4;224,53;11,6;0;0
2024-06;MT-04-0147;0;1;1,4;0,0;0,0;1;0
2024-07;MT-04-0147;1;1;1,4;224,53;11,6;0;0
2024-08;MT-04-0147;1;1;1,4;224,53;11,6;0;0
2024-09;MT-04-0147;1;1;1,4;224,53;11,6;0;0
2024-10;MT-04-0147;2;1;1,4;449,07;23,2;0;0
2024-11;MT-04-0147;1;1;1,4;224,53;11,6;0;0
2024-12;MT-04-0147;2;1;1,4;449,07;23,2;0;0
2025-01;MT-04-0147;1;1;1,4;224,53;11,6;0;0
2025-02;MT-04-0147;1;1;1,4;224,53;11,6;0;0
2025-03;MT-04-0147;0;1;1,4;0,0;0,0;1;0
2025-04;MT-04-0147;1;1;1,4;224,53;11,6;0;0
2025-05;MT-04-0147;1;1;1,4;224,53;11,6;0;0
2025-06;MT-04-0147;0;1;1,4;0,0;0,0;1;0
2025-07;MT-04-0147;0;1;1,4;0,0;0,0;1;0
2025-08;MT-04-0147;1;1;1,4;224,53;11,6;0;0
2025-09;MT-04-0147;1;1;1,4;224,53;11,6;0;0
2025-10;MT-04-0147;1;1;1,4;224,53;11,6;0;0
2025-11;MT-04-0147;2;1;1,4;449,07;23,2;0;0
2025-12;MT-04-0147;2;1;1,4;449,07;23,2;0;0
2024-01;AWP-09-0625;2;1;1,1;280,07;40,0;0;0
2024-02;AWP-09-0625;0;1;1,1;0,0;0,0;1;0
2024-03;AWP-09-0625;1;1;1,1;140,04;20,0;0;0
2024-04;AWP-09-0625;1;1;1,1;140,04;20,0;0;0
2024-05;AWP-09-0625;2;1;1,1;280,07;40,0;0;0
2024-06;AWP-09-0625;1;1;1,1;140,04;20,0;0;0
2024-07;AWP-09-0625;0;1;1,1;0,0;0,0;1;0
2024-08;AWP-09-0625;1;1;1,1;140,04;20,0;0;0
2024-09;AWP-09-0625;1;1;1,1;140,04;20,0;0;0
2024-10;AWP-09-0625;0;1;1,1;0,0;0,0;1;0
2024-11;AWP-09-0625;1;1;1,1;140,04;20,0;0;0
2024-12;AWP-09-0625;0;1;1,1;0,0;0,0;1;0
2025-01;AWP-09-0625;0;1;1,1;0,0;0,0;1;0
2025-02;AWP-09-0625;2;1;1,1;280,07;40,0;0;0
2025-03;AWP-09-0625;1;1;1,1;140,04;20,0;0;0
2025-04;AWP-09-0625;0;1;1,1;0,0;0,0;1;0
2025-05;AWP-09-0625;0;1;1,1;0,0;0,0;1;0
2025-06;AWP-09-0625;2;1;1,1;280,07;40,0;0;0
2025-07;AWP-09-0625;1;1;1,1;140,04;20,0;0;0
2025-08;AWP-09-0625;1;1;1,1;140,04;20,0;0;0
2025-09;AWP-09-0625;0;1;1,1;0,0;0,0;1;0
2025-10;AWP-09-0625;1;1;1,1;140,04;20,0;0;0
2025-11;AWP-09-0625;0;1;1,1;0,0;0,0;1;0
2025-12;AWP-09-0625;0;1;1,1;0,0;0,0;1;0
2024-01;LOAD-06-0726;1;1,1;2,0;60,93;5,6;0;0
2024-02;LOAD-06-0726;1;1,1;2,0;60,93;5,6;0;0
2024-03;LOAD-06-0726;1;1,1;2,0;60,93;5,6;0;0
2024-04;LOAD-06-0726;1;1,1;2,0;60,93;5,6;0;0
2024-05;LOAD-06-0726;1;1,1;2,0;60,93;5,6;0;0
2024-06;LOAD-06-0726;2;1,1;2,0;121,85;11,2;0;0
2024-07;LOAD-06-0726;2;1,1;2,0;121,85;11,2;0;0
2024-08;LOAD-06-0726;1;1,1;2,0;60,93;5,6;0;0
2024-09;LOAD-06-0726;2;1,1;2,0;121,85;11,2;0;0
2024-10;LOAD-06-0726;1;1,1;2,0;60,93;5,6;0;0
2024-11;LOAD-06-0726;0;1,1;2,0;0,0;0,0;1;0
2024-12;LOAD-06-0726;1;1,1;2,0;60,93;5,6;0;0
2025-01;LOAD-06-0726;1;1,1;2,0;60,93;5,6;0;0
2025-02;LOAD-06-0726;1;1,1;2,0;60,93;5,6;0;0
2025-03;LOAD-06-0726;2;1,1;2,0;121,85;11,2;0;0
2025-04;LOAD-06-0726;1;1,1;2,0;60,93;5,6;0;0
2025-05;LOAD-06-0726;0;1,1;2,0;0,0;0,0;1;0
2025-06;LOAD-06-0726;2;1,1;2,0;121,85;11,2;0;0
2025-07;LOAD-06-0726;3;1,1;2,0;182,78;16,9;0;0
2025-08;LOAD-06-0726;3;1,1;2,0;182,78;16,9;0;0
2025-09;LOAD-06-0726;1;1,1;2,0;60,93;5,6;0;0
2025-10;LOAD-06-0726;1;1,1;2,0;60,93;5,6;0;0
2025-11;LOAD-06-0726;2;1,1;2,0;121,85;11,2;0;0
2025-12;LOAD-06-0726;2;1,1;2,0;121,85;11,2;0;0
2024-01;TMM-10-0574;1;1;1,2;116,31;20,6;0;0
2024-02;TMM-10-0574;1;1;1,2;116,31;20,6;0;0
2024-03;TMM-10-0574;2;1;1,2;232,63;41,1;0;0
2024-04;TMM-10-0574;1;1;1,2;116,31;20,6;0;0
2024-05;TMM-10-0574;1;1;1,2;116,31;20,6;0;0
2024-06;TMM-10-0574;0;1;1,2;0,0;0,0;1;0
2024-07;TMM-10-0574;1;1;1,2;116,31;20,6;0;0
2024-08;TMM-10-0574;1;1;1,2;116,31;20,6;0;0
2024-09;TMM-10-0574;1;1;1,2;116,31;20,6;0;0
2024-10;TMM-10-0574;1;1;1,2;116,31;20,6;0;0
2024-11;TMM-10-0574;0;1;1,2;0,0;0,0;1;0
2024-12;TMM-10-0574;1;1;1,2;116,31;20,6;0;0
2025-01;TMM-10-0574;0;1;1,2;0,0;0,0;1;0
2025-02;TMM-10-0574;0;1;1,2;0,0;0,0;1;0
2025-03;TMM-10-0574;2;1;1,2;232,63;41,1;0;0
2025-04;TMM-10-0574;1;1;1,2;116,31;20,6;0;0
2025-05;TMM-10-0574;1;1;1,2;116,31;20,6;0;0
2025-06;TMM-10-0574;1;1;1,2;116,31;20,6;0;0
2025-07;TMM-10-0574;0;1;1,2;0,0;0,0;1;0
2025-08;TMM-10-0574;1;1;1,2;116,31;20,6;0;0
2025-09;TMM-10-0574;1;1;1,2;116,31;20,6;0;0
2025-10;TMM-10-0574;1;1;1,2;116,31;20,6;0;0
2025-11;TMM-10-0574;1;1;1,2;116,31;20,6;0;0
2025-12;TMM-10-0574;0;1;1,2;0,0;0,0;1;0
2024-01;MRT-10-0414;2;1,3;2,4;429,36;55,4;0;0
2024-02;MRT-10-0414;1;1,3;2,4;214,68;27,7;0;0
2024-03;MRT-10-0414;3;1,3;2,4;644,04;83,1;0;0
2024-04;MRT-10-0414;4;1,3;2,4;858,72;110,8;0;0
2024-05;MRT-10-0414;0;1,3;2,4;0,0;0,0;1;0
2024-06;MRT-10-0414;1;1,3;2,4;214,68;27,7;0;0
2024-07;MRT-10-0414;2;1,3;2,4;429,36;55,4;0;0
2024-08;MRT-10-0414;2;1,3;2,4;429,36;55,4;0;0
2024-09;MRT-10-0414;2;1,3;2,4;429,36;55,4;0;0
2024-10;MRT-10-0414;3;1,3;2,4;644,04;83,1;0;0
2024-11;MRT-10-0414;2;1,3;2,4;429,36;55,4;0;0
2024-12;MRT-10-0414;1;1,3;2,4;214,68;27,7;0;0
2025-01;MRT-10-0414;2;1,3;2,4;429,36;55,4;0;0
2025-02;MRT-10-0414;1;1,3;2,4;214,68;27,7;0;0
2025-03;MRT-10-0414;2;1,3;2,4;429,36;55,4;0;0
2025-04;MRT-10-0414;2;1,3;2,4;429,36;55,4;0;0
2025-05;MRT-10-0414;3;1,3;2,4;644,04;83,1;0;0
2025-06;MRT-10-0414;1;1,3;2,4;214,68;27,7;0;0
2025-07;MRT-10-0414;1;1,3;2,4;214,68;27,7;0;0
2025-08;MRT-10-0414;3;1,3;2,4;644,04;83,1;0;0
2025-09;MRT-10-0414;1;1,3;2,4;214,68;27,7;0;0
2025-10;MRT-10-0414;0;1,3;2,4;0,0;0,0;1;0
2025-11;MRT-10-0414;2;1,3;2,4;429,36;55,4;0;0
2025-12;MRT-10-0414;4;1,3;2,4;858,72;110,8;0;0
2024-01;MRT-08-0419;2;1;1,7;60,43;8,6;0;0
2024-02;MRT-08-0419;2;1;1,7;60,43;8,6;0;0
2024-03;MRT-08-0419;2;1;1,7;60,43;8,6;0;0
2024-04;MRT-08-0419;1;1;1,7;30,21;4,3;0;0
2024-05;MRT-08-0419;0;1;1,7;0,0;0,0;1;0
2024-06;MRT-08-0419;1;1;1,7;30,21;4,3;0;0
2024-07;MRT-08-0419;0;1;1,7;0,0;0,0;1;0
2024-08;MRT-08-0419;1;1;1,7;30,21;4,3;0;0
2024-09;MRT-08-0419;0;1;1,7;0,0;0,0;1;0
2024-10;MRT-08-0419;1;1;1,7;30,21;4,3;0;0
2024-11;MRT-08-0419;2;1;1,7;60,43;8,6;0;0
2024-12;MRT-08-0419;2;1;1,7;60,43;8,6;0;0
2025-01;MRT-08-0419;1;1;1,7;30,21;4,3;0;0
2025-02;MRT-08-0419;2;1;1,7;60,43;8,6;0;0
2025-03;MRT-08-0419;2;1;1,7;60,43;8,6;0;0
2025-04;MRT-08-0419;2;1;1,7;60,43;8,6;0;0
2025-05;MRT-08-0419;1;1;1,7;30,21;4,3;0;0
2025-06;MRT-08-0419;0;1;1,7;0,0;0,0;1;0
2025-07;MRT-08-0419;1;1;1,7;30,21;4,3;0;0
2025-08;MRT-08-0419;1;1;1,7;30,21;4,3;0;0
2025-09;MRT-08-0419;2;1;1,7;60,43;8,6;0;0
2025-10;MRT-08-0419;1;1;1,7;30,21;4,3;0;0
2025-11;MRT-08-0419;2;1;1,7;60,43;8,6;0;0
2025-12;MRT-08-0419;0;1;1,7;0,0;0,0;1;0
2024-01;MLT-06-0228;3;2,5;4,0;146,81;9,7;0;0
2024-02;MLT-06-0228;4;2,5;4,0;195,75;13,0;0;0
2024-03;MLT-06-0228;5;2,5;4,0;244,69;16,2;0;0
2024-04;MLT-06-0228;6;2,5;4,0;293,63;19,5;0;0
2024-05;MLT-06-0228;5;2,5;4,0;244,69;16,2;0;0
2024-06;MLT-06-0228;4;2,5;4,0;195,75;13,0;0;0
2024-07;MLT-06-0228;2;2,5;4,0;97,88;6,5;0;0
2024-08;MLT-06-0228;2;2,5;4,0;97,88;6,5;0;0
2024-09;MLT-06-0228;4;2,5;4,0;195,75;13,0;0;0
2024-10;MLT-06-0228;0;2,5;4,0;0,0;0,0;1;0
2024-11;MLT-06-0228;6;2,5;4,0;293,63;19,5;0;0
2024-12;MLT-06-0228;5;2,5;4,0;244,69;16,2;0;0
2025-01;MLT-06-0228;3;2,5;4,0;146,81;9,7;0;0
2025-02;MLT-06-0228;5;2,5;4,0;244,69;16,2;0;0
2025-03;MLT-06-0228;2;2,5;4,0;97,88;6,5;0;0
2025-04;MLT-06-0228;0;2,5;4,0;0,0;0,0;1;0
2025-05;MLT-06-0228;7;2,5;4,0;342,57;22,7;0;0
2025-06;MLT-06-0228;5;2,5;4,0;244,69;16,2;0;0
2025-07;MLT-06-0228;5;2,5;4,0;244,69;16,2;0;0
2025-08;MLT-06-0228;3;2,5;4,0;146,81;9,7;0;0
2025-09;MLT-06-0228;7;2,5;4,0;342,57;22,7;0;0
2025-10;MLT-06-0228;7;2,5;4,0;342,57;22,7;0;0
2025-11;MLT-06-0228;4;2,5;4,0;195,75;13,0;0;0
2025-12;MLT-06-0228;2;2,5;4,0;97,88;6,5;0;0
2024-01;MLT-01-0366;5;6,0;11,1;129,27;9,9;0;0
2024-02;MLT-01-0366;3;6,0;11,1;77,56;6,0;0;0
2024-03;MLT-01-0366;14;6,0;11,1;361,95;27,8;0;0
2024-04;MLT-01-0366;16;6,0;11,1;413,66;31,7;0;0
2024-05;MLT-01-0366;15;6,0;11,1;387,8;29,8;0;0
2024-06;MLT-01-0366;13;6,0;11,1;336,1;25,8;0;0
2024-07;MLT-01-0366;11;6,0;11,1;284,39;21,8;0;0
2024-08;MLT-01-0366;10;6,0;11,1;258,54;19,8;0;0
2024-09;MLT-01-0366;0;6,0;11,1;0,0;0,0;1;0
2024-10;MLT-01-0366;9;6,0;11,1;232,68;17,9;0;0
2024-11;MLT-01-0366;28;6,0;11,1;723,9;55,5;0;0
2024-12;MLT-01-0366;15;6,0;11,1;387,8;29,8;0;0
2025-01;MLT-01-0366;21;6,0;11,1;542,92;41,7;0;0
2025-02;MLT-01-0366;10;6,0;11,1;258,54;19,8;0;0
2025-03;MLT-01-0366;11;6,0;11,1;284,39;21,8;0;0
2025-04;MLT-01-0366;15;6,0;11,1;387,8;29,8;0;0
2025-05;MLT-01-0366;5;6,0;11,1;129,27;9,9;0;0
2025-06;MLT-01-0366;14;6,0;11,1;361,95;27,8;0;0
2025-07;MLT-01-0366;17;6,0;11,1;439,51;33,7;0;0
2025-08;MLT-01-0366;5;6,0;11,1;129,27;9,9;0;0
2025-09;MLT-01-0366;19;6,0;11,1;491,22;37,7;0;0
2025-10;MLT-01-0366;9;6,0;11,1;232,68;17,9;0;0
2025-11;MLT-01-0366;1;6,0;11,1;25,85;2,0;0;0
2025-12;MLT-01-0366;3;6,0;11,1;77,56;6,0;0;0
2024-01;MI-MC-07-0558;9;2,3;4,3;872,84;64,8;0;0
2024-02;MI-MC-07-0558;2;2,3;4,3;193,97;14,4;0;0
2024-03;MI-MC-07-0558;6;2,3;4,3;581,9;43,2;0;0
2024-04;MI-MC-07-0558;6;2,3;4,3;581,9;43,2;0;0
2024-05;MI-MC-07-0558;1;2,3;4,3;96,98;7,2;0;0
2024-06;MI-MC-07-0558;5;2,3;4,3;484,91;36,0;0;0
2024-07;MI-MC-07-0558;1;2,3;4,3;96,98;7,2;0;0
2024-08;MI-MC-07-0558;7;2,3;4,3;678,88;50,4;0;0
2024-09;MI-MC-07-0558;7;2,3;4,3;678,88;50,4;0;0
2024-10;MI-MC-07-0558;6;2,3;4,3;581,9;43,2;0;0
2024-11;MI-MC-07-0558;5;2,3;4,3;484,91;36,0;0;0
2024-12;MI-MC-07-0558;3;2,3;4,3;290,95;21,6;0;0
2025-01;MI-MC-07-0558;3;2,3;4,3;290,95;21,6;0;0
2025-02;MI-MC-07-0558;7;2,3;4,3;678,88;50,4;0;0
2025-03;MI-MC-07-0558;2;2,3;4,3;193,97;14,4;0;0
2025-04;MI-MC-07-0558;7;2,3;4,3;678,88;50,4;0;0
2025-05;MI-MC-07-0558;4;2,3;4,3;387,93;28,8;0;0
2025-06;MI-MC-07-0558;4;2,3;4,3;387,93;28,8;0;0
2025-07;MI-MC-07-0558;5;2,3;4,3;484,91;36,0;0;0
2025-08;MI-MC-07-0558;4;2,3;4,3;387,93;28,8;0;0
2025-09;MI-MC-07-0558;3;2,3;4,3;290,95;21,6;0;0
2025-10;MI-MC-07-0558;12;2,3;4,3;1163,79;86,4;0;0
2025-11;MI-MC-07-0558;6;2,3;4,3;581,9;43,2;0;0
2025-12;MI-MC-07-0558;6;2,3;4,3;581,9;43,2;0;0
2024-01;MI-MC-07-0499;7;2,9;4,8;887,78;114,5;0;0
2024-02;MI-MC-07-0499;4;2,9;4,8;507,31;65,5;0;0
2024-03;MI-MC-07-0499;4;2,9;4,8;507,31;65,5;0;0
2024-04;MI-MC-07-0499;6;2,9;4,8;760,96;98,2;0;0
2024-05;MI-MC-07-0499;1;2,9;4,8;126,83;16,4;0;0
2024-06;MI-MC-07-0499;2;2,9;4,8;253,65;32,7;0;0
2024-07;MI-MC-07-0499;7;2,9;4,8;887,78;114,5;0;0
2024-08;MI-MC-07-0499;6;2,9;4,8;760,96;98,2;0;0
2024-09;MI-MC-07-0499;6;2,9;4,8;760,96;98,2;0;0
2024-10;MI-MC-07-0499;4;2,9;4,8;507,31;65,5;0;0
2024-11;MI-MC-07-0499;5;2,9;4,8;634,13;81,8;0;0
2024-12;MI-MC-07-0499;3;2,9;4,8;380,48;49,1;0;0
2025-01;MI-MC-07-0499;5;2,9;4,8;634,13;81,8;0;0
2025-02;MI-MC-07-0499;4;2,9;4,8;507,31;65,5;0;0
2025-03;MI-MC-07-0499;4;2,9;4,8;507,31;65,5;0;0
2025-04;MI-MC-07-0499;8;2,9;4,8;1014,61;130,9;0;0
2025-05;MI-MC-07-0499;5;2,9;4,8;634,13;81,8;0;0
2025-06;MI-MC-07-0499;4;2,9;4,8;507,31;65,5;0;0
2025-07;MI-MC-07-0499;2;2,9;4,8;253,65;32,7;0;0
2025-08;MI-MC-07-0499;4;2,9;4,8;507,31;65,5;0;0
2025-09;MI-MC-07-0499;5;2,9;4,8;634,13;81,8;0;0
2025-10;MI-MC-07-0499;6;2,9;4,8;760,96;98,2;0;0
2025-11;MI-MC-07-0499;6;2,9;4,8;760,96;98,2;0;0
2025-12;MI-MC-07-0499;4;2,9;4,8;507,31;65,5;0;0
2024-01;MI-MC-08-0543;5;2,8;5,1;150,5;15,0;0;0
2024-02;MI-MC-08-0543;2;2,8;5,1;60,2;6,0;0;0
2024-03;MI-MC-08-0543;10;2,8;5,1;301,0;30,0;0;0
2024-04;MI-MC-08-0543;5;2,8;5,1;150,5;15,0;0;0
2024-05;MI-MC-08-0543;8;2,8;5,1;240,8;24,0;0;0
2024-06;MI-MC-08-0543;3;2,8;5,1;90,3;9,0;0;0
2024-07;MI-MC-08-0543;3;2,8;5,1;90,3;9,0;0;0
2024-08;MI-MC-08-0543;6;2,8;5,1;180,6;18,0;0;0
2024-09;MI-MC-08-0543;3;2,8;5,1;90,3;9,0;0;0
2024-10;MI-MC-08-0543;5;2,8;5,1;150,5;15,0;0;0
2024-11;MI-MC-08-0543;2;2,8;5,1;60,2;6,0;0;0
2024-12;MI-MC-08-0543;8;2,8;5,1;240,8;24,0;0;0
2025-01;MI-MC-08-0543;5;2,8;5,1;150,5;15,0;0;0
2025-02;MI-MC-08-0543;4;2,8;5,1;120,4;12,0;0;0
2025-03;MI-MC-08-0543;2;2,8;5,1;60,2;6,0;0;0
2025-04;MI-MC-08-0543;8;2,8;5,1;240,8;24,0;0;0
2025-05;MI-MC-08-0543;2;2,8;5,1;60,2;6,0;0;0
2025-06;MI-MC-08-0543;9;2,8;5,1;270,9;27,0;0;0
2025-07;MI-MC-08-0543;5;2,8;5,1;150,5;15,0;0;0
2025-08;MI-MC-08-0543;10;2,8;5,1;301,0;30,0;0;0
2025-09;MI-MC-08-0543;3;2,8;5,1;90,3;9,0;0;0
2025-10;MI-MC-08-0543;6;2,8;5,1;180,6;18,0;0;0
2025-11;MI-MC-08-0543;6;2,8;5,1;180,6;18,0;0;0
2025-12;MI-MC-08-0543;7;2,8;5,1;210,7;21,0;0;0
2024-01;LOAD-05-0708;9;3,3;6,0;858,83;147,3;0;0
2024-02;LOAD-05-0708;0;3,3;6,0;0,0;0,0;1;0
2024-03;LOAD-05-0708;8;3,3;6,0;763,41;130,9;0;0
2024-04;LOAD-05-0708;4;3,3;6,0;381,7;65,5;0;0
2024-05;LOAD-05-0708;5;3,3;6,0;477,13;81,8;0;0
2024-06;LOAD-05-0708;5;3,3;6,0;477,13;81,8;0;0
2024-07;LOAD-05-0708;9;3,3;6,0;858,83;147,3;0;0
2024-08;LOAD-05-0708;10;3,3;6,0;954,26;163,6;0;0
2024-09;LOAD-05-0708;9;3,3;6,0;858,83;147,3;0;0
2024-10;LOAD-05-0708;6;3,3;6,0;572,56;98,2;0;0
2024-11;LOAD-05-0708;4;3,3;6,0;381,7;65,5;0;0
2024-12;LOAD-05-0708;11;3,3;6,0;1049,69;180,0;0;0
2025-01;LOAD-05-0708;2;3,3;6,0;190,85;32,7;0;0
2025-02;LOAD-05-0708;5;3,3;6,0;477,13;81,8;0;0
2025-03;LOAD-05-0708;9;3,3;6,0;858,83;147,3;0;0
2025-04;LOAD-05-0708;0;3,3;6,0;0,0;0,0;1;0
2025-05;LOAD-05-0708;5;3,3;6,0;477,13;81,8;0;0
2025-06;LOAD-05-0708;6;3,3;6,0;572,56;98,2;0;0
2025-07;LOAD-05-0708;3;3,3;6,0;286,28;49,1;0;0
2025-08;LOAD-05-0708;8;3,3;6,0;763,41;130,9;0;0
2025-09;LOAD-05-0708;8;3,3;6,0;763,41;130,9;0;0
2025-10;LOAD-05-0708;8;3,3;6,0;763,41;130,9;0;0
2025-11;LOAD-05-0708;10;3,3;6,0;954,26;163,6;0;0
2025-12;LOAD-05-0708;2;3,3;6,0;190,85;32,7;0;0
2024-01;MI-MC-03-0552;0;1;1,4;0,0;0,0;1;0
2024-02;MI-MC-03-0552;0;1;1,4;0,0;0,0;1;0
2024-03;MI-MC-03-0552;0;1;1,4;0,0;0,0;1;0
2024-04;MI-MC-03-0552;1;1;1,4;204,5;19,5;0;0
2024-05;MI-MC-03-0552;1;1;1,4;204,5;19,5;0;0
2024-06;MI-MC-03-0552;1;1;1,4;204,5;19,5;0;0
2024-07;MI-MC-03-0552;1;1;1,4;204,5;19,5;0;0
2024-08;MI-MC-03-0552;1;1;1,4;204,5;19,5;0;0
2024-09;MI-MC-03-0552;0;1;1,4;0,0;0,0;1;0
2024-10;MI-MC-03-0552;1;1;1,4;204,5;19,5;0;0
2024-11;MI-MC-03-0552;1;1;1,4;204,5;19,5;0;0
2024-12;MI-MC-03-0552;2;1;1,4;408,99;38,9;0;0
2025-01;MI-MC-03-0552;1;1;1,4;204,5;19,5;0;0
2025-02;MI-MC-03-0552;1;1;1,4;204,5;19,5;0;0
2025-03;MI-MC-03-0552;0;1;1,4;0,0;0,0;1;0
2025-04;MI-MC-03-0552;1;1;1,4;204,5;19,5;0;0
2025-05;MI-MC-03-0552;1;1;1,4;204,5;19,5;0;0
2025-06;MI-MC-03-0552;1;1;1,4;204,5;19,5;0;0
2025-07;MI-MC-03-0552;2;1;1,4;408,99;38,9;0;0
2025-08;MI-MC-03-0552;0;1;1,4;0,0;0,0;1;0
2025-09;MI-MC-03-0552;0;1;1,4;0,0;0,0;1;0
2025-10;MI-MC-03-0552;1;1;1,4;204,5;19,5;0;0
2025-11;MI-MC-03-0552;0;1;1,4;0,0;0,0;1;0
2025-12;MI-MC-03-0552;0;1;1,4;0,0;0,0;1;0
2024-01;MT-10-0182;12;7,8;12,7;2506,06;73,8;0;0
2024-02;MT-10-0182;13;7,8;12,7;2714,9;80,0;0;0
2024-03;MT-10-0182;10;7,8;12,7;2088,39;61,5;0;0
2024-04;MT-10-0182;17;7,8;12,7;3550,26;104,6;0;0
2024-05;MT-10-0182;9;7,8;12,7;1879,55;55,4;0;0
2024-06;MT-10-0182;14;7,8;12,7;2923,74;86,2;0;0
2024-07;MT-10-0182;14;7,8;12,7;2923,74;86,2;0;0
2024-08;MT-10-0182;10;7,8;12,7;2088,39;61,5;0;0
2024-09;MT-10-0182;11;7,8;12,7;2297,22;67,7;0;0
2024-10;MT-10-0182;16;7,8;12,7;3341,42;98,5;0;0
2024-11;MT-10-0182;20;7,8;12,7;4176,77;123,1;0;0
2024-12;MT-10-0182;18;7,8;12,7;3759,09;110,8;0;0
2025-01;MT-10-0182;16;7,8;12,7;3341,42;98,5;0;0
2025-02;MT-10-0182;4;7,8;12,7;835,35;24,6;0;0
2025-03;MT-10-0182;10;7,8;12,7;2088,39;61,5;0;0
2025-04;MT-10-0182;13;7,8;12,7;2714,9;80,0;0;0
2025-05;MT-10-0182;12;7,8;12,7;2506,06;73,8;0;0
2025-06;MT-10-0182;5;7,8;12,7;1044,19;30,8;0;0
2025-07;MT-10-0182;10;7,8;12,7;2088,39;61,5;0;0
2025-08;MT-10-0182;14;7,8;12,7;2923,74;86,2;0;0
2025-09;MT-10-0182;16;7,8;12,7;3341,42;98,5;0;0
2025-10;MT-10-0182;18;7,8;12,7;3759,09;110,8;0;0
2025-11;MT-10-0182;10;7,8;12,7;2088,39;61,5;0;0
2025-12;MT-10-0182;20;7,8;12,7;4176,77;123,1;0;0
2024-01;MT-03-0039;1;1,4;2,3;281,39;11,2;0;0
2024-02;MT-03-0039;0;1,4;2,3;0,0;0,0;1;0
2024-03;MT-03-0039;1;1,4;2,3;281,39;11,2;0;0
2024-04;MT-03-0039;3;1,4;2,3;844,16;33,8;0;0
2024-05;MT-03-0039;2;1,4;2,3;562,77;22,5;0;0
2024-06;MT-03-0039;2;1,4;2,3;562,77;22,5;0;0
2024-07;MT-03-0039;2;1,4;2,3;562,77;22,5;0;0
2024-08;MT-03-0039;3;1,4;2,3;844,16;33,8;0;0
2024-09;MT-03-0039;2;1,4;2,3;562,77;22,5;0;0
2024-10;MT-03-0039;3;1,4;2,3;844,16;33,8;0;0
2024-11;MT-03-0039;2;1,4;2,3;562,77;22,5;0;0
2024-12;MT-03-0039;1;1,4;2,3;281,39;11,2;0;0
2025-01;MT-03-0039;4;1,4;2,3;1125,54;45,0;0;0
2025-02;MT-03-0039;3;1,4;2,3;844,16;33,8;0;0
2025-03;MT-03-0039;3;1,4;2,3;844,16;33,8;0;0
2025-04;MT-03-0039;4;1,4;2,3;1125,54;45,0;0;0
2025-05;MT-03-0039;0;1,4;2,3;0,0;0,0;1;0
2025-06;MT-03-0039;1;1,4;2,3;281,39;11,2;0;0
2025-07;MT-03-0039;3;1,4;2,3;844,16;33,8;0;0
2025-08;MT-03-0039;1;1,4;2,3;281,39;11,2;0;0
2025-09;MT-03-0039;1;1,4;2,3;281,39;11,2;0;0
2025-10;MT-03-0039;0;1,4;2,3;0,0;0,0;1;0
2025-11;MT-03-0039;1;1,4;2,3;281,39;11,2;0;0
2025-12;MT-03-0039;1;1,4;2,3;281,39;11,2;0;0
2024-01;MRT-05-0381;2;1,0;1,9;284,12;32,7;0;0
2024-02;MRT-05-0381;2;1,0;1,9;284,12;32,7;0;0
2024-03;MRT-05-0381;2;1,0;1,9;284,12;32,7;0;0
2024-04;MRT-05-0381;1;1,0;1,9;142,06;16,4;0;0
2024-05;MRT-05-0381;1;1,0;1,9;142,06;16,4;0;0
2024-06;MRT-05-0381;2;1,0;1,9;284,12;32,7;0;0
2024-07;MRT-05-0381;3;1,0;1,9;426,18;49,1;0;0
2024-08;MRT-05-0381;1;1,0;1,9;142,06;16,4;0;0
2024-09;MRT-05-0381;2;1,0;1,9;284,12;32,7;0;0
2024-10;MRT-05-0381;2;1,0;1,9;284,12;32,7;0;0
2024-11;MRT-05-0381;2;1,0;1,9;284,12;32,7;0;0
2024-12;MRT-05-0381;1;1,0;1,9;142,06;16,4;0;0
2025-01;MRT-05-0381;0;1,0;1,9;0,0;0,0;1;0
2025-02;MRT-05-0381;1;1,0;1,9;142,06;16,4;0;0
2025-03;MRT-05-0381;0;1,0;1,9;0,0;0,0;1;0
2025-04;MRT-05-0381;2;1,0;1,9;284,12;32,7;0;0
2025-05;MRT-05-0381;0;1,0;1,9;0,0;0,0;1;0
2025-06;MRT-05-0381;0;1,0;1,9;0,0;0,0;1;0
2025-07;MRT-05-0381;0;1,0;1,9;0,0;0,0;1;0
2025-08;MRT-05-0381;1;1,0;1,9;142,06;16,4;0;0
2025-09;MRT-05-0381;2;1,0;1,9;284,12;32,7;0;0
2025-10;MRT-05-0381;2;1,0;1,9;284,12;32,7;0;0
2025-11;MRT-05-0381;0;1,0;1,9;0,0;0,0;1;0
2025-12;MRT-05-0381;1;1,0;1,9;142,06;16,4;0;0
2024-01;MRT-07-0407;0;1;1,8;0,0;0,0;1;0
2024-02;MRT-07-0407;3;1;1,8;615,81;54,0;0;0
2024-03;MRT-07-0407;2;1;1,8;410,54;36,0;0;0
2024-04;MRT-07-0407;2;1;1,8;410,54;36,0;0;0
2024-05;MRT-07-0407;0;1;1,8;0,0;0,0;1;0
2024-06;MRT-07-0407;3;1;1,8;615,81;54,0;0;0
2024-07;MRT-07-0407;0;1;1,8;0,0;0,0;1;0
2024-08;MRT-07-0407;2;1;1,8;410,54;36,0;0;0
2024-09;MRT-07-0407;0;1;1,8;0,0;0,0;1;0
2024-10;MRT-07-0407;2;1;1,8;410,54;36,0;0;0
2024-11;MRT-07-0407;1;1;1,8;205,27;18,0;0;0
2024-12;MRT-07-0407;1;1;1,8;205,27;18,0;0;0
2025-01;MRT-07-0407;1;1;1,8;205,27;18,0;0;0
2025-02;MRT-07-0407;2;1;1,8;410,54;36,0;0;0
2025-03;MRT-07-0407;1;1;1,8;205,27;18,0;0;0
2025-04;MRT-07-0407;2;1;1,8;410,54;36,0;0;0
2025-05;MRT-07-0407;3;1;1,8;615,81;54,0;0;0
2025-06;MRT-07-0407;0;1;1,8;0,0;0,0;1;0
2025-07;MRT-07-0407;0;1;1,8;0,0;0,0;1;0
2025-08;MRT-07-0407;1;1;1,8;205,27;18,0;0;0
2025-09;MRT-07-0407;0;1;1,8;0,0;0,0;1;0
2025-10;MRT-07-0407;1;1;1,8;205,27;18,0;0;0
2025-11;MRT-07-0407;1;1;1,8;205,27;18,0;0;0
2025-12;MRT-07-0407;2;1;1,8;410,54;36,0;0;0
2024-01;LOAD-05-0724;8;4,3;8,0;1298,52;99,3;0;0
2024-02;LOAD-05-0724;13;4,3;8,0;2110,09;161,4;0;0
2024-03;LOAD-05-0724;5;4,3;8,0;811,57;62,1;0;0
2024-04;LOAD-05-0724;13;4,3;8,0;2110,09;161,4;0;0
2024-05;LOAD-05-0724;5;4,3;8,0;811,57;62,1;0;0
2024-06;LOAD-05-0724;5;4,3;8,0;811,57;62,1;0;0
2024-07;LOAD-05-0724;10;4,3;8,0;1623,15;124,1;0;0
2024-08;LOAD-05-0724;10;4,3;8,0;1623,15;124,1;0;0
2024-09;LOAD-05-0724;7;4,3;8,0;1136,2;86,9;0;0
2024-10;LOAD-05-0724;7;4,3;8,0;1136,2;86,9;0;0
2024-11;LOAD-05-0724;7;4,3;8,0;1136,2;86,9;0;0
2024-12;LOAD-05-0724;13;4,3;8,0;2110,09;161,4;0;0
2025-01;LOAD-05-0724;8;4,3;8,0;1298,52;99,3;0;0
2025-02;LOAD-05-0724;0;4,3;8,0;0,0;0,0;1;0
2025-03;LOAD-05-0724;6;4,3;8,0;973,89;74,5;0;0
2025-04;LOAD-05-0724;15;4,3;8,0;2434,72;186,2;0;0
2025-05;LOAD-05-0724;10;4,3;8,0;1623,15;124,1;0;0
2025-06;LOAD-05-0724;7;4,3;8,0;1136,2;86,9;0;0
2025-07;LOAD-05-0724;11;4,3;8,0;1785,46;136,6;0;0
2025-08;LOAD-05-0724;7;4,3;8,0;1136,2;86,9;0;0
2025-09;LOAD-05-0724;4;4,3;8,0;649,26;49,7;0;0
2025-10;LOAD-05-0724;4;4,3;8,0;649,26;49,7;0;0
2025-11;LOAD-05-0724;12;4,3;8,0;1947,78;149,0;0;0
2025-12;LOAD-05-0724;3;4,3;8,0;486,94;37,2;0;0
2024-01;MLT-05-0272;2;3,9;6,4;285,77;17,1;0;0
2024-02;MLT-05-0272;9;3,9;6,4;1285,98;77,1;0;0
2024-03;MLT-05-0272;7;3,9;6,4;1000,21;60,0;0;0
2024-04;MLT-05-0272;4;3,9;6,4;571,55;34,3;0;0
2024-05;MLT-05-0272;8;3,9;6,4;1143,09;68,6;0;0
2024-06;MLT-05-0272;3;3,9;6,4;428,66;25,7;0;0
2024-07;MLT-05-0272;2;3,9;6,4;285,77;17,1;0;0
2024-08;MLT-05-0272;7;3,9;6,4;1000,21;60,0;0;0
2024-09;MLT-05-0272;4;3,9;6,4;571,55;34,3;0;0
2024-10;MLT-05-0272;5;3,9;6,4;714,43;42,9;0;0
2024-11;MLT-05-0272;10;3,9;6,4;1428,87;85,7;0;0
2024-12;MLT-05-0272;0;3,9;6,4;0,0;0,0;1;0
2025-01;MLT-05-0272;5;3,9;6,4;714,43;42,9;0;0
2025-02;MLT-05-0272;10;3,9;6,4;1428,87;85,7;0;0
2025-03;MLT-05-0272;2;3,9;6,4;285,77;17,1;0;0
2025-04;MLT-05-0272;2;3,9;6,4;285,77;17,1;0;0
2025-05;MLT-05-0272;7;3,9;6,4;1000,21;60,0;0;0
2025-06;MLT-05-0272;1;3,9;6,4;142,89;8,6;0;0
2025-07;MLT-05-0272;8;3,9;6,4;1143,09;68,6;0;0
2025-08;MLT-05-0272;5;3,9;6,4;714,43;42,9;0;0
2025-09;MLT-05-0272;6;3,9;6,4;857,32;51,4;0;0
2025-10;MLT-05-0272;12;3,9;6,4;1714,64;102,9;0;0
2025-11;MLT-05-0272;2;3,9;6,4;285,77;17,1;0;0
2025-12;MLT-05-0272;6;3,9;6,4;857,32;51,4;0;0
2024-01;MT-09-0150;17;19,0;34,8;627,48;48,4;0;0
2024-02;MT-09-0150;58;19,0;34,8;2140,82;165,1;0;0
2024-03;MT-09-0150;30;19,0;34,8;1107,32;85,4;0;0
2024-04;MT-09-0150;53;19,0;34,8;1956,27;150,8;0;0
2024-05;MT-09-0150;5;19,0;34,8;184,55;14,2;0;0
2024-06;MT-09-0150;43;19,0;34,8;1587,16;122,4;0;0
2024-07;MT-09-0150;26;19,0;34,8;959,68;74,0;0;0
2024-08;MT-09-0150;23;19,0;34,8;848,95;65,5;0;0
2024-09;MT-09-0150;40;19,0;34,8;1476,43;113,8;0;0
2024-10;MT-09-0150;16;19,0;34,8;590,57;45,5;0;0
2024-11;MT-09-0150;36;19,0;34,8;1328,79;102,5;0;0
2024-12;MT-09-0150;12;19,0;34,8;442,93;34,2;0;0
2025-01;MT-09-0150;2;19,0;34,8;73,82;5,7;0;0
2025-02;MT-09-0150;7;19,0;34,8;258,38;19,9;0;0
2025-03;MT-09-0150;23;19,0;34,8;848,95;65,5;0;0
2025-04;MT-09-0150;30;19,0;34,8;1107,32;85,4;0;0
2025-05;MT-09-0150;4;19,0;34,8;147,64;11,4;0;0
2025-06;MT-09-0150;46;19,0;34,8;1697,9;130,9;0;0
2025-07;MT-09-0150;47;19,0;34,8;1734,81;133,8;0;0
2025-08;MT-09-0150;33;19,0;34,8;1218,06;93,9;0;0
2025-09;MT-09-0150;34;19,0;34,8;1254,97;96,8;0;0
2025-10;MT-09-0150;31;19,0;34,8;1144,23;88,2;0;0
2025-11;MT-09-0150;25;19,0;34,8;922,77;71,1;0;0
2025-12;MT-09-0150;54;19,0;34,8;1993,18;153,7;0;0
2024-01;MRT-05-0382;0;1;1,1;0,0;0,0;1;0
2024-02;MRT-05-0382;1;1;1,1;160,62;65,5;0;0
2024-03;MRT-05-0382;1;1;1,1;160,62;65,5;0;0
2024-04;MRT-05-0382;1;1;1,1;160,62;65,5;0;0
2024-05;MRT-05-0382;1;1;1,1;160,62;65,5;0;0
2024-06;MRT-05-0382;2;1;1,1;321,23;130,9;0;0
2024-07;MRT-05-0382;0;1;1,1;0,0;0,0;1;0
2024-08;MRT-05-0382;1;1;1,1;160,62;65,5;0;0
2024-09;MRT-05-0382;1;1;1,1;160,62;65,5;0;0
2024-10;MRT-05-0382;0;1;1,1;0,0;0,0;1;0
2024-11;MRT-05-0382;1;1;1,1;160,62;65,5;0;0
2024-12;MRT-05-0382;1;1;1,1;160,62;65,5;0;0
2025-01;MRT-05-0382;1;1;1,1;160,62;65,5;0;0
2025-02;MRT-05-0382;1;1;1,1;160,62;65,5;0;0
2025-03;MRT-05-0382;1;1;1,1;160,62;65,5;0;0
2025-04;MRT-05-0382;1;1;1,1;160,62;65,5;0;0
2025-05;MRT-05-0382;0;1;1,1;0,0;0,0;1;0
2025-06;MRT-05-0382;1;1;1,1;160,62;65,5;0;0
2025-07;MRT-05-0382;0;1;1,1;0,0;0,0;1;0
2025-08;MRT-05-0382;0;1;1,1;0,0;0,0;1;0
2025-09;MRT-05-0382;1;1;1,1;160,62;65,5;0;0
2025-10;MRT-05-0382;1;1;1,1;160,62;65,5;0;0
2025-11;MRT-05-0382;0;1;1,1;0,0;0,0;1;0
2025-12;MRT-05-0382;1;1;1,1;160,62;65,5;0;0
2024-01;MLT-05-0327;18;11,1;20,4;1281,22;58,4;0;0
2024-02;MLT-05-0327;9;11,1;20,4;640,61;29,2;0;0
2024-03;MLT-05-0327;18;11,1;20,4;1281,22;58,4;0;0
2024-04;MLT-05-0327;31;11,1;20,4;2206,54;100,5;0;0
2024-05;MLT-05-0327;14;11,1;20,4;996,5;45,4;0;0
2024-06;MLT-05-0327;30;11,1;20,4;2135,36;97,3;0;0
2024-07;MLT-05-0327;26;11,1;20,4;1850,65;84,3;0;0
2024-08;MLT-05-0327;9;11,1;20,4;640,61;29,2;0;0
2024-09;MLT-05-0327;18;11,1;20,4;1281,22;58,4;0;0
2024-10;MLT-05-0327;0;11,1;20,4;0,0;0,0;1;0
2024-11;MLT-05-0327;8;11,1;20,4;569,43;25,9;0;0
2024-12;MLT-05-0327;29;11,1;20,4;2064,18;94,1;0;0
2025-01;MLT-05-0327;22;11,1;20,4;1565,93;71,4;0;0
2025-02;MLT-05-0327;35;11,1;20,4;2491,26;113,5;0;0
2025-03;MLT-05-0327;38;11,1;20,4;2704,79;123,2;0;0
2025-04;MLT-05-0327;25;11,1;20,4;1779,47;81,1;0;0
2025-05;MLT-05-0327;6;11,1;20,4;427,07;19,5;0;0
2025-06;MLT-05-0327;13;11,1;20,4;925,32;42,2;0;0
2025-07;MLT-05-0327;0;11,1;20,4;0,0;0,0;1;0
2025-08;MLT-05-0327;42;11,1;20,4;2989,51;136,2;0;0
2025-09;MLT-05-0327;28;11,1;20,4;1993,01;90,8;0;0
2025-10;MLT-05-0327;28;11,1;20,4;1993,01;90,8;0;0
2025-11;MLT-05-0327;26;11,1;20,4;1850,65;84,3;0;0
2025-12;MLT-05-0327;23;11,1;20,4;1637,11;74,6;0;0
2024-01;MT-01-0103;23;6,2;11,3;1035,72;62,7;0;0
2024-02;MT-01-0103;12;6,2;11,3;540,37;32,7;0;0
2024-03;MT-01-0103;28;6,2;11,3;1260,87;76,4;0;0
2024-04;MT-01-0103;13;6,2;11,3;585,4;35,5;0;0
2024-05;MT-01-0103;12;6,2;11,3;540,37;32,7;0;0
2024-06;MT-01-0103;10;6,2;11,3;450,31;27,3;0;0
2024-07;MT-01-0103;11;6,2;11,3;495,34;30,0;0;0
2024-08;MT-01-0103;23;6,2;11,3;1035,72;62,7;0;0
2024-09;MT-01-0103;7;6,2;11,3;315,22;19,1;0;0
2024-10;MT-01-0103;8;6,2;11,3;360,25;21,8;0;0
2024-11;MT-01-0103;10;6,2;11,3;450,31;27,3;0;0
2024-12;MT-01-0103;12;6,2;11,3;540,37;32,7;0;0
2025-01;MT-01-0103;12;6,2;11,3;540,37;32,7;0;0
2025-02;MT-01-0103;4;6,2;11,3;180,12;10,9;0;0
2025-03;MT-01-0103;14;6,2;11,3;630,44;38,2;0;0
2025-04;MT-01-0103;5;6,2;11,3;225,16;13,6;0;0
2025-05;MT-01-0103;8;6,2;11,3;360,25;21,8;0;0
2025-06;MT-01-0103;4;6,2;11,3;180,12;10,9;0;0
2025-07;MT-01-0103;12;6,2;11,3;540,37;32,7;0;0
2025-08;MT-01-0103;11;6,2;11,3;495,34;30,0;0;0
2025-09;MT-01-0103;12;6,2;11,3;540,37;32,7;0;0
2025-10;MT-01-0103;11;6,2;11,3;495,34;30,0;0;0
2025-11;MT-01-0103;8;6,2;11,3;360,25;21,8;0;0
2025-12;MT-01-0103;5;6,2;11,3;225,16;13,6;0;0
2024-01;MT-09-0038;3;3,1;5,8;631,2;51,4;0;0
2024-02;MT-09-0038;7;3,1;5,8;1472,81;120,0;0;0
2024-03;MT-09-0038;3;3,1;5,8;631,2;51,4;0;0
2024-04;MT-09-0038;2;3,1;5,8;420,8;34,3;0;0
2024-05;MT-09-0038;0;3,1;5,8;0,0;0,0;1;0
2024-06;MT-09-0038;3;3,1;5,8;631,2;51,4;0;0
2024-07;MT-09-0038;8;3,1;5,8;1683,21;137,1;0;0
2024-08;MT-09-0038;0;3,1;5,8;0,0;0,0;1;0
2024-09;MT-09-0038;5;3,1;5,8;1052,01;85,7;0;0
2024-10;MT-09-0038;9;3,1;5,8;1893,61;154,3;0;0
2024-11;MT-09-0038;5;3,1;5,8;1052,01;85,7;0;0
2024-12;MT-09-0038;6;3,1;5,8;1262,41;102,9;0;0
2025-01;MT-09-0038;11;3,1;5,8;2314,41;188,6;0;0
2025-02;MT-09-0038;6;3,1;5,8;1262,41;102,9;0;0
2025-03;MT-09-0038;5;3,1;5,8;1052,01;85,7;0;0
2025-04;MT-09-0038;7;3,1;5,8;1472,81;120,0;0;0
2025-05;MT-09-0038;6;3,1;5,8;1262,41;102,9;0;0
2025-06;MT-09-0038;10;3,1;5,8;2104,01;171,4;0;0
2025-07;MT-09-0038;2;3,1;5,8;420,8;34,3;0;0
2025-08;MT-09-0038;10;3,1;5,8;2104,01;171,4;0;0
2025-09;MT-09-0038;5;3,1;5,8;1052,01;85,7;0;0
2025-10;MT-09-0038;10;3,1;5,8;2104,01;171,4;0;0
2025-11;MT-09-0038;5;3,1;5,8;1052,01;85,7;0;0
2025-12;MT-09-0038;6;3,1;5,8;1262,41;102,9;0;0
2024-01;MI-MC-02-0515;2;1,1;2,0;399,21;21,8;0;0
2024-02;MI-MC-02-0515;4;1,1;2,0;798,41;43,6;0;0
2024-03;MI-MC-02-0515;1;1,1;2,0;199,6;10,9;0;0
2024-04;MI-MC-02-0515;1;1,1;2,0;199,6;10,9;0;0
2024-05;MI-MC-02-0515;2;1,1;2,0;399,21;21,8;0;0
2024-06;MI-MC-02-0515;2;1,1;2,0;399,21;21,8;0;0
2024-07;MI-MC-02-0515;3;1,1;2,0;598,81;32,7;0;0
2024-08;MI-MC-02-0515;2;1,1;2,0;399,21;21,8;0;0
2024-09;MI-MC-02-0515;2;1,1;2,0;399,21;21,8;0;0
2024-10;MI-MC-02-0515;1;1,1;2,0;199,6;10,9;0;0
2024-11;MI-MC-02-0515;3;1,1;2,0;598,81;32,7;0;0
2024-12;MI-MC-02-0515;2;1,1;2,0;399,21;21,8;0;0
2025-01;MI-MC-02-0515;0;1,1;2,0;0,0;0,0;1;0
2025-02;MI-MC-02-0515;0;1,1;2,0;0,0;0,0;1;0
2025-03;MI-MC-02-0515;1;1,1;2,0;199,6;10,9;0;0
2025-04;MI-MC-02-0515;3;1,1;2,0;598,81;32,7;0;0
2025-05;MI-MC-02-0515;1;1,1;2,0;199,6;10,9;0;0
2025-06;MI-MC-02-0515;2;1,1;2,0;399,21;21,8;0;0
2025-07;MI-MC-02-0515;3;1,1;2,0;598,81;32,7;0;0
2025-08;MI-MC-02-0515;1;1,1;2,0;199,6;10,9;0;0
2025-09;MI-MC-02-0515;2;1,1;2,0;399,21;21,8;0;0
2025-10;MI-MC-02-0515;1;1,1;2,0;199,6;10,9;0;0
2025-11;MI-MC-02-0515;1;1,1;2,0;199,6;10,9;0;0
2025-12;MI-MC-02-0515;2;1,1;2,0;399,21;21,8;0;0
2024-01;AWP-09-0659;6;2,9;4,7;727,15;100,5;0;0
2024-02;AWP-09-0659;7;2,9;4,7;848,35;117,2;0;0
2024-03;AWP-09-0659;1;2,9;4,7;121,19;16,7;0;0
2024-04;AWP-09-0659;7;2,9;4,7;848,35;117,2;0;0
2024-05;AWP-09-0659;3;2,9;4,7;363,58;50,2;0;0
2024-06;AWP-09-0659;3;2,9;4,7;363,58;50,2;0;0
2024-07;AWP-09-0659;2;2,9;4,7;242,38;33,5;0;0
2024-08;AWP-09-0659;4;2,9;4,7;484,77;67,0;0;0
2024-09;AWP-09-0659;4;2,9;4,7;484,77;67,0;0;0
2024-10;AWP-09-0659;6;2,9;4,7;727,15;100,5;0;0
2024-11;AWP-09-0659;2;2,9;4,7;242,38;33,5;0;0
2024-12;AWP-09-0659;1;2,9;4,7;121,19;16,7;0;0
2025-01;AWP-09-0659;8;2,9;4,7;969,54;134,0;0;0
2025-02;AWP-09-0659;1;2,9;4,7;121,19;16,7;0;0
2025-03;AWP-09-0659;4;2,9;4,7;484,77;67,0;0;0
2025-04;AWP-09-0659;8;2,9;4,7;969,54;134,0;0;0
2025-05;AWP-09-0659;5;2,9;4,7;605,96;83,7;0;0
2025-06;AWP-09-0659;3;2,9;4,7;363,58;50,2;0;0
2025-07;AWP-09-0659;6;2,9;4,7;727,15;100,5;0;0
2025-08;AWP-09-0659;8;2,9;4,7;969,54;134,0;0;0
2025-09;AWP-09-0659;4;2,9;4,7;484,77;67,0;0;0
2025-10;AWP-09-0659;4;2,9;4,7;484,77;67,0;0;0
2025-11;AWP-09-0659;3;2,9;4,7;363,58;50,2;0;0
2025-12;AWP-09-0659;2;2,9;4,7;242,38;33,5;0;0
2024-01;MT-06-0007;29;11,8;21,7;1578,35;132,2;0;0
2024-02;MT-06-0007;22;11,8;21,7;1197,37;100,3;0;0
2024-03;MT-06-0007;23;11,8;21,7;1251,79;104,8;0;0
2024-04;MT-06-0007;33;11,8;21,7;1796,05;150,4;0;0
2024-05;MT-06-0007;29;11,8;21,7;1578,35;132,2;0;0
2024-06;MT-06-0007;13;11,8;21,7;707,54;59,2;0;0
2024-07;MT-06-0007;25;11,8;21,7;1360,64;113,9;0;0
2024-08;MT-06-0007;15;11,8;21,7;816,39;68,4;0;0
2024-09;MT-06-0007;32;11,8;21,7;1741,63;145,8;0;0
2024-10;MT-06-0007;25;11,8;21,7;1360,64;113,9;0;0
2024-11;MT-06-0007;28;11,8;21,7;1523,92;127,6;0;0
2024-12;MT-06-0007;24;11,8;21,7;1306,22;109,4;0;0
2025-01;MT-06-0007;3;11,8;21,7;163,28;13,7;0;0
2025-02;MT-06-0007;24;11,8;21,7;1306,22;109,4;0;0
2025-03;MT-06-0007;11;11,8;21,7;598,68;50,1;0;0
2025-04;MT-06-0007;0;11,8;21,7;0,0;0,0;1;0
2025-05;MT-06-0007;13;11,8;21,7;707,54;59,2;0;0
2025-06;MT-06-0007;43;11,8;21,7;2340,31;195,9;0;0
2025-07;MT-06-0007;43;11,8;21,7;2340,31;195,9;0;0
2025-08;MT-06-0007;26;11,8;21,7;1415,07;118,5;0;0
2025-09;MT-06-0007;39;11,8;21,7;2122,61;177,7;0;0
2025-10;MT-06-0007;19;11,8;21,7;1034,09;86,6;0;0
2025-11;MT-06-0007;39;11,8;21,7;2122,61;177,7;0;0
2025-12;MT-06-0007;23;11,8;21,7;1251,79;104,8;0;0
2024-01;MRT-03-0372;1;1;1,6;139,17;11,2;0;0
2024-02;MRT-03-0372;2;1;1,6;278,33;22,5;0;0
2024-03;MRT-03-0372;1;1;1,6;139,17;11,2;0;0
2024-04;MRT-03-0372;2;1;1,6;278,33;22,5;0;0
2024-05;MRT-03-0372;0;1;1,6;0,0;0,0;1;0
2024-06;MRT-03-0372;0;1;1,6;0,0;0,0;1;0
2024-07;MRT-03-0372;1;1;1,6;139,17;11,2;0;0
2024-08;MRT-03-0372;1;1;1,6;139,17;11,2;0;0
2024-09;MRT-03-0372;1;1;1,6;139,17;11,2;0;0
2024-10;MRT-03-0372;2;1;1,6;278,33;22,5;0;0
2024-11;MRT-03-0372;1;1;1,6;139,17;11,2;0;0
2024-12;MRT-03-0372;1;1;1,6;139,17;11,2;0;0
2025-01;MRT-03-0372;1;1;1,6;139,17;11,2;0;0
2025-02;MRT-03-0372;2;1;1,6;278,33;22,5;0;0
2025-03;MRT-03-0372;0;1;1,6;0,0;0,0;1;0
2025-04;MRT-03-0372;2;1;1,6;278,33;22,5;0;0
2025-05;MRT-03-0372;1;1;1,6;139,17;11,2;0;0
2025-06;MRT-03-0372;1;1;1,6;139,17;11,2;0;0
2025-07;MRT-03-0372;1;1;1,6;139,17;11,2;0;0
2025-08;MRT-03-0372;0;1;1,6;0,0;0,0;1;0
2025-09;MRT-03-0372;2;1;1,6;278,33;22,5;0;0
2025-10;MRT-03-0372;2;1;1,6;278,33;22,5;0;0
2025-11;MRT-03-0372;1;1;1,6;139,17;11,2;0;0
2025-12;MRT-03-0372;0;1;1,6;0,0;0,0;1;0
2024-01;MRT-02-0437;1;1;1,3;87,45;9,5;0;0
2024-02;MRT-02-0437;1;1;1,3;87,45;9,5;0;0
2024-03;MRT-02-0437;2;1;1,3;174,9;18,9;0;0
2024-04;MRT-02-0437;2;1;1,3;174,9;18,9;0;0
2024-05;MRT-02-0437;1;1;1,3;87,45;9,5;0;0
2024-06;MRT-02-0437;1;1;1,3;87,45;9,5;0;0
2024-07;MRT-02-0437;0;1;1,3;0,0;0,0;1;0
2024-08;MRT-02-0437;2;1;1,3;174,9;18,9;0;0
2024-09;MRT-02-0437;0;1;1,3;0,0;0,0;1;0
2024-10;MRT-02-0437;1;1;1,3;87,45;9,5;0;0
2024-11;MRT-02-0437;0;1;1,3;0,0;0,0;1;0
2024-12;MRT-02-0437;1;1;1,3;87,45;9,5;0;0
2025-01;MRT-02-0437;1;1;1,3;87,45;9,5;0;0
2025-02;MRT-02-0437;1;1;1,3;87,45;9,5;0;0
2025-03;MRT-02-0437;1;1;1,3;87,45;9,5;0;0
2025-04;MRT-02-0437;0;1;1,3;0,0;0,0;1;0
2025-05;MRT-02-0437;1;1;1,3;87,45;9,5;0;0
2025-06;MRT-02-0437;1;1;1,3;87,45;9,5;0;0
2025-07;MRT-02-0437;1;1;1,3;87,45;9,5;0;0
2025-08;MRT-02-0437;1;1;1,3;87,45;9,5;0;0
2025-09;MRT-02-0437;0;1;1,3;0,0;0,0;1;0
2025-10;MRT-02-0437;1;1;1,3;87,45;9,5;0;0
2025-11;MRT-02-0437;1;1;1,3;87,45;9,5;0;0
2025-12;MRT-02-0437;1;1;1,3;87,45;9,5;0;0
2024-01;AWP-06-0681;12;8,5;13,9;771,86;67,5;0;0
2024-02;AWP-06-0681;20;8,5;13,9;1286,43;112,5;0;0
2024-03;AWP-06-0681;12;8,5;13,9;771,86;67,5;0;0
2024-04;AWP-06-0681;9;8,5;13,9;578,9;50,6;0;0
2024-05;AWP-06-0681;7;8,5;13,9;450,25;39,4;0;0
2024-06;AWP-06-0681;10;8,5;13,9;643,22;56,2;0;0
2024-07;AWP-06-0681;5;8,5;13,9;321,61;28,1;0;0
2024-08;AWP-06-0681;5;8,5;13,9;321,61;28,1;0;0
2024-09;AWP-06-0681;24;8,5;13,9;1543,72;135,0;0;0
2024-10;AWP-06-0681;15;8,5;13,9;964,83;84,4;0;0
2024-11;AWP-06-0681;20;8,5;13,9;1286,43;112,5;0;0
2024-12;AWP-06-0681;10;8,5;13,9;643,22;56,2;0;0
2025-01;AWP-06-0681;20;8,5;13,9;1286,43;112,5;0;0
2025-02;AWP-06-0681;6;8,5;13,9;385,93;33,8;0;0
2025-03;AWP-06-0681;14;8,5;13,9;900,5;78,8;0;0
2025-04;AWP-06-0681;7;8,5;13,9;450,25;39,4;0;0
2025-05;AWP-06-0681;8;8,5;13,9;514,57;45,0;0;0
2025-06;AWP-06-0681;29;8,5;13,9;1865,33;163,1;0;0
2025-07;AWP-06-0681;19;8,5;13,9;1222,11;106,9;0;0
2025-08;AWP-06-0681;13;8,5;13,9;836,18;73,1;0;0
2025-09;AWP-06-0681;7;8,5;13,9;450,25;39,4;0;0
2025-10;AWP-06-0681;17;8,5;13,9;1093,47;95,6;0;0
2025-11;AWP-06-0681;17;8,5;13,9;1093,47;95,6;0;0
2025-12;AWP-06-0681;14;8,5;13,9;900,5;78,8;0;0
2024-01;MI-MC-02-0542;0;1;1,1;0,0;0,0;1;0
2024-02;MI-MC-02-0542;0;1;1,1;0,0;0,0;1;0
2024-03;MI-MC-02-0542;0;1;1,1;0,0;0,0;1;0
2024-04;MI-MC-02-0542;0;1;1,1;0,0;0,0;1;0
2024-05;MI-MC-02-0542;0;1;1,1;0,0;0,0;1;0
2024-06;MI-MC-02-0542;0;1;1,1;0,0;0,0;1;0
2024-07;MI-MC-02-0542;0;1;1,1;0,0;0,0;1;0
2024-08;MI-MC-02-0542;0;1;1,1;0,0;0,0;1;0
2024-09;MI-MC-02-0542;1;1;1,1;215,64;30,0;0;0
2024-10;MI-MC-02-0542;0;1;1,1;0,0;0,0;1;0
2024-11;MI-MC-02-0542;1;1;1,1;215,64;30,0;0;0
2024-12;MI-MC-02-0542;0;1;1,1;0,0;0,0;1;0
2025-01;MI-MC-02-0542;0;1;1,1;0,0;0,0;1;0
2025-02;MI-MC-02-0542;1;1;1,1;215,64;30,0;0;0
2025-03;MI-MC-02-0542;1;1;1,1;215,64;30,0;0;0
2025-04;MI-MC-02-0542;1;1;1,1;215,64;30,0;0;0
2025-05;MI-MC-02-0542;0;1;1,1;0,0;0,0;1;0
2025-06;MI-MC-02-0542;1;1;1,1;215,64;30,0;0;0
2025-07;MI-MC-02-0542;0;1;1,1;0,0;0,0;1;0
2025-08;MI-MC-02-0542;1;1;1,1;215,64;30,0;0;0
2025-09;MI-MC-02-0542;0;1;1,1;0,0;0,0;1;0
2025-10;MI-MC-02-0542;0;1;1,1;0,0;0,0;1;0
2025-11;MI-MC-02-0542;1;1;1,1;215,64;30,0;0;0
2025-12;MI-MC-02-0542;1;1;1,1;215,64;30,0;0;0
2024-01;MLT-01-0332;54;16,7;30,7;1771,24;174,3;0;0
2024-02;MLT-01-0332;30;16,7;30,7;984,02;96,9;0;0
2024-03;MLT-01-0332;42;16,7;30,7;1377,63;135,6;0;0
2024-04;MLT-01-0332;18;16,7;30,7;590,41;58,1;0;0
2024-05;MLT-01-0332;30;16,7;30,7;984,02;96,9;0;0
2024-06;MLT-01-0332;18;16,7;30,7;590,41;58,1;0;0
2024-07;MLT-01-0332;41;16,7;30,7;1344,83;132,4;0;0
2024-08;MLT-01-0332;15;16,7;30,7;492,01;48,4;0;0
2024-09;MLT-01-0332;11;16,7;30,7;360,81;35,5;0;0
2024-10;MLT-01-0332;47;16,7;30,7;1541,64;151,7;0;0
2024-11;MLT-01-0332;19;16,7;30,7;623,22;61,3;0;0
2024-12;MLT-01-0332;49;16,7;30,7;1607,24;158,2;0;0
2025-01;MLT-01-0332;43;16,7;30,7;1410,44;138,8;0;0
2025-02;MLT-01-0332;6;16,7;30,7;196,8;19,4;0;0
2025-03;MLT-01-0332;24;16,7;30,7;787,22;77,5;0;0
2025-04;MLT-01-0332;29;16,7;30,7;951,22;93,6;0;0
2025-05;MLT-01-0332;49;16,7;30,7;1607,24;158,2;0;0
2025-06;MLT-01-0332;2;16,7;30,7;65,6;6,5;0;0
2025-07;MLT-01-0332;14;16,7;30,7;459,21;45,2;0;0
2025-08;MLT-01-0332;54;16,7;30,7;1771,24;174,3;0;0
2025-09;MLT-01-0332;40;16,7;30,7;1312,03;129,1;0;0
2025-10;MLT-01-0332;13;16,7;30,7;426,41;42,0;0;0
2025-11;MLT-01-0332;67;16,7;30,7;2197,66;216,3;0;0
2025-12;MLT-01-0332;9;16,7;30,7;295,21;29,1;0;0
2024-01;MI-MC-02-0541;0;1;1,3;0,0;0,0;1;0
2024-02;MI-MC-02-0541;1;1;1,3;233,4;18,5;0;0
2024-03;MI-MC-02-0541;0;1;1,3;0,0;0,0;1;0
2024-04;MI-MC-02-0541;0;1;1,3;0,0;0,0;1;0
2024-05;MI-MC-02-0541;1;1;1,3;233,4;18,5;0;0
2024-06;MI-MC-02-0541;1;1;1,3;233,4;18,5;0;0
2024-07;MI-MC-02-0541;2;1;1,3;466,8;36,9;0;0
2024-08;MI-MC-02-0541;1;1;1,3;233,4;18,5;0;0
2024-09;MI-MC-02-0541;1;1;1,3;233,4;18,5;0;0
2024-10;MI-MC-02-0541;0;1;1,3;0,0;0,0;1;0
2024-11;MI-MC-02-0541;1;1;1,3;233,4;18,5;0;0
2024-12;MI-MC-02-0541;1;1;1,3;233,4;18,5;0;0
2025-01;MI-MC-02-0541;1;1;1,3;233,4;18,5;0;0
2025-02;MI-MC-02-0541;2;1;1,3;466,8;36,9;0;0
2025-03;MI-MC-02-0541;1;1;1,3;233,4;18,5;0;0
2025-04;MI-MC-02-0541;0;1;1,3;0,0;0,0;1;0
2025-05;MI-MC-02-0541;1;1;1,3;233,4;18,5;0;0
2025-06;MI-MC-02-0541;1;1;1,3;233,4;18,5;0;0
2025-07;MI-MC-02-0541;1;1;1,3;233,4;18,5;0;0
2025-08;MI-MC-02-0541;0;1;1,3;0,0;0,0;1;0
2025-09;MI-MC-02-0541;1;1;1,3;233,4;18,5;0;0
2025-10;MI-MC-02-0541;2;1;1,3;466,8;36,9;0;0
2025-11;MI-MC-02-0541;1;1;1,3;233,4;18,5;0;0
2025-12;MI-MC-02-0541;2;1;1,3;466,8;36,9;0;0
2024-01;MT-05-0048;4;1,6;2,9;638,7;43,0;0;0
2024-02;MT-05-0048;3;1,6;2,9;479,02;32,2;0;0
2024-03;MT-05-0048;4;1,6;2,9;638,7;43,0;0;0
2024-04;MT-05-0048;6;1,6;2,9;958,04;64,5;0;0
2024-05;MT-05-0048;2;1,6;2,9;319,35;21,5;0;0
2024-06;MT-05-0048;3;1,6;2,9;479,02;32,2;0;0
2024-07;MT-05-0048;2;1,6;2,9;319,35;21,5;0;0
2024-08;MT-05-0048;2;1,6;2,9;319,35;21,5;0;0
2024-09;MT-05-0048;3;1,6;2,9;479,02;32,2;0;0
2024-10;MT-05-0048;2;1,6;2,9;319,35;21,5;0;0
2024-11;MT-05-0048;0;1,6;2,9;0,0;0,0;1;0
2024-12;MT-05-0048;1;1,6;2,9;159,67;10,7;0;0
2025-01;MT-05-0048;4;1,6;2,9;638,7;43,0;0;0
2025-02;MT-05-0048;1;1,6;2,9;159,67;10,7;0;0
2025-03;MT-05-0048;2;1,6;2,9;319,35;21,5;0;0
2025-04;MT-05-0048;4;1,6;2,9;638,7;43,0;0;0
2025-05;MT-05-0048;2;1,6;2,9;319,35;21,5;0;0
2025-06;MT-05-0048;4;1,6;2,9;638,7;43,0;0;0
2025-07;MT-05-0048;3;1,6;2,9;479,02;32,2;0;0
2025-08;MT-05-0048;3;1,6;2,9;479,02;32,2;0;0
2025-09;MT-05-0048;0;1,6;2,9;0,0;0,0;1;0
2025-10;MT-05-0048;2;1,6;2,9;319,35;21,5;0;0
2025-11;MT-05-0048;5;1,6;2,9;798,37;53,7;0;0
2025-12;MT-05-0048;2;1,6;2,9;319,35;21,5;0;0
2024-01;LOAD-07-0738;3;1,7;2,7;463,94;28,8;0;0
2024-02;LOAD-07-0738;1;1,7;2,7;154,65;9,6;0;0
2024-03;LOAD-07-0738;1;1,7;2,7;154,65;9,6;0;0
2024-04;LOAD-07-0738;3;1,7;2,7;463,94;28,8;0;0
2024-05;LOAD-07-0738;2;1,7;2,7;309,29;19,2;0;0
2024-06;LOAD-07-0738;1;1,7;2,7;154,65;9,6;0;0
2024-07;LOAD-07-0738;6;1,7;2,7;927,87;57,6;0;0
2024-08;LOAD-07-0738;0;1,7;2,7;0,0;0,0;1;0
2024-09;LOAD-07-0738;3;1,7;2,7;463,94;28,8;0;0
2024-10;LOAD-07-0738;0;1,7;2,7;0,0;0,0;1;0
2024-11;LOAD-07-0738;2;1,7;2,7;309,29;19,2;0;0
2024-12;LOAD-07-0738;3;1,7;2,7;463,94;28,8;0;0
2025-01;LOAD-07-0738;3;1,7;2,7;463,94;28,8;0;0
2025-02;LOAD-07-0738;3;1,7;2,7;463,94;28,8;0;0
2025-03;LOAD-07-0738;1;1,7;2,7;154,65;9,6;0;0
2025-04;LOAD-07-0738;1;1,7;2,7;154,65;9,6;0;0
2025-05;LOAD-07-0738;2;1,7;2,7;309,29;19,2;0;0
2025-06;LOAD-07-0738;3;1,7;2,7;463,94;28,8;0;0
2025-07;LOAD-07-0738;0;1,7;2,7;0,0;0,0;1;0
2025-08;LOAD-07-0738;3;1,7;2,7;463,94;28,8;0;0
2025-09;LOAD-07-0738;4;1,7;2,7;618,58;38,4;0;0
2025-10;LOAD-07-0738;5;1,7;2,7;773,23;48,0;0;0
2025-11;LOAD-07-0738;4;1,7;2,7;618,58;38,4;0;0
2025-12;LOAD-07-0738;1;1,7;2,7;154,65;9,6;0;0
2024-01;MLT-08-0355;10;18,6;30,2;323,65;25,8;0;0
2024-02;MLT-08-0355;32;18,6;30,2;1035,68;82,6;0;0
2024-03;MLT-08-0355;17;18,6;30,2;550,2;43,9;0;0
2024-04;MLT-08-0355;52;18,6;30,2;1682,98;134,2;0;0
2024-05;MLT-08-0355;22;18,6;30,2;712,03;56,8;0;0
2024-06;MLT-08-0355;20;18,6;30,2;647,3;51,6;0;0
2024-07;MLT-08-0355;37;18,6;30,2;1197,5;95,5;0;0
2024-08;MLT-08-0355;28;18,6;30,2;906,22;72,3;0;0
2024-09;MLT-08-0355;44;18,6;30,2;1424,06;113,5;0;0
2024-10;MLT-08-0355;28;18,6;30,2;906,22;72,3;0;0
2024-11;MLT-08-0355;45;18,6;30,2;1456,42;116,1;0;0
2024-12;MLT-08-0355;18;18,6;30,2;582,57;46,5;0;0
2025-01;MLT-08-0355;19;18,6;30,2;614,93;49,0;0;0
2025-02;MLT-08-0355;25;18,6;30,2;809,12;64,5;0;0
2025-03;MLT-08-0355;34;18,6;30,2;1100,41;87,7;0;0
2025-04;MLT-08-0355;21;18,6;30,2;679,66;54,2;0;0
2025-05;MLT-08-0355;59;18,6;30,2;1909,53;152,3;0;0
2025-06;MLT-08-0355;11;18,6;30,2;356,01;28,4;0;0
2025-07;MLT-08-0355;28;18,6;30,2;906,22;72,3;0;0
2025-08;MLT-08-0355;42;18,6;30,2;1359,33;108,4;0;0
2025-09;MLT-08-0355;38;18,6;30,2;1229,87;98,1;0;0
2025-10;MLT-08-0355;49;18,6;30,2;1585,88;126,5;0;0
2025-11;MLT-08-0355;17;18,6;30,2;550,2;43,9;0;0
2025-12;MLT-08-0355;13;18,6;30,2;420,74;33,5;0;0
2024-01;LOAD-05-0736;0;1;1,6;0,0;0,0;1;0
2024-02;LOAD-05-0736;2;1;1,6;126,37;23,2;0;0
2024-03;LOAD-05-0736;1;1;1,6;63,19;11,6;0;0
2024-04;LOAD-05-0736;1;1;1,6;63,19;11,6;0;0
2024-05;LOAD-05-0736;2;1;1,6;126,37;23,2;0;0
2024-06;LOAD-05-0736;1;1;1,6;63,19;11,6;0;0
2024-07;LOAD-05-0736;1;1;1,6;63,19;11,6;0;0
2024-08;LOAD-05-0736;3;1;1,6;189,56;34,8;0;0
2024-09;LOAD-05-0736;1;1;1,6;63,19;11,6;0;0
2024-10;LOAD-05-0736;2;1;1,6;126,37;23,2;0;0
2024-11;LOAD-05-0736;3;1;1,6;189,56;34,8;0;0
2024-12;LOAD-05-0736;2;1;1,6;126,37;23,2;0;0
2025-01;LOAD-05-0736;1;1;1,6;63,19;11,6;0;0
2025-02;LOAD-05-0736;2;1;1,6;126,37;23,2;0;0
2025-03;LOAD-05-0736;2;1;1,6;126,37;23,2;0;0
2025-04;LOAD-05-0736;2;1;1,6;126,37;23,2;0;0
2025-05;LOAD-05-0736;0;1;1,6;0,0;0,0;1;0
2025-06;LOAD-05-0736;1;1;1,6;63,19;11,6;0;0
2025-07;LOAD-05-0736;1;1;1,6;63,19;11,6;0;0
2025-08;LOAD-05-0736;2;1;1,6;126,37;23,2;0;0
2025-09;LOAD-05-0736;0;1;1,6;0,0;0,0;1;0
2025-10;LOAD-05-0736;0;1;1,6;0,0;0,0;1;0
2025-11;LOAD-05-0736;1;1;1,6;63,19;11,6;0;0
2025-12;LOAD-05-0736;1;1;1,6;63,19;11,6;0;0
2024-01;MT-10-0149;35;9,2;16,8;4725,12;206,6;0;0
2024-02;MT-10-0149;17;9,2;16,8;2295,06;100,3;0;0
2024-03;MT-10-0149;28;9,2;16,8;3780,09;165,2;0;0
2024-04;MT-10-0149;11;9,2;16,8;1485,04;64,9;0;0
2024-05;MT-10-0149;11;9,2;16,8;1485,04;64,9;0;0
2024-06;MT-10-0149;21;9,2;16,8;2835,07;123,9;0;0
2024-07;MT-10-0149;19;9,2;16,8;2565,06;112,1;0;0
2024-08;MT-10-0149;6;9,2;16,8;810,02;35,4;0;0
2024-09;MT-10-0149;19;9,2;16,8;2565,06;112,1;0;0
2024-10;MT-10-0149;12;9,2;16,8;1620,04;70,8;0;0
2024-11;MT-10-0149;21;9,2;16,8;2835,07;123,9;0;0
2024-12;MT-10-0149;21;9,2;16,8;2835,07;123,9;0;0
2025-01;MT-10-0149;7;9,2;16,8;945,02;41,3;0;0
2025-02;MT-10-0149;21;9,2;16,8;2835,07;123,9;0;0
2025-03;MT-10-0149;18;9,2;16,8;2430,06;106,2;0;0
2025-04;MT-10-0149;17;9,2;16,8;2295,06;100,3;0;0
2025-05;MT-10-0149;18;9,2;16,8;2430,06;106,2;0;0
2025-06;MT-10-0149;0;9,2;16,8;0,0;0,0;1;0
2025-07;MT-10-0149;11;9,2;16,8;1485,04;64,9;0;0
2025-08;MT-10-0149;16;9,2;16,8;2160,05;94,4;0;0
2025-09;MT-10-0149;8;9,2;16,8;1080,03;47,2;0;0
2025-10;MT-10-0149;0;9,2;16,8;0,0;0,0;1;0
2025-11;MT-10-0149;7;9,2;16,8;945,02;41,3;0;0
2025-12;MT-10-0149;16;9,2;16,8;2160,05;94,4;0;0
2024-01;MT-05-0016;2;1,9;3,1;153,37;11,7;0;0
2024-02;MT-05-0016;2;1,9;3,1;153,37;11,7;0;0
2024-03;MT-05-0016;4;1,9;3,1;306,73;23,4;0;0
2024-04;MT-05-0016;2;1,9;3,1;153,37;11,7;0;0
2024-05;MT-05-0016;3;1,9;3,1;230,05;17,6;0;0
2024-06;MT-05-0016;2;1,9;3,1;153,37;11,7;0;0
2024-07;MT-05-0016;5;1,9;3,1;383,41;29,3;0;0
2024-08;MT-05-0016;3;1,9;3,1;230,05;17,6;0;0
2024-09;MT-05-0016;2;1,9;3,1;153,37;11,7;0;0
2024-10;MT-05-0016;5;1,9;3,1;383,41;29,3;0;0
2024-11;MT-05-0016;5;1,9;3,1;383,41;29,3;0;0
2024-12;MT-05-0016;3;1,9;3,1;230,05;17,6;0;0
2025-01;MT-05-0016;2;1,9;3,1;153,37;11,7;0;0
2025-02;MT-05-0016;5;1,9;3,1;383,41;29,3;0;0
2025-03;MT-05-0016;1;1,9;3,1;76,68;5,9;0;0
2025-04;MT-05-0016;3;1,9;3,1;230,05;17,6;0;0
2025-05;MT-05-0016;1;1,9;3,1;76,68;5,9;0;0
2025-06;MT-05-0016;4;1,9;3,1;306,73;23,4;0;0
2025-07;MT-05-0016;3;1,9;3,1;230,05;17,6;0;0
2025-08;MT-05-0016;4;1,9;3,1;306,73;23,4;0;0
2025-09;MT-05-0016;1;1,9;3,1;76,68;5,9;0;0
2025-10;MT-05-0016;5;1,9;3,1;383,41;29,3;0;0
2025-11;MT-05-0016;2;1,9;3,1;153,37;11,7;0;0
2025-12;MT-05-0016;3;1,9;3,1;230,05;17,6;0;0
2024-01;TMM-05-0582;1;1,2;2,2;148,85;30,0;0;0
2024-02;TMM-05-0582;2;1,2;2,2;297,69;60,0;0;0
2024-03;TMM-05-0582;0;1,2;2,2;0,0;0,0;1;0
2024-04;TMM-05-0582;4;1,2;2,2;595,38;120,0;0;0
2024-05;TMM-05-0582;0;1,2;2,2;0,0;0,0;1;0
2024-06;TMM-05-0582;3;1,2;2,2;446,54;90,0;0;0
2024-07;TMM-05-0582;0;1,2;2,2;0,0;0,0;1;0
2024-08;TMM-05-0582;0;1,2;2,2;0,0;0,0;1;0
2024-09;TMM-05-0582;1;1,2;2,2;148,85;30,0;0;0
2024-10;TMM-05-0582;2;1,2;2,2;297,69;60,0;0;0
2024-11;TMM-05-0582;1;1,2;2,2;148,85;30,0;0;0
2024-12;TMM-05-0582;1;1,2;2,2;148,85;30,0;0;0
2025-01;TMM-05-0582;3;1,2;2,2;446,54;90,0;0;0
2025-02;TMM-05-0582;1;1,2;2,2;148,85;30,0;0;0
2025-03;TMM-05-0582;2;1,2;2,2;297,69;60,0;0;0
2025-04;TMM-05-0582;3;1,2;2,2;446,54;90,0;0;0
2025-05;TMM-05-0582;3;1,2;2,2;446,54;90,0;0;0
2025-06;TMM-05-0582;0;1,2;2,2;0,0;0,0;1;0
2025-07;TMM-05-0582;3;1,2;2,2;446,54;90,0;0;0
2025-08;TMM-05-0582;1;1,2;2,2;148,85;30,0;0;0
2025-09;TMM-05-0582;4;1,2;2,2;595,38;120,0;0;0
2025-10;TMM-05-0582;1;1,2;2,2;148,85;30,0;0;0
2025-11;TMM-05-0582;2;1,2;2,2;297,69;60,0;0;0
2025-12;TMM-05-0582;0;1,2;2,2;0,0;0,0;1;0
2024-01;MRT-04-0451;1;1;1,2;226,83;17,1;0;0
2024-02;MRT-04-0451;1;1;1,2;226,83;17,1;0;0
2024-03;MRT-04-0451;1;1;1,2;226,83;17,1;0;0
2024-04;MRT-04-0451;1;1;1,2;226,83;17,1;0;0
2024-05;MRT-04-0451;1;1;1,2;226,83;17,1;0;0
2024-06;MRT-04-0451;0;1;1,2;0,0;0,0;1;0
2024-07;MRT-04-0451;1;1;1,2;226,83;17,1;0;0
2024-08;MRT-04-0451;0;1;1,2;0,0;0,0;1;0
2024-09;MRT-04-0451;2;1;1,2;453,65;34,3;0;0
2024-10;MRT-04-0451;1;1;1,2;226,83;17,1;0;0
2024-11;MRT-04-0451;1;1;1,2;226,83;17,1;0;0
2024-12;MRT-04-0451;0;1;1,2;0,0;0,0;1;0
2025-01;MRT-04-0451;0;1;1,2;0,0;0,0;1;0
2025-02;MRT-04-0451;0;1;1,2;0,0;0,0;1;0
2025-03;MRT-04-0451;2;1;1,2;453,65;34,3;0;0
2025-04;MRT-04-0451;2;1;1,2;453,65;34,3;0;0
2025-05;MRT-04-0451;0;1;1,2;0,0;0,0;1;0
2025-06;MRT-04-0451;2;1;1,2;453,65;34,3;0;0
2025-07;MRT-04-0451;0;1;1,2;0,0;0,0;1;0
2025-08;MRT-04-0451;1;1;1,2;226,83;17,1;0;0
2025-09;MRT-04-0451;1;1;1,2;226,83;17,1;0;0
2025-10;MRT-04-0451;1;1;1,2;226,83;17,1;0;0
2025-11;MRT-04-0451;1;1;1,2;226,83;17,1;0;0
2025-12;MRT-04-0451;1;1;1,2;226,83;17,1;0;0
2024-01;MLT-06-0248;11;4,6;8,5;922,15;60,0;0;0
2024-02;MLT-06-0248;7;4,6;8,5;586,82;38,2;0;0
2024-03;MLT-06-0248;11;4,6;8,5;922,15;60,0;0;0
2024-04;MLT-06-0248;6;4,6;8,5;502,99;32,7;0;0
2024-05;MLT-06-0248;5;4,6;8,5;419,16;27,3;0;0
2024-06;MLT-06-0248;17;4,6;8,5;1425,14;92,7;0;0
2024-07;MLT-06-0248;10;4,6;8,5;838,32;54,5;0;0
2024-08;MLT-06-0248;13;4,6;8,5;1089,81;70,9;0;0
2024-09;MLT-06-0248;7;4,6;8,5;586,82;38,2;0;0
2024-10;MLT-06-0248;5;4,6;8,5;419,16;27,3;0;0
2024-11;MLT-06-0248;12;4,6;8,5;1005,98;65,5;0;0
2024-12;MLT-06-0248;0;4,6;8,5;0,0;0,0;1;0
2025-01;MLT-06-0248;3;4,6;8,5;251,5;16,4;0;0
2025-02;MLT-06-0248;12;4,6;8,5;1005,98;65,5;0;0
2025-03;MLT-06-0248;2;4,6;8,5;167,66;10,9;0;0
2025-04;MLT-06-0248;6;4,6;8,5;502,99;32,7;0;0
2025-05;MLT-06-0248;1;4,6;8,5;83,83;5,5;0;0
2025-06;MLT-06-0248;1;4,6;8,5;83,83;5,5;0;0
2025-07;MLT-06-0248;10;4,6;8,5;838,32;54,5;0;0
2025-08;MLT-06-0248;16;4,6;8,5;1341,31;87,3;0;0
2025-09;MLT-06-0248;9;4,6;8,5;754,49;49,1;0;0
2025-10;MLT-06-0248;1;4,6;8,5;83,83;5,5;0;0
2025-11;MLT-06-0248;7;4,6;8,5;586,82;38,2;0;0
2025-12;MLT-06-0248;8;4,6;8,5;670,65;43,6;0;0
2024-01;AWP-08-0649;0;1;1,8;0,0;0,0;1;0
2024-02;AWP-08-0649;0;1;1,8;0,0;0,0;1;0
2024-03;AWP-08-0649;1;1;1,8;27,0;3,9;0;0
2024-04;AWP-08-0649;1;1;1,8;27,0;3,9;0;0
2024-05;AWP-08-0649;1;1;1,8;27,0;3,9;0;0
2024-06;AWP-08-0649;1;1;1,8;27,0;3,9;0;0
2024-07;AWP-08-0649;1;1;1,8;27,0;3,9;0;0
2024-08;AWP-08-0649;2;1;1,8;54,01;7,7;0;0
2024-09;AWP-08-0649;2;1;1,8;54,01;7,7;0;0
2024-10;AWP-08-0649;1;1;1,8;27,0;3,9;0;0
2024-11;AWP-08-0649;0;1;1,8;0,0;0,0;1;0
2024-12;AWP-08-0649;1;1;1,8;27,0;3,9;0;0
2025-01;AWP-08-0649;2;1;1,8;54,01;7,7;0;0
2025-02;AWP-08-0649;1;1;1,8;27,0;3,9;0;0
2025-03;AWP-08-0649;1;1;1,8;27,0;3,9;0;0
2025-04;AWP-08-0649;1;1;1,8;27,0;3,9;0;0
2025-05;AWP-08-0649;1;1;1,8;27,0;3,9;0;0
2025-06;AWP-08-0649;1;1;1,8;27,0;3,9;0;0
2025-07;AWP-08-0649;2;1;1,8;54,01;7,7;0;0
2025-08;AWP-08-0649;1;1;1,8;27,0;3,9;0;0
2025-09;AWP-08-0649;1;1;1,8;27,0;3,9;0;0
2025-10;AWP-08-0649;3;1;1,8;81,01;11,6;0;0
2025-11;AWP-08-0649;1;1;1,8;27,0;3,9;0;0
2025-12;AWP-08-0649;1;1;1,8;27,0;3,9;0;0
2024-01;MLT-02-0348;2;1,5;2,4;471,72;30,6;0;0
2024-02;MLT-02-0348;0;1,5;2,4;0,0;0,0;1;0
2024-03;MLT-02-0348;2;1,5;2,4;471,72;30,6;0;0
2024-04;MLT-02-0348;2;1,5;2,4;471,72;30,6;0;0
2024-05;MLT-02-0348;1;1,5;2,4;235,86;15,3;0;0
2024-06;MLT-02-0348;3;1,5;2,4;707,57;46,0;0;0
2024-07;MLT-02-0348;1;1,5;2,4;235,86;15,3;0;0
2024-08;MLT-02-0348;3;1,5;2,4;707,57;46,0;0;0
2024-09;MLT-02-0348;1;1,5;2,4;235,86;15,3;0;0
2024-10;MLT-02-0348;2;1,5;2,4;471,72;30,6;0;0
2024-11;MLT-02-0348;2;1,5;2,4;471,72;30,6;0;0
2024-12;MLT-02-0348;2;1,5;2,4;471,72;30,6;0;0
2025-01;MLT-02-0348;3;1,5;2,4;707,57;46,0;0;0
2025-02;MLT-02-0348;4;1,5;2,4;943,43;61,3;0;0
2025-03;MLT-02-0348;3;1,5;2,4;707,57;46,0;0;0
2025-04;MLT-02-0348;2;1,5;2,4;471,72;30,6;0;0
2025-05;MLT-02-0348;1;1,5;2,4;235,86;15,3;0;0
2025-06;MLT-02-0348;2;1,5;2,4;471,72;30,6;0;0
2025-07;MLT-02-0348;1;1,5;2,4;235,86;15,3;0;0
2025-08;MLT-02-0348;3;1,5;2,4;707,57;46,0;0;0
2025-09;MLT-02-0348;3;1,5;2,4;707,57;46,0;0;0
2025-10;MLT-02-0348;1;1,5;2,4;235,86;15,3;0;0
2025-11;MLT-02-0348;1;1,5;2,4;235,86;15,3;0;0
2025-12;MLT-02-0348;2;1,5;2,4;471,72;30,6;0;0
2024-01;AWP-01-0666;2;1,3;2,5;56,39;8,9;0;0
2024-02;AWP-01-0666;3;1,3;2,5;84,59;13,4;0;0
2024-03;AWP-01-0666;0;1,3;2,5;0,0;0,0;1;0
2024-04;AWP-01-0666;2;1,3;2,5;56,39;8,9;0;0
2024-05;AWP-01-0666;2;1,3;2,5;56,39;8,9;0;0
2024-06;AWP-01-0666;3;1,3;2,5;84,59;13,4;0;0
2024-07;AWP-01-0666;2;1,3;2,5;56,39;8,9;0;0
2024-08;AWP-01-0666;0;1,3;2,5;0,0;0,0;1;0
2024-09;AWP-01-0666;2;1,3;2,5;56,39;8,9;0;0
2024-10;AWP-01-0666;1;1,3;2,5;28,2;4,5;0;0
2024-11;AWP-01-0666;1;1,3;2,5;28,2;4,5;0;0
2024-12;AWP-01-0666;3;1,3;2,5;84,59;13,4;0;0
2025-01;AWP-01-0666;4;1,3;2,5;112,79;17,9;0;0
2025-02;AWP-01-0666;3;1,3;2,5;84,59;13,4;0;0
2025-03;AWP-01-0666;3;1,3;2,5;84,59;13,4;0;0
2025-04;AWP-01-0666;3;1,3;2,5;84,59;13,4;0;0
2025-05;AWP-01-0666;0;1,3;2,5;0,0;0,0;1;0
2025-06;AWP-01-0666;1;1,3;2,5;28,2;4,5;0;0
2025-07;AWP-01-0666;2;1,3;2,5;56,39;8,9;0;0
2025-08;AWP-01-0666;2;1,3;2,5;56,39;8,9;0;0
2025-09;AWP-01-0666;4;1,3;2,5;112,79;17,9;0;0
2025-10;AWP-01-0666;0;1,3;2,5;0,0;0,0;1;0
2025-11;AWP-01-0666;0;1,3;2,5;0,0;0,0;1;0
2025-12;AWP-01-0666;3;1,3;2,5;84,59;13,4;0;0
2024-01;AWP-05-0696;1;1;1,1;119,67;20,0;0;0
2024-02;AWP-05-0696;1;1;1,1;119,67;20,0;0;0
2024-03;AWP-05-0696;1;1;1,1;119,67;20,0;0;0
2024-04;AWP-05-0696;1;1;1,1;119,67;20,0;0;0
2024-05;AWP-05-0696;1;1;1,1;119,67;20,0;0;0
2024-06;AWP-05-0696;0;1;1,1;0,0;0,0;1;0
2024-07;AWP-05-0696;0;1;1,1;0,0;0,0;1;0
2024-08;AWP-05-0696;1;1;1,1;119,67;20,0;0;0
2024-09;AWP-05-0696;1;1;1,1;119,67;20,0;0;0
2024-10;AWP-05-0696;0;1;1,1;0,0;0,0;1;0
2024-11;AWP-05-0696;0;1;1,1;0,0;0,0;1;0
2024-12;AWP-05-0696;2;1;1,1;239,35;40,0;0;0
2025-01;AWP-05-0696;1;1;1,1;119,67;20,0;0;0
2025-02;AWP-05-0696;0;1;1,1;0,0;0,0;1;0
2025-03;AWP-05-0696;1;1;1,1;119,67;20,0;0;0
2025-04;AWP-05-0696;1;1;1,1;119,67;20,0;0;0
2025-05;AWP-05-0696;1;1;1,1;119,67;20,0;0;0
2025-06;AWP-05-0696;0;1;1,1;0,0;0,0;1;0
2025-07;AWP-05-0696;1;1;1,1;119,67;20,0;0;0
2025-08;AWP-05-0696;0;1;1,1;0,0;0,0;1;0
2025-09;AWP-05-0696;0;1;1,1;0,0;0,0;1;0
2025-10;AWP-05-0696;0;1;1,1;0,0;0,0;1;0
2025-11;AWP-05-0696;1;1;1,1;119,67;20,0;0;0
2025-12;AWP-05-0696;1;1;1,1;119,67;20,0;0;0
2024-01;MT-02-0080;14;9,2;16,9;1297,8;82,0;0;0
2024-02;MT-02-0080;1;9,2;16,9;92,7;5,9;0;0
2024-03;MT-02-0080;40;9,2;16,9;3708,01;234,1;0;0
2024-04;MT-02-0080;20;9,2;16,9;1854,0;117,1;0;0
2024-05;MT-02-0080;0;9,2;16,9;0,0;0,0;1;0
2024-06;MT-02-0080;10;9,2;16,9;927,0;58,5;0;0
2024-07;MT-02-0080;41;9,2;16,9;3800,71;240,0;0;0
2024-08;MT-02-0080;6;9,2;16,9;556,2;35,1;0;0
2024-09;MT-02-0080;27;9,2;16,9;2502,91;158,0;0;0
2024-10;MT-02-0080;20;9,2;16,9;1854,0;117,1;0;0
2024-11;MT-02-0080;26;9,2;16,9;2410,21;152,2;0;0
2024-12;MT-02-0080;16;9,2;16,9;1483,2;93,7;0;0
2025-01;MT-02-0080;22;9,2;16,9;2039,41;128,8;0;0
2025-02;MT-02-0080;15;9,2;16,9;1390,5;87,8;0;0
2025-03;MT-02-0080;14;9,2;16,9;1297,8;82,0;0;0
2025-04;MT-02-0080;20;9,2;16,9;1854,0;117,1;0;0
2025-05;MT-02-0080;14;9,2;16,9;1297,8;82,0;0;0
2025-06;MT-02-0080;5;9,2;16,9;463,5;29,3;0;0
2025-07;MT-02-0080;23;9,2;16,9;2132,11;134,6;0;0
2025-08;MT-02-0080;13;9,2;16,9;1205,1;76,1;0;0
2025-09;MT-02-0080;4;9,2;16,9;370,8;23,4;0;0
2025-10;MT-02-0080;16;9,2;16,9;1483,2;93,7;0;0
2025-11;MT-02-0080;13;9,2;16,9;1205,1;76,1;0;0
2025-12;MT-02-0080;19;9,2;16,9;1761,3;111,2;0;0
2024-01;MT-08-0121;28;14,5;26,6;906,28;48,7;0;0
2024-02;MT-08-0121;19;14,5;26,6;614,97;33,0;0;0
2024-03;MT-08-0121;35;14,5;26,6;1132,85;60,9;0;0
2024-04;MT-08-0121;1;14,5;26,6;32,37;1,7;0;0
2024-05;MT-08-0121;17;14,5;26,6;550,24;29,6;0;0
2024-06;MT-08-0121;12;14,5;26,6;388,4;20,9;0;0
2024-07;MT-08-0121;18;14,5;26,6;582,61;31,3;0;0
2024-08;MT-08-0121;33;14,5;26,6;1068,11;57,4;0;0
2024-09;MT-08-0121;41;14,5;26,6;1327,05;71,3;0;0
2024-10;MT-08-0121;42;14,5;26,6;1359,42;73,0;0;0
2024-11;MT-08-0121;32;14,5;26,6;1035,75;55,7;0;0
2024-12;MT-08-0121;52;14,5;26,6;1683,09;90,4;0;0
2025-01;MT-08-0121;60;14,5;26,6;1942,02;104,3;0;0
2025-02;MT-08-0121;22;14,5;26,6;712,08;38,3;0;0
2025-03;MT-08-0121;55;14,5;26,6;1780,19;95,7;0;0
2025-04;MT-08-0121;56;14,5;26,6;1812,56;97,4;0;0
2025-05;MT-08-0121;33;14,5;26,6;1068,11;57,4;0;0
2025-06;MT-08-0121;26;14,5;26,6;841,54;45,2;0;0
2025-07;MT-08-0121;21;14,5;26,6;679,71;36,5;0;0
2025-08;MT-08-0121;0;14,5;26,6;0,0;0,0;1;0
2025-09;MT-08-0121;26;14,5;26,6;841,54;45,2;0;0
2025-10;MT-08-0121;8;14,5;26,6;258,94;13,9;0;0
2025-11;MT-08-0121;18;14,5;26,6;582,61;31,3;0;0
2025-12;MT-08-0121;25;14,5;26,6;809,18;43,5;0;0
2024-01;MI-MC-07-0512;0;1;1,1;0,0;0,0;1;0
2024-02;MI-MC-07-0512;1;1;1,1;435,08;48,0;0;0
2024-03;MI-MC-07-0512;0;1;1,1;0,0;0,0;1;0
2024-04;MI-MC-07-0512;1;1;1,1;435,08;48,0;0;0
2024-05;MI-MC-07-0512;0;1;1,1;0,0;0,0;1;0
2024-06;MI-MC-07-0512;0;1;1,1;0,0;0,0;1;0
2024-07;MI-MC-07-0512;0;1;1,1;0,0;0,0;1;0
2024-08;MI-MC-07-0512;1;1;1,1;435,08;48,0;0;0
2024-09;MI-MC-07-0512;1;1;1,1;435,08;48,0;0;0
2024-10;MI-MC-07-0512;1;1;1,1;435,08;48,0;0;0
2024-11;MI-MC-07-0512;0;1;1,1;0,0;0,0;1;0
2024-12;MI-MC-07-0512;1;1;1,1;435,08;48,0;0;0
2025-01;MI-MC-07-0512;1;1;1,1;435,08;48,0;0;0
2025-02;MI-MC-07-0512;1;1;1,1;435,08;48,0;0;0
2025-03;MI-MC-07-0512;1;1;1,1;435,08;48,0;0;0
2025-04;MI-MC-07-0512;0;1;1,1;0,0;0,0;1;0
2025-05;MI-MC-07-0512;1;1;1,1;435,08;48,0;0;0
2025-06;MI-MC-07-0512;0;1;1,1;0,0;0,0;1;0
2025-07;MI-MC-07-0512;0;1;1,1;0,0;0,0;1;0
2025-08;MI-MC-07-0512;0;1;1,1;0,0;0,0;1;0
2025-09;MI-MC-07-0512;0;1;1,1;0,0;0,0;1;0
2025-10;MI-MC-07-0512;0;1;1,1;0,0;0,0;1;0
2025-11;MI-MC-07-0512;0;1;1,1;0,0;0,0;1;0
2025-12;MI-MC-07-0512;1;1;1,1;435,08;48,0;0;0
2024-01;MT-07-0131;1;1;1,4;121,61;7,0;0;0
2024-02;MT-07-0131;1;1;1,4;121,61;7,0;0;0
2024-03;MT-07-0131;1;1;1,4;121,61;7,0;0;0
2024-04;MT-07-0131;0;1;1,4;0,0;0,0;1;0
2024-05;MT-07-0131;2;1;1,4;243,21;14,0;0;0
2024-06;MT-07-0131;2;1;1,4;243,21;14,0;0;0
2024-07;MT-07-0131;0;1;1,4;0,0;0,0;1;0
2024-08;MT-07-0131;1;1;1,4;121,61;7,0;0;0
2024-09;MT-07-0131;0;1;1,4;0,0;0,0;1;0
2024-10;MT-07-0131;0;1;1,4;0,0;0,0;1;0
2024-11;MT-07-0131;1;1;1,4;121,61;7,0;0;0
2024-12;MT-07-0131;2;1;1,4;243,21;14,0;0;0
2025-01;MT-07-0131;1;1;1,4;121,61;7,0;0;0
2025-02;MT-07-0131;2;1;1,4;243,21;14,0;0;0
2025-03;MT-07-0131;1;1;1,4;121,61;7,0;0;0
2025-04;MT-07-0131;1;1;1,4;121,61;7,0;0;0
2025-05;MT-07-0131;1;1;1,4;121,61;7,0;0;0
2025-06;MT-07-0131;1;1;1,4;121,61;7,0;0;0
2025-07;MT-07-0131;2;1;1,4;243,21;14,0;0;0
2025-08;MT-07-0131;1;1;1,4;121,61;7,0;0;0
2025-09;MT-07-0131;1;1;1,4;121,61;7,0;0;0
2025-10;MT-07-0131;1;1;1,4;121,61;7,0;0;0
2025-11;MT-07-0131;2;1;1,4;243,21;14,0;0;0
2025-12;MT-07-0131;1;1;1,4;121,61;7,0;0;0
2024-01;AWP-02-0682;22;6,2;10,1;2005,93;255,5;0;0
2024-02;AWP-02-0682;11;6,2;10,1;1002,97;127,7;0;0
2024-03;AWP-02-0682;16;6,2;10,1;1458,86;185,8;0;0
2024-04;AWP-02-0682;16;6,2;10,1;1458,86;185,8;0;0
2024-05;AWP-02-0682;5;6,2;10,1;455,89;58,1;0;0
2024-06;AWP-02-0682;14;6,2;10,1;1276,5;162,6;0;0
2024-07;AWP-02-0682;2;6,2;10,1;182,36;23,2;0;0
2024-08;AWP-02-0682;23;6,2;10,1;2097,11;267,1;0;0
2024-09;AWP-02-0682;11;6,2;10,1;1002,97;127,7;0;0
2024-10;AWP-02-0682;13;6,2;10,1;1185,32;151,0;0;0
2024-11;AWP-02-0682;8;6,2;10,1;729,43;92,9;0;0
2024-12;AWP-02-0682;12;6,2;10,1;1094,14;139,4;0;0
2025-01;AWP-02-0682;5;6,2;10,1;455,89;58,1;0;0
2025-02;AWP-02-0682;8;6,2;10,1;729,43;92,9;0;0
2025-03;AWP-02-0682;15;6,2;10,1;1367,68;174,2;0;0
2025-04;AWP-02-0682;7;6,2;10,1;638,25;81,3;0;0
2025-05;AWP-02-0682;6;6,2;10,1;547,07;69,7;0;0
2025-06;AWP-02-0682;16;6,2;10,1;1458,86;185,8;0;0
2025-07;AWP-02-0682;7;6,2;10,1;638,25;81,3;0;0
2025-08;AWP-02-0682;11;6,2;10,1;1002,97;127,7;0;0
2025-09;AWP-02-0682;5;6,2;10,1;455,89;58,1;0;0
2025-10;AWP-02-0682;13;6,2;10,1;1185,32;151,0;0;0
2025-11;AWP-02-0682;14;6,2;10,1;1276,5;162,6;0;0
2025-12;AWP-02-0682;16;6,2;10,1;1458,86;185,8;0;0
2024-01;MLT-09-0240;3;1,3;2,3;407,13;40,0;0;0
2024-02;MLT-09-0240;2;1,3;2,3;271,42;26,7;0;0
2024-03;MLT-09-0240;2;1,3;2,3;271,42;26,7;0;0
2024-04;MLT-09-0240;2;1,3;2,3;271,42;26,7;0;0
2024-05;MLT-09-0240;4;1,3;2,3;542,84;53,3;0;0
2024-06;MLT-09-0240;3;1,3;2,3;407,13;40,0;0;0
2024-07;MLT-09-0240;1;1,3;2,3;135,71;13,3;0;0
2024-08;MLT-09-0240;0;1,3;2,3;0,0;0,0;1;0
2024-09;MLT-09-0240;2;1,3;2,3;271,42;26,7;0;0
2024-10;MLT-09-0240;1;1,3;2,3;135,71;13,3;0;0
2024-11;MLT-09-0240;3;1,3;2,3;407,13;40,0;0;0
2024-12;MLT-09-0240;3;1,3;2,3;407,13;40,0;0;0
2025-01;MLT-09-0240;2;1,3;2,3;271,42;26,7;0;0
2025-02;MLT-09-0240;1;1,3;2,3;135,71;13,3;0;0
2025-03;MLT-09-0240;2;1,3;2,3;271,42;26,7;0;0
2025-04;MLT-09-0240;2;1,3;2,3;271,42;26,7;0;0
2025-05;MLT-09-0240;2;1,3;2,3;271,42;26,7;0;0
2025-06;MLT-09-0240;4;1,3;2,3;542,84;53,3;0;0
2025-07;MLT-09-0240;0;1,3;2,3;0,0;0,0;1;0
2025-08;MLT-09-0240;1;1,3;2,3;135,71;13,3;0;0
2025-09;MLT-09-0240;3;1,3;2,3;407,13;40,0;0;0
2025-10;MLT-09-0240;0;1,3;2,3;0,0;0,0;1;0
2025-11;MLT-09-0240;1;1,3;2,3;135,71;13,3;0;0
2025-12;MLT-09-0240;2;1,3;2,3;271,42;26,7;0;0
2024-01;AWP-03-0679;3;2,0;3,2;605,29;108,0;0;0
2024-02;AWP-03-0679;2;2,0;3,2;403,53;72,0;0;0
2024-03;AWP-03-0679;2;2,0;3,2;403,53;72,0;0;0
2024-04;AWP-03-0679;5;2,0;3,2;1008,82;180,0;0;0
2024-05;AWP-03-0679;2;2,0;3,2;403,53;72,0;0;0
2024-06;AWP-03-0679;4;2,0;3,2;807,06;144,0;0;0
2024-07;AWP-03-0679;5;2,0;3,2;1008,82;180,0;0;0
2024-08;AWP-03-0679;3;2,0;3,2;605,29;108,0;0;0
2024-09;AWP-03-0679;4;2,0;3,2;807,06;144,0;0;0
2024-10;AWP-03-0679;0;2,0;3,2;0,0;0,0;1;0
2024-11;AWP-03-0679;4;2,0;3,2;807,06;144,0;0;0
2024-12;AWP-03-0679;3;2,0;3,2;605,29;108,0;0;0
2025-01;AWP-03-0679;2;2,0;3,2;403,53;72,0;0;0
2025-02;AWP-03-0679;5;2,0;3,2;1008,82;180,0;0;0
2025-03;AWP-03-0679;3;2,0;3,2;605,29;108,0;0;0
2025-04;AWP-03-0679;3;2,0;3,2;605,29;108,0;0;0
2025-05;AWP-03-0679;3;2,0;3,2;605,29;108,0;0;0
2025-06;AWP-03-0679;0;2,0;3,2;0,0;0,0;1;0
2025-07;AWP-03-0679;3;2,0;3,2;605,29;108,0;0;0
2025-08;AWP-03-0679;4;2,0;3,2;807,06;144,0;0;0
2025-09;AWP-03-0679;2;2,0;3,2;403,53;72,0;0;0
2025-10;AWP-03-0679;1;2,0;3,2;201,76;36,0;0;0
2025-11;AWP-03-0679;4;2,0;3,2;807,06;144,0;0;0
2025-12;AWP-03-0679;3;2,0;3,2;605,29;108,0;0;0
2024-01;MLT-06-0224;7;14,7;23,9;643,95;34,3;0;0
2024-02;MLT-06-0224;49;14,7;23,9;4507,66;240,0;0;0
2024-03;MLT-06-0224;15;14,7;23,9;1379,9;73,5;0;0
2024-04;MLT-06-0224;44;14,7;23,9;4047,7;215,5;0;0
2024-05;MLT-06-0224;19;14,7;23,9;1747,87;93,1;0;0
2024-06;MLT-06-0224;33;14,7;23,9;3035,77;161,6;0;0
2024-07;MLT-06-0224;39;14,7;23,9;3587,73;191,0;0;0
2024-08;MLT-06-0224;13;14,7;23,9;1195,91;63,7;0;0
2024-09;MLT-06-0224;16;14,7;23,9;1471,89;78,4;0;0
2024-10;MLT-06-0224;25;14,7;23,9;2299,83;122,4;0;0
2024-11;MLT-06-0224;3;14,7;23,9;275,98;14,7;0;0
2024-12;MLT-06-0224;30;14,7;23,9;2759,79;146,9;0;0
2025-01;MLT-06-0224;34;14,7;23,9;3127,77;166,5;0;0
2025-02;MLT-06-0224;38;14,7;23,9;3495,74;186,1;0;0
2025-03;MLT-06-0224;0;14,7;23,9;0,0;0,0;1;0
2025-04;MLT-06-0224;8;14,7;23,9;735,95;39,2;0;0
2025-05;MLT-06-0224;11;14,7;23,9;1011,92;53,9;0;0
2025-06;MLT-06-0224;13;14,7;23,9;1195,91;63,7;0;0
2025-07;MLT-06-0224;26;14,7;23,9;2391,82;127,3;0;0
2025-08;MLT-06-0224;45;14,7;23,9;4139,69;220,4;0;0
2025-09;MLT-06-0224;29;14,7;23,9;2667,8;142,0;0;0
2025-10;MLT-06-0224;55;14,7;23,9;5059,62;269,4;0;0
2025-11;MLT-06-0224;16;14,7;23,9;1471,89;78,4;0;0
2025-12;MLT-06-0224;0;14,7;23,9;0,0;0,0;1;0
2024-01;MLT-04-0303;0;1,4;2,7;0,0;0,0;1;0
2024-02;MLT-04-0303;2;1,4;2,7;310,94;23,2;0;0
2024-03;MLT-04-0303;1;1,4;2,7;155,47;11,6;0;0
2024-04;MLT-04-0303;3;1,4;2,7;466,41;34,8;0;0
2024-05;MLT-04-0303;1;1,4;2,7;155,47;11,6;0;0
2024-06;MLT-04-0303;3;1,4;2,7;466,41;34,8;0;0
2024-07;MLT-04-0303;2;1,4;2,7;310,94;23,2;0;0
2024-08;MLT-04-0303;2;1,4;2,7;310,94;23,2;0;0
2024-09;MLT-04-0303;4;1,4;2,7;621,88;46,5;0;0
2024-10;MLT-04-0303;1;1,4;2,7;155,47;11,6;0;0
2024-11;MLT-04-0303;1;1,4;2,7;155,47;11,6;0;0
2024-12;MLT-04-0303;0;1,4;2,7;0,0;0,0;1;0
2025-01;MLT-04-0303;2;1,4;2,7;310,94;23,2;0;0
2025-02;MLT-04-0303;3;1,4;2,7;466,41;34,8;0;0
2025-03;MLT-04-0303;4;1,4;2,7;621,88;46,5;0;0
2025-04;MLT-04-0303;2;1,4;2,7;310,94;23,2;0;0
2025-05;MLT-04-0303;3;1,4;2,7;466,41;34,8;0;0
2025-06;MLT-04-0303;4;1,4;2,7;621,88;46,5;0;0
2025-07;MLT-04-0303;4;1,4;2,7;621,88;46,5;0;0
2025-08;MLT-04-0303;2;1,4;2,7;310,94;23,2;0;0
2025-09;MLT-04-0303;5;1,4;2,7;777,35;58,1;0;0
2025-10;MLT-04-0303;2;1,4;2,7;310,94;23,2;0;0
2025-11;MLT-04-0303;4;1,4;2,7;621,88;46,5;0;0
2025-12;MLT-04-0303;1;1,4;2,7;155,47;11,6;0;0
2024-01;LOAD-M-03-0873;1;1;1,2;530,04;180,0;0;0
2024-02;LOAD-M-03-0873;1;1;1,2;530,04;180,0;0;0
2024-03;LOAD-M-03-0873;1;1;1,2;530,04;180,0;0;0
2024-04;LOAD-M-03-0873;1;1;1,2;530,04;180,0;0;0
2024-05;LOAD-M-03-0873;1;1;1,2;530,04;180,0;0;0
2024-06;LOAD-M-03-0873;0;1;1,2;0,0;0,0;1;0
2024-07;LOAD-M-03-0873;0;1;1,2;0,0;0,0;1;0
2024-08;LOAD-M-03-0873;1;1;1,2;530,04;180,0;0;0
2024-09;LOAD-M-03-0873;0;1;1,2;0,0;0,0;1;0
2024-10;LOAD-M-03-0873;1;1;1,2;530,04;180,0;0;0
2024-11;LOAD-M-03-0873;1;1;1,2;530,04;180,0;0;0
2024-12;LOAD-M-03-0873;1;1;1,2;530,04;180,0;0;0
2025-01;LOAD-M-03-0873;2;1;1,2;1060,08;360,0;0;0
2025-02;LOAD-M-03-0873;0;1;1,2;0,0;0,0;1;0
2025-03;LOAD-M-03-0873;1;1;1,2;530,04;180,0;0;0
2025-04;LOAD-M-03-0873;0;1;1,2;0,0;0,0;1;0
2025-05;LOAD-M-03-0873;0;1;1,2;0,0;0,0;1;0
2025-06;LOAD-M-03-0873;0;1;1,2;0,0;0,0;1;0
2025-07;LOAD-M-03-0873;2;1;1,2;1060,08;360,0;0;0
2025-08;LOAD-M-03-0873;0;1;1,2;0,0;0,0;1;0
2025-09;LOAD-M-03-0873;1;1;1,2;530,04;180,0;0;0
2025-10;LOAD-M-03-0873;1;1;1,2;530,04;180,0;0;0
2025-11;LOAD-M-03-0873;2;1;1,2;1060,08;360,0;0;0
2025-12;LOAD-M-03-0873;1;1;1,2;530,04;180,0;0;0
2024-01;MLT-06-0220;2;2,2;4,1;167,92;10,7;0;0
2024-02;MLT-06-0220;2;2,2;4,1;167,92;10,7;0;0
2024-03;MLT-06-0220;2;2,2;4,1;167,92;10,7;0;0
2024-04;MLT-06-0220;5;2,2;4,1;419,8;26,9;0;0
2024-05;MLT-06-0220;5;2,2;4,1;419,8;26,9;0;0
2024-06;MLT-06-0220;4;2,2;4,1;335,84;21,5;0;0
2024-07;MLT-06-0220;5;2,2;4,1;419,8;26,9;0;0
2024-08;MLT-06-0220;5;2,2;4,1;419,8;26,9;0;0
2024-09;MLT-06-0220;3;2,2;4,1;251,88;16,1;0;0
2024-10;MLT-06-0220;1;2,2;4,1;83,96;5,4;0;0
2024-11;MLT-06-0220;5;2,2;4,1;419,8;26,9;0;0
2024-12;MLT-06-0220;8;2,2;4,1;671,68;43,0;0;0
2025-01;MLT-06-0220;4;2,2;4,1;335,84;21,5;0;0
2025-02;MLT-06-0220;3;2,2;4,1;251,88;16,1;0;0
2025-03;MLT-06-0220;7;2,2;4,1;587,72;37,6;0;0
2025-04;MLT-06-0220;4;2,2;4,1;335,84;21,5;0;0
2025-05;MLT-06-0220;3;2,2;4,1;251,88;16,1;0;0
2025-06;MLT-06-0220;3;2,2;4,1;251,88;16,1;0;0
2025-07;MLT-06-0220;3;2,2;4,1;251,88;16,1;0;0
2025-08;MLT-06-0220;2;2,2;4,1;167,92;10,7;0;0
2025-09;MLT-06-0220;6;2,2;4,1;503,76;32,2;0;0
2025-10;MLT-06-0220;2;2,2;4,1;167,92;10,7;0;0
2025-11;MLT-06-0220;6;2,2;4,1;503,76;32,2;0;0
2025-12;MLT-06-0220;0;2,2;4,1;0,0;0,0;1;0
2024-01;MLT-03-0280;1;1;1,6;257,86;24,0;0;0
2024-02;MLT-03-0280;1;1;1,6;257,86;24,0;0;0
2024-03;MLT-03-0280;3;1;1,6;773,58;72,0;0;0
2024-04;MLT-03-0280;0;1;1,6;0,0;0,0;1;0
2024-05;MLT-03-0280;1;1;1,6;257,86;24,0;0;0
2024-06;MLT-03-0280;1;1;1,6;257,86;24,0;0;0
2024-07;MLT-03-0280;1;1;1,6;257,86;24,0;0;0
2024-08;MLT-03-0280;2;1;1,6;515,72;48,0;0;0
2024-09;MLT-03-0280;1;1;1,6;257,86;24,0;0;0
2024-10;MLT-03-0280;1;1;1,6;257,86;24,0;0;0
2024-11;MLT-03-0280;0;1;1,6;0,0;0,0;1;0
2024-12;MLT-03-0280;2;1;1,6;515,72;48,0;0;0
2025-01;MLT-03-0280;2;1;1,6;515,72;48,0;0;0
2025-02;MLT-03-0280;1;1;1,6;257,86;24,0;0;0
2025-03;MLT-03-0280;2;1;1,6;515,72;48,0;0;0
2025-04;MLT-03-0280;1;1;1,6;257,86;24,0;0;0
2025-05;MLT-03-0280;0;1;1,6;0,0;0,0;1;0
2025-06;MLT-03-0280;2;1;1,6;515,72;48,0;0;0
2025-07;MLT-03-0280;2;1;1,6;515,72;48,0;0;0
2025-08;MLT-03-0280;1;1;1,6;257,86;24,0;0;0
2025-09;MLT-03-0280;0;1;1,6;0,0;0,0;1;0
2025-10;MLT-03-0280;1;1;1,6;257,86;24,0;0;0
2025-11;MLT-03-0280;2;1;1,6;515,72;48,0;0;0
2025-12;MLT-03-0280;0;1;1,6;0,0;0,0;1;0
2024-01;MLT-09-0232;1;1;1,3;169,4;15,0;0;0
2024-02;MLT-09-0232;0;1;1,3;0,0;0,0;1;0
2024-03;MLT-09-0232;0;1;1,3;0,0;0,0;1;0
2024-04;MLT-09-0232;0;1;1,3;0,0;0,0;1;0
2024-05;MLT-09-0232;1;1;1,3;169,4;15,0;0;0
2024-06;MLT-09-0232;0;1;1,3;0,0;0,0;1;0
2024-07;MLT-09-0232;1;1;1,3;169,4;15,0;0;0
2024-08;MLT-09-0232;1;1;1,3;169,4;15,0;0;0
2024-09;MLT-09-0232;0;1;1,3;0,0;0,0;1;0
2024-10;MLT-09-0232;1;1;1,3;169,4;15,0;0;0
2024-11;MLT-09-0232;2;1;1,3;338,81;30,0;0;0
2024-12;MLT-09-0232;0;1;1,3;0,0;0,0;1;0
2025-01;MLT-09-0232;1;1;1,3;169,4;15,0;0;0
2025-02;MLT-09-0232;0;1;1,3;0,0;0,0;1;0
2025-03;MLT-09-0232;1;1;1,3;169,4;15,0;0;0
2025-04;MLT-09-0232;2;1;1,3;338,81;30,0;0;0
2025-05;MLT-09-0232;0;1;1,3;0,0;0,0;1;0
2025-06;MLT-09-0232;0;1;1,3;0,0;0,0;1;0
2025-07;MLT-09-0232;2;1;1,3;338,81;30,0;0;0
2025-08;MLT-09-0232;0;1;1,3;0,0;0,0;1;0
2025-09;MLT-09-0232;1;1;1,3;169,4;15,0;0;0
2025-10;MLT-09-0232;0;1;1,3;0,0;0,0;1;0
2025-11;MLT-09-0232;2;1;1,3;338,81;30,0;0;0
2025-12;MLT-09-0232;1;1;1,3;169,4;15,0;0;0
2024-01;MT-02-0084;2;1;1,5;234,01;11,3;0;0
2024-02;MT-02-0084;1;1;1,5;117,0;5,7;0;0
2024-03;MT-02-0084;1;1;1,5;117,0;5,7;0;0
2024-04;MT-02-0084;1;1;1,5;117,0;5,7;0;0
2024-05;MT-02-0084;1;1;1,5;117,0;5,7;0;0
2024-06;MT-02-0084;1;1;1,5;117,0;5,7;0;0
2024-07;MT-02-0084;1;1;1,5;117,0;5,7;0;0
2024-08;MT-02-0084;0;1;1,5;0,0;0,0;1;0
2024-09;MT-02-0084;1;1;1,5;117,0;5,7;0;0
2024-10;MT-02-0084;0;1;1,5;0,0;0,0;1;0
2024-11;MT-02-0084;1;1;1,5;117,0;5,7;0;0
2024-12;MT-02-0084;0;1;1,5;0,0;0,0;1;0
2025-01;MT-02-0084;2;1;1,5;234,01;11,3;0;0
2025-02;MT-02-0084;1;1;1,5;117,0;5,7;0;0
2025-03;MT-02-0084;0;1;1,5;0,0;0,0;1;0
2025-04;MT-02-0084;1;1;1,5;117,0;5,7;0;0
2025-05;MT-02-0084;0;1;1,5;0,0;0,0;1;0
2025-06;MT-02-0084;0;1;1,5;0,0;0,0;1;0
2025-07;MT-02-0084;0;1;1,5;0,0;0,0;1;0
2025-08;MT-02-0084;0;1;1,5;0,0;0,0;1;0
2025-09;MT-02-0084;1;1;1,5;117,0;5,7;0;0
2025-10;MT-02-0084;1;1;1,5;117,0;5,7;0;0
2025-11;MT-02-0084;3;1;1,5;351,01;17,0;0;0
2025-12;MT-02-0084;1;1;1,5;117,0;5,7;0;0
2024-01;MI-MC-07-0554;3;2,0;3,7;503,8;54,0;0;0
2024-02;MI-MC-07-0554;2;2,0;3,7;335,87;36,0;0;0
2024-03;MI-MC-07-0554;4;2,0;3,7;671,73;72,0;0;0
2024-04;MI-MC-07-0554;1;2,0;3,7;167,93;18,0;0;0
2024-05;MI-MC-07-0554;2;2,0;3,7;335,87;36,0;0;0
2024-06;MI-MC-07-0554;5;2,0;3,7;839,67;90,0;0;0
2024-07;MI-MC-07-0554;3;2,0;3,7;503,8;54,0;0;0
2024-08;MI-MC-07-0554;6;2,0;3,7;1007,6;108,0;0;0
2024-09;MI-MC-07-0554;2;2,0;3,7;335,87;36,0;0;0
2024-10;MI-MC-07-0554;4;2,0;3,7;671,73;72,0;0;0
2024-11;MI-MC-07-0554;4;2,0;3,7;671,73;72,0;0;0
2024-12;MI-MC-07-0554;2;2,0;3,7;335,87;36,0;0;0
2025-01;MI-MC-07-0554;0;2,0;3,7;0,0;0,0;1;0
2025-02;MI-MC-07-0554;6;2,0;3,7;1007,6;108,0;0;0
2025-03;MI-MC-07-0554;2;2,0;3,7;335,87;36,0;0;0
2025-04;MI-MC-07-0554;1;2,0;3,7;167,93;18,0;0;0
2025-05;MI-MC-07-0554;4;2,0;3,7;671,73;72,0;0;0
2025-06;MI-MC-07-0554;1;2,0;3,7;167,93;18,0;0;0
2025-07;MI-MC-07-0554;0;2,0;3,7;0,0;0,0;1;0
2025-08;MI-MC-07-0554;3;2,0;3,7;503,8;54,0;0;0
2025-09;MI-MC-07-0554;3;2,0;3,7;503,8;54,0;0;0
2025-10;MI-MC-07-0554;6;2,0;3,7;1007,6;108,0;0;0
2025-11;MI-MC-07-0554;3;2,0;3,7;503,8;54,0;0;0
2025-12;MI-MC-07-0554;2;2,0;3,7;335,87;36,0;0;0
2024-01;MLT-07-0200;3;2,0;3,7;542,31;37,2;0;0
2024-02;MLT-07-0200;2;2,0;3,7;361,54;24,8;0;0
2024-03;MLT-07-0200;4;2,0;3,7;723,08;49,7;0;0
2024-04;MLT-07-0200;6;2,0;3,7;1084,62;74,5;0;0
2024-05;MLT-07-0200;2;2,0;3,7;361,54;24,8;0;0
2024-06;MLT-07-0200;4;2,0;3,7;723,08;49,7;0;0
2024-07;MLT-07-0200;3;2,0;3,7;542,31;37,2;0;0
2024-08;MLT-07-0200;4;2,0;3,7;723,08;49,7;0;0
2024-09;MLT-07-0200;5;2,0;3,7;903,85;62,1;0;0
2024-10;MLT-07-0200;6;2,0;3,7;1084,62;74,5;0;0
2024-11;MLT-07-0200;1;2,0;3,7;180,77;12,4;0;0
2024-12;MLT-07-0200;3;2,0;3,7;542,31;37,2;0;0
2025-01;MLT-07-0200;4;2,0;3,7;723,08;49,7;0;0
2025-02;MLT-07-0200;4;2,0;3,7;723,08;49,7;0;0
2025-03;MLT-07-0200;10;2,0;3,7;1807,69;124,1;0;0
2025-04;MLT-07-0200;5;2,0;3,7;903,85;62,1;0;0
2025-05;MLT-07-0200;5;2,0;3,7;903,85;62,1;0;0
2025-06;MLT-07-0200;2;2,0;3,7;361,54;24,8;0;0
2025-07;MLT-07-0200;4;2,0;3,7;723,08;49,7;0;0
2025-08;MLT-07-0200;3;2,0;3,7;542,31;37,2;0;0
2025-09;MLT-07-0200;2;2,0;3,7;361,54;24,8;0;0
2025-10;MLT-07-0200;5;2,0;3,7;903,85;62,1;0;0
2025-11;MLT-07-0200;1;2,0;3,7;180,77;12,4;0;0
2025-12;MLT-07-0200;1;2,0;3,7;180,77;12,4;0;0
2024-01;MRT-05-0454;50;9,4;17,2;1523,93;288,0;0;0
2024-02;MRT-05-0454;5;9,4;17,2;152,39;28,8;0;0
2024-03;MRT-05-0454;24;9,4;17,2;731,49;138,2;0;0
2024-04;MRT-05-0454;24;9,4;17,2;731,49;138,2;0;0
2024-05;MRT-05-0454;19;9,4;17,2;579,09;109,4;0;0
2024-06;MRT-05-0454;18;9,4;17,2;548,62;103,7;0;0
2024-07;MRT-05-0454;15;9,4;17,2;457,18;86,4;0;0
2024-08;MRT-05-0454;5;9,4;17,2;152,39;28,8;0;0
2024-09;MRT-05-0454;27;9,4;17,2;822,92;155,5;0;0
2024-10;MRT-05-0454;0;9,4;17,2;0,0;0,0;1;0
2024-11;MRT-05-0454;16;9,4;17,2;487,66;92,2;0;0
2024-12;MRT-05-0454;24;9,4;17,2;731,49;138,2;0;0
2025-01;MRT-05-0454;5;9,4;17,2;152,39;28,8;0;0
2025-02;MRT-05-0454;19;9,4;17,2;579,09;109,4;0;0
2025-03;MRT-05-0454;4;9,4;17,2;121,91;23,0;0;0
2025-04;MRT-05-0454;19;9,4;17,2;579,09;109,4;0;0
2025-05;MRT-05-0454;0;9,4;17,2;0,0;0,0;1;0
2025-06;MRT-05-0454;15;9,4;17,2;457,18;86,4;0;0
2025-07;MRT-05-0454;15;9,4;17,2;457,18;86,4;0;0
2025-08;MRT-05-0454;17;9,4;17,2;518,14;97,9;0;0
2025-09;MRT-05-0454;24;9,4;17,2;731,49;138,2;0;0
2025-10;MRT-05-0454;7;9,4;17,2;213,35;40,3;0;0
2025-11;MRT-05-0454;33;9,4;17,2;1005,8;190,1;0;0
2025-12;MRT-05-0454;21;9,4;17,2;640,05;121,0;0;0
2024-01;MLT-01-0206;15;9,0;16,5;323,14;28,0;0;0
2024-02;MLT-01-0206;13;9,0;16,5;280,05;24,2;0;0
2024-03;MLT-01-0206;18;9,0;16,5;387,77;33,6;0;0
2024-04;MLT-01-0206;13;9,0;16,5;280,05;24,2;0;0
2024-05;MLT-01-0206;19;9,0;16,5;409,31;35,4;0;0
2024-06;MLT-01-0206;7;9,0;16,5;150,8;13,1;0;0
2024-07;MLT-01-0206;8;9,0;16,5;172,34;14,9;0;0
2024-08;MLT-01-0206;10;9,0;16,5;215,43;18,7;0;0
2024-09;MLT-01-0206;17;9,0;16,5;366,22;31,7;0;0
2024-10;MLT-01-0206;24;9,0;16,5;517,02;44,8;0;0
2024-11;MLT-01-0206;16;9,0;16,5;344,68;29,8;0;0
2024-12;MLT-01-0206;25;9,0;16,5;538,57;46,6;0;0
2025-01;MLT-01-0206;15;9,0;16,5;323,14;28,0;0;0
2025-02;MLT-01-0206;14;9,0;16,5;301,6;26,1;0;0
2025-03;MLT-01-0206;6;9,0;16,5;129,26;11,2;0;0
2025-04;MLT-01-0206;28;9,0;16,5;603,19;52,2;0;0
2025-05;MLT-01-0206;36;9,0;16,5;775,53;67,2;0;0
2025-06;MLT-01-0206;14;9,0;16,5;301,6;26,1;0;0
2025-07;MLT-01-0206;16;9,0;16,5;344,68;29,8;0;0
2025-08;MLT-01-0206;19;9,0;16,5;409,31;35,4;0;0
2025-09;MLT-01-0206;25;9,0;16,5;538,57;46,6;0;0
2025-10;MLT-01-0206;17;9,0;16,5;366,22;31,7;0;0
2025-11;MLT-01-0206;9;9,0;16,5;193,88;16,8;0;0
2025-12;MLT-01-0206;14;9,0;16,5;301,6;26,1;0;0
2024-01;MT-09-0034;1;1;1,5;67,95;5,7;0;0
2024-02;MT-09-0034;1;1;1,5;67,95;5,7;0;0
2024-03;MT-09-0034;2;1;1,5;135,9;11,3;0;0
2024-04;MT-09-0034;1;1;1,5;67,95;5,7;0;0
2024-05;MT-09-0034;2;1;1,5;135,9;11,3;0;0
2024-06;MT-09-0034;1;1;1,5;67,95;5,7;0;0
2024-07;MT-09-0034;1;1;1,5;67,95;5,7;0;0
2024-08;MT-09-0034;1;1;1,5;67,95;5,7;0;0
2024-09;MT-09-0034;1;1;1,5;67,95;5,7;0;0
2024-10;MT-09-0034;0;1;1,5;0,0;0,0;1;0
2024-11;MT-09-0034;0;1;1,5;0,0;0,0;1;0
2024-12;MT-09-0034;1;1;1,5;67,95;5,7;0;0
2025-01;MT-09-0034;1;1;1,5;67,95;5,7;0;0
2025-02;MT-09-0034;0;1;1,5;0,0;0,0;1;0
2025-03;MT-09-0034;2;1;1,5;135,9;11,3;0;0
2025-04;MT-09-0034;2;1;1,5;135,9;11,3;0;0
2025-05;MT-09-0034;1;1;1,5;67,95;5,7;0;0
2025-06;MT-09-0034;3;1;1,5;203,85;17,0;0;0
2025-07;MT-09-0034;1;1;1,5;67,95;5,7;0;0
2025-08;MT-09-0034;1;1;1,5;67,95;5,7;0;0
2025-09;MT-09-0034;3;1;1,5;203,85;17,0;0;0
2025-10;MT-09-0034;1;1;1,5;67,95;5,7;0;0
2025-11;MT-09-0034;2;1;1,5;135,9;11,3;0;0
2025-12;MT-09-0034;1;1;1,5;67,95;5,7;0;0
2024-01;MRT-10-0415;1;1;1,4;120,48;20,0;0;0
2024-02;MRT-10-0415;0;1;1,4;0,0;0,0;1;0
2024-03;MRT-10-0415;1;1;1,4;120,48;20,0;0;0
2024-04;MRT-10-0415;1;1;1,4;120,48;20,0;0;0
2024-05;MRT-10-0415;1;1;1,4;120,48;20,0;0;0
2024-06;MRT-10-0415;3;1;1,4;361,43;60,0;0;0
2024-07;MRT-10-0415;1;1;1,4;120,48;20,0;0;0
2024-08;MRT-10-0415;1;1;1,4;120,48;20,0;0;0
2024-09;MRT-10-0415;0;1;1,4;0,0;0,0;1;0
2024-10;MRT-10-0415;2;1;1,4;240,95;40,0;0;0
2024-11;MRT-10-0415;2;1;1,4;240,95;40,0;0;0
2024-12;MRT-10-0415;0;1;1,4;0,0;0,0;1;0
2025-01;MRT-10-0415;0;1;1,4;0,0;0,0;1;0
2025-02;MRT-10-0415;2;1;1,4;240,95;40,0;0;0
2025-03;MRT-10-0415;1;1;1,4;120,48;20,0;0;0
2025-04;MRT-10-0415;0;1;1,4;0,0;0,0;1;0
2025-05;MRT-10-0415;1;1;1,4;120,48;20,0;0;0
2025-06;MRT-10-0415;1;1;1,4;120,48;20,0;0;0
2025-07;MRT-10-0415;1;1;1,4;120,48;20,0;0;0
2025-08;MRT-10-0415;0;1;1,4;0,0;0,0;1;0
2025-09;MRT-10-0415;1;1;1,4;120,48;20,0;0;0
2025-10;MRT-10-0415;1;1;1,4;120,48;20,0;0;0
2025-11;MRT-10-0415;2;1;1,4;240,95;40,0;0;0
2025-12;MRT-10-0415;1;1;1,4;120,48;20,0;0;0
2024-01;MLT-02-0261;0;1,2;1,9;0,0;0,0;1;0
2024-02;MLT-02-0261;2;1,2;1,9;314,76;38,9;0;0
2024-03;MLT-02-0261;1;1,2;1,9;157,38;19,5;0;0
2024-04;MLT-02-0261;1;1,2;1,9;157,38;19,5;0;0
2024-05;MLT-02-0261;0;1,2;1,9;0,0;0,0;1;0
2024-06;MLT-02-0261;1;1,2;1,9;157,38;19,5;0;0
2024-07;MLT-02-0261;0;1,2;1,9;0,0;0,0;1;0
2024-08;MLT-02-0261;0;1,2;1,9;0,0;0,0;1;0
2024-09;MLT-02-0261;1;1,2;1,9;157,38;19,5;0;0
2024-10;MLT-02-0261;2;1,2;1,9;314,76;38,9;0;0
2024-11;MLT-02-0261;3;1,2;1,9;472,14;58,4;0;0
2024-12;MLT-02-0261;2;1,2;1,9;314,76;38,9;0;0
2025-01;MLT-02-0261;1;1,2;1,9;157,38;19,5;0;0
2025-02;MLT-02-0261;1;1,2;1,9;157,38;19,5;0;0
2025-03;MLT-02-0261;1;1,2;1,9;157,38;19,5;0;0
2025-04;MLT-02-0261;3;1,2;1,9;472,14;58,4;0;0
2025-05;MLT-02-0261;2;1,2;1,9;314,76;38,9;0;0
2025-06;MLT-02-0261;1;1,2;1,9;157,38;19,5;0;0
2025-07;MLT-02-0261;0;1,2;1,9;0,0;0,0;1;0
2025-08;MLT-02-0261;0;1,2;1,9;0,0;0,0;1;0
2025-09;MLT-02-0261;1;1,2;1,9;157,38;19,5;0;0
2025-10;MLT-02-0261;2;1,2;1,9;314,76;38,9;0;0
2025-11;MLT-02-0261;2;1,2;1,9;314,76;38,9;0;0
2025-12;MLT-02-0261;1;1,2;1,9;157,38;19,5;0;0
2024-01;LOAD-M-03-0863;1;1;1,8;97,61;12,9;0;0
2024-02;LOAD-M-03-0863;0;1;1,8;0,0;0,0;1;0
2024-03;LOAD-M-03-0863;0;1;1,8;0,0;0,0;1;0
2024-04;LOAD-M-03-0863;2;1;1,8;195,22;25,7;0;0
2024-05;LOAD-M-03-0863;3;1;1,8;292,83;38,6;0;0
2024-06;LOAD-M-03-0863;2;1;1,8;195,22;25,7;0;0
2024-07;LOAD-M-03-0863;1;1;1,8;97,61;12,9;0;0
2024-08;LOAD-M-03-0863;0;1;1,8;0,0;0,0;1;0
2024-09;LOAD-M-03-0863;1;1;1,8;97,61;12,9;0;0
2024-10;LOAD-M-03-0863;1;1;1,8;97,61;12,9;0;0
2024-11;LOAD-M-03-0863;0;1;1,8;0,0;0,0;1;0
2024-12;LOAD-M-03-0863;1;1;1,8;97,61;12,9;0;0
2025-01;LOAD-M-03-0863;2;1;1,8;195,22;25,7;0;0
2025-02;LOAD-M-03-0863;2;1;1,8;195,22;25,7;0;0
2025-03;LOAD-M-03-0863;1;1;1,8;97,61;12,9;0;0
2025-04;LOAD-M-03-0863;2;1;1,8;195,22;25,7;0;0
2025-05;LOAD-M-03-0863;1;1;1,8;97,61;12,9;0;0
2025-06;LOAD-M-03-0863;1;1;1,8;97,61;12,9;0;0
2025-07;LOAD-M-03-0863;3;1;1,8;292,83;38,6;0;0
2025-08;LOAD-M-03-0863;1;1;1,8;97,61;12,9;0;0
2025-09;LOAD-M-03-0863;2;1;1,8;195,22;25,7;0;0
2025-10;LOAD-M-03-0863;2;1;1,8;195,22;25,7;0;0
2025-11;LOAD-M-03-0863;0;1;1,8;0,0;0,0;1;0
2025-12;LOAD-M-03-0863;1;1;1,8;97,61;12,9;0;0
2024-01;LOAD-09-0771;0;2,1;3,9;0,0;0,0;1;0
2024-02;LOAD-09-0771;5;2,1;3,9;216,6;28,1;0;0
2024-03;LOAD-09-0771;3;2,1;3,9;129,96;16,9;0;0
2024-04;LOAD-09-0771;1;2,1;3,9;43,32;5,6;0;0
2024-05;LOAD-09-0771;3;2,1;3,9;129,96;16,9;0;0
2024-06;LOAD-09-0771;4;2,1;3,9;173,28;22,5;0;0
2024-07;LOAD-09-0771;9;2,1;3,9;389,87;50,6;0;0
2024-08;LOAD-09-0771;0;2,1;3,9;0,0;0,0;1;0
2024-09;LOAD-09-0771;3;2,1;3,9;129,96;16,9;0;0
2024-10;LOAD-09-0771;3;2,1;3,9;129,96;16,9;0;0
2024-11;LOAD-09-0771;0;2,1;3,9;0,0;0,0;1;0
2024-12;LOAD-09-0771;2;2,1;3,9;86,64;11,2;0;0
2025-01;LOAD-09-0771;3;2,1;3,9;129,96;16,9;0;0
2025-02;LOAD-09-0771;4;2,1;3,9;173,28;22,5;0;0
2025-03;LOAD-09-0771;3;2,1;3,9;129,96;16,9;0;0
2025-04;LOAD-09-0771;2;2,1;3,9;86,64;11,2;0;0
2025-05;LOAD-09-0771;5;2,1;3,9;216,6;28,1;0;0
2025-06;LOAD-09-0771;6;2,1;3,9;259,92;33,8;0;0
2025-07;LOAD-09-0771;2;2,1;3,9;86,64;11,2;0;0
2025-08;LOAD-09-0771;0;2,1;3,9;0,0;0,0;1;0
2025-09;LOAD-09-0771;6;2,1;3,9;259,92;33,8;0;0
2025-10;LOAD-09-0771;4;2,1;3,9;173,28;22,5;0;0
2025-11;LOAD-09-0771;1;2,1;3,9;43,32;5,6;0;0
2025-12;LOAD-09-0771;0;2,1;3,9;0,0;0,0;1;0
2024-01;TMM-09-0610;1;1;1,1;135,87;55,4;0;0
2024-02;TMM-09-0610;0;1;1,1;0,0;0,0;1;0
2024-03;TMM-09-0610;0;1;1,1;0,0;0,0;1;0
2024-04;TMM-09-0610;1;1;1,1;135,87;55,4;0;0
2024-05;TMM-09-0610;2;1;1,1;271,75;110,8;0;0
2024-06;TMM-09-0610;0;1;1,1;0,0;0,0;1;0
2024-07;TMM-09-0610;0;1;1,1;0,0;0,0;1;0
2024-08;TMM-09-0610;0;1;1,1;0,0;0,0;1;0
2024-09;TMM-09-0610;0;1;1,1;0,0;0,0;1;0
2024-10;TMM-09-0610;1;1;1,1;135,87;55,4;0;0
2024-11;TMM-09-0610;1;1;1,1;135,87;55,4;0;0
2024-12;TMM-09-0610;1;1;1,1;135,87;55,4;0;0
2025-01;TMM-09-0610;1;1;1,1;135,87;55,4;0;0
2025-02;TMM-09-0610;0;1;1,1;0,0;0,0;1;0
2025-03;TMM-09-0610;0;1;1,1;0,0;0,0;1;0
2025-04;TMM-09-0610;1;1;1,1;135,87;55,4;0;0
2025-05;TMM-09-0610;0;1;1,1;0,0;0,0;1;0
2025-06;TMM-09-0610;0;1;1,1;0,0;0,0;1;0
2025-07;TMM-09-0610;0;1;1,1;0,0;0,0;1;0
2025-08;TMM-09-0610;0;1;1,1;0,0;0,0;1;0
2025-09;TMM-09-0610;0;1;1,1;0,0;0,0;1;0
2025-10;TMM-09-0610;1;1;1,1;135,87;55,4;0;0
2025-11;TMM-09-0610;0;1;1,1;0,0;0,0;1;0
2025-12;TMM-09-0610;1;1;1,1;135,87;55,4;0;0
2024-01;MT-03-0059;0;1;1,2;0,0;0,0;1;0
2024-02;MT-03-0059;1;1;1,2;289,69;31,3;0;0
2024-03;MT-03-0059;1;1;1,2;289,69;31,3;0;0
2024-04;MT-03-0059;1;1;1,2;289,69;31,3;0;0
2024-05;MT-03-0059;0;1;1,2;0,0;0,0;1;0
2024-06;MT-03-0059;1;1;1,2;289,69;31,3;0;0
2024-07;MT-03-0059;1;1;1,2;289,69;31,3;0;0
2024-08;MT-03-0059;0;1;1,2;0,0;0,0;1;0
2024-09;MT-03-0059;0;1;1,2;0,0;0,0;1;0
2024-10;MT-03-0059;0;1;1,2;0,0;0,0;1;0
2024-11;MT-03-0059;1;1;1,2;289,69;31,3;0;0
2024-12;MT-03-0059;1;1;1,2;289,69;31,3;0;0
2025-01;MT-03-0059;0;1;1,2;0,0;0,0;1;0
2025-02;MT-03-0059;2;1;1,2;579,37;62,6;0;0
2025-03;MT-03-0059;1;1;1,2;289,69;31,3;0;0
2025-04;MT-03-0059;1;1;1,2;289,69;31,3;0;0
2025-05;MT-03-0059;1;1;1,2;289,69;31,3;0;0
2025-06;MT-03-0059;1;1;1,2;289,69;31,3;0;0
2025-07;MT-03-0059;1;1;1,2;289,69;31,3;0;0
2025-08;MT-03-0059;1;1;1,2;289,69;31,3;0;0
2025-09;MT-03-0059;0;1;1,2;0,0;0,0;1;0
2025-10;MT-03-0059;1;1;1,2;289,69;31,3;0;0
2025-11;MT-03-0059;1;1;1,2;289,69;31,3;0;0
2025-12;MT-03-0059;1;1;1,2;289,69;31,3;0;0
2024-01;MRT-02-0413;1;1;1,8;64,53;12,0;0;0
2024-02;MRT-02-0413;2;1;1,8;129,06;24,0;0;0
2024-03;MRT-02-0413;2;1;1,8;129,06;24,0;0;0
2024-04;MRT-02-0413;2;1;1,8;129,06;24,0;0;0
2024-05;MRT-02-0413;0;1;1,8;0,0;0,0;1;0
2024-06;MRT-02-0413;1;1;1,8;64,53;12,0;0;0
2024-07;MRT-02-0413;1;1;1,8;64,53;12,0;0;0
2024-08;MRT-02-0413;0;1;1,8;0,0;0,0;1;0
2024-09;MRT-02-0413;3;1;1,8;193,59;36,0;0;0
2024-10;MRT-02-0413;1;1;1,8;64,53;12,0;0;0
2024-11;MRT-02-0413;1;1;1,8;64,53;12,0;0;0
2024-12;MRT-02-0413;0;1;1,8;0,0;0,0;1;0
2025-01;MRT-02-0413;1;1;1,8;64,53;12,0;0;0
2025-02;MRT-02-0413;0;1;1,8;0,0;0,0;1;0
2025-03;MRT-02-0413;0;1;1,8;0,0;0,0;1;0
2025-04;MRT-02-0413;1;1;1,8;64,53;12,0;0;0
2025-05;MRT-02-0413;2;1;1,8;129,06;24,0;0;0
2025-06;MRT-02-0413;2;1;1,8;129,06;24,0;0;0
2025-07;MRT-02-0413;2;1;1,8;129,06;24,0;0;0
2025-08;MRT-02-0413;2;1;1,8;129,06;24,0;0;0
2025-09;MRT-02-0413;2;1;1,8;129,06;24,0;0;0
2025-10;MRT-02-0413;1;1;1,8;64,53;12,0;0;0
2025-11;MRT-02-0413;1;1;1,8;64,53;12,0;0;0
2025-12;MRT-02-0413;1;1;1,8;64,53;12,0;0;0
2024-01;MI-MC-01-0493;1;1;1,4;43,36;8,1;0;0
2024-02;MI-MC-01-0493;1;1;1,4;43,36;8,1;0;0
2024-03;MI-MC-01-0493;1;1;1,4;43,36;8,1;0;0
2024-04;MI-MC-01-0493;2;1;1,4;86,71;16,2;0;0
2024-05;MI-MC-01-0493;1;1;1,4;43,36;8,1;0;0
2024-06;MI-MC-01-0493;0;1;1,4;0,0;0,0;1;0
2024-07;MI-MC-01-0493;1;1;1,4;43,36;8,1;0;0
2024-08;MI-MC-01-0493;2;1;1,4;86,71;16,2;0;0
2024-09;MI-MC-01-0493;2;1;1,4;86,71;16,2;0;0
2024-10;MI-MC-01-0493;1;1;1,4;43,36;8,1;0;0
2024-11;MI-MC-01-0493;1;1;1,4;43,36;8,1;0;0
2024-12;MI-MC-01-0493;1;1;1,4;43,36;8,1;0;0
2025-01;MI-MC-01-0493;0;1;1,4;0,0;0,0;1;0
2025-02;MI-MC-01-0493;0;1;1,4;0,0;0,0;1;0
2025-03;MI-MC-01-0493;1;1;1,4;43,36;8,1;0;0
2025-04;MI-MC-01-0493;1;1;1,4;43,36;8,1;0;0
2025-05;MI-MC-01-0493;1;1;1,4;43,36;8,1;0;0
2025-06;MI-MC-01-0493;0;1;1,4;0,0;0,0;1;0
2025-07;MI-MC-01-0493;0;1;1,4;0,0;0,0;1;0
2025-08;MI-MC-01-0493;2;1;1,4;86,71;16,2;0;0
2025-09;MI-MC-01-0493;1;1;1,4;43,36;8,1;0;0
2025-10;MI-MC-01-0493;0;1;1,4;0,0;0,0;1;0
2025-11;MI-MC-01-0493;0;1;1,4;0,0;0,0;1;0
2025-12;MI-MC-01-0493;2;1;1,4;86,71;16,2;0;0
2024-01;MI-MC-09-0522;1;1;1,1;154,89;24,8;0;0
2024-02;MI-MC-09-0522;1;1;1,1;154,89;24,8;0;0
2024-03;MI-MC-09-0522;1;1;1,1;154,89;24,8;0;0
2024-04;MI-MC-09-0522;1;1;1,1;154,89;24,8;0;0
2024-05;MI-MC-09-0522;0;1;1,1;0,0;0,0;1;0
2024-06;MI-MC-09-0522;0;1;1,1;0,0;0,0;1;0
2024-07;MI-MC-09-0522;1;1;1,1;154,89;24,8;0;0
2024-08;MI-MC-09-0522;1;1;1,1;154,89;24,8;0;0
2024-09;MI-MC-09-0522;0;1;1,1;0,0;0,0;1;0
2024-10;MI-MC-09-0522;1;1;1,1;154,89;24,8;0;0
2024-11;MI-MC-09-0522;0;1;1,1;0,0;0,0;1;0
2024-12;MI-MC-09-0522;1;1;1,1;154,89;24,8;0;0
2025-01;MI-MC-09-0522;1;1;1,1;154,89;24,8;0;0
2025-02;MI-MC-09-0522;0;1;1,1;0,0;0,0;1;0
2025-03;MI-MC-09-0522;1;1;1,1;154,89;24,8;0;0
2025-04;MI-MC-09-0522;1;1;1,1;154,89;24,8;0;0
2025-05;MI-MC-09-0522;1;1;1,1;154,89;24,8;0;0
2025-06;MI-MC-09-0522;2;1;1,1;309,79;49,7;0;0
2025-07;MI-MC-09-0522;2;1;1,1;309,79;49,7;0;0
2025-08;MI-MC-09-0522;1;1;1,1;154,89;24,8;0;0
2025-09;MI-MC-09-0522;0;1;1,1;0,0;0,0;1;0
2025-10;MI-MC-09-0522;0;1;1,1;0,0;0,0;1;0
2025-11;MI-MC-09-0522;1;1;1,1;154,89;24,8;0;0
2025-12;MI-MC-09-0522;0;1;1,1;0,0;0,0;1;0
2024-01;MT-05-0012;1;1,4;2,6;126,27;8,6;0;0
2024-02;MT-05-0012;3;1,4;2,6;378,82;25,7;0;0
2024-03;MT-05-0012;4;1,4;2,6;505,1;34,3;0;0
2024-04;MT-05-0012;1;1,4;2,6;126,27;8,6;0;0
2024-05;MT-05-0012;1;1,4;2,6;126,27;8,6;0;0
2024-06;MT-05-0012;2;1,4;2,6;252,55;17,1;0;0
2024-07;MT-05-0012;2;1,4;2,6;252,55;17,1;0;0
2024-08;MT-05-0012;1;1,4;2,6;126,27;8,6;0;0
2024-09;MT-05-0012;2;1,4;2,6;252,55;17,1;0;0
2024-10;MT-05-0012;3;1,4;2,6;378,82;25,7;0;0
2024-11;MT-05-0012;0;1,4;2,6;0,0;0,0;1;0
2024-12;MT-05-0012;3;1,4;2,6;378,82;25,7;0;0
2025-01;MT-05-0012;2;1,4;2,6;252,55;17,1;0;0
2025-02;MT-05-0012;4;1,4;2,6;505,1;34,3;0;0
2025-03;MT-05-0012;2;1,4;2,6;252,55;17,1;0;0
2025-04;MT-05-0012;2;1,4;2,6;252,55;17,1;0;0
2025-05;MT-05-0012;3;1,4;2,6;378,82;25,7;0;0
2025-06;MT-05-0012;1;1,4;2,6;126,27;8,6;0;0
2025-07;MT-05-0012;5;1,4;2,6;631,37;42,9;0;0
2025-08;MT-05-0012;1;1,4;2,6;126,27;8,6;0;0
2025-09;MT-05-0012;3;1,4;2,6;378,82;25,7;0;0
2025-10;MT-05-0012;3;1,4;2,6;378,82;25,7;0;0
2025-11;MT-05-0012;0;1,4;2,6;0,0;0,0;1;0
2025-12;MT-05-0012;4;1,4;2,6;505,1;34,3;0;0
2024-01;LOAD-05-0730;1;1;1,3;63,95;9,9;0;0
2024-02;LOAD-05-0730;0;1;1,3;0,0;0,0;1;0
2024-03;LOAD-05-0730;1;1;1,3;63,95;9,9;0;0
2024-04;LOAD-05-0730;1;1;1,3;63,95;9,9;0;0
2024-05;LOAD-05-0730;1;1;1,3;63,95;9,9;0;0
2024-06;LOAD-05-0730;1;1;1,3;63,95;9,9;0;0
2024-07;LOAD-05-0730;1;1;1,3;63,95;9,9;0;0
2024-08;LOAD-05-0730;2;1;1,3;127,89;19,7;0;0
2024-09;LOAD-05-0730;1;1;1,3;63,95;9,9;0;0
2024-10;LOAD-05-0730;0;1;1,3;0,0;0,0;1;0
2024-11;LOAD-05-0730;2;1;1,3;127,89;19,7;0;0
2024-12;LOAD-05-0730;0;1;1,3;0,0;0,0;1;0
2025-01;LOAD-05-0730;0;1;1,3;0,0;0,0;1;0
2025-02;LOAD-05-0730;0;1;1,3;0,0;0,0;1;0
2025-03;LOAD-05-0730;0;1;1,3;0,0;0,0;1;0
2025-04;LOAD-05-0730;1;1;1,3;63,95;9,9;0;0
2025-05;LOAD-05-0730;0;1;1,3;0,0;0,0;1;0
2025-06;LOAD-05-0730;0;1;1,3;0,0;0,0;1;0
2025-07;LOAD-05-0730;2;1;1,3;127,89;19,7;0;0
2025-08;LOAD-05-0730;2;1;1,3;127,89;19,7;0;0
2025-09;LOAD-05-0730;2;1;1,3;127,89;19,7;0;0
2025-10;LOAD-05-0730;1;1;1,3;63,95;9,9;0;0
2025-11;LOAD-05-0730;1;1;1,3;63,95;9,9;0;0
2025-12;LOAD-05-0730;1;1;1,3;63,95;9,9;0;0
2024-01;TMM-03-0616;1;1;1,2;245,91;48,0;0;0
2024-02;TMM-03-0616;0;1;1,2;0,0;0,0;1;0
2024-03;TMM-03-0616;0;1;1,2;0,0;0,0;1;0
2024-04;TMM-03-0616;0;1;1,2;0,0;0,0;1;0
2024-05;TMM-03-0616;2;1;1,2;491,82;96,0;0;0
2024-06;TMM-03-0616;0;1;1,2;0,0;0,0;1;0
2024-07;TMM-03-0616;0;1;1,2;0,0;0,0;1;0
2024-08;TMM-03-0616;1;1;1,2;245,91;48,0;0;0
2024-09;TMM-03-0616;2;1;1,2;491,82;96,0;0;0
2024-10;TMM-03-0616;1;1;1,2;245,91;48,0;0;0
2024-11;TMM-03-0616;1;1;1,2;245,91;48,0;0;0
2024-12;TMM-03-0616;0;1;1,2;0,0;0,0;1;0
2025-01;TMM-03-0616;1;1;1,2;245,91;48,0;0;0
2025-02;TMM-03-0616;0;1;1,2;0,0;0,0;1;0
2025-03;TMM-03-0616;1;1;1,2;245,91;48,0;0;0
2025-04;TMM-03-0616;1;1;1,2;245,91;48,0;0;0
2025-05;TMM-03-0616;1;1;1,2;245,91;48,0;0;0
2025-06;TMM-03-0616;1;1;1,2;245,91;48,0;0;0
2025-07;TMM-03-0616;1;1;1,2;245,91;48,0;0;0
2025-08;TMM-03-0616;1;1;1,2;245,91;48,0;0;0
2025-09;TMM-03-0616;1;1;1,2;245,91;48,0;0;0
2025-10;TMM-03-0616;1;1;1,2;245,91;48,0;0;0
2025-11;TMM-03-0616;1;1;1,2;245,91;48,0;0;0
2025-12;TMM-03-0616;0;1;1,2;0,0;0,0;1;0
2024-01;MLT-10-0260;3;2,1;3,5;335,18;31,3;0;0
2024-02;MLT-10-0260;3;2,1;3,5;335,18;31,3;0;0
2024-03;MLT-10-0260;4;2,1;3,5;446,9;41,7;0;0
2024-04;MLT-10-0260;8;2,1;3,5;893,81;83,5;0;0
2024-05;MLT-10-0260;1;2,1;3,5;111,73;10,4;0;0
2024-06;MLT-10-0260;4;2,1;3,5;446,9;41,7;0;0
2024-07;MLT-10-0260;3;2,1;3,5;335,18;31,3;0;0
2024-08;MLT-10-0260;4;2,1;3,5;446,9;41,7;0;0
2024-09;MLT-10-0260;0;2,1;3,5;0,0;0,0;1;0
2024-10;MLT-10-0260;2;2,1;3,5;223,45;20,9;0;0
2024-11;MLT-10-0260;4;2,1;3,5;446,9;41,7;0;0
2024-12;MLT-10-0260;1;2,1;3,5;111,73;10,4;0;0
2025-01;MLT-10-0260;4;2,1;3,5;446,9;41,7;0;0
2025-02;MLT-10-0260;4;2,1;3,5;446,9;41,7;0;0
2025-03;MLT-10-0260;3;2,1;3,5;335,18;31,3;0;0
2025-04;MLT-10-0260;6;2,1;3,5;670,36;62,6;0;0
2025-05;MLT-10-0260;5;2,1;3,5;558,63;52,2;0;0
2025-06;MLT-10-0260;3;2,1;3,5;335,18;31,3;0;0
2025-07;MLT-10-0260;2;2,1;3,5;223,45;20,9;0;0
2025-08;MLT-10-0260;8;2,1;3,5;893,81;83,5;0;0
2025-09;MLT-10-0260;1;2,1;3,5;111,73;10,4;0;0
2025-10;MLT-10-0260;4;2,1;3,5;446,9;41,7;0;0
2025-11;MLT-10-0260;3;2,1;3,5;335,18;31,3;0;0
2025-12;MLT-10-0260;5;2,1;3,5;558,63;52,2;0;0
2024-01;MT-09-0061;3;2,9;5,3;194,47;12,4;0;0
2024-02;MT-09-0061;11;2,9;5,3;713,04;45,5;0;0
2024-03;MT-09-0061;1;2,9;5,3;64,82;4,1;0;0
2024-04;MT-09-0061;5;2,9;5,3;324,11;20,7;0;0
2024-05;MT-09-0061;6;2,9;5,3;388,93;24,8;0;0
2024-06;MT-09-0061;2;2,9;5,3;129,64;8,3;0;0
2024-07;MT-09-0061;5;2,9;5,3;324,11;20,7;0;0
2024-08;MT-09-0061;7;2,9;5,3;453,76;29,0;0;0
2024-09;MT-09-0061;2;2,9;5,3;129,64;8,3;0;0
2024-10;MT-09-0061;6;2,9;5,3;388,93;24,8;0;0
2024-11;MT-09-0061;0;2,9;5,3;0,0;0,0;1;0
2024-12;MT-09-0061;7;2,9;5,3;453,76;29,0;0;0
2025-01;MT-09-0061;3;2,9;5,3;194,47;12,4;0;0
2025-02;MT-09-0061;3;2,9;5,3;194,47;12,4;0;0
2025-03;MT-09-0061;3;2,9;5,3;194,47;12,4;0;0
2025-04;MT-09-0061;3;2,9;5,3;194,47;12,4;0;0
2025-05;MT-09-0061;0;2,9;5,3;0,0;0,0;1;0
2025-06;MT-09-0061;1;2,9;5,3;64,82;4,1;0;0
2025-07;MT-09-0061;3;2,9;5,3;194,47;12,4;0;0
2025-08;MT-09-0061;4;2,9;5,3;259,29;16,6;0;0
2025-09;MT-09-0061;7;2,9;5,3;453,76;29,0;0;0
2025-10;MT-09-0061;5;2,9;5,3;324,11;20,7;0;0
2025-11;MT-09-0061;8;2,9;5,3;518,58;33,1;0;0
2025-12;MT-09-0061;9;2,9;5,3;583,4;37,2;0;0
2024-01;MT-08-0123;4;1,5;2,8;110,0;9,5;0;0
2024-02;MT-08-0123;3;1,5;2,8;82,5;7,2;0;0
2024-03;MT-08-0123;3;1,5;2,8;82,5;7,2;0;0
2024-04;MT-08-0123;1;1,5;2,8;27,5;2,4;0;0
2024-05;MT-08-0123;2;1,5;2,8;55,0;4,8;0;0
2024-06;MT-08-0123;0;1,5;2,8;0,0;0,0;1;0
2024-07;MT-08-0123;4;1,5;2,8;110,0;9,5;0;0
2024-08;MT-08-0123;2;1,5;2,8;55,0;4,8;0;0
2024-09;MT-08-0123;3;1,5;2,8;82,5;7,2;0;0
2024-10;MT-08-0123;2;1,5;2,8;55,0;4,8;0;0
2024-11;MT-08-0123;4;1,5;2,8;110,0;9,5;0;0
2024-12;MT-08-0123;3;1,5;2,8;82,5;7,2;0;0
2025-01;MT-08-0123;2;1,5;2,8;55,0;4,8;0;0
2025-02;MT-08-0123;4;1,5;2,8;110,0;9,5;0;0
2025-03;MT-08-0123;2;1,5;2,8;55,0;4,8;0;0
2025-04;MT-08-0123;3;1,5;2,8;82,5;7,2;0;0
2025-05;MT-08-0123;4;1,5;2,8;110,0;9,5;0;0
2025-06;MT-08-0123;2;1,5;2,8;55,0;4,8;0;0
2025-07;MT-08-0123;2;1,5;2,8;55,0;4,8;0;0
2025-08;MT-08-0123;0;1,5;2,8;0,0;0,0;1;0
2025-09;MT-08-0123;1;1,5;2,8;27,5;2,4;0;0
2025-10;MT-08-0123;0;1,5;2,8;0,0;0,0;1;0
2025-11;MT-08-0123;3;1,5;2,8;82,5;7,2;0;0
2025-12;MT-08-0123;2;1,5;2,8;55,0;4,8;0;0
2024-01;LOAD-M-07-0813;2;2,3;4,3;347,64;46,5;0;0
2024-02;LOAD-M-07-0813;3;2,3;4,3;521,46;69,7;0;0
2024-03;LOAD-M-07-0813;6;2,3;4,3;1042,91;139,4;0;0
2024-04;LOAD-M-07-0813;4;2,3;4,3;695,28;92,9;0;0
2024-05;LOAD-M-07-0813;3;2,3;4,3;521,46;69,7;0;0
2024-06;LOAD-M-07-0813;5;2,3;4,3;869,09;116,1;0;0
2024-07;LOAD-M-07-0813;3;2,3;4,3;521,46;69,7;0;0
2024-08;LOAD-M-07-0813;1;2,3;4,3;173,82;23,2;0;0
2024-09;LOAD-M-07-0813;1;2,3;4,3;173,82;23,2;0;0
2024-10;LOAD-M-07-0813;5;2,3;4,3;869,09;116,1;0;0
2024-11;LOAD-M-07-0813;6;2,3;4,3;1042,91;139,4;0;0
2024-12;LOAD-M-07-0813;5;2,3;4,3;869,09;116,1;0;0
2025-01;LOAD-M-07-0813;0;2,3;4,3;0,0;0,0;1;0
2025-02;LOAD-M-07-0813;4;2,3;4,3;695,28;92,9;0;0
2025-03;LOAD-M-07-0813;8;2,3;4,3;1390,55;185,8;0;0
2025-04;LOAD-M-07-0813;2;2,3;4,3;347,64;46,5;0;0
2025-05;LOAD-M-07-0813;3;2,3;4,3;521,46;69,7;0;0
2025-06;LOAD-M-07-0813;7;2,3;4,3;1216,73;162,6;0;0
2025-07;LOAD-M-07-0813;1;2,3;4,3;173,82;23,2;0;0
2025-08;LOAD-M-07-0813;7;2,3;4,3;1216,73;162,6;0;0
2025-09;LOAD-M-07-0813;2;2,3;4,3;347,64;46,5;0;0
2025-10;LOAD-M-07-0813;3;2,3;4,3;521,46;69,7;0;0
2025-11;LOAD-M-07-0813;2;2,3;4,3;347,64;46,5;0;0
2025-12;LOAD-M-07-0813;2;2,3;4,3;347,64;46,5;0;0
2024-01;MLT-09-0282;0;1;1,6;0,0;0,0;1;0
2024-02;MLT-09-0282;1;1;1,6;72,16;8,2;0;0
2024-03;MLT-09-0282;1;1;1,6;72,16;8,2;0;0
2024-04;MLT-09-0282;1;1;1,6;72,16;8,2;0;0
2024-05;MLT-09-0282;0;1;1,6;0,0;0,0;1;0
2024-06;MLT-09-0282;0;1;1,6;0,0;0,0;1;0
2024-07;MLT-09-0282;0;1;1,6;0,0;0,0;1;0
2024-08;MLT-09-0282;2;1;1,6;144,32;16,4;0;0
2024-09;MLT-09-0282;1;1;1,6;72,16;8,2;0;0
2024-10;MLT-09-0282;2;1;1,6;144,32;16,4;0;0
2024-11;MLT-09-0282;0;1;1,6;0,0;0,0;1;0
2024-12;MLT-09-0282;1;1;1,6;72,16;8,2;0;0
2025-01;MLT-09-0282;1;1;1,6;72,16;8,2;0;0
2025-02;MLT-09-0282;1;1;1,6;72,16;8,2;0;0
2025-03;MLT-09-0282;2;1;1,6;144,32;16,4;0;0
2025-04;MLT-09-0282;1;1;1,6;72,16;8,2;0;0
2025-05;MLT-09-0282;2;1;1,6;144,32;16,4;0;0
2025-06;MLT-09-0282;1;1;1,6;72,16;8,2;0;0
2025-07;MLT-09-0282;0;1;1,6;0,0;0,0;1;0
2025-08;MLT-09-0282;2;1;1,6;144,32;16,4;0;0
2025-09;MLT-09-0282;1;1;1,6;72,16;8,2;0;0
2025-10;MLT-09-0282;2;1;1,6;144,32;16,4;0;0
2025-11;MLT-09-0282;2;1;1,6;144,32;16,4;0;0
2025-12;MLT-09-0282;1;1;1,6;72,16;8,2;0;0
2024-01;MT-04-0003;1;1;1,4;463,15;26,7;0;0
2024-02;MT-04-0003;0;1;1,4;0,0;0,0;1;0
2024-03;MT-04-0003;2;1;1,4;926,31;53,3;0;0
2024-04;MT-04-0003;0;1;1,4;0,0;0,0;1;0
2024-05;MT-04-0003;0;1;1,4;0,0;0,0;1;0
2024-06;MT-04-0003;0;1;1,4;0,0;0,0;1;0
2024-07;MT-04-0003;0;1;1,4;0,0;0,0;1;0
2024-08;MT-04-0003;1;1;1,4;463,15;26,7;0;0
2024-09;MT-04-0003;1;1;1,4;463,15;26,7;0;0
2024-10;MT-04-0003;1;1;1,4;463,15;26,7;0;0
2024-11;MT-04-0003;1;1;1,4;463,15;26,7;0;0
2024-12;MT-04-0003;1;1;1,4;463,15;26,7;0;0
2025-01;MT-04-0003;2;1;1,4;926,31;53,3;0;0
2025-02;MT-04-0003;1;1;1,4;463,15;26,7;0;0
2025-03;MT-04-0003;1;1;1,4;463,15;26,7;0;0
2025-04;MT-04-0003;1;1;1,4;463,15;26,7;0;0
2025-05;MT-04-0003;1;1;1,4;463,15;26,7;0;0
2025-06;MT-04-0003;1;1;1,4;463,15;26,7;0;0
2025-07;MT-04-0003;0;1;1,4;0,0;0,0;1;0
2025-08;MT-04-0003;1;1;1,4;463,15;26,7;0;0
2025-09;MT-04-0003;0;1;1,4;0,0;0,0;1;0
2025-10;MT-04-0003;1;1;1,4;463,15;26,7;0;0
2025-11;MT-04-0003;1;1;1,4;463,15;26,7;0;0
2025-12;MT-04-0003;1;1;1,4;463,15;26,7;0;0
2024-01;MT-02-0036;1;1;1,2;278,04;23,2;0;0
2024-02;MT-02-0036;1;1;1,2;278,04;23,2;0;0
2024-03;MT-02-0036;2;1;1,2;556,08;46,5;0;0
2024-04;MT-02-0036;0;1;1,2;0,0;0,0;1;0
2024-05;MT-02-0036;1;1;1,2;278,04;23,2;0;0
2024-06;MT-02-0036;1;1;1,2;278,04;23,2;0;0
2024-07;MT-02-0036;2;1;1,2;556,08;46,5;0;0
2024-08;MT-02-0036;1;1;1,2;278,04;23,2;0;0
2024-09;MT-02-0036;0;1;1,2;0,0;0,0;1;0
2024-10;MT-02-0036;0;1;1,2;0,0;0,0;1;0
2024-11;MT-02-0036;0;1;1,2;0,0;0,0;1;0
2024-12;MT-02-0036;1;1;1,2;278,04;23,2;0;0
2025-01;MT-02-0036;0;1;1,2;0,0;0,0;1;0
2025-02;MT-02-0036;2;1;1,2;556,08;46,5;0;0
2025-03;MT-02-0036;0;1;1,2;0,0;0,0;1;0
2025-04;MT-02-0036;2;1;1,2;556,08;46,5;0;0
2025-05;MT-02-0036;1;1;1,2;278,04;23,2;0;0
2025-06;MT-02-0036;1;1;1,2;278,04;23,2;0;0
2025-07;MT-02-0036;0;1;1,2;0,0;0,0;1;0
2025-08;MT-02-0036;0;1;1,2;0,0;0,0;1;0
2025-09;MT-02-0036;1;1;1,2;278,04;23,2;0;0
2025-10;MT-02-0036;1;1;1,2;278,04;23,2;0;0
2025-11;MT-02-0036;1;1;1,2;278,04;23,2;0;0
2025-12;MT-02-0036;2;1;1,2;556,08;46,5;0;0
2024-01;AWP-05-0690;0;1,0;1,9;0,0;0,0;1;0
2024-02;AWP-05-0690;2;1,0;1,9;214,59;23,2;0;0
2024-03;AWP-05-0690;2;1,0;1,9;214,59;23,2;0;0
2024-04;AWP-05-0690;2;1,0;1,9;214,59;23,2;0;0
2024-05;AWP-05-0690;2;1,0;1,9;214,59;23,2;0;0
2024-06;AWP-05-0690;2;1,0;1,9;214,59;23,2;0;0
2024-07;AWP-05-0690;2;1,0;1,9;214,59;23,2;0;0
2024-08;AWP-05-0690;2;1,0;1,9;214,59;23,2;0;0
2024-09;AWP-05-0690;3;1,0;1,9;321,88;34,8;0;0
2024-10;AWP-05-0690;1;1,0;1,9;107,3;11,6;0;0
2024-11;AWP-05-0690;0;1,0;1,9;0,0;0,0;1;0
2024-12;AWP-05-0690;1;1,0;1,9;107,3;11,6;0;0
2025-01;AWP-05-0690;1;1,0;1,9;107,3;11,6;0;0
2025-02;AWP-05-0690;1;1,0;1,9;107,3;11,6;0;0
2025-03;AWP-05-0690;1;1,0;1,9;107,3;11,6;0;0
2025-04;AWP-05-0690;2;1,0;1,9;214,59;23,2;0;0
2025-05;AWP-05-0690;1;1,0;1,9;107,3;11,6;0;0
2025-06;AWP-05-0690;2;1,0;1,9;214,59;23,2;0;0
2025-07;AWP-05-0690;1;1,0;1,9;107,3;11,6;0;0
2025-08;AWP-05-0690;2;1,0;1,9;214,59;23,2;0;0
2025-09;AWP-05-0690;1;1,0;1,9;107,3;11,6;0;0
2025-10;AWP-05-0690;0;1,0;1,9;0,0;0,0;1;0
2025-11;AWP-05-0690;1;1,0;1,9;107,3;11,6;0;0
2025-12;AWP-05-0690;1;1,0;1,9;107,3;11,6;0;0
2024-01;AWP-08-0662;2;2,9;5,4;68,75;17,1;0;0
2024-02;AWP-08-0662;0;2,9;5,4;0,0;0,0;1;0
2024-03;AWP-08-0662;4;2,9;5,4;137,49;34,3;0;0
2024-04;AWP-08-0662;5;2,9;5,4;171,87;42,9;0;0
2024-05;AWP-08-0662;6;2,9;5,4;206,24;51,4;0;0
2024-06;AWP-08-0662;4;2,9;5,4;137,49;34,3;0;0
2024-07;AWP-08-0662;7;2,9;5,4;240,62;60,0;0;0
2024-08;AWP-08-0662;0;2,9;5,4;0,0;0,0;1;0
2024-09;AWP-08-0662;4;2,9;5,4;137,49;34,3;0;0
2024-10;AWP-08-0662;5;2,9;5,4;171,87;42,9;0;0
2024-11;AWP-08-0662;8;2,9;5,4;274,99;68,6;0;0
2024-12;AWP-08-0662;1;2,9;5,4;34,37;8,6;0;0
2025-01;AWP-08-0662;4;2,9;5,4;137,49;34,3;0;0
2025-02;AWP-08-0662;5;2,9;5,4;171,87;42,9;0;0
2025-03;AWP-08-0662;8;2,9;5,4;274,99;68,6;0;0
2025-04;AWP-08-0662;7;2,9;5,4;240,62;60,0;0;0
2025-05;AWP-08-0662;6;2,9;5,4;206,24;51,4;0;0
2025-06;AWP-08-0662;4;2,9;5,4;137,49;34,3;0;0
2025-07;AWP-08-0662;4;2,9;5,4;137,49;34,3;0;0
2025-08;AWP-08-0662;6;2,9;5,4;206,24;51,4;0;0
2025-09;AWP-08-0662;3;2,9;5,4;103,12;25,7;0;0
2025-10;AWP-08-0662;4;2,9;5,4;137,49;34,3;0;0
2025-11;AWP-08-0662;5;2,9;5,4;171,87;42,9;0;0
2025-12;AWP-08-0662;1;2,9;5,4;34,37;8,6;0;0
2024-01;MT-07-0091;3;4,2;7,6;329,07;18,2;0;0
2024-02;MT-07-0091;7;4,2;7,6;767,83;42,4;0;0
2024-03;MT-07-0091;11;4,2;7,6;1206,59;66,6;0;0
2024-04;MT-07-0091;9;4,2;7,6;987,21;54,5;0;0
2024-05;MT-07-0091;8;4,2;7,6;877,52;48,4;0;0
2024-06;MT-07-0091;4;4,2;7,6;438,76;24,2;0;0
2024-07;MT-07-0091;5;4,2;7,6;548,45;30,3;0;0
2024-08;MT-07-0091;9;4,2;7,6;987,21;54,5;0;0
2024-09;MT-07-0091;4;4,2;7,6;438,76;24,2;0;0
2024-10;MT-07-0091;6;4,2;7,6;658,14;36,3;0;0
2024-11;MT-07-0091;7;4,2;7,6;767,83;42,4;0;0
2024-12;MT-07-0091;11;4,2;7,6;1206,59;66,6;0;0
2025-01;MT-07-0091;7;4,2;7,6;767,83;42,4;0;0
2025-02;MT-07-0091;7;4,2;7,6;767,83;42,4;0;0
2025-03;MT-07-0091;6;4,2;7,6;658,14;36,3;0;0
2025-04;MT-07-0091;5;4,2;7,6;548,45;30,3;0;0
2025-05;MT-07-0091;4;4,2;7,6;438,76;24,2;0;0
2025-06;MT-07-0091;0;4,2;7,6;0,0;0,0;1;0
2025-07;MT-07-0091;5;4,2;7,6;548,45;30,3;0;0
2025-08;MT-07-0091;4;4,2;7,6;438,76;24,2;0;0
2025-09;MT-07-0091;1;4,2;7,6;109,69;6,1;0;0
2025-10;MT-07-0091;9;4,2;7,6;987,21;54,5;0;0
2025-11;MT-07-0091;10;4,2;7,6;1096,9;60,5;0;0
2025-12;MT-07-0091;3;4,2;7,6;329,07;18,2;0;0
2024-01;MI-MC-07-0524;1;1;1,3;174,16;24,8;0;0
2024-02;MI-MC-07-0524;2;1;1,3;348,32;49,7;0;0
2024-03;MI-MC-07-0524;1;1;1,3;174,16;24,8;0;0
2024-04;MI-MC-07-0524;1;1;1,3;174,16;24,8;0;0
2024-05;MI-MC-07-0524;0;1;1,3;0,0;0,0;1;0
2024-06;MI-MC-07-0524;1;1;1,3;174,16;24,8;0;0
2024-07;MI-MC-07-0524;0;1;1,3;0,0;0,0;1;0
2024-08;MI-MC-07-0524;2;1;1,3;348,32;49,7;0;0
2024-09;MI-MC-07-0524;0;1;1,3;0,0;0,0;1;0
2024-10;MI-MC-07-0524;1;1;1,3;174,16;24,8;0;0
2024-11;MI-MC-07-0524;1;1;1,3;174,16;24,8;0;0
2024-12;MI-MC-07-0524;1;1;1,3;174,16;24,8;0;0
2025-01;MI-MC-07-0524;1;1;1,3;174,16;24,8;0;0
2025-02;MI-MC-07-0524;0;1;1,3;0,0;0,0;1;0
2025-03;MI-MC-07-0524;1;1;1,3;174,16;24,8;0;0
2025-04;MI-MC-07-0524;0;1;1,3;0,0;0,0;1;0
2025-05;MI-MC-07-0524;0;1;1,3;0,0;0,0;1;0
2025-06;MI-MC-07-0524;1;1;1,3;174,16;24,8;0;0
2025-07;MI-MC-07-0524;0;1;1,3;0,0;0,0;1;0
2025-08;MI-MC-07-0524;0;1;1,3;0,0;0,0;1;0
2025-09;MI-MC-07-0524;1;1;1,3;174,16;24,8;0;0
2025-10;MI-MC-07-0524;0;1;1,3;0,0;0,0;1;0
2025-11;MI-MC-07-0524;1;1;1,3;174,16;24,8;0;0
2025-12;MI-MC-07-0524;1;1;1,3;174,16;24,8;0;0
2024-01;MLT-08-0215;17;12,8;23,4;495,08;48,0;0;0
2024-02;MLT-08-0215;12;12,8;23,4;349,47;33,9;0;0
2024-03;MLT-08-0215;35;12,8;23,4;1019,28;98,8;0;0
2024-04;MLT-08-0215;28;12,8;23,4;815,42;79,1;0;0
2024-05;MLT-08-0215;21;12,8;23,4;611,57;59,3;0;0
2024-06;MLT-08-0215;7;12,8;23,4;203,86;19,8;0;0
2024-07;MLT-08-0215;34;12,8;23,4;990,16;96,0;0;0
2024-08;MLT-08-0215;36;12,8;23,4;1048,4;101,6;0;0
2024-09;MLT-08-0215;52;12,8;23,4;1514,36;146,8;0;0
2024-10;MLT-08-0215;26;12,8;23,4;757,18;73,4;0;0
2024-11;MLT-08-0215;33;12,8;23,4;961,03;93,2;0;0
2024-12;MLT-08-0215;44;12,8;23,4;1281,38;124,2;0;0
2025-01;MLT-08-0215;31;12,8;23,4;902,79;87,5;0;0
2025-02;MLT-08-0215;30;12,8;23,4;873,67;84,7;0;0
2025-03;MLT-08-0215;18;12,8;23,4;524,2;50,8;0;0
2025-04;MLT-08-0215;18;12,8;23,4;524,2;50,8;0;0
2025-05;MLT-08-0215;47;12,8;23,4;1368,74;132,7;0;0
2025-06;MLT-08-0215;38;12,8;23,4;1106,64;107,3;0;0
2025-07;MLT-08-0215;10;12,8;23,4;291,22;28,2;0;0
2025-08;MLT-08-0215;40;12,8;23,4;1164,89;112,9;0;0
2025-09;MLT-08-0215;10;12,8;23,4;291,22;28,2;0;0
2025-10;MLT-08-0215;4;12,8;23,4;116,49;11,3;0;0
2025-11;MLT-08-0215;26;12,8;23,4;757,18;73,4;0;0
2025-12;MLT-08-0215;15;12,8;23,4;436,83;42,4;0;0
2024-01;TMM-08-0622;10;4,8;8,8;322,44;75,0;0;0
2024-02;TMM-08-0622;16;4,8;8,8;515,9;120,0;0;0
2024-03;TMM-08-0622;5;4,8;8,8;161,22;37,5;0;0
2024-04;TMM-08-0622;6;4,8;8,8;193,46;45,0;0;0
2024-05;TMM-08-0622;10;4,8;8,8;322,44;75,0;0;0
2024-06;TMM-08-0622;4;4,8;8,8;128,97;30,0;0;0
2024-07;TMM-08-0622;0;4,8;8,8;0,0;0,0;1;0
2024-08;TMM-08-0622;0;4,8;8,8;0,0;0,0;1;0
2024-09;TMM-08-0622;4;4,8;8,8;128,97;30,0;0;0
2024-10;TMM-08-0622;7;4,8;8,8;225,71;52,5;0;0
2024-11;TMM-08-0622;10;4,8;8,8;322,44;75,0;0;0
2024-12;TMM-08-0622;14;4,8;8,8;451,41;105,0;0;0
2025-01;TMM-08-0622;8;4,8;8,8;257,95;60,0;0;0
2025-02;TMM-08-0622;14;4,8;8,8;451,41;105,0;0;0
2025-03;TMM-08-0622;11;4,8;8,8;354,68;82,5;0;0
2025-04;TMM-08-0622;7;4,8;8,8;225,71;52,5;0;0
2025-05;TMM-08-0622;7;4,8;8,8;225,71;52,5;0;0
2025-06;TMM-08-0622;4;4,8;8,8;128,97;30,0;0;0
2025-07;TMM-08-0622;14;4,8;8,8;451,41;105,0;0;0
2025-08;TMM-08-0622;6;4,8;8,8;193,46;45,0;0;0
2025-09;TMM-08-0622;7;4,8;8,8;225,71;52,5;0;0
2025-10;TMM-08-0622;17;4,8;8,8;548,14;127,5;0;0
2025-11;TMM-08-0622;12;4,8;8,8;386,92;90,0;0;0
2025-12;TMM-08-0622;1;4,8;8,8;32,24;7,5;0;0
2024-01;MT-02-0166;1;1;1,4;145,68;15,7;0;0
2024-02;MT-02-0166;0;1;1,4;0,0;0,0;1;0
2024-03;MT-02-0166;0;1;1,4;0,0;0,0;1;0
2024-04;MT-02-0166;1;1;1,4;145,68;15,7;0;0
2024-05;MT-02-0166;0;1;1,4;0,0;0,0;1;0
2024-06;MT-02-0166;1;1;1,4;145,68;15,7;0;0
2024-07;MT-02-0166;2;1;1,4;291,36;31,3;0;0
2024-08;MT-02-0166;0;1;1,4;0,0;0,0;1;0
2024-09;MT-02-0166;1;1;1,4;145,68;15,7;0;0
2024-10;MT-02-0166;2;1;1,4;291,36;31,3;0;0
2024-11;MT-02-0166;1;1;1,4;145,68;15,7;0;0
2024-12;MT-02-0166;0;1;1,4;0,0;0,0;1;0
2025-01;MT-02-0166;1;1;1,4;145,68;15,7;0;0
2025-02;MT-02-0166;2;1;1,4;291,36;31,3;0;0
2025-03;MT-02-0166;2;1;1,4;291,36;31,3;0;0
2025-04;MT-02-0166;1;1;1,4;145,68;15,7;0;0
2025-05;MT-02-0166;2;1;1,4;291,36;31,3;0;0
2025-06;MT-02-0166;1;1;1,4;145,68;15,7;0;0
2025-07;MT-02-0166;1;1;1,4;145,68;15,7;0;0
2025-08;MT-02-0166;1;1;1,4;145,68;15,7;0;0
2025-09;MT-02-0166;0;1;1,4;0,0;0,0;1;0
2025-10;MT-02-0166;2;1;1,4;291,36;31,3;0;0
2025-11;MT-02-0166;2;1;1,4;291,36;31,3;0;0
2025-12;MT-02-0166;1;1;1,4;145,68;15,7;0;0
2024-01;MT-02-0031;0;1;1,5;0,0;0,0;1;0
2024-02;MT-02-0031;1;1;1,5;159,03;20,6;0;0
2024-03;MT-02-0031;0;1;1,5;0,0;0,0;1;0
2024-04;MT-02-0031;1;1;1,5;159,03;20,6;0;0
2024-05;MT-02-0031;1;1;1,5;159,03;20,6;0;0
2024-06;MT-02-0031;1;1;1,5;159,03;20,6;0;0
2024-07;MT-02-0031;1;1;1,5;159,03;20,6;0;0
2024-08;MT-02-0031;1;1;1,5;159,03;20,6;0;0
2024-09;MT-02-0031;2;1;1,5;318,07;41,1;0;0
2024-10;MT-02-0031;1;1;1,5;159,03;20,6;0;0
2024-11;MT-02-0031;1;1;1,5;159,03;20,6;0;0
2024-12;MT-02-0031;0;1;1,5;0,0;0,0;1;0
2025-01;MT-02-0031;1;1;1,5;159,03;20,6;0;0
2025-02;MT-02-0031;2;1;1,5;318,07;41,1;0;0
2025-03;MT-02-0031;0;1;1,5;0,0;0,0;1;0
2025-04;MT-02-0031;2;1;1,5;318,07;41,1;0;0
2025-05;MT-02-0031;2;1;1,5;318,07;41,1;0;0
2025-06;MT-02-0031;2;1;1,5;318,07;41,1;0;0
2025-07;MT-02-0031;1;1;1,5;159,03;20,6;0;0
2025-08;MT-02-0031;1;1;1,5;159,03;20,6;0;0
2025-09;MT-02-0031;0;1;1,5;0,0;0,0;1;0
2025-10;MT-02-0031;0;1;1,5;0,0;0,0;1;0
2025-11;MT-02-0031;1;1;1,5;159,03;20,6;0;0
2025-12;MT-02-0031;0;1;1,5;0,0;0,0;1;0
2024-01;MLT-10-0256;2;1,2;2,2;647,63;41,1;0;0
2024-02;MLT-10-0256;3;1,2;2,2;971,44;61,7;0;0
2024-03;MLT-10-0256;2;1,2;2,2;647,63;41,1;0;0
2024-04;MLT-10-0256;1;1,2;2,2;323,81;20,6;0;0
2024-05;MLT-10-0256;1;1,2;2,2;323,81;20,6;0;0
2024-06;MLT-10-0256;3;1,2;2,2;971,44;61,7;0;0
2024-07;MLT-10-0256;2;1,2;2,2;647,63;41,1;0;0
2024-08;MLT-10-0256;1;1,2;2,2;323,81;20,6;0;0
2024-09;MLT-10-0256;2;1,2;2,2;647,63;41,1;0;0
2024-10;MLT-10-0256;3;1,2;2,2;971,44;61,7;0;0
2024-11;MLT-10-0256;2;1,2;2,2;647,63;41,1;0;0
2024-12;MLT-10-0256;3;1,2;2,2;971,44;61,7;0;0
2025-01;MLT-10-0256;2;1,2;2,2;647,63;41,1;0;0
2025-02;MLT-10-0256;0;1,2;2,2;0,0;0,0;1;0
2025-03;MLT-10-0256;3;1,2;2,2;971,44;61,7;0;0
2025-04;MLT-10-0256;1;1,2;2,2;323,81;20,6;0;0
2025-05;MLT-10-0256;3;1,2;2,2;971,44;61,7;0;0
2025-06;MLT-10-0256;2;1,2;2,2;647,63;41,1;0;0
2025-07;MLT-10-0256;0;1,2;2,2;0,0;0,0;1;0
2025-08;MLT-10-0256;2;1,2;2,2;647,63;41,1;0;0
2025-09;MLT-10-0256;1;1,2;2,2;323,81;20,6;0;0
2025-10;MLT-10-0256;3;1,2;2,2;971,44;61,7;0;0
2025-11;MLT-10-0256;1;1,2;2,2;323,81;20,6;0;0
2025-12;MLT-10-0256;1;1,2;2,2;323,81;20,6;0;0
2024-01;AWP-02-0634;1;1;1,2;168,84;45,0;0;0
2024-02;AWP-02-0634;0;1;1,2;0,0;0,0;1;0
2024-03;AWP-02-0634;1;1;1,2;168,84;45,0;0;0
2024-04;AWP-02-0634;1;1;1,2;168,84;45,0;0;0
2024-05;AWP-02-0634;0;1;1,2;0,0;0,0;1;0
2024-06;AWP-02-0634;0;1;1,2;0,0;0,0;1;0
2024-07;AWP-02-0634;1;1;1,2;168,84;45,0;0;0
2024-08;AWP-02-0634;1;1;1,2;168,84;45,0;0;0
2024-09;AWP-02-0634;2;1;1,2;337,68;90,0;0;0
2024-10;AWP-02-0634;0;1;1,2;0,0;0,0;1;0
2024-11;AWP-02-0634;1;1;1,2;168,84;45,0;0;0
2024-12;AWP-02-0634;1;1;1,2;168,84;45,0;0;0
2025-01;AWP-02-0634;2;1;1,2;337,68;90,0;0;0
2025-02;AWP-02-0634;1;1;1,2;168,84;45,0;0;0
2025-03;AWP-02-0634;1;1;1,2;168,84;45,0;0;0
2025-04;AWP-02-0634;1;1;1,2;168,84;45,0;0;0
2025-05;AWP-02-0634;0;1;1,2;0,0;0,0;1;0
2025-06;AWP-02-0634;1;1;1,2;168,84;45,0;0;0
2025-07;AWP-02-0634;1;1;1,2;168,84;45,0;0;0
2025-08;AWP-02-0634;1;1;1,2;168,84;45,0;0;0
2025-09;AWP-02-0634;1;1;1,2;168,84;45,0;0;0
2025-10;AWP-02-0634;1;1;1,2;168,84;45,0;0;0
2025-11;AWP-02-0634;1;1;1,2;168,84;45,0;0;0
2025-12;AWP-02-0634;0;1;1,2;0,0;0,0;1;0
2024-01;MT-04-0057;1;1;1,5;123,81;10,1;0;0
2024-02;MT-04-0057;1;1;1,5;123,81;10,1;0;0
2024-03;MT-04-0057;1;1;1,5;123,81;10,1;0;0
2024-04;MT-04-0057;1;1;1,5;123,81;10,1;0;0
2024-05;MT-04-0057;1;1;1,5;123,81;10,1;0;0
2024-06;MT-04-0057;1;1;1,5;123,81;10,1;0;0
2024-07;MT-04-0057;2;1;1,5;247,62;20,3;0;0
2024-08;MT-04-0057;2;1;1,5;247,62;20,3;0;0
2024-09;MT-04-0057;0;1;1,5;0,0;0,0;1;0
2024-10;MT-04-0057;1;1;1,5;123,81;10,1;0;0
2024-11;MT-04-0057;1;1;1,5;123,81;10,1;0;0
2024-12;MT-04-0057;0;1;1,5;0,0;0,0;1;0
2025-01;MT-04-0057;1;1;1,5;123,81;10,1;0;0
2025-02;MT-04-0057;1;1;1,5;123,81;10,1;0;0
2025-03;MT-04-0057;2;1;1,5;247,62;20,3;0;0
2025-04;MT-04-0057;0;1;1,5;0,0;0,0;1;0
2025-05;MT-04-0057;1;1;1,5;123,81;10,1;0;0
2025-06;MT-04-0057;2;1;1,5;247,62;20,3;0;0
2025-07;MT-04-0057;0;1;1,5;0,0;0,0;1;0
2025-08;MT-04-0057;1;1;1,5;123,81;10,1;0;0
2025-09;MT-04-0057;1;1;1,5;123,81;10,1;0;0
2025-10;MT-04-0057;1;1;1,5;123,81;10,1;0;0
2025-11;MT-04-0057;2;1;1,5;247,62;20,3;0;0
2025-12;MT-04-0057;2;1;1,5;247,62;20,3;0;0
2024-01;MLT-02-0278;3;5,1;8,2;434,47;28,4;0;0
2024-02;MLT-02-0278;7;5,1;8,2;1013,77;66,3;0;0
2024-03;MLT-02-0278;11;5,1;8,2;1593,06;104,2;0;0
2024-04;MLT-02-0278;0;5,1;8,2;0,0;0,0;1;0
2024-05;MLT-02-0278;19;5,1;8,2;2751,65;180,0;0;0
2024-06;MLT-02-0278;7;5,1;8,2;1013,77;66,3;0;0
2024-07;MLT-02-0278;7;5,1;8,2;1013,77;66,3;0;0
2024-08;MLT-02-0278;8;5,1;8,2;1158,59;75,8;0;0
2024-09;MLT-02-0278;8;5,1;8,2;1158,59;75,8;0;0
2024-10;MLT-02-0278;7;5,1;8,2;1013,77;66,3;0;0
2024-11;MLT-02-0278;10;5,1;8,2;1448,24;94,7;0;0
2024-12;MLT-02-0278;5;5,1;8,2;724,12;47,4;0;0
2025-01;MLT-02-0278;3;5,1;8,2;434,47;28,4;0;0
2025-02;MLT-02-0278;15;5,1;8,2;2172,36;142,1;0;0
2025-03;MLT-02-0278;3;5,1;8,2;434,47;28,4;0;0
2025-04;MLT-02-0278;0;5,1;8,2;0,0;0,0;1;0
2025-05;MLT-02-0278;4;5,1;8,2;579,3;37,9;0;0
2025-06;MLT-02-0278;8;5,1;8,2;1158,59;75,8;0;0
2025-07;MLT-02-0278;9;5,1;8,2;1303,41;85,3;0;0
2025-08;MLT-02-0278;7;5,1;8,2;1013,77;66,3;0;0
2025-09;MLT-02-0278;15;5,1;8,2;2172,36;142,1;0;0
2025-10;MLT-02-0278;4;5,1;8,2;579,3;37,9;0;0
2025-11;MLT-02-0278;14;5,1;8,2;2027,53;132,6;0;0
2025-12;MLT-02-0278;1;5,1;8,2;144,82;9,5;0;0
2024-01;LOAD-10-0783;2;1;1,5;465,96;90,0;0;0
2024-02;LOAD-10-0783;2;1;1,5;465,96;90,0;0;0
2024-03;LOAD-10-0783;1;1;1,5;232,98;45,0;0;0
2024-04;LOAD-10-0783;1;1;1,5;232,98;45,0;0;0
2024-05;LOAD-10-0783;0;1;1,5;0,0;0,0;1;0
2024-06;LOAD-10-0783;1;1;1,5;232,98;45,0;0;0
2024-07;LOAD-10-0783;1;1;1,5;232,98;45,0;0;0
2024-08;LOAD-10-0783;1;1;1,5;232,98;45,0;0;0
2024-09;LOAD-10-0783;1;1;1,5;232,98;45,0;0;0
2024-10;LOAD-10-0783;0;1;1,5;0,0;0,0;1;0
2024-11;LOAD-10-0783;0;1;1,5;0,0;0,0;1;0
2024-12;LOAD-10-0783;2;1;1,5;465,96;90,0;0;0
2025-01;LOAD-10-0783;1;1;1,5;232,98;45,0;0;0
2025-02;LOAD-10-0783;1;1;1,5;232,98;45,0;0;0
2025-03;LOAD-10-0783;2;1;1,5;465,96;90,0;0;0
2025-04;LOAD-10-0783;0;1;1,5;0,0;0,0;1;0
2025-05;LOAD-10-0783;0;1;1,5;0,0;0,0;1;0
2025-06;LOAD-10-0783;0;1;1,5;0,0;0,0;1;0
2025-07;LOAD-10-0783;0;1;1,5;0,0;0,0;1;0
2025-08;LOAD-10-0783;1;1;1,5;232,98;45,0;0;0
2025-09;LOAD-10-0783;1;1;1,5;232,98;45,0;0;0
2025-10;LOAD-10-0783;1;1;1,5;232,98;45,0;0;0
2025-11;LOAD-10-0783;0;1;1,5;0,0;0,0;1;0
2025-12;LOAD-10-0783;1;1;1,5;232,98;45,0;0;0
2024-01;LOAD-10-0721;3;1,5;2,7;338,45;24,5;0;0
2024-02;LOAD-10-0721;2;1,5;2,7;225,63;16,4;0;0
2024-03;LOAD-10-0721;1;1,5;2,7;112,82;8,2;0;0
2024-04;LOAD-10-0721;5;1,5;2,7;564,08;40,9;0;0
2024-05;LOAD-10-0721;2;1,5;2,7;225,63;16,4;0;0
2024-06;LOAD-10-0721;4;1,5;2,7;451,27;32,7;0;0
2024-07;LOAD-10-0721;4;1,5;2,7;451,27;32,7;0;0
2024-08;LOAD-10-0721;2;1,5;2,7;225,63;16,4;0;0
2024-09;LOAD-10-0721;1;1,5;2,7;112,82;8,2;0;0
2024-10;LOAD-10-0721;3;1,5;2,7;338,45;24,5;0;0
2024-11;LOAD-10-0721;3;1,5;2,7;338,45;24,5;0;0
2024-12;LOAD-10-0721;4;1,5;2,7;451,27;32,7;0;0
2025-01;LOAD-10-0721;2;1,5;2,7;225,63;16,4;0;0
2025-02;LOAD-10-0721;2;1,5;2,7;225,63;16,4;0;0
2025-03;LOAD-10-0721;2;1,5;2,7;225,63;16,4;0;0
2025-04;LOAD-10-0721;2;1,5;2,7;225,63;16,4;0;0
2025-05;LOAD-10-0721;1;1,5;2,7;112,82;8,2;0;0
2025-06;LOAD-10-0721;2;1,5;2,7;225,63;16,4;0;0
2025-07;LOAD-10-0721;3;1,5;2,7;338,45;24,5;0;0
2025-08;LOAD-10-0721;1;1,5;2,7;112,82;8,2;0;0
2025-09;LOAD-10-0721;7;1,5;2,7;789,71;57,3;0;0
2025-10;LOAD-10-0721;2;1,5;2,7;225,63;16,4;0;0
2025-11;LOAD-10-0721;2;1,5;2,7;225,63;16,4;0;0
2025-12;LOAD-10-0721;1;1,5;2,7;112,82;8,2;0;0
2024-01;MLT-10-0264;2;1;1,8;445,55;75,8;0;0
2024-02;MLT-10-0264;2;1;1,8;445,55;75,8;0;0
2024-03;MLT-10-0264;0;1;1,8;0,0;0,0;1;0
2024-04;MLT-10-0264;1;1;1,8;222,77;37,9;0;0
2024-05;MLT-10-0264;2;1;1,8;445,55;75,8;0;0
2024-06;MLT-10-0264;0;1;1,8;0,0;0,0;1;0
2024-07;MLT-10-0264;1;1;1,8;222,77;37,9;0;0
2024-08;MLT-10-0264;2;1;1,8;445,55;75,8;0;0
2024-09;MLT-10-0264;2;1;1,8;445,55;75,8;0;0
2024-10;MLT-10-0264;2;1;1,8;445,55;75,8;0;0
2024-11;MLT-10-0264;1;1;1,8;222,77;37,9;0;0
2024-12;MLT-10-0264;1;1;1,8;222,77;37,9;0;0
2025-01;MLT-10-0264;2;1;1,8;445,55;75,8;0;0
2025-02;MLT-10-0264;1;1;1,8;222,77;37,9;0;0
2025-03;MLT-10-0264;2;1;1,8;445,55;75,8;0;0
2025-04;MLT-10-0264;1;1;1,8;222,77;37,9;0;0
2025-05;MLT-10-0264;2;1;1,8;445,55;75,8;0;0
2025-06;MLT-10-0264;0;1;1,8;0,0;0,0;1;0
2025-07;MLT-10-0264;0;1;1,8;0,0;0,0;1;0
2025-08;MLT-10-0264;1;1;1,8;222,77;37,9;0;0
2025-09;MLT-10-0264;1;1;1,8;222,77;37,9;0;0
2025-10;MLT-10-0264;1;1;1,8;222,77;37,9;0;0
2025-11;MLT-10-0264;1;1;1,8;222,77;37,9;0;0
2025-12;MLT-10-0264;0;1;1,8;0,0;0,0;1;0
2024-01;LOAD-09-0706;0;2,1;3,9;0,0;0,0;1;0
2024-02;LOAD-09-0706;4;2,1;3,9;534,09;68,6;0;0
2024-03;LOAD-09-0706;3;2,1;3,9;400,57;51,4;0;0
2024-04;LOAD-09-0706;7;2,1;3,9;934,66;120,0;0;0
2024-05;LOAD-09-0706;4;2,1;3,9;534,09;68,6;0;0
2024-06;LOAD-09-0706;3;2,1;3,9;400,57;51,4;0;0
2024-07;LOAD-09-0706;3;2,1;3,9;400,57;51,4;0;0
2024-08;LOAD-09-0706;1;2,1;3,9;133,52;17,1;0;0
2024-09;LOAD-09-0706;2;2,1;3,9;267,05;34,3;0;0
2024-10;LOAD-09-0706;0;2,1;3,9;0,0;0,0;1;0
2024-11;LOAD-09-0706;3;2,1;3,9;400,57;51,4;0;0
2024-12;LOAD-09-0706;6;2,1;3,9;801,14;102,9;0;0
2025-01;LOAD-09-0706;7;2,1;3,9;934,66;120,0;0;0
2025-02;LOAD-09-0706;7;2,1;3,9;934,66;120,0;0;0
2025-03;LOAD-09-0706;4;2,1;3,9;534,09;68,6;0;0
2025-04;LOAD-09-0706;5;2,1;3,9;667,61;85,7;0;0
2025-05;LOAD-09-0706;4;2,1;3,9;534,09;68,6;0;0
2025-06;LOAD-09-0706;5;2,1;3,9;667,61;85,7;0;0
2025-07;LOAD-09-0706;9;2,1;3,9;1201,7;154,3;0;0
2025-08;LOAD-09-0706;3;2,1;3,9;400,57;51,4;0;0
2025-09;LOAD-09-0706;4;2,1;3,9;534,09;68,6;0;0
2025-10;LOAD-09-0706;3;2,1;3,9;400,57;51,4;0;0
2025-11;LOAD-09-0706;1;2,1;3,9;133,52;17,1;0;0
2025-12;LOAD-09-0706;8;2,1;3,9;1068,18;137,1;0;0
2024-01;MLT-07-0343;4;2,2;4,0;666,88;65,5;0;0
2024-02;MLT-07-0343;4;2,2;4,0;666,88;65,5;0;0
2024-03;MLT-07-0343;7;2,2;4,0;1167,04;114,5;0;0
2024-04;MLT-07-0343;4;2,2;4,0;666,88;65,5;0;0
2024-05;MLT-07-0343;4;2,2;4,0;666,88;65,5;0;0
2024-06;MLT-07-0343;4;2,2;4,0;666,88;65,5;0;0
2024-07;MLT-07-0343;6;2,2;4,0;1000,32;98,2;0;0
2024-08;MLT-07-0343;1;2,2;4,0;166,72;16,4;0;0
2024-09;MLT-07-0343;1;2,2;4,0;166,72;16,4;0;0
2024-10;MLT-07-0343;2;2,2;4,0;333,44;32,7;0;0
2024-11;MLT-07-0343;6;2,2;4,0;1000,32;98,2;0;0
2024-12;MLT-07-0343;3;2,2;4,0;500,16;49,1;0;0
2025-01;MLT-07-0343;4;2,2;4,0;666,88;65,5;0;0
2025-02;MLT-07-0343;3;2,2;4,0;500,16;49,1;0;0
2025-03;MLT-07-0343;4;2,2;4,0;666,88;65,5;0;0
2025-04;MLT-07-0343;8;2,2;4,0;1333,76;130,9;0;0
2025-05;MLT-07-0343;5;2,2;4,0;833,6;81,8;0;0
2025-06;MLT-07-0343;6;2,2;4,0;1000,32;98,2;0;0
2025-07;MLT-07-0343;3;2,2;4,0;500,16;49,1;0;0
2025-08;MLT-07-0343;5;2,2;4,0;833,6;81,8;0;0
2025-09;MLT-07-0343;2;2,2;4,0;333,44;32,7;0;0
2025-10;MLT-07-0343;4;2,2;4,0;666,88;65,5;0;0
2025-11;MLT-07-0343;6;2,2;4,0;1000,32;98,2;0;0
2025-12;MLT-07-0343;5;2,2;4,0;833,6;81,8;0;0
2024-01;MT-10-0049;1;1;1,3;114,19;9,4;0;0
2024-02;MT-10-0049;0;1;1,3;0,0;0,0;1;0
2024-03;MT-10-0049;1;1;1,3;114,19;9,4;0;0
2024-04;MT-10-0049;1;1;1,3;114,19;9,4;0;0
2024-05;MT-10-0049;1;1;1,3;114,19;9,4;0;0
2024-06;MT-10-0049;1;1;1,3;114,19;9,4;0;0
2024-07;MT-10-0049;1;1;1,3;114,19;9,4;0;0
2024-08;MT-10-0049;2;1;1,3;228,38;18,7;0;0
2024-09;MT-10-0049;0;1;1,3;0,0;0,0;1;0
2024-10;MT-10-0049;2;1;1,3;228,38;18,7;0;0
2024-11;MT-10-0049;1;1;1,3;114,19;9,4;0;0
2024-12;MT-10-0049;0;1;1,3;0,0;0,0;1;0
2025-01;MT-10-0049;1;1;1,3;114,19;9,4;0;0
2025-02;MT-10-0049;1;1;1,3;114,19;9,4;0;0
2025-03;MT-10-0049;1;1;1,3;114,19;9,4;0;0
2025-04;MT-10-0049;1;1;1,3;114,19;9,4;0;0
2025-05;MT-10-0049;1;1;1,3;114,19;9,4;0;0
2025-06;MT-10-0049;1;1;1,3;114,19;9,4;0;0
2025-07;MT-10-0049;2;1;1,3;228,38;18,7;0;0
2025-08;MT-10-0049;0;1;1,3;0,0;0,0;1;0
2025-09;MT-10-0049;2;1;1,3;228,38;18,7;0;0
2025-10;MT-10-0049;1;1;1,3;114,19;9,4;0;0
2025-11;MT-10-0049;0;1;1,3;0,0;0,0;1;0
2025-12;MT-10-0049;1;1;1,3;114,19;9,4;0;0
2024-01;MRT-02-0435;1;1;1,7;132,42;31,3;0;0
2024-02;MRT-02-0435;2;1;1,7;264,83;62,6;0;0
2024-03;MRT-02-0435;2;1;1,7;264,83;62,6;0;0
2024-04;MRT-02-0435;1;1;1,7;132,42;31,3;0;0
2024-05;MRT-02-0435;1;1;1,7;132,42;31,3;0;0
2024-06;MRT-02-0435;1;1;1,7;132,42;31,3;0;0
2024-07;MRT-02-0435;0;1;1,7;0,0;0,0;1;0
2024-08;MRT-02-0435;0;1;1,7;0,0;0,0;1;0
2024-09;MRT-02-0435;3;1;1,7;397,25;93,9;0;0
2024-10;MRT-02-0435;3;1;1,7;397,25;93,9;0;0
2024-11;MRT-02-0435;0;1;1,7;0,0;0,0;1;0
2024-12;MRT-02-0435;1;1;1,7;132,42;31,3;0;0
2025-01;MRT-02-0435;2;1;1,7;264,83;62,6;0;0
2025-02;MRT-02-0435;0;1;1,7;0,0;0,0;1;0
2025-03;MRT-02-0435;0;1;1,7;0,0;0,0;1;0
2025-04;MRT-02-0435;1;1;1,7;132,42;31,3;0;0
2025-05;MRT-02-0435;1;1;1,7;132,42;31,3;0;0
2025-06;MRT-02-0435;1;1;1,7;132,42;31,3;0;0
2025-07;MRT-02-0435;0;1;1,7;0,0;0,0;1;0
2025-08;MRT-02-0435;0;1;1,7;0,0;0,0;1;0
2025-09;MRT-02-0435;1;1;1,7;132,42;31,3;0;0
2025-10;MRT-02-0435;2;1;1,7;264,83;62,6;0;0
2025-11;MRT-02-0435;1;1;1,7;132,42;31,3;0;0
2025-12;MRT-02-0435;0;1;1,7;0,0;0,0;1;0
2024-01;MLT-06-0305;14;6,9;12,6;1374,3;109,6;0;0
2024-02;MLT-06-0305;15;6,9;12,6;1472,47;117,4;0;0
2024-03;MLT-06-0305;2;6,9;12,6;196,33;15,7;0;0
2024-04;MLT-06-0305;7;6,9;12,6;687,15;54,8;0;0
2024-05;MLT-06-0305;10;6,9;12,6;981,65;78,3;0;0
2024-06;MLT-06-0305;16;6,9;12,6;1570,63;125,2;0;0
2024-07;MLT-06-0305;10;6,9;12,6;981,65;78,3;0;0
2024-08;MLT-06-0305;7;6,9;12,6;687,15;54,8;0;0
2024-09;MLT-06-0305;8;6,9;12,6;785,32;62,6;0;0
2024-10;MLT-06-0305;5;6,9;12,6;490,82;39,1;0;0
2024-11;MLT-06-0305;4;6,9;12,6;392,66;31,3;0;0
2024-12;MLT-06-0305;12;6,9;12,6;1177,98;93,9;0;0
2025-01;MLT-06-0305;19;6,9;12,6;1865,13;148,7;0;0
2025-02;MLT-06-0305;17;6,9;12,6;1668,8;133,0;0;0
2025-03;MLT-06-0305;0;6,9;12,6;0,0;0,0;1;0
2025-04;MLT-06-0305;13;6,9;12,6;1276,14;101,7;0;0
2025-05;MLT-06-0305;21;6,9;12,6;2061,46;164,3;0;0
2025-06;MLT-06-0305;21;6,9;12,6;2061,46;164,3;0;0
2025-07;MLT-06-0305;10;6,9;12,6;981,65;78,3;0;0
2025-08;MLT-06-0305;8;6,9;12,6;785,32;62,6;0;0
2025-09;MLT-06-0305;6;6,9;12,6;588,99;47,0;0;0
2025-10;MLT-06-0305;6;6,9;12,6;588,99;47,0;0;0
2025-11;MLT-06-0305;16;6,9;12,6;1570,63;125,2;0;0
2025-12;MLT-06-0305;7;6,9;12,6;687,15;54,8;0;0
2024-01;MLT-04-0346;0;1;1,2;0,0;0,0;1;0
2024-02;MLT-04-0346;0;1;1,2;0,0;0,0;1;0
2024-03;MLT-04-0346;2;1;1,2;622,11;48,0;0;0
2024-04;MLT-04-0346;1;1;1,2;311,05;24,0;0;0
2024-05;MLT-04-0346;1;1;1,2;311,05;24,0;0;0
2024-06;MLT-04-0346;1;1;1,2;311,05;24,0;0;0
2024-07;MLT-04-0346;1;1;1,2;311,05;24,0;0;0
2024-08;MLT-04-0346;2;1;1,2;622,11;48,0;0;0
2024-09;MLT-04-0346;1;1;1,2;311,05;24,0;0;0
2024-10;MLT-04-0346;0;1;1,2;0,0;0,0;1;0
2024-11;MLT-04-0346;1;1;1,2;311,05;24,0;0;0
2024-12;MLT-04-0346;0;1;1,2;0,0;0,0;1;0
2025-01;MLT-04-0346;2;1;1,2;622,11;48,0;0;0
2025-02;MLT-04-0346;1;1;1,2;311,05;24,0;0;0
2025-03;MLT-04-0346;1;1;1,2;311,05;24,0;0;0
2025-04;MLT-04-0346;0;1;1,2;0,0;0,0;1;0
2025-05;MLT-04-0346;1;1;1,2;311,05;24,0;0;0
2025-06;MLT-04-0346;0;1;1,2;0,0;0,0;1;0
2025-07;MLT-04-0346;0;1;1,2;0,0;0,0;1;0
2025-08;MLT-04-0346;0;1;1,2;0,0;0,0;1;0
2025-09;MLT-04-0346;0;1;1,2;0,0;0,0;1;0
2025-10;MLT-04-0346;1;1;1,2;311,05;24,0;0;0
2025-11;MLT-04-0346;1;1;1,2;311,05;24,0;0;0
2025-12;MLT-04-0346;2;1;1,2;622,11;48,0;0;0
2024-01;MI-MC-08-0468;26;12,1;19,7;889,02;154,7;0;0
2024-02;MI-MC-08-0468;34;12,1;19,7;1162,57;202,3;0;0
2024-03;MI-MC-08-0468;21;12,1;19,7;718,06;125,0;0;0
2024-04;MI-MC-08-0468;8;12,1;19,7;273,55;47,6;0;0
2024-05;MI-MC-08-0468;6;12,1;19,7;205,16;35,7;0;0
2024-06;MI-MC-08-0468;17;12,1;19,7;581,29;101,2;0;0
2024-07;MI-MC-08-0468;25;12,1;19,7;854,83;148,8;0;0
2024-08;MI-MC-08-0468;9;12,1;19,7;307,74;53,6;0;0
2024-09;MI-MC-08-0468;26;12,1;19,7;889,02;154,7;0;0
2024-10;MI-MC-08-0468;11;12,1;19,7;376,13;65,5;0;0
2024-11;MI-MC-08-0468;27;12,1;19,7;923,22;160,7;0;0
2024-12;MI-MC-08-0468;11;12,1;19,7;376,13;65,5;0;0
2025-01;MI-MC-08-0468;27;12,1;19,7;923,22;160,7;0;0
2025-02;MI-MC-08-0468;4;12,1;19,7;136,77;23,8;0;0
2025-03;MI-MC-08-0468;17;12,1;19,7;581,29;101,2;0;0
2025-04;MI-MC-08-0468;25;12,1;19,7;854,83;148,8;0;0
2025-05;MI-MC-08-0468;31;12,1;19,7;1059,99;184,5;0;0
2025-06;MI-MC-08-0468;6;12,1;19,7;205,16;35,7;0;0
2025-07;MI-MC-08-0468;19;12,1;19,7;649,67;113,1;0;0
2025-08;MI-MC-08-0468;16;12,1;19,7;547,09;95,2;0;0
2025-09;MI-MC-08-0468;28;12,1;19,7;957,41;166,6;0;0
2025-10;MI-MC-08-0468;17;12,1;19,7;581,29;101,2;0;0
2025-11;MI-MC-08-0468;13;12,1;19,7;444,51;77,4;0;0
2025-12;MI-MC-08-0468;27;12,1;19,7;923,22;160,7;0;0
2024-01;MI-MC-09-0474;1;1;1,4;204,92;72,0;0;0
2024-02;MI-MC-09-0474;1;1;1,4;204,92;72,0;0;0
2024-03;MI-MC-09-0474;2;1;1,4;409,85;144,0;0;0
2024-04;MI-MC-09-0474;0;1;1,4;0,0;0,0;1;0
2024-05;MI-MC-09-0474;1;1;1,4;204,92;72,0;0;0
2024-06;MI-MC-09-0474;2;1;1,4;409,85;144,0;0;0
2024-07;MI-MC-09-0474;0;1;1,4;0,0;0,0;1;0
2024-08;MI-MC-09-0474;1;1;1,4;204,92;72,0;0;0
2024-09;MI-MC-09-0474;0;1;1,4;0,0;0,0;1;0
2024-10;MI-MC-09-0474;1;1;1,4;204,92;72,0;0;0
2024-11;MI-MC-09-0474;1;1;1,4;204,92;72,0;0;0
2024-12;MI-MC-09-0474;0;1;1,4;0,0;0,0;1;0
2025-01;MI-MC-09-0474;2;1;1,4;409,85;144,0;0;0
2025-02;MI-MC-09-0474;1;1;1,4;204,92;72,0;0;0
2025-03;MI-MC-09-0474;1;1;1,4;204,92;72,0;0;0
2025-04;MI-MC-09-0474;0;1;1,4;0,0;0,0;1;0
2025-05;MI-MC-09-0474;2;1;1,4;409,85;144,0;0;0
2025-06;MI-MC-09-0474;1;1;1,4;204,92;72,0;0;0
2025-07;MI-MC-09-0474;1;1;1,4;204,92;72,0;0;0
2025-08;MI-MC-09-0474;1;1;1,4;204,92;72,0;0;0
2025-09;MI-MC-09-0474;1;1;1,4;204,92;72,0;0;0
2025-10;MI-MC-09-0474;1;1;1,4;204,92;72,0;0;0
2025-11;MI-MC-09-0474;3;1;1,4;614,77;216,0;0;0
2025-12;MI-MC-09-0474;1;1;1,4;204,92;72,0;0;0
2024-01;TMM-09-0571;0;1;1,1;0,0;0,0;1;0
2024-02;TMM-09-0571;0;1;1,1;0,0;0,0;1;0
2024-03;TMM-09-0571;0;1;1,1;0,0;0,0;1;0
2024-04;TMM-09-0571;1;1;1,1;109,79;37,9;0;0
2024-05;TMM-09-0571;1;1;1,1;109,79;37,9;0;0
2024-06;TMM-09-0571;1;1;1,1;109,79;37,9;0;0
2024-07;TMM-09-0571;0;1;1,1;0,0;0,0;1;0
2024-08;TMM-09-0571;1;1;1,1;109,79;37,9;0;0
2024-09;TMM-09-0571;1;1;1,1;109,79;37,9;0;0
2024-10;TMM-09-0571;1;1;1,1;109,79;37,9;0;0
2024-11;TMM-09-0571;0;1;1,1;0,0;0,0;1;0
2024-12;TMM-09-0571;1;1;1,1;109,79;37,9;0;0
2025-01;TMM-09-0571;1;1;1,1;109,79;37,9;0;0
2025-02;TMM-09-0571;0;1;1,1;0,0;0,0;1;0
2025-03;TMM-09-0571;0;1;1,1;0,0;0,0;1;0
2025-04;TMM-09-0571;1;1;1,1;109,79;37,9;0;0
2025-05;TMM-09-0571;0;1;1,1;0,0;0,0;1;0
2025-06;TMM-09-0571;0;1;1,1;0,0;0,0;1;0
2025-07;TMM-09-0571;2;1;1,1;219,57;75,8;0;0
2025-08;TMM-09-0571;1;1;1,1;109,79;37,9;0;0
2025-09;TMM-09-0571;0;1;1,1;0,0;0,0;1;0
2025-10;TMM-09-0571;0;1;1,1;0,0;0,0;1;0
2025-11;TMM-09-0571;1;1;1,1;109,79;37,9;0;0
2025-12;TMM-09-0571;2;1;1,1;219,57;75,8;0;0
2024-01;MI-MC-10-0553;4;1,9;3,1;693,84;151,6;0;0
2024-02;MI-MC-10-0553;4;1,9;3,1;693,84;151,6;0;0
2024-03;MI-MC-10-0553;1;1,9;3,1;173,46;37,9;0;0
2024-04;MI-MC-10-0553;5;1,9;3,1;867,3;189,5;0;0
2024-05;MI-MC-10-0553;5;1,9;3,1;867,3;189,5;0;0
2024-06;MI-MC-10-0553;5;1,9;3,1;867,3;189,5;0;0
2024-07;MI-MC-10-0553;2;1,9;3,1;346,92;75,8;0;0
2024-08;MI-MC-10-0553;2;1,9;3,1;346,92;75,8;0;0
2024-09;MI-MC-10-0553;5;1,9;3,1;867,3;189,5;0;0
2024-10;MI-MC-10-0553;0;1,9;3,1;0,0;0,0;1;0
2024-11;MI-MC-10-0553;3;1,9;3,1;520,38;113,7;0;0
2024-12;MI-MC-10-0553;2;1,9;3,1;346,92;75,8;0;0
2025-01;MI-MC-10-0553;1;1,9;3,1;173,46;37,9;0;0
2025-02;MI-MC-10-0553;1;1,9;3,1;173,46;37,9;0;0
2025-03;MI-MC-10-0553;2;1,9;3,1;346,92;75,8;0;0
2025-04;MI-MC-10-0553;7;1,9;3,1;1214,21;265,3;0;0
2025-05;MI-MC-10-0553;3;1,9;3,1;520,38;113,7;0;0
2025-06;MI-MC-10-0553;0;1,9;3,1;0,0;0,0;1;0
2025-07;MI-MC-10-0553;4;1,9;3,1;693,84;151,6;0;0
2025-08;MI-MC-10-0553;1;1,9;3,1;173,46;37,9;0;0
2025-09;MI-MC-10-0553;4;1,9;3,1;693,84;151,6;0;0
2025-10;MI-MC-10-0553;2;1,9;3,1;346,92;75,8;0;0
2025-11;MI-MC-10-0553;3;1,9;3,1;520,38;113,7;0;0
2025-12;MI-MC-10-0553;4;1,9;3,1;693,84;151,6;0;0
2024-01;LOAD-05-0779;7;2,6;4,9;547,18;95,1;0;0
2024-02;LOAD-05-0779;7;2,6;4,9;547,18;95,1;0;0
2024-03;LOAD-05-0779;5;2,6;4,9;390,84;67,9;0;0
2024-04;LOAD-05-0779;3;2,6;4,9;234,5;40,8;0;0
2024-05;LOAD-05-0779;3;2,6;4,9;234,5;40,8;0;0
2024-06;LOAD-05-0779;10;2,6;4,9;781,68;135,8;0;0
2024-07;LOAD-05-0779;6;2,6;4,9;469,01;81,5;0;0
2024-08;LOAD-05-0779;6;2,6;4,9;469,01;81,5;0;0
2024-09;LOAD-05-0779;4;2,6;4,9;312,67;54,3;0;0
2024-10;LOAD-05-0779;5;2,6;4,9;390,84;67,9;0;0
2024-11;LOAD-05-0779;5;2,6;4,9;390,84;67,9;0;0
2024-12;LOAD-05-0779;3;2,6;4,9;234,5;40,8;0;0
2025-01;LOAD-05-0779;5;2,6;4,9;390,84;67,9;0;0
2025-02;LOAD-05-0779;6;2,6;4,9;469,01;81,5;0;0
2025-03;LOAD-05-0779;5;2,6;4,9;390,84;67,9;0;0
2025-04;LOAD-05-0779;8;2,6;4,9;625,35;108,7;0;0
2025-05;LOAD-05-0779;2;2,6;4,9;156,34;27,2;0;0
2025-06;LOAD-05-0779;9;2,6;4,9;703,51;122,3;0;0
2025-07;LOAD-05-0779;9;2,6;4,9;703,51;122,3;0;0
2025-08;LOAD-05-0779;3;2,6;4,9;234,5;40,8;0;0
2025-09;LOAD-05-0779;7;2,6;4,9;547,18;95,1;0;0
2025-10;LOAD-05-0779;3;2,6;4,9;234,5;40,8;0;0
2025-11;LOAD-05-0779;3;2,6;4,9;234,5;40,8;0;0
2025-12;LOAD-05-0779;5;2,6;4,9;390,84;67,9;0;0
2024-01;MI-MC-09-0475;1;1,2;2,0;180,52;18,0;0;0
2024-02;MI-MC-09-0475;2;1,2;2,0;361,04;36,0;0;0
2024-03;MI-MC-09-0475;1;1,2;2,0;180,52;18,0;0;0
2024-04;MI-MC-09-0475;1;1,2;2,0;180,52;18,0;0;0
2024-05;MI-MC-09-0475;1;1,2;2,0;180,52;18,0;0;0
2024-06;MI-MC-09-0475;1;1,2;2,0;180,52;18,0;0;0
2024-07;MI-MC-09-0475;1;1,2;2,0;180,52;18,0;0;0
2024-08;MI-MC-09-0475;2;1,2;2,0;361,04;36,0;0;0
2024-09;MI-MC-09-0475;2;1,2;2,0;361,04;36,0;0;0
2024-10;MI-MC-09-0475;2;1,2;2,0;361,04;36,0;0;0
2024-11;MI-MC-09-0475;1;1,2;2,0;180,52;18,0;0;0
2024-12;MI-MC-09-0475;1;1,2;2,0;180,52;18,0;0;0
2025-01;MI-MC-09-0475;2;1,2;2,0;361,04;36,0;0;0
2025-02;MI-MC-09-0475;1;1,2;2,0;180,52;18,0;0;0
2025-03;MI-MC-09-0475;3;1,2;2,0;541,56;54,0;0;0
2025-04;MI-MC-09-0475;2;1,2;2,0;361,04;36,0;0;0
2025-05;MI-MC-09-0475;2;1,2;2,0;361,04;36,0;0;0
2025-06;MI-MC-09-0475;1;1,2;2,0;180,52;18,0;0;0
2025-07;MI-MC-09-0475;1;1,2;2,0;180,52;18,0;0;0
2025-08;MI-MC-09-0475;3;1,2;2,0;541,56;54,0;0;0
2025-09;MI-MC-09-0475;1;1,2;2,0;180,52;18,0;0;0
2025-10;MI-MC-09-0475;2;1,2;2,0;361,04;36,0;0;0
2025-11;MI-MC-09-0475;2;1,2;2,0;361,04;36,0;0;0
2025-12;MI-MC-09-0475;3;1,2;2,0;541,56;54,0;0;0
2024-01;MRT-09-0416;3;1,9;3,6;286,62;55,4;0;0
2024-02;MRT-09-0416;4;1,9;3,6;382,16;73,8;0;0
2024-03;MRT-09-0416;3;1,9;3,6;286,62;55,4;0;0
2024-04;MRT-09-0416;3;1,9;3,6;286,62;55,4;0;0
2024-05;MRT-09-0416;2;1,9;3,6;191,08;36,9;0;0
2024-06;MRT-09-0416;5;1,9;3,6;477,69;92,3;0;0
2024-07;MRT-09-0416;5;1,9;3,6;477,69;92,3;0;0
2024-08;MRT-09-0416;4;1,9;3,6;382,16;73,8;0;0
2024-09;MRT-09-0416;5;1,9;3,6;477,69;92,3;0;0
2024-10;MRT-09-0416;0;1,9;3,6;0,0;0,0;1;0
2024-11;MRT-09-0416;5;1,9;3,6;477,69;92,3;0;0
2024-12;MRT-09-0416;0;1,9;3,6;0,0;0,0;1;0
2025-01;MRT-09-0416;1;1,9;3,6;95,54;18,5;0;0
2025-02;MRT-09-0416;2;1,9;3,6;191,08;36,9;0;0
2025-03;MRT-09-0416;1;1,9;3,6;95,54;18,5;0;0
2025-04;MRT-09-0416;4;1,9;3,6;382,16;73,8;0;0
2025-05;MRT-09-0416;1;1,9;3,6;95,54;18,5;0;0
2025-06;MRT-09-0416;0;1,9;3,6;0,0;0,0;1;0
2025-07;MRT-09-0416;7;1,9;3,6;668,77;129,2;0;0
2025-08;MRT-09-0416;3;1,9;3,6;286,62;55,4;0;0
2025-09;MRT-09-0416;3;1,9;3,6;286,62;55,4;0;0
2025-10;MRT-09-0416;0;1,9;3,6;0,0;0,0;1;0
2025-11;MRT-09-0416;2;1,9;3,6;191,08;36,9;0;0
2025-12;MRT-09-0416;4;1,9;3,6;382,16;73,8;0;0
2024-01;LOAD-M-08-0859;4;5,0;9,2;131,55;43,0;0;0
2024-02;LOAD-M-08-0859;0;5,0;9,2;0,0;0,0;1;0
2024-03;LOAD-M-08-0859;12;5,0;9,2;394,64;129,0;0;0
2024-04;LOAD-M-08-0859;4;5,0;9,2;131,55;43,0;0;0
2024-05;LOAD-M-08-0859;7;5,0;9,2;230,21;75,2;0;0
2024-06;LOAD-M-08-0859;4;5,0;9,2;131,55;43,0;0;0
2024-07;LOAD-M-08-0859;0;5,0;9,2;0,0;0,0;1;0
2024-08;LOAD-M-08-0859;7;5,0;9,2;230,21;75,2;0;0
2024-09;LOAD-M-08-0859;11;5,0;9,2;361,75;118,2;0;0
2024-10;LOAD-M-08-0859;18;5,0;9,2;591,96;193,4;0;0
2024-11;LOAD-M-08-0859;1;5,0;9,2;32,89;10,7;0;0
2024-12;LOAD-M-08-0859;16;5,0;9,2;526,18;171,9;0;0
2025-01;LOAD-M-08-0859;15;5,0;9,2;493,3;161,2;0;0
2025-02;LOAD-M-08-0859;8;5,0;9,2;263,09;86,0;0;0
2025-03;LOAD-M-08-0859;4;5,0;9,2;131,55;43,0;0;0
2025-04;LOAD-M-08-0859;5;5,0;9,2;164,43;53,7;0;0
2025-05;LOAD-M-08-0859;8;5,0;9,2;263,09;86,0;0;0
2025-06;LOAD-M-08-0859;2;5,0;9,2;65,77;21,5;0;0
2025-07;LOAD-M-08-0859;10;5,0;9,2;328,86;107,5;0;0
2025-08;LOAD-M-08-0859;7;5,0;9,2;230,21;75,2;0;0
2025-09;LOAD-M-08-0859;8;5,0;9,2;263,09;86,0;0;0
2025-10;LOAD-M-08-0859;8;5,0;9,2;263,09;86,0;0;0
2025-11;LOAD-M-08-0859;18;5,0;9,2;591,96;193,4;0;0
2025-12;LOAD-M-08-0859;11;5,0;9,2;361,75;118,2;0;0
2024-01;MT-07-0144;1;1;1,4;289,24;19,5;0;0
2024-02;MT-07-0144;2;1;1,4;578,47;38,9;0;0
2024-03;MT-07-0144;1;1;1,4;289,24;19,5;0;0
2024-04;MT-07-0144;1;1;1,4;289,24;19,5;0;0
2024-05;MT-07-0144;0;1;1,4;0,0;0,0;1;0
2024-06;MT-07-0144;1;1;1,4;289,24;19,5;0;0
2024-07;MT-07-0144;1;1;1,4;289,24;19,5;0;0
2024-08;MT-07-0144;2;1;1,4;578,47;38,9;0;0
2024-09;MT-07-0144;0;1;1,4;0,0;0,0;1;0
2024-10;MT-07-0144;1;1;1,4;289,24;19,5;0;0
2024-11;MT-07-0144;1;1;1,4;289,24;19,5;0;0
2024-12;MT-07-0144;1;1;1,4;289,24;19,5;0;0
2025-01;MT-07-0144;2;1;1,4;578,47;38,9;0;0
2025-02;MT-07-0144;1;1;1,4;289,24;19,5;0;0
2025-03;MT-07-0144;2;1;1,4;578,47;38,9;0;0
2025-04;MT-07-0144;0;1;1,4;0,0;0,0;1;0
2025-05;MT-07-0144;0;1;1,4;0,0;0,0;1;0
2025-06;MT-07-0144;0;1;1,4;0,0;0,0;1;0
2025-07;MT-07-0144;0;1;1,4;0,0;0,0;1;0
2025-08;MT-07-0144;1;1;1,4;289,24;19,5;0;0
2025-09;MT-07-0144;1;1;1,4;289,24;19,5;0;0
2025-10;MT-07-0144;1;1;1,4;289,24;19,5;0;0
2025-11;MT-07-0144;1;1;1,4;289,24;19,5;0;0
2025-12;MT-07-0144;2;1;1,4;578,47;38,9;0;0
2024-01;MI-MC-06-0471;0;1;1,2;0,0;0,0;1;0
2024-02;MI-MC-06-0471;1;1;1,2;141,82;27,7;0;0
2024-03;MI-MC-06-0471;1;1;1,2;141,82;27,7;0;0
2024-04;MI-MC-06-0471;0;1;1,2;0,0;0,0;1;0
2024-05;MI-MC-06-0471;1;1;1,2;141,82;27,7;0;0
2024-06;MI-MC-06-0471;1;1;1,2;141,82;27,7;0;0
2024-07;MI-MC-06-0471;0;1;1,2;0,0;0,0;1;0
2024-08;MI-MC-06-0471;0;1;1,2;0,0;0,0;1;0
2024-09;MI-MC-06-0471;1;1;1,2;141,82;27,7;0;0
2024-10;MI-MC-06-0471;2;1;1,2;283,65;55,4;0;0
2024-11;MI-MC-06-0471;0;1;1,2;0,0;0,0;1;0
2024-12;MI-MC-06-0471;0;1;1,2;0,0;0,0;1;0
2025-01;MI-MC-06-0471;2;1;1,2;283,65;55,4;0;0
2025-02;MI-MC-06-0471;1;1;1,2;141,82;27,7;0;0
2025-03;MI-MC-06-0471;1;1;1,2;141,82;27,7;0;0
2025-04;MI-MC-06-0471;0;1;1,2;0,0;0,0;1;0
2025-05;MI-MC-06-0471;0;1;1,2;0,0;0,0;1;0
2025-06;MI-MC-06-0471;1;1;1,2;141,82;27,7;0;0
2025-07;MI-MC-06-0471;0;1;1,2;0,0;0,0;1;0
2025-08;MI-MC-06-0471;0;1;1,2;0,0;0,0;1;0
2025-09;MI-MC-06-0471;1;1;1,2;141,82;27,7;0;0
2025-10;MI-MC-06-0471;1;1;1,2;141,82;27,7;0;0
2025-11;MI-MC-06-0471;1;1;1,2;141,82;27,7;0;0
2025-12;MI-MC-06-0471;1;1;1,2;141,82;27,7;0;0
2024-01;MI-MC-10-0484;1;1,1;1,7;151,0;31,3;0;0
2024-02;MI-MC-10-0484;0;1,1;1,7;0,0;0,0;1;0
2024-03;MI-MC-10-0484;1;1,1;1,7;151,0;31,3;0;0
2024-04;MI-MC-10-0484;1;1,1;1,7;151,0;31,3;0;0
2024-05;MI-MC-10-0484;2;1,1;1,7;302,01;62,6;0;0
2024-06;MI-MC-10-0484;1;1,1;1,7;151,0;31,3;0;0
2024-07;MI-MC-10-0484;0;1,1;1,7;0,0;0,0;1;0
2024-08;MI-MC-10-0484;0;1,1;1,7;0,0;0,0;1;0
2024-09;MI-MC-10-0484;1;1,1;1,7;151,0;31,3;0;0
2024-10;MI-MC-10-0484;3;1,1;1,7;453,01;93,9;0;0
2024-11;MI-MC-10-0484;1;1,1;1,7;151,0;31,3;0;0
2024-12;MI-MC-10-0484;1;1,1;1,7;151,0;31,3;0;0
2025-01;MI-MC-10-0484;1;1,1;1,7;151,0;31,3;0;0
2025-02;MI-MC-10-0484;3;1,1;1,7;453,01;93,9;0;0
2025-03;MI-MC-10-0484;2;1,1;1,7;302,01;62,6;0;0
2025-04;MI-MC-10-0484;1;1,1;1,7;151,0;31,3;0;0
2025-05;MI-MC-10-0484;1;1,1;1,7;151,0;31,3;0;0
2025-06;MI-MC-10-0484;1;1,1;1,7;151,0;31,3;0;0
2025-07;MI-MC-10-0484;1;1,1;1,7;151,0;31,3;0;0
2025-08;MI-MC-10-0484;0;1,1;1,7;0,0;0,0;1;0
2025-09;MI-MC-10-0484;0;1,1;1,7;0,0;0,0;1;0
2025-10;MI-MC-10-0484;1;1,1;1,7;151,0;31,3;0;0
2025-11;MI-MC-10-0484;2;1,1;1,7;302,01;62,6;0;0
2025-12;MI-MC-10-0484;2;1,1;1,7;302,01;62,6;0;0
2024-01;MLT-02-0287;0;1;1,4;0,0;0,0;1;0
2024-02;MLT-02-0287;1;1;1,4;60,24;7,2;0;0
2024-03;MLT-02-0287;2;1;1,4;120,48;14,4;0;0
2024-04;MLT-02-0287;1;1;1,4;60,24;7,2;0;0
2024-05;MLT-02-0287;0;1;1,4;0,0;0,0;1;0
2024-06;MLT-02-0287;2;1;1,4;120,48;14,4;0;0
2024-07;MLT-02-0287;0;1;1,4;0,0;0,0;1;0
2024-08;MLT-02-0287;1;1;1,4;60,24;7,2;0;0
2024-09;MLT-02-0287;1;1;1,4;60,24;7,2;0;0
2024-10;MLT-02-0287;1;1;1,4;60,24;7,2;0;0
2024-11;MLT-02-0287;1;1;1,4;60,24;7,2;0;0
2024-12;MLT-02-0287;2;1;1,4;120,48;14,4;0;0
2025-01;MLT-02-0287;2;1;1,4;120,48;14,4;0;0
2025-02;MLT-02-0287;1;1;1,4;60,24;7,2;0;0
2025-03;MLT-02-0287;1;1;1,4;60,24;7,2;0;0
2025-04;MLT-02-0287;0;1;1,4;0,0;0,0;1;0
2025-05;MLT-02-0287;0;1;1,4;0,0;0,0;1;0
2025-06;MLT-02-0287;2;1;1,4;120,48;14,4;0;0
2025-07;MLT-02-0287;0;1;1,4;0,0;0,0;1;0
2025-08;MLT-02-0287;1;1;1,4;60,24;7,2;0;0
2025-09;MLT-02-0287;1;1;1,4;60,24;7,2;0;0
2025-10;MLT-02-0287;1;1;1,4;60,24;7,2;0;0
2025-11;MLT-02-0287;0;1;1,4;0,0;0,0;1;0
2025-12;MLT-02-0287;0;1;1,4;0,0;0,0;1;0
2024-01;MT-02-0086;1;1;1,3;129,69;14,7;0;0
2024-02;MT-02-0086;1;1;1,3;129,69;14,7;0;0
2024-03;MT-02-0086;2;1;1,3;259,37;29,4;0;0
2024-04;MT-02-0086;1;1;1,3;129,69;14,7;0;0
2024-05;MT-02-0086;0;1;1,3;0,0;0,0;1;0
2024-06;MT-02-0086;3;1;1,3;389,06;44,1;0;0
2024-07;MT-02-0086;0;1;1,3;0,0;0,0;1;0
2024-08;MT-02-0086;0;1;1,3;0,0;0,0;1;0
2024-09;MT-02-0086;3;1;1,3;389,06;44,1;0;0
2024-10;MT-02-0086;2;1;1,3;259,37;29,4;0;0
2024-11;MT-02-0086;1;1;1,3;129,69;14,7;0;0
2024-12;MT-02-0086;1;1;1,3;129,69;14,7;0;0
2025-01;MT-02-0086;1;1;1,3;129,69;14,7;0;0
2025-02;MT-02-0086;0;1;1,3;0,0;0,0;1;0
2025-03;MT-02-0086;1;1;1,3;129,69;14,7;0;0
2025-04;MT-02-0086;1;1;1,3;129,69;14,7;0;0
2025-05;MT-02-0086;0;1;1,3;0,0;0,0;1;0
2025-06;MT-02-0086;0;1;1,3;0,0;0,0;1;0
2025-07;MT-02-0086;0;1;1,3;0,0;0,0;1;0
2025-08;MT-02-0086;2;1;1,3;259,37;29,4;0;0
2025-09;MT-02-0086;2;1;1,3;259,37;29,4;0;0
2025-10;MT-02-0086;2;1;1,3;259,37;29,4;0;0
2025-11;MT-02-0086;0;1;1,3;0,0;0,0;1;0
2025-12;MT-02-0086;1;1;1,3;129,69;14,7;0;0
2024-01;MT-08-0072;4;1,7;3,2;110,79;13,8;0;0
2024-02;MT-08-0072;0;1,7;3,2;0,0;0,0;1;0
2024-03;MT-08-0072;4;1,7;3,2;110,79;13,8;0;0
2024-04;MT-08-0072;1;1,7;3,2;27,7;3,5;0;0
2024-05;MT-08-0072;3;1,7;3,2;83,09;10,4;0;0
2024-06;MT-08-0072;0;1,7;3,2;0,0;0,0;1;0
2024-07;MT-08-0072;3;1,7;3,2;83,09;10,4;0;0
2024-08;MT-08-0072;2;1,7;3,2;55,39;6,9;0;0
2024-09;MT-08-0072;3;1,7;3,2;83,09;10,4;0;0
2024-10;MT-08-0072;2;1,7;3,2;55,39;6,9;0;0
2024-11;MT-08-0072;3;1,7;3,2;83,09;10,4;0;0
2024-12;MT-08-0072;4;1,7;3,2;110,79;13,8;0;0
2025-01;MT-08-0072;3;1,7;3,2;83,09;10,4;0;0
2025-02;MT-08-0072;3;1,7;3,2;83,09;10,4;0;0
2025-03;MT-08-0072;4;1,7;3,2;110,79;13,8;0;0
2025-04;MT-08-0072;4;1,7;3,2;110,79;13,8;0;0
2025-05;MT-08-0072;4;1,7;3,2;110,79;13,8;0;0
2025-06;MT-08-0072;1;1,7;3,2;27,7;3,5;0;0
2025-07;MT-08-0072;1;1,7;3,2;27,7;3,5;0;0
2025-08;MT-08-0072;4;1,7;3,2;110,79;13,8;0;0
2025-09;MT-08-0072;2;1,7;3,2;55,39;6,9;0;0
2025-10;MT-08-0072;1;1,7;3,2;27,7;3,5;0;0
2025-11;MT-08-0072;2;1,7;3,2;55,39;6,9;0;0
2025-12;MT-08-0072;3;1,7;3,2;83,09;10,4;0;0
2024-01;MRT-06-0456;1;1,6;3,0;34,58;7,3;0;0
2024-02;MRT-06-0456;3;1,6;3,0;103,73;21,8;0;0
2024-03;MRT-06-0456;2;1,6;3,0;69,15;14,5;0;0
2024-04;MRT-06-0456;3;1,6;3,0;103,73;21,8;0;0
2024-05;MRT-06-0456;3;1,6;3,0;103,73;21,8;0;0
2024-06;MRT-06-0456;1;1,6;3,0;34,58;7,3;0;0
2024-07;MRT-06-0456;5;1,6;3,0;172,89;36,4;0;0
2024-08;MRT-06-0456;6;1,6;3,0;207,46;43,6;0;0
2024-09;MRT-06-0456;6;1,6;3,0;207,46;43,6;0;0
2024-10;MRT-06-0456;3;1,6;3,0;103,73;21,8;0;0
2024-11;MRT-06-0456;4;1,6;3,0;138,31;29,1;0;0
2024-12;MRT-06-0456;3;1,6;3,0;103,73;21,8;0;0
2025-01;MRT-06-0456;3;1,6;3,0;103,73;21,8;0;0
2025-02;MRT-06-0456;2;1,6;3,0;69,15;14,5;0;0
2025-03;MRT-06-0456;2;1,6;3,0;69,15;14,5;0;0
2025-04;MRT-06-0456;0;1,6;3,0;0,0;0,0;1;0
2025-05;MRT-06-0456;0;1,6;3,0;0,0;0,0;1;0
2025-06;MRT-06-0456;0;1,6;3,0;0,0;0,0;1;0
2025-07;MRT-06-0456;1;1,6;3,0;34,58;7,3;0;0
2025-08;MRT-06-0456;4;1,6;3,0;138,31;29,1;0;0
2025-09;MRT-06-0456;3;1,6;3,0;103,73;21,8;0;0
2025-10;MRT-06-0456;2;1,6;3,0;69,15;14,5;0;0
2025-11;MRT-06-0456;0;1,6;3,0;0,0;0,0;1;0
2025-12;MRT-06-0456;0;1,6;3,0;0,0;0,0;1;0
2024-01;MLT-03-0368;0;1;1,2;0,0;0,0;1;0
2024-02;MLT-03-0368;1;1;1,2;95,54;13,3;0;0
2024-03;MLT-03-0368;0;1;1,2;0,0;0,0;1;0
2024-04;MLT-03-0368;1;1;1,2;95,54;13,3;0;0
2024-05;MLT-03-0368;1;1;1,2;95,54;13,3;0;0
2024-06;MLT-03-0368;0;1;1,2;0,0;0,0;1;0
2024-07;MLT-03-0368;1;1;1,2;95,54;13,3;0;0
2024-08;MLT-03-0368;0;1;1,2;0,0;0,0;1;0
2024-09;MLT-03-0368;1;1;1,2;95,54;13,3;0;0
2024-10;MLT-03-0368;1;1;1,2;95,54;13,3;0;0
2024-11;MLT-03-0368;1;1;1,2;95,54;13,3;0;0
2024-12;MLT-03-0368;1;1;1,2;95,54;13,3;0;0
2025-01;MLT-03-0368;1;1;1,2;95,54;13,3;0;0
2025-02;MLT-03-0368;0;1;1,2;0,0;0,0;1;0
2025-03;MLT-03-0368;0;1;1,2;0,0;0,0;1;0
2025-04;MLT-03-0368;1;1;1,2;95,54;13,3;0;0
2025-05;MLT-03-0368;1;1;1,2;95,54;13,3;0;0
2025-06;MLT-03-0368;1;1;1,2;95,54;13,3;0;0
2025-07;MLT-03-0368;2;1;1,2;191,07;26,7;0;0
2025-08;MLT-03-0368;1;1;1,2;95,54;13,3;0;0
2025-09;MLT-03-0368;0;1;1,2;0,0;0,0;1;0
2025-10;MLT-03-0368;1;1;1,2;95,54;13,3;0;0
2025-11;MLT-03-0368;1;1;1,2;95,54;13,3;0;0
2025-12;MLT-03-0368;0;1;1,2;0,0;0,0;1;0
2024-01;MLT-04-0235;0;1;1,3;0,0;0,0;1;0
2024-02;MLT-04-0235;0;1;1,3;0,0;0,0;1;0
2024-03;MLT-04-0235;1;1;1,3;153,98;16,4;0;0
2024-04;MLT-04-0235;1;1;1,3;153,98;16,4;0;0
2024-05;MLT-04-0235;0;1;1,3;0,0;0,0;1;0
2024-06;MLT-04-0235;2;1;1,3;307,96;32,7;0;0
2024-07;MLT-04-0235;0;1;1,3;0,0;0,0;1;0
2024-08;MLT-04-0235;1;1;1,3;153,98;16,4;0;0
2024-09;MLT-04-0235;2;1;1,3;307,96;32,7;0;0
2024-10;MLT-04-0235;0;1;1,3;0,0;0,0;1;0
2024-11;MLT-04-0235;1;1;1,3;153,98;16,4;0;0
2024-12;MLT-04-0235;1;1;1,3;153,98;16,4;0;0
2025-01;MLT-04-0235;1;1;1,3;153,98;16,4;0;0
2025-02;MLT-04-0235;1;1;1,3;153,98;16,4;0;0
2025-03;MLT-04-0235;1;1;1,3;153,98;16,4;0;0
2025-04;MLT-04-0235;0;1;1,3;0,0;0,0;1;0
2025-05;MLT-04-0235;1;1;1,3;153,98;16,4;0;0
2025-06;MLT-04-0235;1;1;1,3;153,98;16,4;0;0
2025-07;MLT-04-0235;1;1;1,3;153,98;16,4;0;0
2025-08;MLT-04-0235;1;1;1,3;153,98;16,4;0;0
2025-09;MLT-04-0235;0;1;1,3;0,0;0,0;1;0
2025-10;MLT-04-0235;0;1;1,3;0,0;0,0;1;0
2025-11;MLT-04-0235;1;1;1,3;153,98;16,4;0;0
2025-12;MLT-04-0235;1;1;1,3;153,98;16,4;0;0
2024-01;TMM-06-0585;2;1;1,1;158,31;62,6;0;0
2024-02;TMM-06-0585;2;1;1,1;158,31;62,6;0;0
2024-03;TMM-06-0585;2;1;1,1;158,31;62,6;0;0
2024-04;TMM-06-0585;1;1;1,1;79,16;31,3;0;0
2024-05;TMM-06-0585;0;1;1,1;0,0;0,0;1;0
2024-06;TMM-06-0585;1;1;1,1;79,16;31,3;0;0
2024-07;TMM-06-0585;0;1;1,1;0,0;0,0;1;0
2024-08;TMM-06-0585;1;1;1,1;79,16;31,3;0;0
2024-09;TMM-06-0585;1;1;1,1;79,16;31,3;0;0
2024-10;TMM-06-0585;1;1;1,1;79,16;31,3;0;0
2024-11;TMM-06-0585;0;1;1,1;0,0;0,0;1;0
2024-12;TMM-06-0585;1;1;1,1;79,16;31,3;0;0
2025-01;TMM-06-0585;0;1;1,1;0,0;0,0;1;0
2025-02;TMM-06-0585;1;1;1,1;79,16;31,3;0;0
2025-03;TMM-06-0585;1;1;1,1;79,16;31,3;0;0
2025-04;TMM-06-0585;0;1;1,1;0,0;0,0;1;0
2025-05;TMM-06-0585;1;1;1,1;79,16;31,3;0;0
2025-06;TMM-06-0585;1;1;1,1;79,16;31,3;0;0
2025-07;TMM-06-0585;0;1;1,1;0,0;0,0;1;0
2025-08;TMM-06-0585;1;1;1,1;79,16;31,3;0;0
2025-09;TMM-06-0585;1;1;1,1;79,16;31,3;0;0
2025-10;TMM-06-0585;1;1;1,1;79,16;31,3;0;0
2025-11;TMM-06-0585;0;1;1,1;0,0;0,0;1;0
2025-12;TMM-06-0585;1;1;1,1;79,16;31,3;0;0
2024-01;MT-06-0008;7;8,1;13,2;778,78;62,2;0;0
2024-02;MT-06-0008;2;8,1;13,2;222,51;17,8;0;0
2024-03;MT-06-0008;17;8,1;13,2;1891,33;151,1;0;0
2024-04;MT-06-0008;11;8,1;13,2;1223,8;97,8;0;0
2024-05;MT-06-0008;19;8,1;13,2;2113,84;168,9;0;0
2024-06;MT-06-0008;13;8,1;13,2;1446,31;115,6;0;0
2024-07;MT-06-0008;16;8,1;13,2;1780,07;142,2;0;0
2024-08;MT-06-0008;16;8,1;13,2;1780,07;142,2;0;0
2024-09;MT-06-0008;11;8,1;13,2;1223,8;97,8;0;0
2024-10;MT-06-0008;16;8,1;13,2;1780,07;142,2;0;0
2024-11;MT-06-0008;19;8,1;13,2;2113,84;168,9;0;0
2024-12;MT-06-0008;14;8,1;13,2;1557,56;124,4;0;0
2025-01;MT-06-0008;15;8,1;13,2;1668,82;133,3;0;0
2025-02;MT-06-0008;10;8,1;13,2;1112,55;88,9;0;0
2025-03;MT-06-0008;10;8,1;13,2;1112,55;88,9;0;0
2025-04;MT-06-0008;12;8,1;13,2;1335,05;106,7;0;0
2025-05;MT-06-0008;14;8,1;13,2;1557,56;124,4;0;0
2025-06;MT-06-0008;16;8,1;13,2;1780,07;142,2;0;0
2025-07;MT-06-0008;9;8,1;13,2;1001,29;80,0;0;0
2025-08;MT-06-0008;30;8,1;13,2;3337,64;266,7;0;0
2025-09;MT-06-0008;12;8,1;13,2;1335,05;106,7;0;0
2025-10;MT-06-0008;14;8,1;13,2;1557,56;124,4;0;0
2025-11;MT-06-0008;4;8,1;13,2;445,02;35,6;0;0
2025-12;MT-06-0008;13;8,1;13,2;1446,31;115,6;0;0
2024-01;MLT-08-0342;1;1,1;1,7;32,48;4,5;0;0
2024-02;MLT-08-0342;1;1,1;1,7;32,48;4,5;0;0
2024-03;MLT-08-0342;2;1,1;1,7;64,96;8,9;0;0
2024-04;MLT-08-0342;1;1,1;1,7;32,48;4,5;0;0
2024-05;MLT-08-0342;1;1,1;1,7;32,48;4,5;0;0
2024-06;MLT-08-0342;0;1,1;1,7;0,0;0,0;1;0
2024-07;MLT-08-0342;1;1,1;1,7;32,48;4,5;0;0
2024-08;MLT-08-0342;1;1,1;1,7;32,48;4,5;0;0
2024-09;MLT-08-0342;2;1,1;1,7;64,96;8,9;0;0
2024-10;MLT-08-0342;1;1,1;1,7;32,48;4,5;0;0
2024-11;MLT-08-0342;2;1,1;1,7;64,96;8,9;0;0
2024-12;MLT-08-0342;1;1,1;1,7;32,48;4,5;0;0
2025-01;MLT-08-0342;2;1,1;1,7;64,96;8,9;0;0
2025-02;MLT-08-0342;1;1,1;1,7;32,48;4,5;0;0
2025-03;MLT-08-0342;0;1,1;1,7;0,0;0,0;1;0
2025-04;MLT-08-0342;3;1,1;1,7;97,44;13,4;0;0
2025-05;MLT-08-0342;2;1,1;1,7;64,96;8,9;0;0
2025-06;MLT-08-0342;1;1,1;1,7;32,48;4,5;0;0
2025-07;MLT-08-0342;1;1,1;1,7;32,48;4,5;0;0
2025-08;MLT-08-0342;0;1,1;1,7;0,0;0,0;1;0
2025-09;MLT-08-0342;0;1,1;1,7;0,0;0,0;1;0
2025-10;MLT-08-0342;1;1,1;1,7;32,48;4,5;0;0
2025-11;MLT-08-0342;2;1,1;1,7;64,96;8,9;0;0
2025-12;MLT-08-0342;2;1,1;1,7;64,96;8,9;0;0
2024-01;MRT-04-0442;1;1;1,2;158,97;28,8;0;0
2024-02;MRT-04-0442;1;1;1,2;158,97;28,8;0;0
2024-03;MRT-04-0442;1;1;1,2;158,97;28,8;0;0
2024-04;MRT-04-0442;0;1;1,2;0,0;0,0;1;0
2024-05;MRT-04-0442;1;1;1,2;158,97;28,8;0;0
2024-06;MRT-04-0442;0;1;1,2;0,0;0,0;1;0
2024-07;MRT-04-0442;1;1;1,2;158,97;28,8;0;0
2024-08;MRT-04-0442;0;1;1,2;0,0;0,0;1;0
2024-09;MRT-04-0442;1;1;1,2;158,97;28,8;0;0
2024-10;MRT-04-0442;2;1;1,2;317,94;57,6;0;0
2024-11;MRT-04-0442;1;1;1,2;158,97;28,8;0;0
2024-12;MRT-04-0442;0;1;1,2;0,0;0,0;1;0
2025-01;MRT-04-0442;0;1;1,2;0,0;0,0;1;0
2025-02;MRT-04-0442;1;1;1,2;158,97;28,8;0;0
2025-03;MRT-04-0442;0;1;1,2;0,0;0,0;1;0
2025-04;MRT-04-0442;1;1;1,2;158,97;28,8;0;0
2025-05;MRT-04-0442;1;1;1,2;158,97;28,8;0;0
2025-06;MRT-04-0442;1;1;1,2;158,97;28,8;0;0
2025-07;MRT-04-0442;0;1;1,2;0,0;0,0;1;0
2025-08;MRT-04-0442;1;1;1,2;158,97;28,8;0;0
2025-09;MRT-04-0442;1;1;1,2;158,97;28,8;0;0
2025-10;MRT-04-0442;1;1;1,2;158,97;28,8;0;0
2025-11;MRT-04-0442;1;1;1,2;158,97;28,8;0;0
2025-12;MRT-04-0442;0;1;1,2;0,0;0,0;1;0
2024-01;MLT-02-0252;0;1;1,5;0,0;0,0;1;0
2024-02;MLT-02-0252;1;1;1,5;140,56;28,8;0;0
2024-03;MLT-02-0252;2;1;1,5;281,12;57,6;0;0
2024-04;MLT-02-0252;0;1;1,5;0,0;0,0;1;0
2024-05;MLT-02-0252;2;1;1,5;281,12;57,6;0;0
2024-06;MLT-02-0252;1;1;1,5;140,56;28,8;0;0
2024-07;MLT-02-0252;2;1;1,5;281,12;57,6;0;0
2024-08;MLT-02-0252;2;1;1,5;281,12;57,6;0;0
2024-09;MLT-02-0252;0;1;1,5;0,0;0,0;1;0
2024-10;MLT-02-0252;2;1;1,5;281,12;57,6;0;0
2024-11;MLT-02-0252;1;1;1,5;140,56;28,8;0;0
2024-12;MLT-02-0252;1;1;1,5;140,56;28,8;0;0
2025-01;MLT-02-0252;0;1;1,5;0,0;0,0;1;0
2025-02;MLT-02-0252;1;1;1,5;140,56;28,8;0;0
2025-03;MLT-02-0252;1;1;1,5;140,56;28,8;0;0
2025-04;MLT-02-0252;1;1;1,5;140,56;28,8;0;0
2025-05;MLT-02-0252;1;1;1,5;140,56;28,8;0;0
2025-06;MLT-02-0252;2;1;1,5;281,12;57,6;0;0
2025-07;MLT-02-0252;1;1;1,5;140,56;28,8;0;0
2025-08;MLT-02-0252;2;1;1,5;281,12;57,6;0;0
2025-09;MLT-02-0252;0;1;1,5;0,0;0,0;1;0
2025-10;MLT-02-0252;2;1;1,5;281,12;57,6;0;0
2025-11;MLT-02-0252;1;1;1,5;140,56;28,8;0;0
2025-12;MLT-02-0252;1;1;1,5;140,56;28,8;0;0
2024-01;AWP-01-0701;5;3,4;5,5;135,46;33,0;0;0
2024-02;AWP-01-0701;5;3,4;5,5;135,46;33,0;0;0
2024-03;AWP-01-0701;1;3,4;5,5;27,09;6,6;0;0
2024-04;AWP-01-0701;4;3,4;5,5;108,37;26,4;0;0
2024-05;AWP-01-0701;5;3,4;5,5;135,46;33,0;0;0
2024-06;AWP-01-0701;4;3,4;5,5;108,37;26,4;0;0
2024-07;AWP-01-0701;3;3,4;5,5;81,28;19,8;0;0
2024-08;AWP-01-0701;7;3,4;5,5;189,65;46,2;0;0
2024-09;AWP-01-0701;6;3,4;5,5;162,55;39,6;0;0
2024-10;AWP-01-0701;3;3,4;5,5;81,28;19,8;0;0
2024-11;AWP-01-0701;9;3,4;5,5;243,83;59,4;0;0
2024-12;AWP-01-0701;9;3,4;5,5;243,83;59,4;0;0
2025-01;AWP-01-0701;2;3,4;5,5;54,18;13,2;0;0
2025-02;AWP-01-0701;7;3,4;5,5;189,65;46,2;0;0
2025-03;AWP-01-0701;3;3,4;5,5;81,28;19,8;0;0
2025-04;AWP-01-0701;3;3,4;5,5;81,28;19,8;0;0
2025-05;AWP-01-0701;4;3,4;5,5;108,37;26,4;0;0
2025-06;AWP-01-0701;8;3,4;5,5;216,74;52,8;0;0
2025-07;AWP-01-0701;7;3,4;5,5;189,65;46,2;0;0
2025-08;AWP-01-0701;5;3,4;5,5;135,46;33,0;0;0
2025-09;AWP-01-0701;9;3,4;5,5;243,83;59,4;0;0
2025-10;AWP-01-0701;6;3,4;5,5;162,55;39,6;0;0
2025-11;AWP-01-0701;7;3,4;5,5;189,65;46,2;0;0
2025-12;AWP-01-0701;3;3,4;5,5;81,28;19,8;0;0
2024-01;MLT-04-0302;2;1,3;2,1;572,51;35,1;0;0
2024-02;MLT-04-0302;3;1,3;2,1;858,77;52,7;0;0
2024-03;MLT-04-0302;3;1,3;2,1;858,77;52,7;0;0
2024-04;MLT-04-0302;1;1,3;2,1;286,26;17,6;0;0
2024-05;MLT-04-0302;1;1,3;2,1;286,26;17,6;0;0
2024-06;MLT-04-0302;3;1,3;2,1;858,77;52,7;0;0
2024-07;MLT-04-0302;2;1,3;2,1;572,51;35,1;0;0
2024-08;MLT-04-0302;1;1,3;2,1;286,26;17,6;0;0
2024-09;MLT-04-0302;1;1,3;2,1;286,26;17,6;0;0
2024-10;MLT-04-0302;2;1,3;2,1;572,51;35,1;0;0
2024-11;MLT-04-0302;3;1,3;2,1;858,77;52,7;0;0
2024-12;MLT-04-0302;0;1,3;2,1;0,0;0,0;1;0
2025-01;MLT-04-0302;2;1,3;2,1;572,51;35,1;0;0
2025-02;MLT-04-0302;2;1,3;2,1;572,51;35,1;0;0
2025-03;MLT-04-0302;1;1,3;2,1;286,26;17,6;0;0
2025-04;MLT-04-0302;3;1,3;2,1;858,77;52,7;0;0
2025-05;MLT-04-0302;3;1,3;2,1;858,77;52,7;0;0
2025-06;MLT-04-0302;1;1,3;2,1;286,26;17,6;0;0
2025-07;MLT-04-0302;0;1,3;2,1;0,0;0,0;1;0
2025-08;MLT-04-0302;2;1,3;2,1;572,51;35,1;0;0
2025-09;MLT-04-0302;1;1,3;2,1;286,26;17,6;0;0
2025-10;MLT-04-0302;3;1,3;2,1;858,77;52,7;0;0
2025-11;MLT-04-0302;2;1,3;2,1;572,51;35,1;0;0
2025-12;MLT-04-0302;3;1,3;2,1;858,77;52,7;0;0
2024-01;MRT-05-0383;5;3,7;6,0;370,62;97,3;0;0
2024-02;MRT-05-0383;3;3,7;6,0;222,37;58,4;0;0
2024-03;MRT-05-0383;4;3,7;6,0;296,5;77,8;0;0
2024-04;MRT-05-0383;4;3,7;6,0;296,5;77,8;0;0
2024-05;MRT-05-0383;6;3,7;6,0;444,75;116,8;0;0
2024-06;MRT-05-0383;13;3,7;6,0;963,62;253,0;0;0
2024-07;MRT-05-0383;6;3,7;6,0;444,75;116,8;0;0
2024-08;MRT-05-0383;6;3,7;6,0;444,75;116,8;0;0
2024-09;MRT-05-0383;6;3,7;6,0;444,75;116,8;0;0
2024-10;MRT-05-0383;5;3,7;6,0;370,62;97,3;0;0
2024-11;MRT-05-0383;10;3,7;6,0;741,25;194,6;0;0
2024-12;MRT-05-0383;3;3,7;6,0;222,37;58,4;0;0
2025-01;MRT-05-0383;9;3,7;6,0;667,12;175,1;0;0
2025-02;MRT-05-0383;2;3,7;6,0;148,25;38,9;0;0
2025-03;MRT-05-0383;4;3,7;6,0;296,5;77,8;0;0
2025-04;MRT-05-0383;0;3,7;6,0;0,0;0,0;1;0
2025-05;MRT-05-0383;10;3,7;6,0;741,25;194,6;0;0
2025-06;MRT-05-0383;5;3,7;6,0;370,62;97,3;0;0
2025-07;MRT-05-0383;4;3,7;6,0;296,5;77,8;0;0
2025-08;MRT-05-0383;3;3,7;6,0;222,37;58,4;0;0
2025-09;MRT-05-0383;6;3,7;6,0;444,75;116,8;0;0
2025-10;MRT-05-0383;2;3,7;6,0;148,25;38,9;0;0
2025-11;MRT-05-0383;4;3,7;6,0;296,5;77,8;0;0
2025-12;MRT-05-0383;11;3,7;6,0;815,37;214,1;0;0
2024-01;LOAD-M-05-0841;0;1;1,0;0,0;0,0;1;0
2024-02;LOAD-M-05-0841;1;1;1,0;126,36;65,5;0;0
2024-03;LOAD-M-05-0841;1;1;1,0;126,36;65,5;0;0
2024-04;LOAD-M-05-0841;0;1;1,0;0,0;0,0;1;0
2024-05;LOAD-M-05-0841;1;1;1,0;126,36;65,5;0;0
2024-06;LOAD-M-05-0841;0;1;1,0;0,0;0,0;1;0
2024-07;LOAD-M-05-0841;0;1;1,0;0,0;0,0;1;0
2024-08;LOAD-M-05-0841;1;1;1,0;126,36;65,5;0;0
2024-09;LOAD-M-05-0841;0;1;1,0;0,0;0,0;1;0
2024-10;LOAD-M-05-0841;0;1;1,0;0,0;0,0;1;0
2024-11;LOAD-M-05-0841;0;1;1,0;0,0;0,0;1;0
2024-12;LOAD-M-05-0841;1;1;1,0;126,36;65,5;0;0
2025-01;LOAD-M-05-0841;0;1;1,0;0,0;0,0;1;0
2025-02;LOAD-M-05-0841;0;1;1,0;0,0;0,0;1;0
2025-03;LOAD-M-05-0841;2;1;1,0;252,73;130,9;0;0
2025-04;LOAD-M-05-0841;1;1;1,0;126,36;65,5;0;0
2025-05;LOAD-M-05-0841;1;1;1,0;126,36;65,5;0;0
2025-06;LOAD-M-05-0841;1;1;1,0;126,36;65,5;0;0
2025-07;LOAD-M-05-0841;0;1;1,0;0,0;0,0;1;0
2025-08;LOAD-M-05-0841;1;1;1,0;126,36;65,5;0;0
2025-09;LOAD-M-05-0841;0;1;1,0;0,0;0,0;1;0
2025-10;LOAD-M-05-0841;1;1;1,0;126,36;65,5;0;0
2025-11;LOAD-M-05-0841;0;1;1,0;0,0;0,0;1;0
2025-12;LOAD-M-05-0841;0;1;1,0;0,0;0,0;1;0
2024-01;MI-MC-01-0531;11;4,7;8,7;166,21;27,9;0;0
2024-02;MI-MC-01-0531;1;4,7;8,7;15,11;2,5;0;0
2024-03;MI-MC-01-0531;7;4,7;8,7;105,77;17,7;0;0
2024-04;MI-MC-01-0531;15;4,7;8,7;226,65;38,0;0;0
2024-05;MI-MC-01-0531;12;4,7;8,7;181,32;30,4;0;0
2024-06;MI-MC-01-0531;1;4,7;8,7;15,11;2,5;0;0
2024-07;MI-MC-01-0531;10;4,7;8,7;151,1;25,4;0;0
2024-08;MI-MC-01-0531;14;4,7;8,7;211,54;35,5;0;0
2024-09;MI-MC-01-0531;8;4,7;8,7;120,88;20,3;0;0
2024-10;MI-MC-01-0531;0;4,7;8,7;0,0;0,0;1;0
2024-11;MI-MC-01-0531;13;4,7;8,7;196,43;33,0;0;0
2024-12;MI-MC-01-0531;3;4,7;8,7;45,33;7,6;0;0
2025-01;MI-MC-01-0531;3;4,7;8,7;45,33;7,6;0;0
2025-02;MI-MC-01-0531;16;4,7;8,7;241,75;40,6;0;0
2025-03;MI-MC-01-0531;10;4,7;8,7;151,1;25,4;0;0
2025-04;MI-MC-01-0531;2;4,7;8,7;30,22;5,1;0;0
2025-05;MI-MC-01-0531;0;4,7;8,7;0,0;0,0;1;0
2025-06;MI-MC-01-0531;10;4,7;8,7;151,1;25,4;0;0
2025-07;MI-MC-01-0531;13;4,7;8,7;196,43;33,0;0;0
2025-08;MI-MC-01-0531;1;4,7;8,7;15,11;2,5;0;0
2025-09;MI-MC-01-0531;6;4,7;8,7;90,66;15,2;0;0
2025-10;MI-MC-01-0531;0;4,7;8,7;0,0;0,0;1;0
2025-11;MI-MC-01-0531;4;4,7;8,7;60,44;10,1;0;0
2025-12;MI-MC-01-0531;5;4,7;8,7;75,55;12,7;0;0
2024-01;LOAD-M-05-0861;2;1;1,4;145,65;36,9;0;0
2024-02;LOAD-M-05-0861;0;1;1,4;0,0;0,0;1;0
2024-03;LOAD-M-05-0861;1;1;1,4;72,83;18,5;0;0
2024-04;LOAD-M-05-0861;1;1;1,4;72,83;18,5;0;0
2024-05;LOAD-M-05-0861;1;1;1,4;72,83;18,5;0;0
2024-06;LOAD-M-05-0861;1;1;1,4;72,83;18,5;0;0
2024-07;LOAD-M-05-0861;0;1;1,4;0,0;0,0;1;0
2024-08;LOAD-M-05-0861;1;1;1,4;72,83;18,5;0;0
2024-09;LOAD-M-05-0861;0;1;1,4;0,0;0,0;1;0
2024-10;LOAD-M-05-0861;1;1;1,4;72,83;18,5;0;0
2024-11;LOAD-M-05-0861;0;1;1,4;0,0;0,0;1;0
2024-12;LOAD-M-05-0861;1;1;1,4;72,83;18,5;0;0
2025-01;LOAD-M-05-0861;1;1;1,4;72,83;18,5;0;0
2025-02;LOAD-M-05-0861;1;1;1,4;72,83;18,5;0;0
2025-03;LOAD-M-05-0861;2;1;1,4;145,65;36,9;0;0
2025-04;LOAD-M-05-0861;0;1;1,4;0,0;0,0;1;0
2025-05;LOAD-M-05-0861;0;1;1,4;0,0;0,0;1;0
2025-06;LOAD-M-05-0861;1;1;1,4;72,83;18,5;0;0
2025-07;LOAD-M-05-0861;1;1;1,4;72,83;18,5;0;0
2025-08;LOAD-M-05-0861;0;1;1,4;0,0;0,0;1;0
2025-09;LOAD-M-05-0861;1;1;1,4;72,83;18,5;0;0
2025-10;LOAD-M-05-0861;1;1;1,4;72,83;18,5;0;0
2025-11;LOAD-M-05-0861;0;1;1,4;0,0;0,0;1;0
2025-12;LOAD-M-05-0861;1;1;1,4;72,83;18,5;0;0
2024-01;LOAD-M-05-0834;2;1;1,4;205,05;205,7;0;0
2024-02;LOAD-M-05-0834;0;1;1,4;0,0;0,0;1;0
2024-03;LOAD-M-05-0834;0;1;1,4;0,0;0,0;1;0
2024-04;LOAD-M-05-0834;0;1;1,4;0,0;0,0;1;0
2024-05;LOAD-M-05-0834;1;1;1,4;102,53;102,9;0;0
2024-06;LOAD-M-05-0834;0;1;1,4;0,0;0,0;1;0
2024-07;LOAD-M-05-0834;2;1;1,4;205,05;205,7;0;0
2024-08;LOAD-M-05-0834;1;1;1,4;102,53;102,9;0;0
2024-09;LOAD-M-05-0834;1;1;1,4;102,53;102,9;0;0
2024-10;LOAD-M-05-0834;0;1;1,4;0,0;0,0;1;0
2024-11;LOAD-M-05-0834;0;1;1,4;0,0;0,0;1;0
2024-12;LOAD-M-05-0834;2;1;1,4;205,05;205,7;0;0
2025-01;LOAD-M-05-0834;0;1;1,4;0,0;0,0;1;0
2025-02;LOAD-M-05-0834;0;1;1,4;0,0;0,0;1;0
2025-03;LOAD-M-05-0834;1;1;1,4;102,53;102,9;0;0
2025-04;LOAD-M-05-0834;1;1;1,4;102,53;102,9;0;0
2025-05;LOAD-M-05-0834;1;1;1,4;102,53;102,9;0;0
2025-06;LOAD-M-05-0834;1;1;1,4;102,53;102,9;0;0
2025-07;LOAD-M-05-0834;1;1;1,4;102,53;102,9;0;0
2025-08;LOAD-M-05-0834;1;1;1,4;102,53;102,9;0;0
2025-09;LOAD-M-05-0834;1;1;1,4;102,53;102,9;0;0
2025-10;LOAD-M-05-0834;1;1;1,4;102,53;102,9;0;0
2025-11;LOAD-M-05-0834;2;1;1,4;205,05;205,7;0;0
2025-12;LOAD-M-05-0834;1;1;1,4;102,53;102,9;0;0
2024-01;AWP-01-0637;15;12,6;20,5;382,99;85,7;0;0
2024-02;AWP-01-0637;30;12,6;20,5;765,97;171,4;0;0
2024-03;AWP-01-0637;15;12,6;20,5;382,99;85,7;0;0
2024-04;AWP-01-0637;23;12,6;20,5;587,24;131,4;0;0
2024-05;AWP-01-0637;33;12,6;20,5;842,57;188,6;0;0
2024-06;AWP-01-0637;33;12,6;20,5;842,57;188,6;0;0
2024-07;AWP-01-0637;23;12,6;20,5;587,24;131,4;0;0
2024-08;AWP-01-0637;24;12,6;20,5;612,78;137,1;0;0
2024-09;AWP-01-0637;34;12,6;20,5;868,1;194,3;0;0
2024-10;AWP-01-0637;3;12,6;20,5;76,6;17,1;0;0
2024-11;AWP-01-0637;31;12,6;20,5;791,5;177,1;0;0
2024-12;AWP-01-0637;24;12,6;20,5;612,78;137,1;0;0
2025-01;AWP-01-0637;15;12,6;20,5;382,99;85,7;0;0
2025-02;AWP-01-0637;17;12,6;20,5;434,05;97,1;0;0
2025-03;AWP-01-0637;0;12,6;20,5;0,0;0,0;1;0
2025-04;AWP-01-0637;20;12,6;20,5;510,65;114,3;0;0
2025-05;AWP-01-0637;8;12,6;20,5;204,26;45,7;0;0
2025-06;AWP-01-0637;14;12,6;20,5;357,45;80,0;0;0
2025-07;AWP-01-0637;15;12,6;20,5;382,99;85,7;0;0
2025-08;AWP-01-0637;32;12,6;20,5;817,04;182,9;0;0
2025-09;AWP-01-0637;31;12,6;20,5;791,5;177,1;0;0
2025-10;AWP-01-0637;9;12,6;20,5;229,79;51,4;0;0
2025-11;AWP-01-0637;30;12,6;20,5;765,97;171,4;0;0
2025-12;AWP-01-0637;24;12,6;20,5;612,78;137,1;0;0
2024-01;MT-09-0053;0;1;1,4;0,0;0,0;1;0
2024-02;MT-09-0053;1;1;1,4;103,02;18,9;0;0
2024-03;MT-09-0053;2;1;1,4;206,04;37,9;0;0
2024-04;MT-09-0053;2;1;1,4;206,04;37,9;0;0
2024-05;MT-09-0053;1;1;1,4;103,02;18,9;0;0
2024-06;MT-09-0053;1;1;1,4;103,02;18,9;0;0
2024-07;MT-09-0053;1;1;1,4;103,02;18,9;0;0
2024-08;MT-09-0053;0;1;1,4;0,0;0,0;1;0
2024-09;MT-09-0053;1;1;1,4;103,02;18,9;0;0
2024-10;MT-09-0053;0;1;1,4;0,0;0,0;1;0
2024-11;MT-09-0053;1;1;1,4;103,02;18,9;0;0
2024-12;MT-09-0053;1;1;1,4;103,02;18,9;0;0
2025-01;MT-09-0053;0;1;1,4;0,0;0,0;1;0
2025-02;MT-09-0053;1;1;1,4;103,02;18,9;0;0
2025-03;MT-09-0053;0;1;1,4;0,0;0,0;1;0
2025-04;MT-09-0053;1;1;1,4;103,02;18,9;0;0
2025-05;MT-09-0053;1;1;1,4;103,02;18,9;0;0
2025-06;MT-09-0053;0;1;1,4;0,0;0,0;1;0
2025-07;MT-09-0053;1;1;1,4;103,02;18,9;0;0
2025-08;MT-09-0053;0;1;1,4;0,0;0,0;1;0
2025-09;MT-09-0053;1;1;1,4;103,02;18,9;0;0
2025-10;MT-09-0053;0;1;1,4;0,0;0,0;1;0
2025-11;MT-09-0053;1;1;1,4;103,02;18,9;0;0
2025-12;MT-09-0053;1;1;1,4;103,02;18,9;0;0
2024-01;MI-MC-09-0498;2;1,6;2,9;232,92;45,0;0;0
2024-02;MI-MC-09-0498;3;1,6;2,9;349,39;67,5;0;0
2024-03;MI-MC-09-0498;3;1,6;2,9;349,39;67,5;0;0
2024-04;MI-MC-09-0498;1;1,6;2,9;116,46;22,5;0;0
2024-05;MI-MC-09-0498;0;1,6;2,9;0,0;0,0;1;0
2024-06;MI-MC-09-0498;0;1,6;2,9;0,0;0,0;1;0
2024-07;MI-MC-09-0498;4;1,6;2,9;465,85;90,0;0;0
2024-08;MI-MC-09-0498;5;1,6;2,9;582,31;112,5;0;0
2024-09;MI-MC-09-0498;2;1,6;2,9;232,92;45,0;0;0
2024-10;MI-MC-09-0498;3;1,6;2,9;349,39;67,5;0;0
2024-11;MI-MC-09-0498;5;1,6;2,9;582,31;112,5;0;0
2024-12;MI-MC-09-0498;2;1,6;2,9;232,92;45,0;0;0
2025-01;MI-MC-09-0498;2;1,6;2,9;232,92;45,0;0;0
2025-02;MI-MC-09-0498;0;1,6;2,9;0,0;0,0;1;0
2025-03;MI-MC-09-0498;3;1,6;2,9;349,39;67,5;0;0
2025-04;MI-MC-09-0498;2;1,6;2,9;232,92;45,0;0;0
2025-05;MI-MC-09-0498;1;1,6;2,9;116,46;22,5;0;0
2025-06;MI-MC-09-0498;2;1,6;2,9;232,92;45,0;0;0
2025-07;MI-MC-09-0498;3;1,6;2,9;349,39;67,5;0;0
2025-08;MI-MC-09-0498;4;1,6;2,9;465,85;90,0;0;0
2025-09;MI-MC-09-0498;1;1,6;2,9;116,46;22,5;0;0
2025-10;MI-MC-09-0498;2;1,6;2,9;232,92;45,0;0;0
2025-11;MI-MC-09-0498;2;1,6;2,9;232,92;45,0;0;0
2025-12;MI-MC-09-0498;3;1,6;2,9;349,39;67,5;0;0
2024-01;LOAD-09-0768;3;2,1;3,4;154,61;32,2;0;0
2024-02;LOAD-09-0768;2;2,1;3,4;103,08;21,5;0;0
2024-03;LOAD-09-0768;0;2,1;3,4;0,0;0,0;1;0
2024-04;LOAD-09-0768;4;2,1;3,4;206,15;43,0;0;0
2024-05;LOAD-09-0768;3;2,1;3,4;154,61;32,2;0;0
2024-06;LOAD-09-0768;0;2,1;3,4;0,0;0,0;1;0
2024-07;LOAD-09-0768;4;2,1;3,4;206,15;43,0;0;0
2024-08;LOAD-09-0768;0;2,1;3,4;0,0;0,0;1;0
2024-09;LOAD-09-0768;1;2,1;3,4;51,54;10,7;0;0
2024-10;LOAD-09-0768;5;2,1;3,4;257,69;53,7;0;0
2024-11;LOAD-09-0768;4;2,1;3,4;206,15;43,0;0;0
2024-12;LOAD-09-0768;3;2,1;3,4;154,61;32,2;0;0
2025-01;LOAD-09-0768;4;2,1;3,4;206,15;43,0;0;0
2025-02;LOAD-09-0768;5;2,1;3,4;257,69;53,7;0;0
2025-03;LOAD-09-0768;1;2,1;3,4;51,54;10,7;0;0
2025-04;LOAD-09-0768;2;2,1;3,4;103,08;21,5;0;0
2025-05;LOAD-09-0768;4;2,1;3,4;206,15;43,0;0;0
2025-06;LOAD-09-0768;5;2,1;3,4;257,69;53,7;0;0
2025-07;LOAD-09-0768;4;2,1;3,4;206,15;43,0;0;0
2025-08;LOAD-09-0768;6;2,1;3,4;309,23;64,5;0;0
2025-09;LOAD-09-0768;4;2,1;3,4;206,15;43,0;0;0
2025-10;LOAD-09-0768;1;2,1;3,4;51,54;10,7;0;0
2025-11;LOAD-09-0768;2;2,1;3,4;103,08;21,5;0;0
2025-12;LOAD-09-0768;2;2,1;3,4;103,08;21,5;0;0
2024-01;MI-MC-04-0540;0;1;1,2;0,0;0,0;1;0
2024-02;MI-MC-04-0540;0;1;1,2;0,0;0,0;1;0
2024-03;MI-MC-04-0540;1;1;1,2;171,33;28,8;0;0
2024-04;MI-MC-04-0540;1;1;1,2;171,33;28,8;0;0
2024-05;MI-MC-04-0540;1;1;1,2;171,33;28,8;0;0
2024-06;MI-MC-04-0540;1;1;1,2;171,33;28,8;0;0
2024-07;MI-MC-04-0540;1;1;1,2;171,33;28,8;0;0
2024-08;MI-MC-04-0540;1;1;1,2;171,33;28,8;0;0
2024-09;MI-MC-04-0540;0;1;1,2;0,0;0,0;1;0
2024-10;MI-MC-04-0540;0;1;1,2;0,0;0,0;1;0
2024-11;MI-MC-04-0540;1;1;1,2;171,33;28,8;0;0
2024-12;MI-MC-04-0540;1;1;1,2;171,33;28,8;0;0
2025-01;MI-MC-04-0540;0;1;1,2;0,0;0,0;1;0
2025-02;MI-MC-04-0540;0;1;1,2;0,0;0,0;1;0
2025-03;MI-MC-04-0540;0;1;1,2;0,0;0,0;1;0
2025-04;MI-MC-04-0540;1;1;1,2;171,33;28,8;0;0
2025-05;MI-MC-04-0540;1;1;1,2;171,33;28,8;0;0
2025-06;MI-MC-04-0540;0;1;1,2;0,0;0,0;1;0
2025-07;MI-MC-04-0540;2;1;1,2;342,66;57,6;0;0
2025-08;MI-MC-04-0540;0;1;1,2;0,0;0,0;1;0
2025-09;MI-MC-04-0540;1;1;1,2;171,33;28,8;0;0
2025-10;MI-MC-04-0540;1;1;1,2;171,33;28,8;0;0
2025-11;MI-MC-04-0540;2;1;1,2;342,66;57,6;0;0
2025-12;MI-MC-04-0540;1;1;1,2;171,33;28,8;0;0
2024-01;MLT-06-0365;1;1;1,6;131,96;17,6;0;0
2024-02;MLT-06-0365;1;1;1,6;131,96;17,6;0;0
2024-03;MLT-06-0365;2;1;1,6;263,92;35,1;0;0
2024-04;MLT-06-0365;2;1;1,6;263,92;35,1;0;0
2024-05;MLT-06-0365;3;1;1,6;395,88;52,7;0;0
2024-06;MLT-06-0365;0;1;1,6;0,0;0,0;1;0
2024-07;MLT-06-0365;0;1;1,6;0,0;0,0;1;0
2024-08;MLT-06-0365;2;1;1,6;263,92;35,1;0;0
2024-09;MLT-06-0365;2;1;1,6;263,92;35,1;0;0
2024-10;MLT-06-0365;1;1;1,6;131,96;17,6;0;0
2024-11;MLT-06-0365;2;1;1,6;263,92;35,1;0;0
2024-12;MLT-06-0365;2;1;1,6;263,92;35,1;0;0
2025-01;MLT-06-0365;2;1;1,6;263,92;35,1;0;0
2025-02;MLT-06-0365;0;1;1,6;0,0;0,0;1;0
2025-03;MLT-06-0365;1;1;1,6;131,96;17,6;0;0
2025-04;MLT-06-0365;2;1;1,6;263,92;35,1;0;0
2025-05;MLT-06-0365;0;1;1,6;0,0;0,0;1;0
2025-06;MLT-06-0365;1;1;1,6;131,96;17,6;0;0
2025-07;MLT-06-0365;0;1;1,6;0,0;0,0;1;0
2025-08;MLT-06-0365;1;1;1,6;131,96;17,6;0;0
2025-09;MLT-06-0365;0;1;1,6;0,0;0,0;1;0
2025-10;MLT-06-0365;0;1;1,6;0,0;0,0;1;0
2025-11;MLT-06-0365;2;1;1,6;263,92;35,1;0;0
2025-12;MLT-06-0365;1;1;1,6;131,96;17,6;0;0
2024-01;LOAD-M-06-0810;0;1;1,1;0,0;0,0;1;0
2024-02;LOAD-M-06-0810;1;1;1,1;73,46;20,0;0;0
2024-03;LOAD-M-06-0810;1;1;1,1;73,46;20,0;0;0
2024-04;LOAD-M-06-0810;1;1;1,1;73,46;20,0;0;0
2024-05;LOAD-M-06-0810;0;1;1,1;0,0;0,0;1;0
2024-06;LOAD-M-06-0810;0;1;1,1;0,0;0,0;1;0
2024-07;LOAD-M-06-0810;0;1;1,1;0,0;0,0;1;0
2024-08;LOAD-M-06-0810;1;1;1,1;73,46;20,0;0;0
2024-09;LOAD-M-06-0810;1;1;1,1;73,46;20,0;0;0
2024-10;LOAD-M-06-0810;1;1;1,1;73,46;20,0;0;0
2024-11;LOAD-M-06-0810;1;1;1,1;73,46;20,0;0;0
2024-12;LOAD-M-06-0810;0;1;1,1;0,0;0,0;1;0
2025-01;LOAD-M-06-0810;1;1;1,1;73,46;20,0;0;0
2025-02;LOAD-M-06-0810;1;1;1,1;73,46;20,0;0;0
2025-03;LOAD-M-06-0810;0;1;1,1;0,0;0,0;1;0
2025-04;LOAD-M-06-0810;0;1;1,1;0,0;0,0;1;0
2025-05;LOAD-M-06-0810;0;1;1,1;0,0;0,0;1;0
2025-06;LOAD-M-06-0810;0;1;1,1;0,0;0,0;1;0
2025-07;LOAD-M-06-0810;1;1;1,1;73,46;20,0;0;0
2025-08;LOAD-M-06-0810;0;1;1,1;0,0;0,0;1;0
2025-09;LOAD-M-06-0810;1;1;1,1;73,46;20,0;0;0
2025-10;LOAD-M-06-0810;1;1;1,1;73,46;20,0;0;0
2025-11;LOAD-M-06-0810;0;1;1,1;0,0;0,0;1;0
2025-12;LOAD-M-06-0810;1;1;1,1;73,46;20,0;0;0
2024-01;MT-08-0011;18;15,4;28,2;544,29;63,2;0;0
2024-02;MT-08-0011;47;15,4;28,2;1421,21;165,1;0;0
2024-03;MT-08-0011;27;15,4;28,2;816,44;94,8;0;0
2024-04;MT-08-0011;33;15,4;28,2;997,87;115,9;0;0
2024-05;MT-08-0011;33;15,4;28,2;997,87;115,9;0;0
2024-06;MT-08-0011;23;15,4;28,2;695,48;80,8;0;0
2024-07;MT-08-0011;15;15,4;28,2;453,58;52,7;0;0
2024-08;MT-08-0011;43;15,4;28,2;1300,25;151,0;0;0
2024-09;MT-08-0011;44;15,4;28,2;1330,49;154,5;0;0
2024-10;MT-08-0011;24;15,4;28,2;725,72;84,3;0;0
2024-11;MT-08-0011;13;15,4;28,2;393,1;45,7;0;0
2024-12;MT-08-0011;34;15,4;28,2;1028,11;119,4;0;0
2025-01;MT-08-0011;14;15,4;28,2;423,34;49,2;0;0
2025-02;MT-08-0011;18;15,4;28,2;544,29;63,2;0;0
2025-03;MT-08-0011;45;15,4;28,2;1360,73;158,0;0;0
2025-04;MT-08-0011;10;15,4;28,2;302,38;35,1;0;0
2025-05;MT-08-0011;18;15,4;28,2;544,29;63,2;0;0
2025-06;MT-08-0011;45;15,4;28,2;1360,73;158,0;0;0
2025-07;MT-08-0011;31;15,4;28,2;937,39;108,9;0;0
2025-08;MT-08-0011;29;15,4;28,2;876,92;101,9;0;0
2025-09;MT-08-0011;22;15,4;28,2;665,25;77,3;0;0
2025-10;MT-08-0011;11;15,4;28,2;332,62;38,6;0;0
2025-11;MT-08-0011;23;15,4;28,2;695,48;80,8;0;0
2025-12;MT-08-0011;9;15,4;28,2;272,15;31,6;0;0
2024-01;AWP-09-0678;7;3,4;5,5;351,04;98,8;0;0
2024-02;AWP-09-0678;0;3,4;5,5;0,0;0,0;1;0
2024-03;AWP-09-0678;5;3,4;5,5;250,74;70,6;0;0
2024-04;AWP-09-0678;5;3,4;5,5;250,74;70,6;0;0
2024-05;AWP-09-0678;5;3,4;5,5;250,74;70,6;0;0
2024-06;AWP-09-0678;0;3,4;5,5;0,0;0,0;1;0
2024-07;AWP-09-0678;2;3,4;5,5;100,3;28,2;0;0
2024-08;AWP-09-0678;5;3,4;5,5;250,74;70,6;0;0
2024-09;AWP-09-0678;2;3,4;5,5;100,3;28,2;0;0
2024-10;AWP-09-0678;8;3,4;5,5;401,19;112,9;0;0
2024-11;AWP-09-0678;4;3,4;5,5;200,59;56,5;0;0
2024-12;AWP-09-0678;8;3,4;5,5;401,19;112,9;0;0
2025-01;AWP-09-0678;7;3,4;5,5;351,04;98,8;0;0
2025-02;AWP-09-0678;3;3,4;5,5;150,45;42,4;0;0
2025-03;AWP-09-0678;6;3,4;5,5;300,89;84,7;0;0
2025-04;AWP-09-0678;5;3,4;5,5;250,74;70,6;0;0
2025-05;AWP-09-0678;2;3,4;5,5;100,3;28,2;0;0
2025-06;AWP-09-0678;3;3,4;5,5;150,45;42,4;0;0
2025-07;AWP-09-0678;4;3,4;5,5;200,59;56,5;0;0
2025-08;AWP-09-0678;4;3,4;5,5;200,59;56,5;0;0
2025-09;AWP-09-0678;5;3,4;5,5;250,74;70,6;0;0
2025-10;AWP-09-0678;7;3,4;5,5;351,04;98,8;0;0
2025-11;AWP-09-0678;4;3,4;5,5;200,59;56,5;0;0
2025-12;AWP-09-0678;6;3,4;5,5;300,89;84,7;0;0
2024-01;MT-03-0151;1;1;1,7;203,64;20,0;0;0
2024-02;MT-03-0151;2;1;1,7;407,28;40,0;0;0
2024-03;MT-03-0151;1;1;1,7;203,64;20,0;0;0
2024-04;MT-03-0151;0;1;1,7;0,0;0,0;1;0
2024-05;MT-03-0151;4;1;1,7;814,56;80,0;0;0
2024-06;MT-03-0151;2;1;1,7;407,28;40,0;0;0
2024-07;MT-03-0151;1;1;1,7;203,64;20,0;0;0
2024-08;MT-03-0151;1;1;1,7;203,64;20,0;0;0
2024-09;MT-03-0151;2;1;1,7;407,28;40,0;0;0
2024-10;MT-03-0151;0;1;1,7;0,0;0,0;1;0
2024-11;MT-03-0151;1;1;1,7;203,64;20,0;0;0
2024-12;MT-03-0151;2;1;1,7;407,28;40,0;0;0
2025-01;MT-03-0151;1;1;1,7;203,64;20,0;0;0
2025-02;MT-03-0151;3;1;1,7;610,92;60,0;0;0
2025-03;MT-03-0151;2;1;1,7;407,28;40,0;0;0
2025-04;MT-03-0151;2;1;1,7;407,28;40,0;0;0
2025-05;MT-03-0151;2;1;1,7;407,28;40,0;0;0
2025-06;MT-03-0151;0;1;1,7;0,0;0,0;1;0
2025-07;MT-03-0151;1;1;1,7;203,64;20,0;0;0
2025-08;MT-03-0151;1;1;1,7;203,64;20,0;0;0
2025-09;MT-03-0151;1;1;1,7;203,64;20,0;0;0
2025-10;MT-03-0151;2;1;1,7;407,28;40,0;0;0
2025-11;MT-03-0151;1;1;1,7;203,64;20,0;0;0
2025-12;MT-03-0151;1;1;1,7;203,64;20,0;0;0
2024-01;MLT-08-0279;3;1,4;2,6;81,58;12,9;0;0
2024-02;MLT-08-0279;2;1,4;2,6;54,39;8,6;0;0
2024-03;MLT-08-0279;1;1,4;2,6;27,19;4,3;0;0
2024-04;MLT-08-0279;2;1,4;2,6;54,39;8,6;0;0
2024-05;MLT-08-0279;1;1,4;2,6;27,19;4,3;0;0
2024-06;MLT-08-0279;2;1,4;2,6;54,39;8,6;0;0
2024-07;MLT-08-0279;1;1,4;2,6;27,19;4,3;0;0
2024-08;MLT-08-0279;1;1,4;2,6;27,19;4,3;0;0
2024-09;MLT-08-0279;2;1,4;2,6;54,39;8,6;0;0
2024-10;MLT-08-0279;3;1,4;2,6;81,58;12,9;0;0
2024-11;MLT-08-0279;1;1,4;2,6;27,19;4,3;0;0
2024-12;MLT-08-0279;1;1,4;2,6;27,19;4,3;0;0
2025-01;MLT-08-0279;3;1,4;2,6;81,58;12,9;0;0
2025-02;MLT-08-0279;2;1,4;2,6;54,39;8,6;0;0
2025-03;MLT-08-0279;4;1,4;2,6;108,77;17,2;0;0
2025-04;MLT-08-0279;2;1,4;2,6;54,39;8,6;0;0
2025-05;MLT-08-0279;4;1,4;2,6;108,77;17,2;0;0
2025-06;MLT-08-0279;1;1,4;2,6;27,19;4,3;0;0
2025-07;MLT-08-0279;2;1,4;2,6;54,39;8,6;0;0
2025-08;MLT-08-0279;1;1,4;2,6;27,19;4,3;0;0
2025-09;MLT-08-0279;1;1,4;2,6;27,19;4,3;0;0
2025-10;MLT-08-0279;4;1,4;2,6;108,77;17,2;0;0
2025-11;MLT-08-0279;2;1,4;2,6;54,39;8,6;0;0
2025-12;MLT-08-0279;2;1,4;2,6;54,39;8,6;0;0
2024-01;LOAD-05-0794;5;7,6;13,9;169,57;35,6;0;0
2024-02;LOAD-05-0794;20;7,6;13,9;678,27;142,6;0;0
2024-03;LOAD-05-0794;17;7,6;13,9;576,53;121,2;0;0
2024-04;LOAD-05-0794;0;7,6;13,9;0,0;0,0;1;0
2024-05;LOAD-05-0794;0;7,6;13,9;0,0;0,0;1;0
2024-06;LOAD-05-0794;8;7,6;13,9;271,31;57,0;0;0
2024-07;LOAD-05-0794;13;7,6;13,9;440,88;92,7;0;0
2024-08;LOAD-05-0794;22;7,6;13,9;746,1;156,8;0;0
2024-09;LOAD-05-0794;11;7,6;13,9;373,05;78,4;0;0
2024-10;LOAD-05-0794;16;7,6;13,9;542,62;114,1;0;0
2024-11;LOAD-05-0794;9;7,6;13,9;305,22;64,2;0;0
2024-12;LOAD-05-0794;4;7,6;13,9;135,65;28,5;0;0
2025-01;LOAD-05-0794;16;7,6;13,9;542,62;114,1;0;0
2025-02;LOAD-05-0794;11;7,6;13,9;373,05;78,4;0;0
2025-03;LOAD-05-0794;18;7,6;13,9;610,44;128,3;0;0
2025-04;LOAD-05-0794;15;7,6;13,9;508,7;106,9;0;0
2025-05;LOAD-05-0794;23;7,6;13,9;780,01;164,0;0;0
2025-06;LOAD-05-0794;16;7,6;13,9;542,62;114,1;0;0
2025-07;LOAD-05-0794;6;7,6;13,9;203,48;42,8;0;0
2025-08;LOAD-05-0794;16;7,6;13,9;542,62;114,1;0;0
2025-09;LOAD-05-0794;19;7,6;13,9;644,36;135,4;0;0
2025-10;LOAD-05-0794;5;7,6;13,9;169,57;35,6;0;0
2025-11;LOAD-05-0794;8;7,6;13,9;271,31;57,0;0;0
2025-12;LOAD-05-0794;7;7,6;13,9;237,39;49,9;0;0
2024-01;MLT-09-0223;3;1,6;2,6;299,6;42,4;0;0
2024-02;MLT-09-0223;2;1,6;2,6;199,73;28,2;0;0
2024-03;MLT-09-0223;2;1,6;2,6;199,73;28,2;0;0
2024-04;MLT-09-0223;2;1,6;2,6;199,73;28,2;0;0
2024-05;MLT-09-0223;0;1,6;2,6;0,0;0,0;1;0
2024-06;MLT-09-0223;3;1,6;2,6;299,6;42,4;0;0
2024-07;MLT-09-0223;1;1,6;2,6;99,87;14,1;0;0
2024-08;MLT-09-0223;2;1,6;2,6;199,73;28,2;0;0
2024-09;MLT-09-0223;0;1,6;2,6;0,0;0,0;1;0
2024-10;MLT-09-0223;0;1,6;2,6;0,0;0,0;1;0
2024-11;MLT-09-0223;1;1,6;2,6;99,87;14,1;0;0
2024-12;MLT-09-0223;2;1,6;2,6;199,73;28,2;0;0
2025-01;MLT-09-0223;3;1,6;2,6;299,6;42,4;0;0
2025-02;MLT-09-0223;2;1,6;2,6;199,73;28,2;0;0
2025-03;MLT-09-0223;2;1,6;2,6;199,73;28,2;0;0
2025-04;MLT-09-0223;1;1,6;2,6;99,87;14,1;0;0
2025-05;MLT-09-0223;2;1,6;2,6;199,73;28,2;0;0
2025-06;MLT-09-0223;2;1,6;2,6;199,73;28,2;0;0
2025-07;MLT-09-0223;2;1,6;2,6;199,73;28,2;0;0
2025-08;MLT-09-0223;3;1,6;2,6;299,6;42,4;0;0
2025-09;MLT-09-0223;2;1,6;2,6;199,73;28,2;0;0
2025-10;MLT-09-0223;3;1,6;2,6;299,6;42,4;0;0
2025-11;MLT-09-0223;0;1,6;2,6;0,0;0,0;1;0
2025-12;MLT-09-0223;1;1,6;2,6;99,87;14,1;0;0
2024-01;MI-MC-04-0506;0;1;1,1;0,0;0,0;1;0
2024-02;MI-MC-04-0506;1;1;1,1;152,5;180,0;0;0
2024-03;MI-MC-04-0506;1;1;1,1;152,5;180,0;0;0
2024-04;MI-MC-04-0506;1;1;1,1;152,5;180,0;0;0
2024-05;MI-MC-04-0506;1;1;1,1;152,5;180,0;0;0
2024-06;MI-MC-04-0506;1;1;1,1;152,5;180,0;0;0
2024-07;MI-MC-04-0506;1;1;1,1;152,5;180,0;0;0
2024-08;MI-MC-04-0506;1;1;1,1;152,5;180,0;0;0
2024-09;MI-MC-04-0506;0;1;1,1;0,0;0,0;1;0
2024-10;MI-MC-04-0506;1;1;1,1;152,5;180,0;0;0
2024-11;MI-MC-04-0506;0;1;1,1;0,0;0,0;1;0
2024-12;MI-MC-04-0506;0;1;1,1;0,0;0,0;1;0
2025-01;MI-MC-04-0506;1;1;1,1;152,5;180,0;0;0
2025-02;MI-MC-04-0506;1;1;1,1;152,5;180,0;0;0
2025-03;MI-MC-04-0506;0;1;1,1;0,0;0,0;1;0
2025-04;MI-MC-04-0506;1;1;1,1;152,5;180,0;0;0
2025-05;MI-MC-04-0506;0;1;1,1;0,0;0,0;1;0
2025-06;MI-MC-04-0506;1;1;1,1;152,5;180,0;0;0
2025-07;MI-MC-04-0506;1;1;1,1;152,5;180,0;0;0
2025-08;MI-MC-04-0506;0;1;1,1;0,0;0,0;1;0
2025-09;MI-MC-04-0506;1;1;1,1;152,5;180,0;0;0
2025-10;MI-MC-04-0506;1;1;1,1;152,5;180,0;0;0
2025-11;MI-MC-04-0506;1;1;1,1;152,5;180,0;0;0
2025-12;MI-MC-04-0506;1;1;1,1;152,5;180,0;0;0
2024-01;LOAD-M-09-0862;3;1,2;2,0;262,27;120,0;0;0
2024-02;LOAD-M-09-0862;1;1,2;2,0;87,42;40,0;0;0
2024-03;LOAD-M-09-0862;1;1,2;2,0;87,42;40,0;0;0
2024-04;LOAD-M-09-0862;2;1,2;2,0;174,84;80,0;0;0
2024-05;LOAD-M-09-0862;2;1,2;2,0;174,84;80,0;0;0
2024-06;LOAD-M-09-0862;0;1,2;2,0;0,0;0,0;1;0
2024-07;LOAD-M-09-0862;2;1,2;2,0;174,84;80,0;0;0
2024-08;LOAD-M-09-0862;1;1,2;2,0;87,42;40,0;0;0
2024-09;LOAD-M-09-0862;0;1,2;2,0;0,0;0,0;1;0
2024-10;LOAD-M-09-0862;2;1,2;2,0;174,84;80,0;0;0
2024-11;LOAD-M-09-0862;4;1,2;2,0;349,69;160,0;0;0
2024-12;LOAD-M-09-0862;0;1,2;2,0;0,0;0,0;1;0
2025-01;LOAD-M-09-0862;2;1,2;2,0;174,84;80,0;0;0
2025-02;LOAD-M-09-0862;3;1,2;2,0;262,27;120,0;0;0
2025-03;LOAD-M-09-0862;2;1,2;2,0;174,84;80,0;0;0
2025-04;LOAD-M-09-0862;0;1,2;2,0;0,0;0,0;1;0
2025-05;LOAD-M-09-0862;4;1,2;2,0;349,69;160,0;0;0
2025-06;LOAD-M-09-0862;1;1,2;2,0;87,42;40,0;0;0
2025-07;LOAD-M-09-0862;1;1,2;2,0;87,42;40,0;0;0
2025-08;LOAD-M-09-0862;1;1,2;2,0;87,42;40,0;0;0
2025-09;LOAD-M-09-0862;0;1,2;2,0;0,0;0,0;1;0
2025-10;LOAD-M-09-0862;2;1,2;2,0;174,84;80,0;0;0
2025-11;LOAD-M-09-0862;3;1,2;2,0;262,27;120,0;0;0
2025-12;LOAD-M-09-0862;1;1,2;2,0;87,42;40,0;0;0
2024-01;LOAD-M-06-0868;2;2,5;4,1;146,22;37,9;0;0
2024-02;LOAD-M-06-0868;4;2,5;4,1;292,44;75,8;0;0
2024-03;LOAD-M-06-0868;4;2,5;4,1;292,44;75,8;0;0
2024-04;LOAD-M-06-0868;7;2,5;4,1;511,77;132,6;0;0
2024-05;LOAD-M-06-0868;2;2,5;4,1;146,22;37,9;0;0
2024-06;LOAD-M-06-0868;4;2,5;4,1;292,44;75,8;0;0
2024-07;LOAD-M-06-0868;4;2,5;4,1;292,44;75,8;0;0
2024-08;LOAD-M-06-0868;3;2,5;4,1;219,33;56,8;0;0
2024-09;LOAD-M-06-0868;7;2,5;4,1;511,77;132,6;0;0
2024-10;LOAD-M-06-0868;5;2,5;4,1;365,55;94,7;0;0
2024-11;LOAD-M-06-0868;1;2,5;4,1;73,11;18,9;0;0
2024-12;LOAD-M-06-0868;2;2,5;4,1;146,22;37,9;0;0
2025-01;LOAD-M-06-0868;7;2,5;4,1;511,77;132,6;0;0
2025-02;LOAD-M-06-0868;3;2,5;4,1;219,33;56,8;0;0
2025-03;LOAD-M-06-0868;4;2,5;4,1;292,44;75,8;0;0
2025-04;LOAD-M-06-0868;2;2,5;4,1;146,22;37,9;0;0
2025-05;LOAD-M-06-0868;3;2,5;4,1;219,33;56,8;0;0
2025-06;LOAD-M-06-0868;5;2,5;4,1;365,55;94,7;0;0
2025-07;LOAD-M-06-0868;8;2,5;4,1;584,88;151,6;0;0
2025-08;LOAD-M-06-0868;0;2,5;4,1;0,0;0,0;1;0
2025-09;LOAD-M-06-0868;2;2,5;4,1;146,22;37,9;0;0
2025-10;LOAD-M-06-0868;2;2,5;4,1;146,22;37,9;0;0
2025-11;LOAD-M-06-0868;3;2,5;4,1;219,33;56,8;0;0
2025-12;LOAD-M-06-0868;5;2,5;4,1;365,55;94,7;0;0
2024-01;LOAD-M-02-0817;1;1;1,4;172,52;80,0;0;0
2024-02;LOAD-M-02-0817;0;1;1,4;0,0;0,0;1;0
2024-03;LOAD-M-02-0817;1;1;1,4;172,52;80,0;0;0
2024-04;LOAD-M-02-0817;1;1;1,4;172,52;80,0;0;0
2024-05;LOAD-M-02-0817;2;1;1,4;345,05;160,0;0;0
2024-06;LOAD-M-02-0817;1;1;1,4;172,52;80,0;0;0
2024-07;LOAD-M-02-0817;2;1;1,4;345,05;160,0;0;0
2024-08;LOAD-M-02-0817;0;1;1,4;0,0;0,0;1;0
2024-09;LOAD-M-02-0817;1;1;1,4;172,52;80,0;0;0
2024-10;LOAD-M-02-0817;1;1;1,4;172,52;80,0;0;0
2024-11;LOAD-M-02-0817;2;1;1,4;345,05;160,0;0;0
2024-12;LOAD-M-02-0817;1;1;1,4;172,52;80,0;0;0
2025-01;LOAD-M-02-0817;2;1;1,4;345,05;160,0;0;0
2025-02;LOAD-M-02-0817;0;1;1,4;0,0;0,0;1;0
2025-03;LOAD-M-02-0817;1;1;1,4;172,52;80,0;0;0
2025-04;LOAD-M-02-0817;1;1;1,4;172,52;80,0;0;0
2025-05;LOAD-M-02-0817;2;1;1,4;345,05;160,0;0;0
2025-06;LOAD-M-02-0817;2;1;1,4;345,05;160,0;0;0
2025-07;LOAD-M-02-0817;1;1;1,4;172,52;80,0;0;0
2025-08;LOAD-M-02-0817;1;1;1,4;172,52;80,0;0;0
2025-09;LOAD-M-02-0817;3;1;1,4;517,57;240,0;0;0
2025-10;LOAD-M-02-0817;0;1;1,4;0,0;0,0;1;0
2025-11;LOAD-M-02-0817;0;1;1,4;0,0;0,0;1;0
2025-12;LOAD-M-02-0817;2;1;1,4;345,05;160,0;0;0
2024-01;MT-08-0021;2;1,2;2,3;43,66;5,8;0;0
2024-02;MT-08-0021;1;1,2;2,3;21,83;2,9;0;0
2024-03;MT-08-0021;3;1,2;2,3;65,49;8,6;0;0
2024-04;MT-08-0021;0;1,2;2,3;0,0;0,0;1;0
2024-05;MT-08-0021;3;1,2;2,3;65,49;8,6;0;0
2024-06;MT-08-0021;1;1,2;2,3;21,83;2,9;0;0
2024-07;MT-08-0021;2;1,2;2,3;43,66;5,8;0;0
2024-08;MT-08-0021;3;1,2;2,3;65,49;8,6;0;0
2024-09;MT-08-0021;2;1,2;2,3;43,66;5,8;0;0
2024-10;MT-08-0021;4;1,2;2,3;87,33;11,5;0;0
2024-11;MT-08-0021;1;1,2;2,3;21,83;2,9;0;0
2024-12;MT-08-0021;2;1,2;2,3;43,66;5,8;0;0
2025-01;MT-08-0021;1;1,2;2,3;21,83;2,9;0;0
2025-02;MT-08-0021;0;1,2;2,3;0,0;0,0;1;0
2025-03;MT-08-0021;3;1,2;2,3;65,49;8,6;0;0
2025-04;MT-08-0021;4;1,2;2,3;87,33;11,5;0;0
2025-05;MT-08-0021;1;1,2;2,3;21,83;2,9;0;0
2025-06;MT-08-0021;2;1,2;2,3;43,66;5,8;0;0
2025-07;MT-08-0021;2;1,2;2,3;43,66;5,8;0;0
2025-08;MT-08-0021;1;1,2;2,3;21,83;2,9;0;0
2025-09;MT-08-0021;3;1,2;2,3;65,49;8,6;0;0
2025-10;MT-08-0021;3;1,2;2,3;65,49;8,6;0;0
2025-11;MT-08-0021;1;1,2;2,3;21,83;2,9;0;0
2025-12;MT-08-0021;4;1,2;2,3;87,33;11,5;0;0
2024-01;AWP-02-0664;1;1;1,7;193,86;31,3;0;0
2024-02;AWP-02-0664;3;1;1,7;581,57;93,9;0;0
2024-03;AWP-02-0664;2;1;1,7;387,71;62,6;0;0
2024-04;AWP-02-0664;1;1;1,7;193,86;31,3;0;0
2024-05;AWP-02-0664;3;1;1,7;581,57;93,9;0;0
2024-06;AWP-02-0664;2;1;1,7;387,71;62,6;0;0
2024-07;AWP-02-0664;2;1;1,7;387,71;62,6;0;0
2024-08;AWP-02-0664;0;1;1,7;0,0;0,0;1;0
2024-09;AWP-02-0664;1;1;1,7;193,86;31,3;0;0
2024-10;AWP-02-0664;1;1;1,7;193,86;31,3;0;0
2024-11;AWP-02-0664;2;1;1,7;387,71;62,6;0;0
2024-12;AWP-02-0664;2;1;1,7;387,71;62,6;0;0
2025-01;AWP-02-0664;1;1;1,7;193,86;31,3;0;0
2025-02;AWP-02-0664;1;1;1,7;193,86;31,3;0;0
2025-03;AWP-02-0664;2;1;1,7;387,71;62,6;0;0
2025-04;AWP-02-0664;1;1;1,7;193,86;31,3;0;0
2025-05;AWP-02-0664;1;1;1,7;193,86;31,3;0;0
2025-06;AWP-02-0664;0;1;1,7;0,0;0,0;1;0
2025-07;AWP-02-0664;1;1;1,7;193,86;31,3;0;0
2025-08;AWP-02-0664;2;1;1,7;387,71;62,6;0;0
2025-09;AWP-02-0664;0;1;1,7;0,0;0,0;1;0
2025-10;AWP-02-0664;1;1;1,7;193,86;31,3;0;0
2025-11;AWP-02-0664;2;1;1,7;387,71;62,6;0;0
2025-12;AWP-02-0664;0;1;1,7;0,0;0,0;1;0
2024-01;TMM-09-0569;1;1;1,4;98,57;27,7;0;0
2024-02;TMM-09-0569;1;1;1,4;98,57;27,7;0;0
2024-03;TMM-09-0569;2;1;1,4;197,14;55,4;0;0
2024-04;TMM-09-0569;1;1;1,4;98,57;27,7;0;0
2024-05;TMM-09-0569;1;1;1,4;98,57;27,7;0;0
2024-06;TMM-09-0569;2;1;1,4;197,14;55,4;0;0
2024-07;TMM-09-0569;1;1;1,4;98,57;27,7;0;0
2024-08;TMM-09-0569;2;1;1,4;197,14;55,4;0;0
2024-09;TMM-09-0569;2;1;1,4;197,14;55,4;0;0
2024-10;TMM-09-0569;1;1;1,4;98,57;27,7;0;0
2024-11;TMM-09-0569;0;1;1,4;0,0;0,0;1;0
2024-12;TMM-09-0569;2;1;1,4;197,14;55,4;0;0
2025-01;TMM-09-0569;1;1;1,4;98,57;27,7;0;0
2025-02;TMM-09-0569;1;1;1,4;98,57;27,7;0;0
2025-03;TMM-09-0569;2;1;1,4;197,14;55,4;0;0
2025-04;TMM-09-0569;2;1;1,4;197,14;55,4;0;0
2025-05;TMM-09-0569;1;1;1,4;98,57;27,7;0;0
2025-06;TMM-09-0569;1;1;1,4;98,57;27,7;0;0
2025-07;TMM-09-0569;2;1;1,4;197,14;55,4;0;0
2025-08;TMM-09-0569;0;1;1,4;0,0;0,0;1;0
2025-09;TMM-09-0569;0;1;1,4;0,0;0,0;1;0
2025-10;TMM-09-0569;2;1;1,4;197,14;55,4;0;0
2025-11;TMM-09-0569;1;1;1,4;98,57;27,7;0;0
2025-12;TMM-09-0569;1;1;1,4;98,57;27,7;0;0
2024-01;MLT-01-0328;2;1;1,8;93,13;12,6;0;0
2024-02;MLT-01-0328;1;1;1,8;46,57;6,3;0;0
2024-03;MLT-01-0328;2;1;1,8;93,13;12,6;0;0
2024-04;MLT-01-0328;2;1;1,8;93,13;12,6;0;0
2024-05;MLT-01-0328;3;1;1,8;139,7;18,9;0;0
2024-06;MLT-01-0328;2;1;1,8;93,13;12,6;0;0
2024-07;MLT-01-0328;1;1;1,8;46,57;6,3;0;0
2024-08;MLT-01-0328;2;1;1,8;93,13;12,6;0;0
2024-09;MLT-01-0328;0;1;1,8;0,0;0,0;1;0
2024-10;MLT-01-0328;2;1;1,8;93,13;12,6;0;0
2024-11;MLT-01-0328;3;1;1,8;139,7;18,9;0;0
2024-12;MLT-01-0328;2;1;1,8;93,13;12,6;0;0
2025-01;MLT-01-0328;0;1;1,8;0,0;0,0;1;0
2025-02;MLT-01-0328;1;1;1,8;46,57;6,3;0;0
2025-03;MLT-01-0328;1;1;1,8;46,57;6,3;0;0
2025-04;MLT-01-0328;1;1;1,8;46,57;6,3;0;0
2025-05;MLT-01-0328;0;1;1,8;0,0;0,0;1;0
2025-06;MLT-01-0328;2;1;1,8;93,13;12,6;0;0
2025-07;MLT-01-0328;0;1;1,8;0,0;0,0;1;0
2025-08;MLT-01-0328;1;1;1,8;46,57;6,3;0;0
2025-09;MLT-01-0328;2;1;1,8;93,13;12,6;0;0
2025-10;MLT-01-0328;2;1;1,8;93,13;12,6;0;0
2025-11;MLT-01-0328;3;1;1,8;139,7;18,9;0;0
2025-12;MLT-01-0328;1;1;1,8;46,57;6,3;0;0
2024-01;MT-09-0106;10;5,4;8,8;724,7;62,1;0;0
2024-02;MT-09-0106;9;5,4;8,8;652,23;55,9;0;0
2024-03;MT-09-0106;13;5,4;8,8;942,11;80,7;0;0
2024-04;MT-09-0106;14;5,4;8,8;1014,58;86,9;0;0
2024-05;MT-09-0106;5;5,4;8,8;362,35;31,0;0;0
2024-06;MT-09-0106;3;5,4;8,8;217,41;18,6;0;0
2024-07;MT-09-0106;0;5,4;8,8;0,0;0,0;1;0
2024-08;MT-09-0106;10;5,4;8,8;724,7;62,1;0;0
2024-09;MT-09-0106;12;5,4;8,8;869,64;74,5;0;0
2024-10;MT-09-0106;6;5,4;8,8;434,82;37,2;0;0
2024-11;MT-09-0106;13;5,4;8,8;942,11;80,7;0;0
2024-12;MT-09-0106;9;5,4;8,8;652,23;55,9;0;0
2025-01;MT-09-0106;5;5,4;8,8;362,35;31,0;0;0
2025-02;MT-09-0106;0;5,4;8,8;0,0;0,0;1;0
2025-03;MT-09-0106;10;5,4;8,8;724,7;62,1;0;0
2025-04;MT-09-0106;11;5,4;8,8;797,17;68,3;0;0
2025-05;MT-09-0106;15;5,4;8,8;1087,05;93,1;0;0
2025-06;MT-09-0106;2;5,4;8,8;144,94;12,4;0;0
2025-07;MT-09-0106;9;5,4;8,8;652,23;55,9;0;0
2025-08;MT-09-0106;8;5,4;8,8;579,76;49,7;0;0
2025-09;MT-09-0106;1;5,4;8,8;72,47;6,2;0;0
2025-10;MT-09-0106;11;5,4;8,8;797,17;68,3;0;0
2025-11;MT-09-0106;4;5,4;8,8;289,88;24,8;0;0
2025-12;MT-09-0106;6;5,4;8,8;434,82;37,2;0;0
2024-01;MT-10-0070;2;1,0;1,9;193,23;32,7;0;0
2024-02;MT-10-0070;2;1,0;1,9;193,23;32,7;0;0
2024-03;MT-10-0070;1;1,0;1,9;96,61;16,4;0;0
2024-04;MT-10-0070;1;1,0;1,9;96,61;16,4;0;0
2024-05;MT-10-0070;2;1,0;1,9;193,23;32,7;0;0
2024-06;MT-10-0070;3;1,0;1,9;289,84;49,1;0;0
2024-07;MT-10-0070;2;1,0;1,9;193,23;32,7;0;0
2024-08;MT-10-0070;2;1,0;1,9;193,23;32,7;0;0
2024-09;MT-10-0070;1;1,0;1,9;96,61;16,4;0;0
2024-10;MT-10-0070;1;1,0;1,9;96,61;16,4;0;0
2024-11;MT-10-0070;2;1,0;1,9;193,23;32,7;0;0
2024-12;MT-10-0070;1;1,0;1,9;96,61;16,4;0;0
2025-01;MT-10-0070;2;1,0;1,9;193,23;32,7;0;0
2025-02;MT-10-0070;3;1,0;1,9;289,84;49,1;0;0
2025-03;MT-10-0070;4;1,0;1,9;386,46;65,5;0;0
2025-04;MT-10-0070;1;1,0;1,9;96,61;16,4;0;0
2025-05;MT-10-0070;0;1,0;1,9;0,0;0,0;1;0
2025-06;MT-10-0070;2;1,0;1,9;193,23;32,7;0;0
2025-07;MT-10-0070;3;1,0;1,9;289,84;49,1;0;0
2025-08;MT-10-0070;2;1,0;1,9;193,23;32,7;0;0
2025-09;MT-10-0070;0;1,0;1,9;0,0;0,0;1;0
2025-10;MT-10-0070;3;1,0;1,9;289,84;49,1;0;0
2025-11;MT-10-0070;1;1,0;1,9;96,61;16,4;0;0
2025-12;MT-10-0070;1;1,0;1,9;96,61;16,4;0;0
2024-01;MI-MC-09-0538;2;3,6;6,5;98,63;20,3;0;0
2024-02;MI-MC-09-0538;5;3,6;6,5;246,58;50,7;0;0
2024-03;MI-MC-09-0538;8;3,6;6,5;394,53;81,1;0;0
2024-04;MI-MC-09-0538;1;3,6;6,5;49,32;10,1;0;0
2024-05;MI-MC-09-0538;5;3,6;6,5;246,58;50,7;0;0
2024-06;MI-MC-09-0538;9;3,6;6,5;443,84;91,3;0;0
2024-07;MI-MC-09-0538;6;3,6;6,5;295,89;60,8;0;0
2024-08;MI-MC-09-0538;9;3,6;6,5;443,84;91,3;0;0
2024-09;MI-MC-09-0538;9;3,6;6,5;443,84;91,3;0;0
2024-10;MI-MC-09-0538;5;3,6;6,5;246,58;50,7;0;0
2024-11;MI-MC-09-0538;4;3,6;6,5;197,26;40,6;0;0
2024-12;MI-MC-09-0538;0;3,6;6,5;0,0;0,0;1;0
2025-01;MI-MC-09-0538;6;3,6;6,5;295,89;60,8;0;0
2025-02;MI-MC-09-0538;1;3,6;6,5;49,32;10,1;0;0
2025-03;MI-MC-09-0538;5;3,6;6,5;246,58;50,7;0;0
2025-04;MI-MC-09-0538;5;3,6;6,5;246,58;50,7;0;0
2025-05;MI-MC-09-0538;4;3,6;6,5;197,26;40,6;0;0
2025-06;MI-MC-09-0538;3;3,6;6,5;147,95;30,4;0;0
2025-07;MI-MC-09-0538;7;3,6;6,5;345,21;71,0;0;0
2025-08;MI-MC-09-0538;13;3,6;6,5;641,1;131,8;0;0
2025-09;MI-MC-09-0538;11;3,6;6,5;542,47;111,5;0;0
2025-10;MI-MC-09-0538;8;3,6;6,5;394,53;81,1;0;0
2025-11;MI-MC-09-0538;7;3,6;6,5;345,21;71,0;0;0
2025-12;MI-MC-09-0538;3;3,6;6,5;147,95;30,4;0;0
2024-01;LOAD-M-06-0825;1;1;1,6;53,63;16,4;0;0
2024-02;LOAD-M-06-0825;1;1;1,6;53,63;16,4;0;0
2024-03;LOAD-M-06-0825;1;1;1,6;53,63;16,4;0;0
2024-04;LOAD-M-06-0825;1;1;1,6;53,63;16,4;0;0
2024-05;LOAD-M-06-0825;2;1;1,6;107,26;32,7;0;0
2024-06;LOAD-M-06-0825;1;1;1,6;53,63;16,4;0;0
2024-07;LOAD-M-06-0825;2;1;1,6;107,26;32,7;0;0
2024-08;LOAD-M-06-0825;1;1;1,6;53,63;16,4;0;0
2024-09;LOAD-M-06-0825;2;1;1,6;107,26;32,7;0;0
2024-10;LOAD-M-06-0825;2;1;1,6;107,26;32,7;0;0
2024-11;LOAD-M-06-0825;1;1;1,6;53,63;16,4;0;0
2024-12;LOAD-M-06-0825;2;1;1,6;107,26;32,7;0;0
2025-01;LOAD-M-06-0825;1;1;1,6;53,63;16,4;0;0
2025-02;LOAD-M-06-0825;1;1;1,6;53,63;16,4;0;0
2025-03;LOAD-M-06-0825;1;1;1,6;53,63;16,4;0;0
2025-04;LOAD-M-06-0825;1;1;1,6;53,63;16,4;0;0
2025-05;LOAD-M-06-0825;0;1;1,6;0,0;0,0;1;0
2025-06;LOAD-M-06-0825;0;1;1,6;0,0;0,0;1;0
2025-07;LOAD-M-06-0825;1;1;1,6;53,63;16,4;0;0
2025-08;LOAD-M-06-0825;2;1;1,6;107,26;32,7;0;0
2025-09;LOAD-M-06-0825;2;1;1,6;107,26;32,7;0;0
2025-10;LOAD-M-06-0825;1;1;1,6;53,63;16,4;0;0
2025-11;LOAD-M-06-0825;0;1;1,6;0,0;0,0;1;0
2025-12;LOAD-M-06-0825;2;1;1,6;107,26;32,7;0;0
2024-01;LOAD-08-0804;2;4,0;6,4;46,98;11,3;0;0
2024-02;LOAD-08-0804;7;4,0;6,4;164,42;39,7;0;0
2024-03;LOAD-08-0804;3;4,0;6,4;70,47;17,0;0;0
2024-04;LOAD-08-0804;8;4,0;6,4;187,91;45,4;0;0
2024-05;LOAD-08-0804;9;4,0;6,4;211,4;51,0;0;0
2024-06;LOAD-08-0804;8;4,0;6,4;187,91;45,4;0;0
2024-07;LOAD-08-0804;4;4,0;6,4;93,95;22,7;0;0
2024-08;LOAD-08-0804;11;4,0;6,4;258,38;62,4;0;0
2024-09;LOAD-08-0804;12;4,0;6,4;281,86;68,0;0;0
2024-10;LOAD-08-0804;6;4,0;6,4;140,93;34,0;0;0
2024-11;LOAD-08-0804;8;4,0;6,4;187,91;45,4;0;0
2024-12;LOAD-08-0804;6;4,0;6,4;140,93;34,0;0;0
2025-01;LOAD-08-0804;9;4,0;6,4;211,4;51,0;0;0
2025-02;LOAD-08-0804;8;4,0;6,4;187,91;45,4;0;0
2025-03;LOAD-08-0804;6;4,0;6,4;140,93;34,0;0;0
2025-04;LOAD-08-0804;7;4,0;6,4;164,42;39,7;0;0
2025-05;LOAD-08-0804;4;4,0;6,4;93,95;22,7;0;0
2025-06;LOAD-08-0804;6;4,0;6,4;140,93;34,0;0;0
2025-07;LOAD-08-0804;11;4,0;6,4;258,38;62,4;0;0
2025-08;LOAD-08-0804;7;4,0;6,4;164,42;39,7;0;0
2025-09;LOAD-08-0804;7;4,0;6,4;164,42;39,7;0;0
2025-10;LOAD-08-0804;11;4,0;6,4;258,38;62,4;0;0
2025-11;LOAD-08-0804;0;4,0;6,4;0,0;0,0;1;0
2025-12;LOAD-08-0804;10;4,0;6,4;234,89;56,7;0;0
2024-01;AWP-06-0624;2;1;1,2;206,05;80,0;0;0
2024-02;AWP-06-0624;0;1;1,2;0,0;0,0;1;0
2024-03;AWP-06-0624;2;1;1,2;206,05;80,0;0;0
2024-04;AWP-06-0624;1;1;1,2;103,02;40,0;0;0
2024-05;AWP-06-0624;1;1;1,2;103,02;40,0;0;0
2024-06;AWP-06-0624;0;1;1,2;0,0;0,0;1;0
2024-07;AWP-06-0624;1;1;1,2;103,02;40,0;0;0
2024-08;AWP-06-0624;0;1;1,2;0,0;0,0;1;0
2024-09;AWP-06-0624;0;1;1,2;0,0;0,0;1;0
2024-10;AWP-06-0624;1;1;1,2;103,02;40,0;0;0
2024-11;AWP-06-0624;1;1;1,2;103,02;40,0;0;0
2024-12;AWP-06-0624;0;1;1,2;0,0;0,0;1;0
2025-01;AWP-06-0624;2;1;1,2;206,05;80,0;0;0
2025-02;AWP-06-0624;0;1;1,2;0,0;0,0;1;0
2025-03;AWP-06-0624;0;1;1,2;0,0;0,0;1;0
2025-04;AWP-06-0624;1;1;1,2;103,02;40,0;0;0
2025-05;AWP-06-0624;1;1;1,2;103,02;40,0;0;0
2025-06;AWP-06-0624;0;1;1,2;0,0;0,0;1;0
2025-07;AWP-06-0624;0;1;1,2;0,0;0,0;1;0
2025-08;AWP-06-0624;1;1;1,2;103,02;40,0;0;0
2025-09;AWP-06-0624;1;1;1,2;103,02;40,0;0;0
2025-10;AWP-06-0624;0;1;1,2;0,0;0,0;1;0
2025-11;AWP-06-0624;1;1;1,2;103,02;40,0;0;0
2025-12;AWP-06-0624;1;1;1,2;103,02;40,0;0;0
2024-01;AWP-03-0670;0;1;1,1;0,0;0,0;1;0
2024-02;AWP-03-0670;0;1;1,1;0,0;0,0;1;0
2024-03;AWP-03-0670;0;1;1,1;0,0;0,0;1;0
2024-04;AWP-03-0670;0;1;1,1;0,0;0,0;1;0
2024-05;AWP-03-0670;0;1;1,1;0,0;0,0;1;0
2024-06;AWP-03-0670;1;1;1,1;131,9;60,0;0;0
2024-07;AWP-03-0670;0;1;1,1;0,0;0,0;1;0
2024-08;AWP-03-0670;1;1;1,1;131,9;60,0;0;0
2024-09;AWP-03-0670;1;1;1,1;131,9;60,0;0;0
2024-10;AWP-03-0670;1;1;1,1;131,9;60,0;0;0
2024-11;AWP-03-0670;2;1;1,1;263,81;120,0;0;0
2024-12;AWP-03-0670;0;1;1,1;0,0;0,0;1;0
2025-01;AWP-03-0670;0;1;1,1;0,0;0,0;1;0
2025-02;AWP-03-0670;0;1;1,1;0,0;0,0;1;0
2025-03;AWP-03-0670;1;1;1,1;131,9;60,0;0;0
2025-04;AWP-03-0670;1;1;1,1;131,9;60,0;0;0
2025-05;AWP-03-0670;0;1;1,1;0,0;0,0;1;0
2025-06;AWP-03-0670;1;1;1,1;131,9;60,0;0;0
2025-07;AWP-03-0670;0;1;1,1;0,0;0,0;1;0
2025-08;AWP-03-0670;0;1;1,1;0,0;0,0;1;0
2025-09;AWP-03-0670;1;1;1,1;131,9;60,0;0;0
2025-10;AWP-03-0670;1;1;1,1;131,9;60,0;0;0
2025-11;AWP-03-0670;0;1;1,1;0,0;0,0;1;0
2025-12;AWP-03-0670;0;1;1,1;0,0;0,0;1;0
2024-01;AWP-06-0675;0;1;1,4;0,0;0,0;1;0
2024-02;AWP-06-0675;1;1;1,4;99,16;23,2;0;0
2024-03;AWP-06-0675;1;1;1,4;99,16;23,2;0;0
2024-04;AWP-06-0675;1;1;1,4;99,16;23,2;0;0
2024-05;AWP-06-0675;1;1;1,4;99,16;23,2;0;0
2024-06;AWP-06-0675;2;1;1,4;198,32;46,5;0;0
2024-07;AWP-06-0675;3;1;1,4;297,48;69,7;0;0
2024-08;AWP-06-0675;0;1;1,4;0,0;0,0;1;0
2024-09;AWP-06-0675;1;1;1,4;99,16;23,2;0;0
2024-10;AWP-06-0675;1;1;1,4;99,16;23,2;0;0
2024-11;AWP-06-0675;0;1;1,4;0,0;0,0;1;0
2024-12;AWP-06-0675;1;1;1,4;99,16;23,2;0;0
2025-01;AWP-06-0675;1;1;1,4;99,16;23,2;0;0
2025-02;AWP-06-0675;0;1;1,4;0,0;0,0;1;0
2025-03;AWP-06-0675;1;1;1,4;99,16;23,2;0;0
2025-04;AWP-06-0675;2;1;1,4;198,32;46,5;0;0
2025-05;AWP-06-0675;1;1;1,4;99,16;23,2;0;0
2025-06;AWP-06-0675;0;1;1,4;0,0;0,0;1;0
2025-07;AWP-06-0675;0;1;1,4;0,0;0,0;1;0
2025-08;AWP-06-0675;0;1;1,4;0,0;0,0;1;0
2025-09;AWP-06-0675;0;1;1,4;0,0;0,0;1;0
2025-10;AWP-06-0675;0;1;1,4;0,0;0,0;1;0
2025-11;AWP-06-0675;2;1;1,4;198,32;46,5;0;0
2025-12;AWP-06-0675;1;1;1,4;99,16;23,2;0;0
2024-01;LOAD-07-0739;2;1;1,6;464,0;144,0;0;0
2024-02;LOAD-07-0739;1;1;1,6;232,0;72,0;0;0
2024-03;LOAD-07-0739;1;1;1,6;232,0;72,0;0;0
2024-04;LOAD-07-0739;2;1;1,6;464,0;144,0;0;0
2024-05;LOAD-07-0739;1;1;1,6;232,0;72,0;0;0
2024-06;LOAD-07-0739;1;1;1,6;232,0;72,0;0;0
2024-07;LOAD-07-0739;2;1;1,6;464,0;144,0;0;0
2024-08;LOAD-07-0739;1;1;1,6;232,0;72,0;0;0
2024-09;LOAD-07-0739;0;1;1,6;0,0;0,0;1;0
2024-10;LOAD-07-0739;1;1;1,6;232,0;72,0;0;0
2024-11;LOAD-07-0739;2;1;1,6;464,0;144,0;0;0
2024-12;LOAD-07-0739;1;1;1,6;232,0;72,0;0;0
2025-01;LOAD-07-0739;0;1;1,6;0,0;0,0;1;0
2025-02;LOAD-07-0739;2;1;1,6;464,0;144,0;0;0
2025-03;LOAD-07-0739;2;1;1,6;464,0;144,0;0;0
2025-04;LOAD-07-0739;0;1;1,6;0,0;0,0;1;0
2025-05;LOAD-07-0739;3;1;1,6;696,0;216,0;0;0
2025-06;LOAD-07-0739;0;1;1,6;0,0;0,0;1;0
2025-07;LOAD-07-0739;3;1;1,6;696,0;216,0;0;0
2025-08;LOAD-07-0739;2;1;1,6;464,0;144,0;0;0
2025-09;LOAD-07-0739;2;1;1,6;464,0;144,0;0;0
2025-10;LOAD-07-0739;1;1;1,6;232,0;72,0;0;0
2025-11;LOAD-07-0739;1;1;1,6;232,0;72,0;0;0
2025-12;LOAD-07-0739;1;1;1,6;232,0;72,0;0;0
2024-01;LOAD-M-07-0864;1;1;1,4;181,31;102,9;0;0
2024-02;LOAD-M-07-0864;1;1;1,4;181,31;102,9;0;0
2024-03;LOAD-M-07-0864;2;1;1,4;362,61;205,7;0;0
2024-04;LOAD-M-07-0864;0;1;1,4;0,0;0,0;1;0
2024-05;LOAD-M-07-0864;1;1;1,4;181,31;102,9;0;0
2024-06;LOAD-M-07-0864;2;1;1,4;362,61;205,7;0;0
2024-07;LOAD-M-07-0864;1;1;1,4;181,31;102,9;0;0
2024-08;LOAD-M-07-0864;1;1;1,4;181,31;102,9;0;0
2024-09;LOAD-M-07-0864;1;1;1,4;181,31;102,9;0;0
2024-10;LOAD-M-07-0864;1;1;1,4;181,31;102,9;0;0
2024-11;LOAD-M-07-0864;2;1;1,4;362,61;205,7;0;0
2024-12;LOAD-M-07-0864;1;1;1,4;181,31;102,9;0;0
2025-01;LOAD-M-07-0864;1;1;1,4;181,31;102,9;0;0
2025-02;LOAD-M-07-0864;1;1;1,4;181,31;102,9;0;0
2025-03;LOAD-M-07-0864;0;1;1,4;0,0;0,0;1;0
2025-04;LOAD-M-07-0864;1;1;1,4;181,31;102,9;0;0
2025-05;LOAD-M-07-0864;0;1;1,4;0,0;0,0;1;0
2025-06;LOAD-M-07-0864;2;1;1,4;362,61;205,7;0;0
2025-07;LOAD-M-07-0864;0;1;1,4;0,0;0,0;1;0
2025-08;LOAD-M-07-0864;1;1;1,4;181,31;102,9;0;0
2025-09;LOAD-M-07-0864;0;1;1,4;0,0;0,0;1;0
2025-10;LOAD-M-07-0864;2;1;1,4;362,61;205,7;0;0
2025-11;LOAD-M-07-0864;0;1;1,4;0,0;0,0;1;0
2025-12;LOAD-M-07-0864;0;1;1,4;0,0;0,0;1;0
2024-01;LOAD-M-05-0839;1;1;1,5;97,19;30,0;0;0
2024-02;LOAD-M-05-0839;1;1;1,5;97,19;30,0;0;0
2024-03;LOAD-M-05-0839;1;1;1,5;97,19;30,0;0;0
2024-04;LOAD-M-05-0839;2;1;1,5;194,38;60,0;0;0
2024-05;LOAD-M-05-0839;1;1;1,5;97,19;30,0;0;0
2024-06;LOAD-M-05-0839;1;1;1,5;97,19;30,0;0;0
2024-07;LOAD-M-05-0839;0;1;1,5;0,0;0,0;1;0
2024-08;LOAD-M-05-0839;0;1;1,5;0,0;0,0;1;0
2024-09;LOAD-M-05-0839;1;1;1,5;97,19;30,0;0;0
2024-10;LOAD-M-05-0839;2;1;1,5;194,38;60,0;0;0
2024-11;LOAD-M-05-0839;0;1;1,5;0,0;0,0;1;0
2024-12;LOAD-M-05-0839;2;1;1,5;194,38;60,0;0;0
2025-01;LOAD-M-05-0839;1;1;1,5;97,19;30,0;0;0
2025-02;LOAD-M-05-0839;0;1;1,5;0,0;0,0;1;0
2025-03;LOAD-M-05-0839;0;1;1,5;0,0;0,0;1;0
2025-04;LOAD-M-05-0839;1;1;1,5;97,19;30,0;0;0
2025-05;LOAD-M-05-0839;0;1;1,5;0,0;0,0;1;0
2025-06;LOAD-M-05-0839;0;1;1,5;0,0;0,0;1;0
2025-07;LOAD-M-05-0839;1;1;1,5;97,19;30,0;0;0
2025-08;LOAD-M-05-0839;0;1;1,5;0,0;0,0;1;0
2025-09;LOAD-M-05-0839;2;1;1,5;194,38;60,0;0;0
2025-10;LOAD-M-05-0839;1;1;1,5;97,19;30,0;0;0
2025-11;LOAD-M-05-0839;2;1;1,5;194,38;60,0;0;0
2025-12;LOAD-M-05-0839;0;1;1,5;0,0;0,0;1;0
2024-01;AWP-10-0655;0;1;1,4;0,0;0,0;1;0
2024-02;AWP-10-0655;0;1;1,4;0,0;0,0;1;0
2024-03;AWP-10-0655;0;1;1,4;0,0;0,0;1;0
2024-04;AWP-10-0655;0;1;1,4;0,0;0,0;1;0
2024-05;AWP-10-0655;0;1;1,4;0,0;0,0;1;0
2024-06;AWP-10-0655;1;1;1,4;159,48;120,0;0;0
2024-07;AWP-10-0655;0;1;1,4;0,0;0,0;1;0
2024-08;AWP-10-0655;2;1;1,4;318,95;240,0;0;0
2024-09;AWP-10-0655;1;1;1,4;159,48;120,0;0;0
2024-10;AWP-10-0655;2;1;1,4;318,95;240,0;0;0
2024-11;AWP-10-0655;1;1;1,4;159,48;120,0;0;0
2024-12;AWP-10-0655;0;1;1,4;0,0;0,0;1;0
2025-01;AWP-10-0655;0;1;1,4;0,0;0,0;1;0
2025-02;AWP-10-0655;1;1;1,4;159,48;120,0;0;0
2025-03;AWP-10-0655;0;1;1,4;0,0;0,0;1;0
2025-04;AWP-10-0655;2;1;1,4;318,95;240,0;0;0
2025-05;AWP-10-0655;0;1;1,4;0,0;0,0;1;0
2025-06;AWP-10-0655;0;1;1,4;0,0;0,0;1;0
2025-07;AWP-10-0655;1;1;1,4;159,48;120,0;0;0
2025-08;AWP-10-0655;1;1;1,4;159,48;120,0;0;0
2025-09;AWP-10-0655;1;1;1,4;159,48;120,0;0;0
2025-10;AWP-10-0655;1;1;1,4;159,48;120,0;0;0
2025-11;AWP-10-0655;1;1;1,4;159,48;120,0;0;0
2025-12;AWP-10-0655;0;1;1,4;0,0;0,0;1;0
2024-01;MLT-05-0316;2;1;1,3;96,79;18,2;0;0
2024-02;MLT-05-0316;2;1;1,3;96,79;18,2;0;0
2024-03;MLT-05-0316;1;1;1,3;48,4;9,1;0;0
2024-04;MLT-05-0316;0;1;1,3;0,0;0,0;1;0
2024-05;MLT-05-0316;0;1;1,3;0,0;0,0;1;0
2024-06;MLT-05-0316;0;1;1,3;0,0;0,0;1;0
2024-07;MLT-05-0316;2;1;1,3;96,79;18,2;0;0
2024-08;MLT-05-0316;1;1;1,3;48,4;9,1;0;0
2024-09;MLT-05-0316;1;1;1,3;48,4;9,1;0;0
2024-10;MLT-05-0316;0;1;1,3;0,0;0,0;1;0
2024-11;MLT-05-0316;2;1;1,3;96,79;18,2;0;0
2024-12;MLT-05-0316;2;1;1,3;96,79;18,2;0;0
2025-01;MLT-05-0316;2;1;1,3;96,79;18,2;0;0
2025-02;MLT-05-0316;2;1;1,3;96,79;18,2;0;0
2025-03;MLT-05-0316;0;1;1,3;0,0;0,0;1;0
2025-04;MLT-05-0316;3;1;1,3;145,19;27,3;0;0
2025-05;MLT-05-0316;1;1;1,3;48,4;9,1;0;0
2025-06;MLT-05-0316;0;1;1,3;0,0;0,0;1;0
2025-07;MLT-05-0316;1;1;1,3;48,4;9,1;0;0
2025-08;MLT-05-0316;1;1;1,3;48,4;9,1;0;0
2025-09;MLT-05-0316;1;1;1,3;48,4;9,1;0;0
2025-10;MLT-05-0316;2;1;1,3;96,79;18,2;0;0
2025-11;MLT-05-0316;0;1;1,3;0,0;0,0;1;0
2025-12;MLT-05-0316;1;1;1,3;48,4;9,1;0;0
2024-01;MLT-05-0266;0;1;1,6;0,0;0,0;1;0
2024-02;MLT-05-0266;2;1;1,6;83,49;9,6;0;0
2024-03;MLT-05-0266;1;1;1,6;41,74;4,8;0;0
2024-04;MLT-05-0266;1;1;1,6;41,74;4,8;0;0
2024-05;MLT-05-0266;1;1;1,6;41,74;4,8;0;0
2024-06;MLT-05-0266;1;1;1,6;41,74;4,8;0;0
2024-07;MLT-05-0266;0;1;1,6;0,0;0,0;1;0
2024-08;MLT-05-0266;1;1;1,6;41,74;4,8;0;0
2024-09;MLT-05-0266;1;1;1,6;41,74;4,8;0;0
2024-10;MLT-05-0266;1;1;1,6;41,74;4,8;0;0
2024-11;MLT-05-0266;2;1;1,6;83,49;9,6;0;0
2024-12;MLT-05-0266;3;1;1,6;125,23;14,4;0;0
2025-01;MLT-05-0266;1;1;1,6;41,74;4,8;0;0
2025-02;MLT-05-0266;1;1;1,6;41,74;4,8;0;0
2025-03;MLT-05-0266;0;1;1,6;0,0;0,0;1;0
2025-04;MLT-05-0266;2;1;1,6;83,49;9,6;0;0
2025-05;MLT-05-0266;2;1;1,6;83,49;9,6;0;0
2025-06;MLT-05-0266;0;1;1,6;0,0;0,0;1;0
2025-07;MLT-05-0266;2;1;1,6;83,49;9,6;0;0
2025-08;MLT-05-0266;1;1;1,6;41,74;4,8;0;0
2025-09;MLT-05-0266;1;1;1,6;41,74;4,8;0;0
2025-10;MLT-05-0266;1;1;1,6;41,74;4,8;0;0
2025-11;MLT-05-0266;1;1;1,6;41,74;4,8;0;0
2025-12;MLT-05-0266;2;1;1,6;83,49;9,6;0;0
2024-01;MI-MC-06-0520;1;1;1,5;113,86;10,1;0;0
2024-02;MI-MC-06-0520;1;1;1,5;113,86;10,1;0;0
2024-03;MI-MC-06-0520;1;1;1,5;113,86;10,1;0;0
2024-04;MI-MC-06-0520;1;1;1,5;113,86;10,1;0;0
2024-05;MI-MC-06-0520;1;1;1,5;113,86;10,1;0;0
2024-06;MI-MC-06-0520;2;1;1,5;227,73;20,3;0;0
2024-07;MI-MC-06-0520;2;1;1,5;227,73;20,3;0;0
2024-08;MI-MC-06-0520;2;1;1,5;227,73;20,3;0;0
2024-09;MI-MC-06-0520;1;1;1,5;113,86;10,1;0;0
2024-10;MI-MC-06-0520;2;1;1,5;227,73;20,3;0;0
2024-11;MI-MC-06-0520;1;1;1,5;113,86;10,1;0;0
2024-12;MI-MC-06-0520;1;1;1,5;113,86;10,1;0;0
2025-01;MI-MC-06-0520;2;1;1,5;227,73;20,3;0;0
2025-02;MI-MC-06-0520;2;1;1,5;227,73;20,3;0;0
2025-03;MI-MC-06-0520;1;1;1,5;113,86;10,1;0;0
2025-04;MI-MC-06-0520;1;1;1,5;113,86;10,1;0;0
2025-05;MI-MC-06-0520;1;1;1,5;113,86;10,1;0;0
2025-06;MI-MC-06-0520;1;1;1,5;113,86;10,1;0;0
2025-07;MI-MC-06-0520;2;1;1,5;227,73;20,3;0;0
2025-08;MI-MC-06-0520;1;1;1,5;113,86;10,1;0;0
2025-09;MI-MC-06-0520;1;1;1,5;113,86;10,1;0;0
2025-10;MI-MC-06-0520;2;1;1,5;227,73;20,3;0;0
2025-11;MI-MC-06-0520;0;1;1,5;0,0;0,0;1;0
2025-12;MI-MC-06-0520;2;1;1,5;227,73;20,3;0;0
2024-01;AWP-09-0658;0;1;1,2;0,0;0,0;1;0
2024-02;AWP-09-0658;1;1;1,2;91,71;27,7;0;0
2024-03;AWP-09-0658;1;1;1,2;91,71;27,7;0;0
2024-04;AWP-09-0658;0;1;1,2;0,0;0,0;1;0
2024-05;AWP-09-0658;1;1;1,2;91,71;27,7;0;0
2024-06;AWP-09-0658;1;1;1,2;91,71;27,7;0;0
2024-07;AWP-09-0658;2;1;1,2;183,42;55,4;0;0
2024-08;AWP-09-0658;2;1;1,2;183,42;55,4;0;0
2024-09;AWP-09-0658;0;1;1,2;0,0;0,0;1;0
2024-10;AWP-09-0658;0;1;1,2;0,0;0,0;1;0
2024-11;AWP-09-0658;1;1;1,2;91,71;27,7;0;0
2024-12;AWP-09-0658;1;1;1,2;91,71;27,7;0;0
2025-01;AWP-09-0658;1;1;1,2;91,71;27,7;0;0
2025-02;AWP-09-0658;1;1;1,2;91,71;27,7;0;0
2025-03;AWP-09-0658;0;1;1,2;0,0;0,0;1;0
2025-04;AWP-09-0658;0;1;1,2;0,0;0,0;1;0
2025-05;AWP-09-0658;0;1;1,2;0,0;0,0;1;0
2025-06;AWP-09-0658;1;1;1,2;91,71;27,7;0;0
2025-07;AWP-09-0658;2;1;1,2;183,42;55,4;0;0
2025-08;AWP-09-0658;0;1;1,2;0,0;0,0;1;0
2025-09;AWP-09-0658;0;1;1,2;0,0;0,0;1;0
2025-10;AWP-09-0658;1;1;1,2;91,71;27,7;0;0
2025-11;AWP-09-0658;0;1;1,2;0,0;0,0;1;0
2025-12;AWP-09-0658;0;1;1,2;0,0;0,0;1;0
2024-01;MRT-01-0394;9;5,8;10,7;218,71;83,1;0;0
2024-02;MRT-01-0394;13;5,8;10,7;315,91;120,0;0;0
2024-03;MRT-01-0394;8;5,8;10,7;194,41;73,8;0;0
2024-04;MRT-01-0394;19;5,8;10,7;461,72;175,4;0;0
2024-05;MRT-01-0394;12;5,8;10,7;291,61;110,8;0;0
2024-06;MRT-01-0394;11;5,8;10,7;267,31;101,5;0;0
2024-07;MRT-01-0394;8;5,8;10,7;194,41;73,8;0;0
2024-08;MRT-01-0394;2;5,8;10,7;48,6;18,5;0;0
2024-09;MRT-01-0394;0;5,8;10,7;0,0;0,0;1;0
2024-10;MRT-01-0394;6;5,8;10,7;145,81;55,4;0;0
2024-11;MRT-01-0394;17;5,8;10,7;413,12;156,9;0;0
2024-12;MRT-01-0394;6;5,8;10,7;145,81;55,4;0;0
2025-01;MRT-01-0394;9;5,8;10,7;218,71;83,1;0;0
2025-02;MRT-01-0394;4;5,8;10,7;97,2;36,9;0;0
2025-03;MRT-01-0394;11;5,8;10,7;267,31;101,5;0;0
2025-04;MRT-01-0394;16;5,8;10,7;388,81;147,7;0;0
2025-05;MRT-01-0394;18;5,8;10,7;437,42;166,2;0;0
2025-06;MRT-01-0394;19;5,8;10,7;461,72;175,4;0;0
2025-07;MRT-01-0394;9;5,8;10,7;218,71;83,1;0;0
2025-08;MRT-01-0394;4;5,8;10,7;97,2;36,9;0;0
2025-09;MRT-01-0394;9;5,8;10,7;218,71;83,1;0;0
2025-10;MRT-01-0394;9;5,8;10,7;218,71;83,1;0;0
2025-11;MRT-01-0394;12;5,8;10,7;291,61;110,8;0;0
2025-12;MRT-01-0394;10;5,8;10,7;243,01;92,3;0;0
2024-01;MLT-02-0225;1;1;1,3;83,09;11,8;0;0
2024-02;MLT-02-0225;1;1;1,3;83,09;11,8;0;0
2024-03;MLT-02-0225;0;1;1,3;0,0;0,0;1;0
2024-04;MLT-02-0225;1;1;1,3;83,09;11,8;0;0
2024-05;MLT-02-0225;1;1;1,3;83,09;11,8;0;0
2024-06;MLT-02-0225;0;1;1,3;0,0;0,0;1;0
2024-07;MLT-02-0225;1;1;1,3;83,09;11,8;0;0
2024-08;MLT-02-0225;1;1;1,3;83,09;11,8;0;0
2024-09;MLT-02-0225;1;1;1,3;83,09;11,8;0;0
2024-10;MLT-02-0225;1;1;1,3;83,09;11,8;0;0
2024-11;MLT-02-0225;1;1;1,3;83,09;11,8;0;0
2024-12;MLT-02-0225;0;1;1,3;0,0;0,0;1;0
2025-01;MLT-02-0225;2;1;1,3;166,17;23,6;0;0
2025-02;MLT-02-0225;0;1;1,3;0,0;0,0;1;0
2025-03;MLT-02-0225;1;1;1,3;83,09;11,8;0;0
2025-04;MLT-02-0225;0;1;1,3;0,0;0,0;1;0
2025-05;MLT-02-0225;1;1;1,3;83,09;11,8;0;0
2025-06;MLT-02-0225;1;1;1,3;83,09;11,8;0;0
2025-07;MLT-02-0225;0;1;1,3;0,0;0,0;1;0
2025-08;MLT-02-0225;0;1;1,3;0,0;0,0;1;0
2025-09;MLT-02-0225;1;1;1,3;83,09;11,8;0;0
2025-10;MLT-02-0225;0;1;1,3;0,0;0,0;1;0
2025-11;MLT-02-0225;0;1;1,3;0,0;0,0;1;0
2025-12;MLT-02-0225;0;1;1,3;0,0;0,0;1;0
2024-01;LOAD-M-03-0865;1;1;1,4;107,53;25,7;0;0
2024-02;LOAD-M-03-0865;1;1;1,4;107,53;25,7;0;0
2024-03;LOAD-M-03-0865;1;1;1,4;107,53;25,7;0;0
2024-04;LOAD-M-03-0865;1;1;1,4;107,53;25,7;0;0
2024-05;LOAD-M-03-0865;1;1;1,4;107,53;25,7;0;0
2024-06;LOAD-M-03-0865;1;1;1,4;107,53;25,7;0;0
2024-07;LOAD-M-03-0865;1;1;1,4;107,53;25,7;0;0
2024-08;LOAD-M-03-0865;1;1;1,4;107,53;25,7;0;0
2024-09;LOAD-M-03-0865;1;1;1,4;107,53;25,7;0;0
2024-10;LOAD-M-03-0865;1;1;1,4;107,53;25,7;0;0
2024-11;LOAD-M-03-0865;1;1;1,4;107,53;25,7;0;0
2024-12;LOAD-M-03-0865;0;1;1,4;0,0;0,0;1;0
2025-01;LOAD-M-03-0865;1;1;1,4;107,53;25,7;0;0
2025-02;LOAD-M-03-0865;1;1;1,4;107,53;25,7;0;0
2025-03;LOAD-M-03-0865;2;1;1,4;215,05;51,4;0;0
2025-04;LOAD-M-03-0865;1;1;1,4;107,53;25,7;0;0
2025-05;LOAD-M-03-0865;2;1;1,4;215,05;51,4;0;0
2025-06;LOAD-M-03-0865;0;1;1,4;0,0;0,0;1;0
2025-07;LOAD-M-03-0865;2;1;1,4;215,05;51,4;0;0
2025-08;LOAD-M-03-0865;2;1;1,4;215,05;51,4;0;0
2025-09;LOAD-M-03-0865;1;1;1,4;107,53;25,7;0;0
2025-10;LOAD-M-03-0865;1;1;1,4;107,53;25,7;0;0
2025-11;LOAD-M-03-0865;0;1;1,4;0,0;0,0;1;0
2025-12;LOAD-M-03-0865;2;1;1,4;215,05;51,4;0;0
2024-01;LOAD-M-06-0847;0;1;1,1;0,0;0,0;1;0
2024-02;LOAD-M-06-0847;1;1;1,1;125,08;45,0;0;0
2024-03;LOAD-M-06-0847;1;1;1,1;125,08;45,0;0;0
2024-04;LOAD-M-06-0847;1;1;1,1;125,08;45,0;0;0
2024-05;LOAD-M-06-0847;1;1;1,1;125,08;45,0;0;0
2024-06;LOAD-M-06-0847;0;1;1,1;0,0;0,0;1;0
2024-07;LOAD-M-06-0847;0;1;1,1;0,0;0,0;1;0
2024-08;LOAD-M-06-0847;1;1;1,1;125,08;45,0;0;0
2024-09;LOAD-M-06-0847;0;1;1,1;0,0;0,0;1;0
2024-10;LOAD-M-06-0847;1;1;1,1;125,08;45,0;0;0
2024-11;LOAD-M-06-0847;2;1;1,1;250,16;90,0;0;0
2024-12;LOAD-M-06-0847;0;1;1,1;0,0;0,0;1;0
2025-01;LOAD-M-06-0847;1;1;1,1;125,08;45,0;0;0
2025-02;LOAD-M-06-0847;1;1;1,1;125,08;45,0;0;0
2025-03;LOAD-M-06-0847;1;1;1,1;125,08;45,0;0;0
2025-04;LOAD-M-06-0847;1;1;1,1;125,08;45,0;0;0
2025-05;LOAD-M-06-0847;1;1;1,1;125,08;45,0;0;0
2025-06;LOAD-M-06-0847;0;1;1,1;0,0;0,0;1;0
2025-07;LOAD-M-06-0847;0;1;1,1;0,0;0,0;1;0
2025-08;LOAD-M-06-0847;1;1;1,1;125,08;45,0;0;0
2025-09;LOAD-M-06-0847;0;1;1,1;0,0;0,0;1;0
2025-10;LOAD-M-06-0847;1;1;1,1;125,08;45,0;0;0
2025-11;LOAD-M-06-0847;1;1;1,1;125,08;45,0;0;0
2025-12;LOAD-M-06-0847;1;1;1,1;125,08;45,0;0;0
2024-01;LOAD-M-06-0823;3;1,6;3,0;214,11;65,5;0;0
2024-02;LOAD-M-06-0823;1;1,6;3,0;71,37;21,8;0;0
2024-03;LOAD-M-06-0823;3;1,6;3,0;214,11;65,5;0;0
2024-04;LOAD-M-06-0823;3;1,6;3,0;214,11;65,5;0;0
2024-05;LOAD-M-06-0823;4;1,6;3,0;285,49;87,3;0;0
2024-06;LOAD-M-06-0823;2;1,6;3,0;142,74;43,6;0;0
2024-07;LOAD-M-06-0823;4;1,6;3,0;285,49;87,3;0;0
2024-08;LOAD-M-06-0823;2;1,6;3,0;142,74;43,6;0;0
2024-09;LOAD-M-06-0823;1;1,6;3,0;71,37;21,8;0;0
2024-10;LOAD-M-06-0823;2;1,6;3,0;142,74;43,6;0;0
2024-11;LOAD-M-06-0823;5;1,6;3,0;356,86;109,1;0;0
2024-12;LOAD-M-06-0823;2;1,6;3,0;142,74;43,6;0;0
2025-01;LOAD-M-06-0823;0;1,6;3,0;0,0;0,0;1;0
2025-02;LOAD-M-06-0823;1;1,6;3,0;71,37;21,8;0;0
2025-03;LOAD-M-06-0823;1;1,6;3,0;71,37;21,8;0;0
2025-04;LOAD-M-06-0823;3;1,6;3,0;214,11;65,5;0;0
2025-05;LOAD-M-06-0823;3;1,6;3,0;214,11;65,5;0;0
2025-06;LOAD-M-06-0823;5;1,6;3,0;356,86;109,1;0;0
2025-07;LOAD-M-06-0823;2;1,6;3,0;142,74;43,6;0;0
2025-08;LOAD-M-06-0823;3;1,6;3,0;214,11;65,5;0;0
2025-09;LOAD-M-06-0823;2;1,6;3,0;142,74;43,6;0;0
2025-10;LOAD-M-06-0823;4;1,6;3,0;285,49;87,3;0;0
2025-11;LOAD-M-06-0823;3;1,6;3,0;214,11;65,5;0;0
2025-12;LOAD-M-06-0823;3;1,6;3,0;214,11;65,5;0;0
2024-01;TMM-08-0580;38;20,2;37,1;280,18;101,3;0;0
2024-02;TMM-08-0580;44;20,2;37,1;324,42;117,3;0;0
2024-03;TMM-08-0580;56;20,2;37,1;412,89;149,3;0;0
2024-04;TMM-08-0580;37;20,2;37,1;272,8;98,7;0;0
2024-05;TMM-08-0580;46;20,2;37,1;339,16;122,7;0;0
2024-06;TMM-08-0580;22;20,2;37,1;162,21;58,7;0;0
2024-07;TMM-08-0580;21;20,2;37,1;154,83;56,0;0;0
2024-08;TMM-08-0580;49;20,2;37,1;361,28;130,7;0;0
2024-09;TMM-08-0580;28;20,2;37,1;206,45;74,7;0;0
2024-10;TMM-08-0580;17;20,2;37,1;125,34;45,3;0;0
2024-11;TMM-08-0580;2;20,2;37,1;14,75;5,3;0;0
2024-12;TMM-08-0580;42;20,2;37,1;309,67;112,0;0;0
2025-01;TMM-08-0580;41;20,2;37,1;302,3;109,3;0;0
2025-02;TMM-08-0580;49;20,2;37,1;361,28;130,7;0;0
2025-03;TMM-08-0580;22;20,2;37,1;162,21;58,7;0;0
2025-04;TMM-08-0580;35;20,2;37,1;258,06;93,3;0;0
2025-05;TMM-08-0580;1;20,2;37,1;7,37;2,7;0;0
2025-06;TMM-08-0580;8;20,2;37,1;58,98;21,3;0;0
2025-07;TMM-08-0580;51;20,2;37,1;376,03;136,0;0;0
2025-08;TMM-08-0580;39;20,2;37,1;287,55;104,0;0;0
2025-09;TMM-08-0580;45;20,2;37,1;331,79;120,0;0;0
2025-10;TMM-08-0580;47;20,2;37,1;346,53;125,3;0;0
2025-11;TMM-08-0580;34;20,2;37,1;250,68;90,7;0;0
2025-12;TMM-08-0580;43;20,2;37,1;317,04;114,7;0;0
2024-01;MI-MC-06-0501;0;1;1,1;0,0;0,0;1;0
2024-02;MI-MC-06-0501;0;1;1,1;0,0;0,0;1;0
2024-03;MI-MC-06-0501;1;1;1,1;61,35;20,0;0;0
2024-04;MI-MC-06-0501;0;1;1,1;0,0;0,0;1;0
2024-05;MI-MC-06-0501;0;1;1,1;0,0;0,0;1;0
2024-06;MI-MC-06-0501;2;1;1,1;122,7;40,0;0;0
2024-07;MI-MC-06-0501;0;1;1,1;0,0;0,0;1;0
2024-08;MI-MC-06-0501;1;1;1,1;61,35;20,0;0;0
2024-09;MI-MC-06-0501;0;1;1,1;0,0;0,0;1;0
2024-10;MI-MC-06-0501;1;1;1,1;61,35;20,0;0;0
2024-11;MI-MC-06-0501;1;1;1,1;61,35;20,0;0;0
2024-12;MI-MC-06-0501;0;1;1,1;0,0;0,0;1;0
2025-01;MI-MC-06-0501;1;1;1,1;61,35;20,0;0;0
2025-02;MI-MC-06-0501;1;1;1,1;61,35;20,0;0;0
2025-03;MI-MC-06-0501;1;1;1,1;61,35;20,0;0;0
2025-04;MI-MC-06-0501;1;1;1,1;61,35;20,0;0;0
2025-05;MI-MC-06-0501;0;1;1,1;0,0;0,0;1;0
2025-06;MI-MC-06-0501;1;1;1,1;61,35;20,0;0;0
2025-07;MI-MC-06-0501;1;1;1,1;61,35;20,0;0;0
2025-08;MI-MC-06-0501;1;1;1,1;61,35;20,0;0;0
2025-09;MI-MC-06-0501;0;1;1,1;0,0;0,0;1;0
2025-10;MI-MC-06-0501;0;1;1,1;0,0;0,0;1;0
2025-11;MI-MC-06-0501;1;1;1,1;61,35;20,0;0;0
2025-12;MI-MC-06-0501;0;1;1,1;0,0;0,0;1;0
2024-01;TMM-09-0615;6;4,0;6,5;265,25;72,0;0;0
2024-02;TMM-09-0615;8;4,0;6,5;353,67;96,0;0;0
2024-03;TMM-09-0615;11;4,0;6,5;486,29;132,0;0;0
2024-04;TMM-09-0615;16;4,0;6,5;707,34;192,0;0;0
2024-05;TMM-09-0615;11;4,0;6,5;486,29;132,0;0;0
2024-06;TMM-09-0615;10;4,0;6,5;442,09;120,0;0;0
2024-07;TMM-09-0615;3;4,0;6,5;132,63;36,0;0;0
2024-08;TMM-09-0615;8;4,0;6,5;353,67;96,0;0;0
2024-09;TMM-09-0615;2;4,0;6,5;88,42;24,0;0;0
2024-10;TMM-09-0615;3;4,0;6,5;132,63;36,0;0;0
2024-11;TMM-09-0615;10;4,0;6,5;442,09;120,0;0;0
2024-12;TMM-09-0615;2;4,0;6,5;88,42;24,0;0;0
2025-01;TMM-09-0615;4;4,0;6,5;176,83;48,0;0;0
2025-02;TMM-09-0615;7;4,0;6,5;309,46;84,0;0;0
2025-03;TMM-09-0615;6;4,0;6,5;265,25;72,0;0;0
2025-04;TMM-09-0615;4;4,0;6,5;176,83;48,0;0;0
2025-05;TMM-09-0615;11;4,0;6,5;486,29;132,0;0;0
2025-06;TMM-09-0615;6;4,0;6,5;265,25;72,0;0;0
2025-07;TMM-09-0615;5;4,0;6,5;221,04;60,0;0;0
2025-08;TMM-09-0615;5;4,0;6,5;221,04;60,0;0;0
2025-09;TMM-09-0615;8;4,0;6,5;353,67;96,0;0;0
2025-10;TMM-09-0615;4;4,0;6,5;176,83;48,0;0;0
2025-11;TMM-09-0615;5;4,0;6,5;221,04;60,0;0;0
2025-12;TMM-09-0615;5;4,0;6,5;221,04;60,0;0;0
2024-01;LOAD-04-0795;1;1;1,1;313,77;34,3;0;0
2024-02;LOAD-04-0795;0;1;1,1;0,0;0,0;1;0
2024-03;LOAD-04-0795;1;1;1,1;313,77;34,3;0;0
2024-04;LOAD-04-0795;1;1;1,1;313,77;34,3;0;0
2024-05;LOAD-04-0795;1;1;1,1;313,77;34,3;0;0
2024-06;LOAD-04-0795;1;1;1,1;313,77;34,3;0;0
2024-07;LOAD-04-0795;0;1;1,1;0,0;0,0;1;0
2024-08;LOAD-04-0795;0;1;1,1;0,0;0,0;1;0
2024-09;LOAD-04-0795;1;1;1,1;313,77;34,3;0;0
2024-10;LOAD-04-0795;0;1;1,1;0,0;0,0;1;0
2024-11;LOAD-04-0795;0;1;1,1;0,0;0,0;1;0
2024-12;LOAD-04-0795;0;1;1,1;0,0;0,0;1;0
2025-01;LOAD-04-0795;0;1;1,1;0,0;0,0;1;0
2025-02;LOAD-04-0795;0;1;1,1;0,0;0,0;1;0
2025-03;LOAD-04-0795;0;1;1,1;0,0;0,0;1;0
2025-04;LOAD-04-0795;1;1;1,1;313,77;34,3;0;0
2025-05;LOAD-04-0795;1;1;1,1;313,77;34,3;0;0
2025-06;LOAD-04-0795;1;1;1,1;313,77;34,3;0;0
2025-07;LOAD-04-0795;1;1;1,1;313,77;34,3;0;0
2025-08;LOAD-04-0795;1;1;1,1;313,77;34,3;0;0
2025-09;LOAD-04-0795;1;1;1,1;313,77;34,3;0;0
2025-10;LOAD-04-0795;1;1;1,1;313,77;34,3;0;0
2025-11;LOAD-04-0795;0;1;1,1;0,0;0,0;1;0
2025-12;LOAD-04-0795;0;1;1,1;0,0;0,0;1;0
2024-01;LOAD-M-01-0821;0;1,1;2,0;0,0;0,0;1;0
2024-02;LOAD-M-01-0821;3;1,1;2,0;82,96;32,2;0;0
2024-03;LOAD-M-01-0821;2;1,1;2,0;55,31;21,5;0;0
2024-04;LOAD-M-01-0821;2;1,1;2,0;55,31;21,5;0;0
2024-05;LOAD-M-01-0821;0;1,1;2,0;0,0;0,0;1;0
2024-06;LOAD-M-01-0821;2;1,1;2,0;55,31;21,5;0;0
2024-07;LOAD-M-01-0821;0;1,1;2,0;0,0;0,0;1;0
2024-08;LOAD-M-01-0821;2;1,1;2,0;55,31;21,5;0;0
2024-09;LOAD-M-01-0821;2;1,1;2,0;55,31;21,5;0;0
2024-10;LOAD-M-01-0821;1;1,1;2,0;27,65;10,7;0;0
2024-11;LOAD-M-01-0821;2;1,1;2,0;55,31;21,5;0;0
2024-12;LOAD-M-01-0821;2;1,1;2,0;55,31;21,5;0;0
2025-01;LOAD-M-01-0821;2;1,1;2,0;55,31;21,5;0;0
2025-02;LOAD-M-01-0821;0;1,1;2,0;0,0;0,0;1;0
2025-03;LOAD-M-01-0821;1;1,1;2,0;27,65;10,7;0;0
2025-04;LOAD-M-01-0821;1;1,1;2,0;27,65;10,7;0;0
2025-05;LOAD-M-01-0821;3;1,1;2,0;82,96;32,2;0;0
2025-06;LOAD-M-01-0821;3;1,1;2,0;82,96;32,2;0;0
2025-07;LOAD-M-01-0821;2;1,1;2,0;55,31;21,5;0;0
2025-08;LOAD-M-01-0821;2;1,1;2,0;55,31;21,5;0;0
2025-09;LOAD-M-01-0821;2;1,1;2,0;55,31;21,5;0;0
2025-10;LOAD-M-01-0821;2;1,1;2,0;55,31;21,5;0;0
2025-11;LOAD-M-01-0821;1;1,1;2,0;27,65;10,7;0;0
2025-12;LOAD-M-01-0821;2;1,1;2,0;55,31;21,5;0;0
2024-01;MRT-08-0378;1;1,1;1,7;11,59;4,5;0;0
2024-02;MRT-08-0378;1;1,1;1,7;11,59;4,5;0;0
2024-03;MRT-08-0378;2;1,1;1,7;23,19;8,9;0;0
2024-04;MRT-08-0378;0;1,1;1,7;0,0;0,0;1;0
2024-05;MRT-08-0378;1;1,1;1,7;11,59;4,5;0;0
2024-06;MRT-08-0378;2;1,1;1,7;23,19;8,9;0;0
2024-07;MRT-08-0378;1;1,1;1,7;11,59;4,5;0;0
2024-08;MRT-08-0378;1;1,1;1,7;11,59;4,5;0;0
2024-09;MRT-08-0378;1;1,1;1,7;11,59;4,5;0;0
2024-10;MRT-08-0378;1;1,1;1,7;11,59;4,5;0;0
2024-11;MRT-08-0378;1;1,1;1,7;11,59;4,5;0;0
2024-12;MRT-08-0378;1;1,1;1,7;11,59;4,5;0;0
2025-01;MRT-08-0378;3;1,1;1,7;34,78;13,4;0;0
2025-02;MRT-08-0378;2;1,1;1,7;23,19;8,9;0;0
2025-03;MRT-08-0378;1;1,1;1,7;11,59;4,5;0;0
2025-04;MRT-08-0378;1;1,1;1,7;11,59;4,5;0;0
2025-05;MRT-08-0378;0;1,1;1,7;0,0;0,0;1;0
2025-06;MRT-08-0378;2;1,1;1,7;23,19;8,9;0;0
2025-07;MRT-08-0378;1;1,1;1,7;11,59;4,5;0;0
2025-08;MRT-08-0378;0;1,1;1,7;0,0;0,0;1;0
2025-09;MRT-08-0378;3;1,1;1,7;34,78;13,4;0;0
2025-10;MRT-08-0378;2;1,1;1,7;23,19;8,9;0;0
2025-11;MRT-08-0378;0;1,1;1,7;0,0;0,0;1;0
2025-12;MRT-08-0378;0;1,1;1,7;0,0;0,0;1;0
2024-01;LOAD-02-0711;2;1,1;2,1;149,83;30,0;0;0
2024-02;LOAD-02-0711;1;1,1;2,1;74,91;15,0;0;0
2024-03;LOAD-02-0711;3;1,1;2,1;224,74;45,0;0;0
2024-04;LOAD-02-0711;3;1,1;2,1;224,74;45,0;0;0
2024-05;LOAD-02-0711;2;1,1;2,1;149,83;30,0;0;0
2024-06;LOAD-02-0711;1;1,1;2,1;74,91;15,0;0;0
2024-07;LOAD-02-0711;1;1,1;2,1;74,91;15,0;0;0
2024-08;LOAD-02-0711;3;1,1;2,1;224,74;45,0;0;0
2024-09;LOAD-02-0711;0;1,1;2,1;0,0;0,0;1;0
2024-10;LOAD-02-0711;1;1,1;2,1;74,91;15,0;0;0
2024-11;LOAD-02-0711;3;1,1;2,1;224,74;45,0;0;0
2024-12;LOAD-02-0711;1;1,1;2,1;74,91;15,0;0;0
2025-01;LOAD-02-0711;1;1,1;2,1;74,91;15,0;0;0
2025-02;LOAD-02-0711;3;1,1;2,1;224,74;45,0;0;0
2025-03;LOAD-02-0711;0;1,1;2,1;0,0;0,0;1;0
2025-04;LOAD-02-0711;0;1,1;2,1;0,0;0,0;1;0
2025-05;LOAD-02-0711;2;1,1;2,1;149,83;30,0;0;0
2025-06;LOAD-02-0711;2;1,1;2,1;149,83;30,0;0;0
2025-07;LOAD-02-0711;3;1,1;2,1;224,74;45,0;0;0
2025-08;LOAD-02-0711;3;1,1;2,1;224,74;45,0;0;0
2025-09;LOAD-02-0711;0;1,1;2,1;0,0;0,0;1;0
2025-10;LOAD-02-0711;1;1,1;2,1;74,91;15,0;0;0
2025-11;LOAD-02-0711;3;1,1;2,1;224,74;45,0;0;0
2025-12;LOAD-02-0711;3;1,1;2,1;224,74;45,0;0;0
2024-01;MI-MC-04-0485;1;1,3;2,1;112,43;55,4;0;0
2024-02;MI-MC-04-0485;0;1,3;2,1;0,0;0,0;1;0
2024-03;MI-MC-04-0485;0;1,3;2,1;0,0;0,0;1;0
2024-04;MI-MC-04-0485;4;1,3;2,1;449,72;221,5;0;0
2024-05;MI-MC-04-0485;0;1,3;2,1;0,0;0,0;1;0
2024-06;MI-MC-04-0485;0;1,3;2,1;0,0;0,0;1;0
2024-07;MI-MC-04-0485;1;1,3;2,1;112,43;55,4;0;0
2024-08;MI-MC-04-0485;2;1,3;2,1;224,86;110,8;0;0
2024-09;MI-MC-04-0485;3;1,3;2,1;337,29;166,2;0;0
2024-10;MI-MC-04-0485;2;1,3;2,1;224,86;110,8;0;0
2024-11;MI-MC-04-0485;2;1,3;2,1;224,86;110,8;0;0
2024-12;MI-MC-04-0485;1;1,3;2,1;112,43;55,4;0;0
2025-01;MI-MC-04-0485;3;1,3;2,1;337,29;166,2;0;0
2025-02;MI-MC-04-0485;3;1,3;2,1;337,29;166,2;0;0
2025-03;MI-MC-04-0485;1;1,3;2,1;112,43;55,4;0;0
2025-04;MI-MC-04-0485;1;1,3;2,1;112,43;55,4;0;0
2025-05;MI-MC-04-0485;2;1,3;2,1;224,86;110,8;0;0
2025-06;MI-MC-04-0485;0;1,3;2,1;0,0;0,0;1;0
2025-07;MI-MC-04-0485;2;1,3;2,1;224,86;110,8;0;0
2025-08;MI-MC-04-0485;2;1,3;2,1;224,86;110,8;0;0
2025-09;MI-MC-04-0485;0;1,3;2,1;0,0;0,0;1;0
2025-10;MI-MC-04-0485;3;1,3;2,1;337,29;166,2;0;0
2025-11;MI-MC-04-0485;2;1,3;2,1;224,86;110,8;0;0
2025-12;MI-MC-04-0485;4;1,3;2,1;449,72;221,5;0;0
2024-01;MT-02-0172;6;2,4;3,9;504,83;56,1;0;0
2024-02;MT-02-0172;3;2,4;3,9;252,41;28,1;0;0
2024-03;MT-02-0172;3;2,4;3,9;252,41;28,1;0;0
2024-04;MT-02-0172;2;2,4;3,9;168,28;18,7;0;0
2024-05;MT-02-0172;4;2,4;3,9;336,55;37,4;0;0
2024-06;MT-02-0172;4;2,4;3,9;336,55;37,4;0;0
2024-07;MT-02-0172;3;2,4;3,9;252,41;28,1;0;0
2024-08;MT-02-0172;3;2,4;3,9;252,41;28,1;0;0
2024-09;MT-02-0172;4;2,4;3,9;336,55;37,4;0;0
2024-10;MT-02-0172;2;2,4;3,9;168,28;18,7;0;0
2024-11;MT-02-0172;4;2,4;3,9;336,55;37,4;0;0
2024-12;MT-02-0172;2;2,4;3,9;168,28;18,7;0;0
2025-01;MT-02-0172;2;2,4;3,9;168,28;18,7;0;0
2025-02;MT-02-0172;4;2,4;3,9;336,55;37,4;0;0
2025-03;MT-02-0172;5;2,4;3,9;420,69;46,8;0;0
2025-04;MT-02-0172;4;2,4;3,9;336,55;37,4;0;0
2025-05;MT-02-0172;4;2,4;3,9;336,55;37,4;0;0
2025-06;MT-02-0172;1;2,4;3,9;84,14;9,4;0;0
2025-07;MT-02-0172;6;2,4;3,9;504,83;56,1;0;0
2025-08;MT-02-0172;2;2,4;3,9;168,28;18,7;0;0
2025-09;MT-02-0172;6;2,4;3,9;504,83;56,1;0;0
2025-10;MT-02-0172;3;2,4;3,9;252,41;28,1;0;0
2025-11;MT-02-0172;5;2,4;3,9;420,69;46,8;0;0
2025-12;MT-02-0172;4;2,4;3,9;336,55;37,4;0;0
2024-01;MT-10-0140;1;1;1,2;124,21;18,9;0;0
2024-02;MT-10-0140;1;1;1,2;124,21;18,9;0;0
2024-03;MT-10-0140;1;1;1,2;124,21;18,9;0;0
2024-04;MT-10-0140;0;1;1,2;0,0;0,0;1;0
2024-05;MT-10-0140;1;1;1,2;124,21;18,9;0;0
2024-06;MT-10-0140;0;1;1,2;0,0;0,0;1;0
2024-07;MT-10-0140;1;1;1,2;124,21;18,9;0;0
2024-08;MT-10-0140;1;1;1,2;124,21;18,9;0;0
2024-09;MT-10-0140;1;1;1,2;124,21;18,9;0;0
2024-10;MT-10-0140;2;1;1,2;248,43;37,9;0;0
2024-11;MT-10-0140;1;1;1,2;124,21;18,9;0;0
2024-12;MT-10-0140;1;1;1,2;124,21;18,9;0;0
2025-01;MT-10-0140;0;1;1,2;0,0;0,0;1;0
2025-02;MT-10-0140;2;1;1,2;248,43;37,9;0;0
2025-03;MT-10-0140;2;1;1,2;248,43;37,9;0;0
2025-04;MT-10-0140;1;1;1,2;124,21;18,9;0;0
2025-05;MT-10-0140;0;1;1,2;0,0;0,0;1;0
2025-06;MT-10-0140;1;1;1,2;124,21;18,9;0;0
2025-07;MT-10-0140;0;1;1,2;0,0;0,0;1;0
2025-08;MT-10-0140;0;1;1,2;0,0;0,0;1;0
2025-09;MT-10-0140;1;1;1,2;124,21;18,9;0;0
2025-10;MT-10-0140;1;1;1,2;124,21;18,9;0;0
2025-11;MT-10-0140;1;1;1,2;124,21;18,9;0;0
2025-12;MT-10-0140;1;1;1,2;124,21;18,9;0;0
2024-01;MT-06-0073;1;1,1;2,0;22,15;3,4;0;0
2024-02;MT-06-0073;2;1,1;2,0;44,3;6,8;0;0
2024-03;MT-06-0073;1;1,1;2,0;22,15;3,4;0;0
2024-04;MT-06-0073;2;1,1;2,0;44,3;6,8;0;0
2024-05;MT-06-0073;1;1,1;2,0;22,15;3,4;0;0
2024-06;MT-06-0073;2;1,1;2,0;44,3;6,8;0;0
2024-07;MT-06-0073;1;1,1;2,0;22,15;3,4;0;0
2024-08;MT-06-0073;0;1,1;2,0;0,0;0,0;1;0
2024-09;MT-06-0073;3;1,1;2,0;66,45;10,1;0;0
2024-10;MT-06-0073;1;1,1;2,0;22,15;3,4;0;0
2024-11;MT-06-0073;2;1,1;2,0;44,3;6,8;0;0
2024-12;MT-06-0073;2;1,1;2,0;44,3;6,8;0;0
2025-01;MT-06-0073;1;1,1;2,0;22,15;3,4;0;0
2025-02;MT-06-0073;1;1,1;2,0;22,15;3,4;0;0
2025-03;MT-06-0073;2;1,1;2,0;44,3;6,8;0;0
2025-04;MT-06-0073;2;1,1;2,0;44,3;6,8;0;0
2025-05;MT-06-0073;0;1,1;2,0;0,0;0,0;1;0
2025-06;MT-06-0073;1;1,1;2,0;22,15;3,4;0;0
2025-07;MT-06-0073;3;1,1;2,0;66,45;10,1;0;0
2025-08;MT-06-0073;1;1,1;2,0;22,15;3,4;0;0
2025-09;MT-06-0073;1;1,1;2,0;22,15;3,4;0;0
2025-10;MT-06-0073;1;1,1;2,0;22,15;3,4;0;0
2025-11;MT-06-0073;3;1,1;2,0;66,45;10,1;0;0
2025-12;MT-06-0073;2;1,1;2,0;44,3;6,8;0;0
2024-01;MRT-01-0436;2;1,3;2,1;78,07;24,8;0;0
2024-02;MRT-01-0436;1;1,3;2,1;39,03;12,4;0;0
2024-03;MRT-01-0436;1;1,3;2,1;39,03;12,4;0;0
2024-04;MRT-01-0436;2;1,3;2,1;78,07;24,8;0;0
2024-05;MRT-01-0436;3;1,3;2,1;117,1;37,2;0;0
2024-06;MRT-01-0436;2;1,3;2,1;78,07;24,8;0;0
2024-07;MRT-01-0436;2;1,3;2,1;78,07;24,8;0;0
2024-08;MRT-01-0436;1;1,3;2,1;39,03;12,4;0;0
2024-09;MRT-01-0436;2;1,3;2,1;78,07;24,8;0;0
2024-10;MRT-01-0436;3;1,3;2,1;117,1;37,2;0;0
2024-11;MRT-01-0436;3;1,3;2,1;117,1;37,2;0;0
2024-12;MRT-01-0436;0;1,3;2,1;0,0;0,0;1;0
2025-01;MRT-01-0436;0;1,3;2,1;0,0;0,0;1;0
2025-02;MRT-01-0436;3;1,3;2,1;117,1;37,2;0;0
2025-03;MRT-01-0436;0;1,3;2,1;0,0;0,0;1;0
2025-04;MRT-01-0436;2;1,3;2,1;78,07;24,8;0;0
2025-05;MRT-01-0436;1;1,3;2,1;39,03;12,4;0;0
2025-06;MRT-01-0436;2;1,3;2,1;78,07;24,8;0;0
2025-07;MRT-01-0436;2;1,3;2,1;78,07;24,8;0;0
2025-08;MRT-01-0436;2;1,3;2,1;78,07;24,8;0;0
2025-09;MRT-01-0436;2;1,3;2,1;78,07;24,8;0;0
2025-10;MRT-01-0436;3;1,3;2,1;117,1;37,2;0;0
2025-11;MRT-01-0436;0;1,3;2,1;0,0;0,0;1;0
2025-12;MRT-01-0436;0;1,3;2,1;0,0;0,0;1;0
2024-01;MRT-09-0403;4;1,6;3,0;258,85;61,3;0;0
2024-02;MRT-09-0403;2;1,6;3,0;129,43;30,6;0;0
2024-03;MRT-09-0403;2;1,6;3,0;129,43;30,6;0;0
2024-04;MRT-09-0403;4;1,6;3,0;258,85;61,3;0;0
2024-05;MRT-09-0403;3;1,6;3,0;194,14;46,0;0;0
2024-06;MRT-09-0403;2;1,6;3,0;129,43;30,6;0;0
2024-07;MRT-09-0403;3;1,6;3,0;194,14;46,0;0;0
2024-08;MRT-09-0403;4;1,6;3,0;258,85;61,3;0;0
2024-09;MRT-09-0403;3;1,6;3,0;194,14;46,0;0;0
2024-10;MRT-09-0403;1;1,6;3,0;64,71;15,3;0;0
2024-11;MRT-09-0403;2;1,6;3,0;129,43;30,6;0;0
2024-12;MRT-09-0403;1;1,6;3,0;64,71;15,3;0;0
2025-01;MRT-09-0403;0;1,6;3,0;0,0;0,0;1;0
2025-02;MRT-09-0403;6;1,6;3,0;388,28;91,9;0;0
2025-03;MRT-09-0403;4;1,6;3,0;258,85;61,3;0;0
2025-04;MRT-09-0403;5;1,6;3,0;323,56;76,6;0;0
2025-05;MRT-09-0403;3;1,6;3,0;194,14;46,0;0;0
2025-06;MRT-09-0403;4;1,6;3,0;258,85;61,3;0;0
2025-07;MRT-09-0403;0;1,6;3,0;0,0;0,0;1;0
2025-08;MRT-09-0403;1;1,6;3,0;64,71;15,3;0;0
2025-09;MRT-09-0403;3;1,6;3,0;194,14;46,0;0;0
2025-10;MRT-09-0403;5;1,6;3,0;323,56;76,6;0;0
2025-11;MRT-09-0403;0;1,6;3,0;0,0;0,0;1;0
2025-12;MRT-09-0403;1;1,6;3,0;64,71;15,3;0;0
2024-01;MLT-01-0273;5;3,9;6,3;185,88;29,0;0;0
2024-02;MLT-01-0273;3;3,9;6,3;111,53;17,4;0;0
2024-03;MLT-01-0273;8;3,9;6,3;297,41;46,5;0;0
2024-04;MLT-01-0273;7;3,9;6,3;260,23;40,6;0;0
2024-05;MLT-01-0273;7;3,9;6,3;260,23;40,6;0;0
2024-06;MLT-01-0273;1;3,9;6,3;37,18;5,8;0;0
2024-07;MLT-01-0273;8;3,9;6,3;297,41;46,5;0;0
2024-08;MLT-01-0273;7;3,9;6,3;260,23;40,6;0;0
2024-09;MLT-01-0273;9;3,9;6,3;334,58;52,3;0;0
2024-10;MLT-01-0273;7;3,9;6,3;260,23;40,6;0;0
2024-11;MLT-01-0273;10;3,9;6,3;371,76;58,1;0;0
2024-12;MLT-01-0273;7;3,9;6,3;260,23;40,6;0;0
2025-01;MLT-01-0273;7;3,9;6,3;260,23;40,6;0;0
2025-02;MLT-01-0273;6;3,9;6,3;223,05;34,8;0;0
2025-03;MLT-01-0273;4;3,9;6,3;148,7;23,2;0;0
2025-04;MLT-01-0273;6;3,9;6,3;223,05;34,8;0;0
2025-05;MLT-01-0273;3;3,9;6,3;111,53;17,4;0;0
2025-06;MLT-01-0273;10;3,9;6,3;371,76;58,1;0;0
2025-07;MLT-01-0273;12;3,9;6,3;446,11;69,7;0;0
2025-08;MLT-01-0273;7;3,9;6,3;260,23;40,6;0;0
2025-09;MLT-01-0273;5;3,9;6,3;185,88;29,0;0;0
2025-10;MLT-01-0273;3;3,9;6,3;111,53;17,4;0;0
2025-11;MLT-01-0273;4;3,9;6,3;148,7;23,2;0;0
2025-12;MLT-01-0273;4;3,9;6,3;148,7;23,2;0;0
2024-01;MRT-03-0455;1;1;1,2;251,52;90,0;0;0
2024-02;MRT-03-0455;0;1;1,2;0,0;0,0;1;0
2024-03;MRT-03-0455;1;1;1,2;251,52;90,0;0;0
2024-04;MRT-03-0455;1;1;1,2;251,52;90,0;0;0
2024-05;MRT-03-0455;0;1;1,2;0,0;0,0;1;0
2024-06;MRT-03-0455;1;1;1,2;251,52;90,0;0;0
2024-07;MRT-03-0455;1;1;1,2;251,52;90,0;0;0
2024-08;MRT-03-0455;1;1;1,2;251,52;90,0;0;0
2024-09;MRT-03-0455;1;1;1,2;251,52;90,0;0;0
2024-10;MRT-03-0455;0;1;1,2;0,0;0,0;1;0
2024-11;MRT-03-0455;1;1;1,2;251,52;90,0;0;0
2024-12;MRT-03-0455;0;1;1,2;0,0;0,0;1;0
2025-01;MRT-03-0455;2;1;1,2;503,04;180,0;0;0
2025-02;MRT-03-0455;0;1;1,2;0,0;0,0;1;0
2025-03;MRT-03-0455;1;1;1,2;251,52;90,0;0;0
2025-04;MRT-03-0455;1;1;1,2;251,52;90,0;0;0
2025-05;MRT-03-0455;1;1;1,2;251,52;90,0;0;0
2025-06;MRT-03-0455;0;1;1,2;0,0;0,0;1;0
2025-07;MRT-03-0455;1;1;1,2;251,52;90,0;0;0
2025-08;MRT-03-0455;1;1;1,2;251,52;90,0;0;0
2025-09;MRT-03-0455;0;1;1,2;0,0;0,0;1;0
2025-10;MRT-03-0455;0;1;1,2;0,0;0,0;1;0
2025-11;MRT-03-0455;1;1;1,2;251,52;90,0;0;0
2025-12;MRT-03-0455;0;1;1,2;0,0;0,0;1;0
2024-01;MT-05-0079;4;3,1;5,0;507,53;62,6;0;0
2024-02;MT-05-0079;10;3,1;5,0;1268,83;156,5;0;0
2024-03;MT-05-0079;7;3,1;5,0;888,18;109,6;0;0
2024-04;MT-05-0079;5;3,1;5,0;634,42;78,3;0;0
2024-05;MT-05-0079;5;3,1;5,0;634,42;78,3;0;0
2024-06;MT-05-0079;6;3,1;5,0;761,3;93,9;0;0
2024-07;MT-05-0079;6;3,1;5,0;761,3;93,9;0;0
2024-08;MT-05-0079;4;3,1;5,0;507,53;62,6;0;0
2024-09;MT-05-0079;4;3,1;5,0;507,53;62,6;0;0
2024-10;MT-05-0079;7;3,1;5,0;888,18;109,6;0;0
2024-11;MT-05-0079;3;3,1;5,0;380,65;47,0;0;0
2024-12;MT-05-0079;4;3,1;5,0;507,53;62,6;0;0
2025-01;MT-05-0079;4;3,1;5,0;507,53;62,6;0;0
2025-02;MT-05-0079;0;3,1;5,0;0,0;0,0;1;0
2025-03;MT-05-0079;0;3,1;5,0;0,0;0,0;1;0
2025-04;MT-05-0079;0;3,1;5,0;0,0;0,0;1;0
2025-05;MT-05-0079;5;3,1;5,0;634,42;78,3;0;0
2025-06;MT-05-0079;2;3,1;5,0;253,77;31,3;0;0
2025-07;MT-05-0079;4;3,1;5,0;507,53;62,6;0;0
2025-08;MT-05-0079;8;3,1;5,0;1015,07;125,2;0;0
2025-09;MT-05-0079;4;3,1;5,0;507,53;62,6;0;0
2025-10;MT-05-0079;3;3,1;5,0;380,65;47,0;0;0
2025-11;MT-05-0079;5;3,1;5,0;634,42;78,3;0;0
2025-12;MT-05-0079;2;3,1;5,0;253,77;31,3;0;0
2024-01;LOAD-M-06-0845;0;1;1,4;0,0;0,0;1;0
2024-02;LOAD-M-06-0845;0;1;1,4;0,0;0,0;1;0
2024-03;LOAD-M-06-0845;1;1;1,4;69,83;18,0;0;0
2024-04;LOAD-M-06-0845;2;1;1,4;139,66;36,0;0;0
2024-05;LOAD-M-06-0845;0;1;1,4;0,0;0,0;1;0
2024-06;LOAD-M-06-0845;1;1;1,4;69,83;18,0;0;0
2024-07;LOAD-M-06-0845;1;1;1,4;69,83;18,0;0;0
2024-08;LOAD-M-06-0845;1;1;1,4;69,83;18,0;0;0
2024-09;LOAD-M-06-0845;1;1;1,4;69,83;18,0;0;0
2024-10;LOAD-M-06-0845;1;1;1,4;69,83;18,0;0;0
2024-11;LOAD-M-06-0845;1;1;1,4;69,83;18,0;0;0
2024-12;LOAD-M-06-0845;1;1;1,4;69,83;18,0;0;0
2025-01;LOAD-M-06-0845;0;1;1,4;0,0;0,0;1;0
2025-02;LOAD-M-06-0845;2;1;1,4;139,66;36,0;0;0
2025-03;LOAD-M-06-0845;2;1;1,4;139,66;36,0;0;0
2025-04;LOAD-M-06-0845;1;1;1,4;69,83;18,0;0;0
2025-05;LOAD-M-06-0845;0;1;1,4;0,0;0,0;1;0
2025-06;LOAD-M-06-0845;1;1;1,4;69,83;18,0;0;0
2025-07;LOAD-M-06-0845;0;1;1,4;0,0;0,0;1;0
2025-08;LOAD-M-06-0845;1;1;1,4;69,83;18,0;0;0
2025-09;LOAD-M-06-0845;2;1;1,4;139,66;36,0;0;0
2025-10;LOAD-M-06-0845;2;1;1,4;139,66;36,0;0;0
2025-11;LOAD-M-06-0845;1;1;1,4;69,83;18,0;0;0
2025-12;LOAD-M-06-0845;1;1;1,4;69,83;18,0;0;0
2024-01;MI-MC-07-0547;5;2,6;4,2;442,84;65,5;0;0
2024-02;MI-MC-07-0547;5;2,6;4,2;442,84;65,5;0;0
2024-03;MI-MC-07-0547;0;2,6;4,2;0,0;0,0;1;0
2024-04;MI-MC-07-0547;4;2,6;4,2;354,27;52,4;0;0
2024-05;MI-MC-07-0547;2;2,6;4,2;177,14;26,2;0;0
2024-06;MI-MC-07-0547;3;2,6;4,2;265,7;39,3;0;0
2024-07;MI-MC-07-0547;4;2,6;4,2;354,27;52,4;0;0
2024-08;MI-MC-07-0547;4;2,6;4,2;354,27;52,4;0;0
2024-09;MI-MC-07-0547;5;2,6;4,2;442,84;65,5;0;0
2024-10;MI-MC-07-0547;1;2,6;4,2;88,57;13,1;0;0
2024-11;MI-MC-07-0547;4;2,6;4,2;354,27;52,4;0;0
2024-12;MI-MC-07-0547;5;2,6;4,2;442,84;65,5;0;0
2025-01;MI-MC-07-0547;5;2,6;4,2;442,84;65,5;0;0
2025-02;MI-MC-07-0547;4;2,6;4,2;354,27;52,4;0;0
2025-03;MI-MC-07-0547;4;2,6;4,2;354,27;52,4;0;0
2025-04;MI-MC-07-0547;3;2,6;4,2;265,7;39,3;0;0
2025-05;MI-MC-07-0547;2;2,6;4,2;177,14;26,2;0;0
2025-06;MI-MC-07-0547;5;2,6;4,2;442,84;65,5;0;0
2025-07;MI-MC-07-0547;7;2,6;4,2;619,98;91,6;0;0
2025-08;MI-MC-07-0547;7;2,6;4,2;619,98;91,6;0;0
2025-09;MI-MC-07-0547;4;2,6;4,2;354,27;52,4;0;0
2025-10;MI-MC-07-0547;1;2,6;4,2;88,57;13,1;0;0
2025-11;MI-MC-07-0547;2;2,6;4,2;177,14;26,2;0;0
2025-12;MI-MC-07-0547;8;2,6;4,2;708,55;104,7;0;0
2024-01;LOAD-05-0717;1;1;1,2;60,75;16,7;0;0
2024-02;LOAD-05-0717;0;1;1,2;0,0;0,0;1;0
2024-03;LOAD-05-0717;1;1;1,2;60,75;16,7;0;0
2024-04;LOAD-05-0717;1;1;1,2;60,75;16,7;0;0
2024-05;LOAD-05-0717;1;1;1,2;60,75;16,7;0;0
2024-06;LOAD-05-0717;1;1;1,2;60,75;16,7;0;0
2024-07;LOAD-05-0717;1;1;1,2;60,75;16,7;0;0
2024-08;LOAD-05-0717;1;1;1,2;60,75;16,7;0;0
2024-09;LOAD-05-0717;1;1;1,2;60,75;16,7;0;0
2024-10;LOAD-05-0717;1;1;1,2;60,75;16,7;0;0
2024-11;LOAD-05-0717;1;1;1,2;60,75;16,7;0;0
2024-12;LOAD-05-0717;1;1;1,2;60,75;16,7;0;0
2025-01;LOAD-05-0717;0;1;1,2;0,0;0,0;1;0
2025-02;LOAD-05-0717;1;1;1,2;60,75;16,7;0;0
2025-03;LOAD-05-0717;1;1;1,2;60,75;16,7;0;0
2025-04;LOAD-05-0717;0;1;1,2;0,0;0,0;1;0
2025-05;LOAD-05-0717;1;1;1,2;60,75;16,7;0;0
2025-06;LOAD-05-0717;0;1;1,2;0,0;0,0;1;0
2025-07;LOAD-05-0717;0;1;1,2;0,0;0,0;1;0
2025-08;LOAD-05-0717;0;1;1,2;0,0;0,0;1;0
2025-09;LOAD-05-0717;0;1;1,2;0,0;0,0;1;0
2025-10;LOAD-05-0717;1;1;1,2;60,75;16,7;0;0
2025-11;LOAD-05-0717;0;1;1,2;0,0;0,0;1;0
2025-12;LOAD-05-0717;1;1;1,2;60,75;16,7;0;0
2024-01;MT-08-0174;23;14,0;25,7;169,33;27,6;0;0
2024-02;MT-08-0174;26;14,0;25,7;191,42;31,2;0;0
2024-03;MT-08-0174;14;14,0;25,7;103,07;16,8;0;0
2024-04;MT-08-0174;45;14,0;25,7;331,3;54,0;0;0
2024-05;MT-08-0174;8;14,0;25,7;58,9;9,6;0;0
2024-06;MT-08-0174;24;14,0;25,7;176,69;28,8;0;0
2024-07;MT-08-0174;39;14,0;25,7;287,13;46,8;0;0
2024-08;MT-08-0174;57;14,0;25,7;419,65;68,4;0;0
2024-09;MT-08-0174;30;14,0;25,7;220,87;36,0;0;0
2024-10;MT-08-0174;36;14,0;25,7;265,04;43,2;0;0
2024-11;MT-08-0174;29;14,0;25,7;213,5;34,8;0;0
2024-12;MT-08-0174;13;14,0;25,7;95,71;15,6;0;0
2025-01;MT-08-0174;28;14,0;25,7;206,14;33,6;0;0
2025-02;MT-08-0174;55;14,0;25,7;404,92;66,0;0;0
2025-03;MT-08-0174;36;14,0;25,7;265,04;43,2;0;0
2025-04;MT-08-0174;7;14,0;25,7;51,54;8,4;0;0
2025-05;MT-08-0174;15;14,0;25,7;110,43;18,0;0;0
2025-06;MT-08-0174;26;14,0;25,7;191,42;31,2;0;0
2025-07;MT-08-0174;8;14,0;25,7;58,9;9,6;0;0
2025-08;MT-08-0174;5;14,0;25,7;36,81;6,0;0;0
2025-09;MT-08-0174;28;14,0;25,7;206,14;33,6;0;0
2025-10;MT-08-0174;12;14,0;25,7;88,35;14,4;0;0
2025-11;MT-08-0174;33;14,0;25,7;242,95;39,6;0;0
2025-12;MT-08-0174;17;14,0;25,7;125,16;20,4;0;0
2024-01;AWP-05-0694;3;1,3;2,1;290,94;52,7;0;0
2024-02;AWP-05-0694;1;1,3;2,1;96,98;17,6;0;0
2024-03;AWP-05-0694;3;1,3;2,1;290,94;52,7;0;0
2024-04;AWP-05-0694;3;1,3;2,1;290,94;52,7;0;0
2024-05;AWP-05-0694;0;1,3;2,1;0,0;0,0;1;0
2024-06;AWP-05-0694;2;1,3;2,1;193,96;35,1;0;0
2024-07;AWP-05-0694;1;1,3;2,1;96,98;17,6;0;0
2024-08;AWP-05-0694;2;1,3;2,1;193,96;35,1;0;0
2024-09;AWP-05-0694;0;1,3;2,1;0,0;0,0;1;0
2024-10;AWP-05-0694;1;1,3;2,1;96,98;17,6;0;0
2024-11;AWP-05-0694;3;1,3;2,1;290,94;52,7;0;0
2024-12;AWP-05-0694;0;1,3;2,1;0,0;0,0;1;0
2025-01;AWP-05-0694;2;1,3;2,1;193,96;35,1;0;0
2025-02;AWP-05-0694;2;1,3;2,1;193,96;35,1;0;0
2025-03;AWP-05-0694;1;1,3;2,1;96,98;17,6;0;0
2025-04;AWP-05-0694;1;1,3;2,1;96,98;17,6;0;0
2025-05;AWP-05-0694;3;1,3;2,1;290,94;52,7;0;0
2025-06;AWP-05-0694;1;1,3;2,1;96,98;17,6;0;0
2025-07;AWP-05-0694;0;1,3;2,1;0,0;0,0;1;0
2025-08;AWP-05-0694;1;1,3;2,1;96,98;17,6;0;0
2025-09;AWP-05-0694;1;1,3;2,1;96,98;17,6;0;0
2025-10;AWP-05-0694;0;1,3;2,1;0,0;0,0;1;0
2025-11;AWP-05-0694;1;1,3;2,1;96,98;17,6;0;0
2025-12;AWP-05-0694;2;1,3;2,1;193,96;35,1;0;0
2024-01;LOAD-M-08-0872;2;7,3;13,5;38,3;14,7;0;0
2024-02;LOAD-M-08-0872;15;7,3;13,5;287,22;110,2;0;0
2024-03;LOAD-M-08-0872;15;7,3;13,5;287,22;110,2;0;0
2024-04;LOAD-M-08-0872;13;7,3;13,5;248,92;95,5;0;0
2024-05;LOAD-M-08-0872;11;7,3;13,5;210,63;80,8;0;0
2024-06;LOAD-M-08-0872;13;7,3;13,5;248,92;95,5;0;0
2024-07;LOAD-M-08-0872;19;7,3;13,5;363,81;139,6;0;0
2024-08;LOAD-M-08-0872;14;7,3;13,5;268,07;102,9;0;0
2024-09;LOAD-M-08-0872;14;7,3;13,5;268,07;102,9;0;0
2024-10;LOAD-M-08-0872;15;7,3;13,5;287,22;110,2;0;0
2024-11;LOAD-M-08-0872;16;7,3;13,5;306,36;117,6;0;0
2024-12;LOAD-M-08-0872;14;7,3;13,5;268,07;102,9;0;0
2025-01;LOAD-M-08-0872;7;7,3;13,5;134,03;51,4;0;0
2025-02;LOAD-M-08-0872;6;7,3;13,5;114,89;44,1;0;0
2025-03;LOAD-M-08-0872;16;7,3;13,5;306,36;117,6;0;0
2025-04;LOAD-M-08-0872;13;7,3;13,5;248,92;95,5;0;0
2025-05;LOAD-M-08-0872;2;7,3;13,5;38,3;14,7;0;0
2025-06;LOAD-M-08-0872;15;7,3;13,5;287,22;110,2;0;0
2025-07;LOAD-M-08-0872;11;7,3;13,5;210,63;80,8;0;0
2025-08;LOAD-M-08-0872;5;7,3;13,5;95,74;36,7;0;0
2025-09;LOAD-M-08-0872;6;7,3;13,5;114,89;44,1;0;0
2025-10;LOAD-M-08-0872;15;7,3;13,5;287,22;110,2;0;0
2025-11;LOAD-M-08-0872;22;7,3;13,5;421,25;161,6;0;0
2025-12;LOAD-M-08-0872;1;7,3;13,5;19,15;7,3;0;0
2024-01;MRT-06-0405;1;1;1,5;54,78;10,4;0;0
2024-02;MRT-06-0405;2;1;1,5;109,57;20,9;0;0
2024-03;MRT-06-0405;1;1;1,5;54,78;10,4;0;0
2024-04;MRT-06-0405;1;1;1,5;54,78;10,4;0;0
2024-05;MRT-06-0405;1;1;1,5;54,78;10,4;0;0
2024-06;MRT-06-0405;1;1;1,5;54,78;10,4;0;0
2024-07;MRT-06-0405;1;1;1,5;54,78;10,4;0;0
2024-08;MRT-06-0405;2;1;1,5;109,57;20,9;0;0
2024-09;MRT-06-0405;1;1;1,5;54,78;10,4;0;0
2024-10;MRT-06-0405;1;1;1,5;54,78;10,4;0;0
2024-11;MRT-06-0405;1;1;1,5;54,78;10,4;0;0
2024-12;MRT-06-0405;2;1;1,5;109,57;20,9;0;0
2025-01;MRT-06-0405;1;1;1,5;54,78;10,4;0;0
2025-02;MRT-06-0405;1;1;1,5;54,78;10,4;0;0
2025-03;MRT-06-0405;1;1;1,5;54,78;10,4;0;0
2025-04;MRT-06-0405;0;1;1,5;0,0;0,0;1;0
2025-05;MRT-06-0405;1;1;1,5;54,78;10,4;0;0
2025-06;MRT-06-0405;1;1;1,5;54,78;10,4;0;0
2025-07;MRT-06-0405;2;1;1,5;109,57;20,9;0;0
2025-08;MRT-06-0405;2;1;1,5;109,57;20,9;0;0
2025-09;MRT-06-0405;3;1;1,5;164,35;31,3;0;0
2025-10;MRT-06-0405;2;1;1,5;109,57;20,9;0;0
2025-11;MRT-06-0405;1;1;1,5;54,78;10,4;0;0
2025-12;MRT-06-0405;0;1;1,5;0,0;0,0;1;0
2024-01;AWP-09-0669;1;1;1,4;58,68;16,4;0;0
2024-02;AWP-09-0669;2;1;1,4;117,36;32,7;0;0
2024-03;AWP-09-0669;2;1;1,4;117,36;32,7;0;0
2024-04;AWP-09-0669;1;1;1,4;58,68;16,4;0;0
2024-05;AWP-09-0669;1;1;1,4;58,68;16,4;0;0
2024-06;AWP-09-0669;1;1;1,4;58,68;16,4;0;0
2024-07;AWP-09-0669;0;1;1,4;0,0;0,0;1;0
2024-08;AWP-09-0669;1;1;1,4;58,68;16,4;0;0
2024-09;AWP-09-0669;1;1;1,4;58,68;16,4;0;0
2024-10;AWP-09-0669;1;1;1,4;58,68;16,4;0;0
2024-11;AWP-09-0669;2;1;1,4;117,36;32,7;0;0
2024-12;AWP-09-0669;0;1;1,4;0,0;0,0;1;0
2025-01;AWP-09-0669;1;1;1,4;58,68;16,4;0;0
2025-02;AWP-09-0669;3;1;1,4;176,04;49,1;0;0
2025-03;AWP-09-0669;1;1;1,4;58,68;16,4;0;0
2025-04;AWP-09-0669;1;1;1,4;58,68;16,4;0;0
2025-05;AWP-09-0669;0;1;1,4;0,0;0,0;1;0
2025-06;AWP-09-0669;2;1;1,4;117,36;32,7;0;0
2025-07;AWP-09-0669;3;1;1,4;176,04;49,1;0;0
2025-08;AWP-09-0669;2;1;1,4;117,36;32,7;0;0
2025-09;AWP-09-0669;0;1;1,4;0,0;0,0;1;0
2025-10;AWP-09-0669;1;1;1,4;58,68;16,4;0;0
2025-11;AWP-09-0669;1;1;1,4;58,68;16,4;0;0
2025-12;AWP-09-0669;1;1;1,4;58,68;16,4;0;0
2024-01;MT-06-0137;5;4,5;7,3;348,17;37,5;0;0
2024-02;MT-06-0137;6;4,5;7,3;417,81;45,0;0;0
2024-03;MT-06-0137;9;4,5;7,3;626,71;67,5;0;0
2024-04;MT-06-0137;3;4,5;7,3;208,9;22,5;0;0
2024-05;MT-06-0137;5;4,5;7,3;348,17;37,5;0;0
2024-06;MT-06-0137;16;4,5;7,3;1114,16;120,0;0;0
2024-07;MT-06-0137;6;4,5;7,3;417,81;45,0;0;0
2024-08;MT-06-0137;0;4,5;7,3;0,0;0,0;1;0
2024-09;MT-06-0137;8;4,5;7,3;557,08;60,0;0;0
2024-10;MT-06-0137;5;4,5;7,3;348,17;37,5;0;0
2024-11;MT-06-0137;10;4,5;7,3;696,35;75,0;0;0
2024-12;MT-06-0137;6;4,5;7,3;417,81;45,0;0;0
2025-01;MT-06-0137;0;4,5;7,3;0,0;0,0;1;0
2025-02;MT-06-0137;11;4,5;7,3;765,98;82,5;0;0
2025-03;MT-06-0137;9;4,5;7,3;626,71;67,5;0;0
2025-04;MT-06-0137;9;4,5;7,3;626,71;67,5;0;0
2025-05;MT-06-0137;7;4,5;7,3;487,44;52,5;0;0
2025-06;MT-06-0137;0;4,5;7,3;0,0;0,0;1;0
2025-07;MT-06-0137;10;4,5;7,3;696,35;75,0;0;0
2025-08;MT-06-0137;0;4,5;7,3;0,0;0,0;1;0
2025-09;MT-06-0137;2;4,5;7,3;139,27;15,0;0;0
2025-10;MT-06-0137;8;4,5;7,3;557,08;60,0;0;0
2025-11;MT-06-0137;4;4,5;7,3;278,54;30,0;0;0
2025-12;MT-06-0137;5;4,5;7,3;348,17;37,5;0;0
2024-01;LOAD-02-0761;1;1;1,6;183,52;22,5;0;0
2024-02;LOAD-02-0761;1;1;1,6;183,52;22,5;0;0
2024-03;LOAD-02-0761;0;1;1,6;0,0;0,0;1;0
2024-04;LOAD-02-0761;0;1;1,6;0,0;0,0;1;0
2024-05;LOAD-02-0761;0;1;1,6;0,0;0,0;1;0
2024-06;LOAD-02-0761;0;1;1,6;0,0;0,0;1;0
2024-07;LOAD-02-0761;0;1;1,6;0,0;0,0;1;0
2024-08;LOAD-02-0761;1;1;1,6;183,52;22,5;0;0
2024-09;LOAD-02-0761;1;1;1,6;183,52;22,5;0;0
2024-10;LOAD-02-0761;0;1;1,6;0,0;0,0;1;0
2024-11;LOAD-02-0761;0;1;1,6;0,0;0,0;1;0
2024-12;LOAD-02-0761;1;1;1,6;183,52;22,5;0;0
2025-01;LOAD-02-0761;3;1;1,6;550,56;67,5;0;0
2025-02;LOAD-02-0761;0;1;1,6;0,0;0,0;1;0
2025-03;LOAD-02-0761;0;1;1,6;0,0;0,0;1;0
2025-04;LOAD-02-0761;2;1;1,6;367,04;45,0;0;0
2025-05;LOAD-02-0761;2;1;1,6;367,04;45,0;0;0
2025-06;LOAD-02-0761;1;1;1,6;183,52;22,5;0;0
2025-07;LOAD-02-0761;0;1;1,6;0,0;0,0;1;0
2025-08;LOAD-02-0761;0;1;1,6;0,0;0,0;1;0
2025-09;LOAD-02-0761;1;1;1,6;183,52;22,5;0;0
2025-10;LOAD-02-0761;1;1;1,6;183,52;22,5;0;0
2025-11;LOAD-02-0761;2;1;1,6;367,04;45,0;0;0
2025-12;LOAD-02-0761;0;1;1,6;0,0;0,0;1;0
2024-01;TMM-07-0596;0;1;1,1;0,0;0,0;1;0
2024-02;TMM-07-0596;1;1;1,1;245,53;42,4;0;0
2024-03;TMM-07-0596;1;1;1,1;245,53;42,4;0;0
2024-04;TMM-07-0596;1;1;1,1;245,53;42,4;0;0
2024-05;TMM-07-0596;1;1;1,1;245,53;42,4;0;0
2024-06;TMM-07-0596;1;1;1,1;245,53;42,4;0;0
2024-07;TMM-07-0596;1;1;1,1;245,53;42,4;0;0
2024-08;TMM-07-0596;1;1;1,1;245,53;42,4;0;0
2024-09;TMM-07-0596;0;1;1,1;0,0;0,0;1;0
2024-10;TMM-07-0596;0;1;1,1;0,0;0,0;1;0
2024-11;TMM-07-0596;0;1;1,1;0,0;0,0;1;0
2024-12;TMM-07-0596;0;1;1,1;0,0;0,0;1;0
2025-01;TMM-07-0596;0;1;1,1;0,0;0,0;1;0
2025-02;TMM-07-0596;1;1;1,1;245,53;42,4;0;0
2025-03;TMM-07-0596;0;1;1,1;0,0;0,0;1;0
2025-04;TMM-07-0596;0;1;1,1;0,0;0,0;1;0
2025-05;TMM-07-0596;0;1;1,1;0,0;0,0;1;0
2025-06;TMM-07-0596;1;1;1,1;245,53;42,4;0;0
2025-07;TMM-07-0596;1;1;1,1;245,53;42,4;0;0
2025-08;TMM-07-0596;0;1;1,1;0,0;0,0;1;0
2025-09;TMM-07-0596;0;1;1,1;0,0;0,0;1;0
2025-10;TMM-07-0596;0;1;1,1;0,0;0,0;1;0
2025-11;TMM-07-0596;1;1;1,1;245,53;42,4;0;0
2025-12;TMM-07-0596;0;1;1,1;0,0;0,0;1;0
2024-01;TMM-02-0564;2;2,7;4,4;119,45;53,3;0;0
2024-02;TMM-02-0564;4;2,7;4,4;238,91;106,7;0;0
2024-03;TMM-02-0564;0;2,7;4,4;0,0;0,0;1;0
2024-04;TMM-02-0564;2;2,7;4,4;119,45;53,3;0;0
2024-05;TMM-02-0564;6;2,7;4,4;358,36;160,0;0;0
2024-06;TMM-02-0564;2;2,7;4,4;119,45;53,3;0;0
2024-07;TMM-02-0564;1;2,7;4,4;59,73;26,7;0;0
2024-08;TMM-02-0564;4;2,7;4,4;238,91;106,7;0;0
2024-09;TMM-02-0564;4;2,7;4,4;238,91;106,7;0;0
2024-10;TMM-02-0564;3;2,7;4,4;179,18;80,0;0;0
2024-11;TMM-02-0564;7;2,7;4,4;418,09;186,7;0;0
2024-12;TMM-02-0564;2;2,7;4,4;119,45;53,3;0;0
2025-01;TMM-02-0564;1;2,7;4,4;59,73;26,7;0;0
2025-02;TMM-02-0564;6;2,7;4,4;358,36;160,0;0;0
2025-03;TMM-02-0564;4;2,7;4,4;238,91;106,7;0;0
2025-04;TMM-02-0564;7;2,7;4,4;418,09;186,7;0;0
2025-05;TMM-02-0564;1;2,7;4,4;59,73;26,7;0;0
2025-06;TMM-02-0564;5;2,7;4,4;298,64;133,3;0;0
2025-07;TMM-02-0564;3;2,7;4,4;179,18;80,0;0;0
2025-08;TMM-02-0564;3;2,7;4,4;179,18;80,0;0;0
2025-09;TMM-02-0564;5;2,7;4,4;298,64;133,3;0;0
2025-10;TMM-02-0564;7;2,7;4,4;418,09;186,7;0;0
2025-11;TMM-02-0564;2;2,7;4,4;119,45;53,3;0;0
2025-12;TMM-02-0564;8;2,7;4,4;477,82;213,3;0;0
2024-01;TMM-01-0577;2;1;1,6;35,66;22,2;0;0
2024-02;TMM-01-0577;2;1;1,6;35,66;22,2;0;0
2024-03;TMM-01-0577;3;1;1,6;53,49;33,2;0;0
2024-04;TMM-01-0577;2;1;1,6;35,66;22,2;0;0
2024-05;TMM-01-0577;1;1;1,6;17,83;11,1;0;0
2024-06;TMM-01-0577;1;1;1,6;17,83;11,1;0;0
2024-07;TMM-01-0577;2;1;1,6;35,66;22,2;0;0
2024-08;TMM-01-0577;2;1;1,6;35,66;22,2;0;0
2024-09;TMM-01-0577;1;1;1,6;17,83;11,1;0;0
2024-10;TMM-01-0577;1;1;1,6;17,83;11,1;0;0
2024-11;TMM-01-0577;1;1;1,6;17,83;11,1;0;0
2024-12;TMM-01-0577;1;1;1,6;17,83;11,1;0;0
2025-01;TMM-01-0577;1;1;1,6;17,83;11,1;0;0
2025-02;TMM-01-0577;2;1;1,6;35,66;22,2;0;0
2025-03;TMM-01-0577;0;1;1,6;0,0;0,0;1;0
2025-04;TMM-01-0577;1;1;1,6;17,83;11,1;0;0
2025-05;TMM-01-0577;1;1;1,6;17,83;11,1;0;0
2025-06;TMM-01-0577;1;1;1,6;17,83;11,1;0;0
2025-07;TMM-01-0577;1;1;1,6;17,83;11,1;0;0
2025-08;TMM-01-0577;2;1;1,6;35,66;22,2;0;0
2025-09;TMM-01-0577;0;1;1,6;0,0;0,0;1;0
2025-10;TMM-01-0577;0;1;1,6;0,0;0,0;1;0
2025-11;TMM-01-0577;2;1;1,6;35,66;22,2;0;0
2025-12;TMM-01-0577;2;1;1,6;35,66;22,2;0;0
2024-01;MT-03-0050;1;1;1,3;185,9;23,2;0;0
2024-02;MT-03-0050;0;1;1,3;0,0;0,0;1;0
2024-03;MT-03-0050;0;1;1,3;0,0;0,0;1;0
2024-04;MT-03-0050;0;1;1,3;0,0;0,0;1;0
2024-05;MT-03-0050;1;1;1,3;185,9;23,2;0;0
2024-06;MT-03-0050;1;1;1,3;185,9;23,2;0;0
2024-07;MT-03-0050;1;1;1,3;185,9;23,2;0;0
2024-08;MT-03-0050;0;1;1,3;0,0;0,0;1;0
2024-09;MT-03-0050;0;1;1,3;0,0;0,0;1;0
2024-10;MT-03-0050;1;1;1,3;185,9;23,2;0;0
2024-11;MT-03-0050;0;1;1,3;0,0;0,0;1;0
2024-12;MT-03-0050;1;1;1,3;185,9;23,2;0;0
2025-01;MT-03-0050;0;1;1,3;0,0;0,0;1;0
2025-02;MT-03-0050;1;1;1,3;185,9;23,2;0;0
2025-03;MT-03-0050;1;1;1,3;185,9;23,2;0;0
2025-04;MT-03-0050;1;1;1,3;185,9;23,2;0;0
2025-05;MT-03-0050;1;1;1,3;185,9;23,2;0;0
2025-06;MT-03-0050;0;1;1,3;0,0;0,0;1;0
2025-07;MT-03-0050;1;1;1,3;185,9;23,2;0;0
2025-08;MT-03-0050;0;1;1,3;0,0;0,0;1;0
2025-09;MT-03-0050;1;1;1,3;185,9;23,2;0;0
2025-10;MT-03-0050;0;1;1,3;0,0;0,0;1;0
2025-11;MT-03-0050;1;1;1,3;185,9;23,2;0;0
2025-12;MT-03-0050;0;1;1,3;0,0;0,0;1;0
2024-01;MT-06-0082;13;6,5;12,0;677,82;71,5;0;0
2024-02;MT-06-0082;14;6,5;12,0;729,96;76,9;0;0
2024-03;MT-06-0082;16;6,5;12,0;834,24;87,9;0;0
2024-04;MT-06-0082;8;6,5;12,0;417,12;44,0;0;0
2024-05;MT-06-0082;13;6,5;12,0;677,82;71,5;0;0
2024-06;MT-06-0082;9;6,5;12,0;469,26;49,5;0;0
2024-07;MT-06-0082;14;6,5;12,0;729,96;76,9;0;0
2024-08;MT-06-0082;14;6,5;12,0;729,96;76,9;0;0
2024-09;MT-06-0082;9;6,5;12,0;469,26;49,5;0;0
2024-10;MT-06-0082;6;6,5;12,0;312,84;33,0;0;0
2024-11;MT-06-0082;6;6,5;12,0;312,84;33,0;0;0
2024-12;MT-06-0082;12;6,5;12,0;625,68;66,0;0;0
2025-01;MT-06-0082;9;6,5;12,0;469,26;49,5;0;0
2025-02;MT-06-0082;10;6,5;12,0;521,4;55,0;0;0
2025-03;MT-06-0082;13;6,5;12,0;677,82;71,5;0;0
2025-04;MT-06-0082;12;6,5;12,0;625,68;66,0;0;0
2025-05;MT-06-0082;12;6,5;12,0;625,68;66,0;0;0
2025-06;MT-06-0082;10;6,5;12,0;521,4;55,0;0;0
2025-07;MT-06-0082;10;6,5;12,0;521,4;55,0;0;0
2025-08;MT-06-0082;10;6,5;12,0;521,4;55,0;0;0
2025-09;MT-06-0082;18;6,5;12,0;938,52;98,9;0;0
2025-10;MT-06-0082;8;6,5;12,0;417,12;44,0;0;0
2025-11;MT-06-0082;1;6,5;12,0;52,14;5,5;0;0
2025-12;MT-06-0082;5;6,5;12,0;260,7;27,5;0;0
2024-01;MT-02-0062;0;1;1,5;0,0;0,0;1;0
2024-02;MT-02-0062;0;1;1,5;0,0;0,0;1;0
2024-03;MT-02-0062;1;1;1,5;58,59;5,5;0;0
2024-04;MT-02-0062;0;1;1,5;0,0;0,0;1;0
2024-05;MT-02-0062;1;1;1,5;58,59;5,5;0;0
2024-06;MT-02-0062;1;1;1,5;58,59;5,5;0;0
2024-07;MT-02-0062;0;1;1,5;0,0;0,0;1;0
2024-08;MT-02-0062;0;1;1,5;0,0;0,0;1;0
2024-09;MT-02-0062;0;1;1,5;0,0;0,0;1;0
2024-10;MT-02-0062;0;1;1,5;0,0;0,0;1;0
2024-11;MT-02-0062;1;1;1,5;58,59;5,5;0;0
2024-12;MT-02-0062;2;1;1,5;117,17;11,0;0;0
2025-01;MT-02-0062;1;1;1,5;58,59;5,5;0;0
2025-02;MT-02-0062;0;1;1,5;0,0;0,0;1;0
2025-03;MT-02-0062;1;1;1,5;58,59;5,5;0;0
2025-04;MT-02-0062;0;1;1,5;0,0;0,0;1;0
2025-05;MT-02-0062;1;1;1,5;58,59;5,5;0;0
2025-06;MT-02-0062;2;1;1,5;117,17;11,0;0;0
2025-07;MT-02-0062;0;1;1,5;0,0;0,0;1;0
2025-08;MT-02-0062;1;1;1,5;58,59;5,5;0;0
2025-09;MT-02-0062;1;1;1,5;58,59;5,5;0;0
2025-10;MT-02-0062;0;1;1,5;0,0;0,0;1;0
2025-11;MT-02-0062;1;1;1,5;58,59;5,5;0;0
2025-12;MT-02-0062;1;1;1,5;58,59;5,5;0;0
2024-01;MI-MC-03-0466;1;1;1,2;161,27;51,4;0;0
2024-02;MI-MC-03-0466;1;1;1,2;161,27;51,4;0;0
2024-03;MI-MC-03-0466;0;1;1,2;0,0;0,0;1;0
2024-04;MI-MC-03-0466;0;1;1,2;0,0;0,0;1;0
2024-05;MI-MC-03-0466;1;1;1,2;161,27;51,4;0;0
2024-06;MI-MC-03-0466;1;1;1,2;161,27;51,4;0;0
2024-07;MI-MC-03-0466;0;1;1,2;0,0;0,0;1;0
2024-08;MI-MC-03-0466;1;1;1,2;161,27;51,4;0;0
2024-09;MI-MC-03-0466;1;1;1,2;161,27;51,4;0;0
2024-10;MI-MC-03-0466;0;1;1,2;0,0;0,0;1;0
2024-11;MI-MC-03-0466;0;1;1,2;0,0;0,0;1;0
2024-12;MI-MC-03-0466;0;1;1,2;0,0;0,0;1;0
2025-01;MI-MC-03-0466;1;1;1,2;161,27;51,4;0;0
2025-02;MI-MC-03-0466;0;1;1,2;0,0;0,0;1;0
2025-03;MI-MC-03-0466;0;1;1,2;0,0;0,0;1;0
2025-04;MI-MC-03-0466;1;1;1,2;161,27;51,4;0;0
2025-05;MI-MC-03-0466;0;1;1,2;0,0;0,0;1;0
2025-06;MI-MC-03-0466;0;1;1,2;0,0;0,0;1;0
2025-07;MI-MC-03-0466;1;1;1,2;161,27;51,4;0;0
2025-08;MI-MC-03-0466;2;1;1,2;322,53;102,9;0;0
2025-09;MI-MC-03-0466;0;1;1,2;0,0;0,0;1;0
2025-10;MI-MC-03-0466;1;1;1,2;161,27;51,4;0;0
2025-11;MI-MC-03-0466;0;1;1,2;0,0;0,0;1;0
2025-12;MI-MC-03-0466;0;1;1,2;0,0;0,0;1;0
2024-01;MRT-09-0438;1;1;1,2;79,71;45,0;0;0
2024-02;MRT-09-0438;1;1;1,2;79,71;45,0;0;0
2024-03;MRT-09-0438;1;1;1,2;79,71;45,0;0;0
2024-04;MRT-09-0438;0;1;1,2;0,0;0,0;1;0
2024-05;MRT-09-0438;1;1;1,2;79,71;45,0;0;0
2024-06;MRT-09-0438;2;1;1,2;159,42;90,0;0;0
2024-07;MRT-09-0438;1;1;1,2;79,71;45,0;0;0
2024-08;MRT-09-0438;1;1;1,2;79,71;45,0;0;0
2024-09;MRT-09-0438;0;1;1,2;0,0;0,0;1;0
2024-10;MRT-09-0438;0;1;1,2;0,0;0,0;1;0
2024-11;MRT-09-0438;1;1;1,2;79,71;45,0;0;0
2024-12;MRT-09-0438;1;1;1,2;79,71;45,0;0;0
2025-01;MRT-09-0438;2;1;1,2;159,42;90,0;0;0
2025-02;MRT-09-0438;1;1;1,2;79,71;45,0;0;0
2025-03;MRT-09-0438;0;1;1,2;0,0;0,0;1;0
2025-04;MRT-09-0438;2;1;1,2;159,42;90,0;0;0
2025-05;MRT-09-0438;1;1;1,2;79,71;45,0;0;0
2025-06;MRT-09-0438;0;1;1,2;0,0;0,0;1;0
2025-07;MRT-09-0438;1;1;1,2;79,71;45,0;0;0
2025-08;MRT-09-0438;1;1;1,2;79,71;45,0;0;0
2025-09;MRT-09-0438;0;1;1,2;0,0;0,0;1;0
2025-10;MRT-09-0438;1;1;1,2;79,71;45,0;0;0
2025-11;MRT-09-0438;1;1;1,2;79,71;45,0;0;0
2025-12;MRT-09-0438;0;1;1,2;0,0;0,0;1;0
2024-01;MLT-09-0313;2;1,1;2,0;93,75;15,7;0;0
2024-02;MLT-09-0313;1;1,1;2,0;46,87;7,8;0;0
2024-03;MLT-09-0313;1;1,1;2,0;46,87;7,8;0;0
2024-04;MLT-09-0313;3;1,1;2,0;140,62;23,5;0;0
2024-05;MLT-09-0313;0;1,1;2,0;0,0;0,0;1;0
2024-06;MLT-09-0313;1;1,1;2,0;46,87;7,8;0;0
2024-07;MLT-09-0313;1;1,1;2,0;46,87;7,8;0;0
2024-08;MLT-09-0313;0;1,1;2,0;0,0;0,0;1;0
2024-09;MLT-09-0313;1;1,1;2,0;46,87;7,8;0;0
2024-10;MLT-09-0313;2;1,1;2,0;93,75;15,7;0;0
2024-11;MLT-09-0313;2;1,1;2,0;93,75;15,7;0;0
2024-12;MLT-09-0313;3;1,1;2,0;140,62;23,5;0;0
2025-01;MLT-09-0313;2;1,1;2,0;93,75;15,7;0;0
2025-02;MLT-09-0313;2;1,1;2,0;93,75;15,7;0;0
2025-03;MLT-09-0313;1;1,1;2,0;46,87;7,8;0;0
2025-04;MLT-09-0313;0;1,1;2,0;0,0;0,0;1;0
2025-05;MLT-09-0313;2;1,1;2,0;93,75;15,7;0;0
2025-06;MLT-09-0313;3;1,1;2,0;140,62;23,5;0;0
2025-07;MLT-09-0313;1;1,1;2,0;46,87;7,8;0;0
2025-08;MLT-09-0313;3;1,1;2,0;140,62;23,5;0;0
2025-09;MLT-09-0313;2;1,1;2,0;93,75;15,7;0;0
2025-10;MLT-09-0313;1;1,1;2,0;46,87;7,8;0;0
2025-11;MLT-09-0313;1;1,1;2,0;46,87;7,8;0;0
2025-12;MLT-09-0313;0;1,1;2,0;0,0;0,0;1;0
2024-01;MLT-09-0323;0;1;1,7;0,0;0,0;1;0
2024-02;MLT-09-0323;1;1;1,7;103,03;21,2;0;0
2024-03;MLT-09-0323;1;1;1,7;103,03;21,2;0;0
2024-04;MLT-09-0323;0;1;1,7;0,0;0,0;1;0
2024-05;MLT-09-0323;2;1;1,7;206,05;42,4;0;0
2024-06;MLT-09-0323;2;1;1,7;206,05;42,4;0;0
2024-07;MLT-09-0323;1;1;1,7;103,03;21,2;0;0
2024-08;MLT-09-0323;0;1;1,7;0,0;0,0;1;0
2024-09;MLT-09-0323;0;1;1,7;0,0;0,0;1;0
2024-10;MLT-09-0323;1;1;1,7;103,03;21,2;0;0
2024-11;MLT-09-0323;2;1;1,7;206,05;42,4;0;0
2024-12;MLT-09-0323;2;1;1,7;206,05;42,4;0;0
2025-01;MLT-09-0323;2;1;1,7;206,05;42,4;0;0
2025-02;MLT-09-0323;1;1;1,7;103,03;21,2;0;0
2025-03;MLT-09-0323;3;1;1,7;309,08;63,5;0;0
2025-04;MLT-09-0323;0;1;1,7;0,0;0,0;1;0
2025-05;MLT-09-0323;0;1;1,7;0,0;0,0;1;0
2025-06;MLT-09-0323;1;1;1,7;103,03;21,2;0;0
2025-07;MLT-09-0323;2;1;1,7;206,05;42,4;0;0
2025-08;MLT-09-0323;1;1;1,7;103,03;21,2;0;0
2025-09;MLT-09-0323;1;1;1,7;103,03;21,2;0;0
2025-10;MLT-09-0323;1;1;1,7;103,03;21,2;0;0
2025-11;MLT-09-0323;0;1;1,7;0,0;0,0;1;0
2025-12;MLT-09-0323;2;1;1,7;206,05;42,4;0;0
2024-01;LOAD-M-05-0843;1;1;1,2;71,48;34,3;0;0
2024-02;LOAD-M-05-0843;0;1;1,2;0,0;0,0;1;0
2024-03;LOAD-M-05-0843;1;1;1,2;71,48;34,3;0;0
2024-04;LOAD-M-05-0843;1;1;1,2;71,48;34,3;0;0
2024-05;LOAD-M-05-0843;1;1;1,2;71,48;34,3;0;0
2024-06;LOAD-M-05-0843;0;1;1,2;0,0;0,0;1;0
2024-07;LOAD-M-05-0843;1;1;1,2;71,48;34,3;0;0
2024-08;LOAD-M-05-0843;1;1;1,2;71,48;34,3;0;0
2024-09;LOAD-M-05-0843;1;1;1,2;71,48;34,3;0;0
2024-10;LOAD-M-05-0843;0;1;1,2;0,0;0,0;1;0
2024-11;LOAD-M-05-0843;1;1;1,2;71,48;34,3;0;0
2024-12;LOAD-M-05-0843;0;1;1,2;0,0;0,0;1;0
2025-01;LOAD-M-05-0843;0;1;1,2;0,0;0,0;1;0
2025-02;LOAD-M-05-0843;0;1;1,2;0,0;0,0;1;0
2025-03;LOAD-M-05-0843;1;1;1,2;71,48;34,3;0;0
2025-04;LOAD-M-05-0843;1;1;1,2;71,48;34,3;0;0
2025-05;LOAD-M-05-0843;1;1;1,2;71,48;34,3;0;0
2025-06;LOAD-M-05-0843;0;1;1,2;0,0;0,0;1;0
2025-07;LOAD-M-05-0843;1;1;1,2;71,48;34,3;0;0
2025-08;LOAD-M-05-0843;0;1;1,2;0,0;0,0;1;0
2025-09;LOAD-M-05-0843;2;1;1,2;142,96;68,6;0;0
2025-10;LOAD-M-05-0843;0;1;1,2;0,0;0,0;1;0
2025-11;LOAD-M-05-0843;1;1;1,2;71,48;34,3;0;0
2025-12;LOAD-M-05-0843;1;1;1,2;71,48;34,3;0;0
2024-01;LOAD-M-06-0830;1;1,7;3,2;78,1;31,3;0;0
2024-02;LOAD-M-06-0830;4;1,7;3,2;312,4;125,2;0;0
2024-03;LOAD-M-06-0830;0;1,7;3,2;0,0;0,0;1;0
2024-04;LOAD-M-06-0830;5;1,7;3,2;390,5;156,5;0;0
2024-05;LOAD-M-06-0830;3;1,7;3,2;234,3;93,9;0;0
2024-06;LOAD-M-06-0830;4;1,7;3,2;312,4;125,2;0;0
2024-07;LOAD-M-06-0830;3;1,7;3,2;234,3;93,9;0;0
2024-08;LOAD-M-06-0830;1;1,7;3,2;78,1;31,3;0;0
2024-09;LOAD-M-06-0830;6;1,7;3,2;468,6;187,8;0;0
2024-10;LOAD-M-06-0830;0;1,7;3,2;0,0;0,0;1;0
2024-11;LOAD-M-06-0830;4;1,7;3,2;312,4;125,2;0;0
2024-12;LOAD-M-06-0830;2;1,7;3,2;156,2;62,6;0;0
2025-01;LOAD-M-06-0830;4;1,7;3,2;312,4;125,2;0;0
2025-02;LOAD-M-06-0830;2;1,7;3,2;156,2;62,6;0;0
2025-03;LOAD-M-06-0830;4;1,7;3,2;312,4;125,2;0;0
2025-04;LOAD-M-06-0830;0;1,7;3,2;0,0;0,0;1;0
2025-05;LOAD-M-06-0830;5;1,7;3,2;390,5;156,5;0;0
2025-06;LOAD-M-06-0830;1;1,7;3,2;78,1;31,3;0;0
2025-07;LOAD-M-06-0830;1;1,7;3,2;78,1;31,3;0;0
2025-08;LOAD-M-06-0830;3;1,7;3,2;234,3;93,9;0;0
2025-09;LOAD-M-06-0830;2;1,7;3,2;156,2;62,6;0;0
2025-10;LOAD-M-06-0830;3;1,7;3,2;234,3;93,9;0;0
2025-11;LOAD-M-06-0830;0;1,7;3,2;0,0;0,0;1;0
2025-12;LOAD-M-06-0830;3;1,7;3,2;234,3;93,9;0;0
2024-01;MI-MC-07-0483;0;1;1,0;0,0;0,0;1;0
2024-02;MI-MC-07-0483;1;1;1,0;314,67;300,0;0;1
2024-03;MI-MC-07-0483;0;1;1,0;0,0;0,0;1;0
2024-04;MI-MC-07-0483;1;1;1,0;314,67;300,0;0;1
2024-05;MI-MC-07-0483;0;1;1,0;0,0;0,0;1;0
2024-06;MI-MC-07-0483;1;1;1,0;314,67;300,0;0;1
2024-07;MI-MC-07-0483;0;1;1,0;0,0;0,0;1;0
2024-08;MI-MC-07-0483;1;1;1,0;314,67;300,0;0;1
2024-09;MI-MC-07-0483;0;1;1,0;0,0;0,0;1;0
2024-10;MI-MC-07-0483;0;1;1,0;0,0;0,0;1;0
2024-11;MI-MC-07-0483;0;1;1,0;0,0;0,0;1;0
2024-12;MI-MC-07-0483;2;1;1,0;629,35;600,0;0;1
2025-01;MI-MC-07-0483;1;1;1,0;314,67;300,0;0;1
2025-02;MI-MC-07-0483;0;1;1,0;0,0;0,0;1;0
2025-03;MI-MC-07-0483;1;1;1,0;314,67;300,0;0;1
2025-04;MI-MC-07-0483;1;1;1,0;314,67;300,0;0;1
2025-05;MI-MC-07-0483;0;1;1,0;0,0;0,0;1;0
2025-06;MI-MC-07-0483;1;1;1,0;314,67;300,0;0;1
2025-07;MI-MC-07-0483;1;1;1,0;314,67;300,0;0;1
2025-08;MI-MC-07-0483;0;1;1,0;0,0;0,0;1;0
2025-09;MI-MC-07-0483;0;1;1,0;0,0;0,0;1;0
2025-10;MI-MC-07-0483;0;1;1,0;0,0;0,0;1;0
2025-11;MI-MC-07-0483;0;1;1,0;0,0;0,0;1;0
2025-12;MI-MC-07-0483;1;1;1,0;314,67;300,0;0;1
2024-01;MI-MC-08-0504;3;1,7;2,8;82,87;27,7;0;0
2024-02;MI-MC-08-0504;6;1,7;2,8;165,73;55,4;0;0
2024-03;MI-MC-08-0504;3;1,7;2,8;82,87;27,7;0;0
2024-04;MI-MC-08-0504;2;1,7;2,8;55,24;18,5;0;0
2024-05;MI-MC-08-0504;3;1,7;2,8;82,87;27,7;0;0
2024-06;MI-MC-08-0504;2;1,7;2,8;55,24;18,5;0;0
2024-07;MI-MC-08-0504;3;1,7;2,8;82,87;27,7;0;0
2024-08;MI-MC-08-0504;4;1,7;2,8;110,49;36,9;0;0
2024-09;MI-MC-08-0504;1;1,7;2,8;27,62;9,2;0;0
2024-10;MI-MC-08-0504;3;1,7;2,8;82,87;27,7;0;0
2024-11;MI-MC-08-0504;5;1,7;2,8;138,11;46,2;0;0
2024-12;MI-MC-08-0504;2;1,7;2,8;55,24;18,5;0;0
2025-01;MI-MC-08-0504;3;1,7;2,8;82,87;27,7;0;0
2025-02;MI-MC-08-0504;1;1,7;2,8;27,62;9,2;0;0
2025-03;MI-MC-08-0504;1;1,7;2,8;27,62;9,2;0;0
2025-04;MI-MC-08-0504;1;1,7;2,8;27,62;9,2;0;0
2025-05;MI-MC-08-0504;3;1,7;2,8;82,87;27,7;0;0
2025-06;MI-MC-08-0504;1;1,7;2,8;27,62;9,2;0;0
2025-07;MI-MC-08-0504;3;1,7;2,8;82,87;27,7;0;0
2025-08;MI-MC-08-0504;1;1,7;2,8;27,62;9,2;0;0
2025-09;MI-MC-08-0504;3;1,7;2,8;82,87;27,7;0;0
2025-10;MI-MC-08-0504;3;1,7;2,8;82,87;27,7;0;0
2025-11;MI-MC-08-0504;3;1,7;2,8;82,87;27,7;0;0
2025-12;MI-MC-08-0504;2;1,7;2,8;55,24;18,5;0;0
2024-01;MLT-04-0324;0;1,2;2,0;0,0;0,0;1;0
2024-02;MLT-04-0324;1;1,2;2,0;150,53;27,7;0;0
2024-03;MLT-04-0324;2;1,2;2,0;301,07;55,4;0;0
2024-04;MLT-04-0324;2;1,2;2,0;301,07;55,4;0;0
2024-05;MLT-04-0324;2;1,2;2,0;301,07;55,4;0;0
2024-06;MLT-04-0324;2;1,2;2,0;301,07;55,4;0;0
2024-07;MLT-04-0324;2;1,2;2,0;301,07;55,4;0;0
2024-08;MLT-04-0324;1;1,2;2,0;150,53;27,7;0;0
2024-09;MLT-04-0324;3;1,2;2,0;451,6;83,1;0;0
2024-10;MLT-04-0324;2;1,2;2,0;301,07;55,4;0;0
2024-11;MLT-04-0324;1;1,2;2,0;150,53;27,7;0;0
2024-12;MLT-04-0324;1;1,2;2,0;150,53;27,7;0;0
2025-01;MLT-04-0324;2;1,2;2,0;301,07;55,4;0;0
2025-02;MLT-04-0324;2;1,2;2,0;301,07;55,4;0;0
2025-03;MLT-04-0324;0;1,2;2,0;0,0;0,0;1;0
2025-04;MLT-04-0324;3;1,2;2,0;451,6;83,1;0;0
2025-05;MLT-04-0324;2;1,2;2,0;301,07;55,4;0;0
2025-06;MLT-04-0324;1;1,2;2,0;150,53;27,7;0;0
2025-07;MLT-04-0324;3;1,2;2,0;451,6;83,1;0;0
2025-08;MLT-04-0324;0;1,2;2,0;0,0;0,0;1;0
2025-09;MLT-04-0324;1;1,2;2,0;150,53;27,7;0;0
2025-10;MLT-04-0324;0;1,2;2,0;0,0;0,0;1;0
2025-11;MLT-04-0324;1;1,2;2,0;150,53;27,7;0;0
2025-12;MLT-04-0324;2;1,2;2,0;301,07;55,4;0;0
2024-01;MT-08-0130;105;36,4;59,1;1325,48;207,7;0;0
2024-02;MT-08-0130;40;36,4;59,1;504,95;79,1;0;0
2024-03;MT-08-0130;48;36,4;59,1;605,94;94,9;0;0
2024-04;MT-08-0130;52;36,4;59,1;656,43;102,9;0;0
2024-05;MT-08-0130;77;36,4;59,1;972,02;152,3;0;0
2024-06;MT-08-0130;48;36,4;59,1;605,94;94,9;0;0
2024-07;MT-08-0130;83;36,4;59,1;1047,76;164,2;0;0
2024-08;MT-08-0130;83;36,4;59,1;1047,76;164,2;0;0
2024-09;MT-08-0130;46;36,4;59,1;580,69;91,0;0;0
2024-10;MT-08-0130;34;36,4;59,1;429,2;67,3;0;0
2024-11;MT-08-0130;18;36,4;59,1;227,23;35,6;0;0
2024-12;MT-08-0130;28;36,4;59,1;353,46;55,4;0;0
2025-01;MT-08-0130;32;36,4;59,1;403,96;63,3;0;0
2025-02;MT-08-0130;80;36,4;59,1;1009,89;158,2;0;0
2025-03;MT-08-0130;99;36,4;59,1;1249,74;195,8;0;0
2025-04;MT-08-0130;55;36,4;59,1;694,3;108,8;0;0
2025-05;MT-08-0130;0;36,4;59,1;0,0;0,0;1;0
2025-06;MT-08-0130;12;36,4;59,1;151,48;23,7;0;0
2025-07;MT-08-0130;34;36,4;59,1;429,2;67,3;0;0
2025-08;MT-08-0130;40;36,4;59,1;504,95;79,1;0;0
2025-09;MT-08-0130;25;36,4;59,1;315,59;49,5;0;0
2025-10;MT-08-0130;47;36,4;59,1;593,31;93,0;0;0
2025-11;MT-08-0130;76;36,4;59,1;959,4;150,3;0;0
2025-12;MT-08-0130;71;36,4;59,1;896,28;140,4;0;0
2024-01;MT-09-0122;3;5,7;9,3;220,51;25,1;0;0
2024-02;MT-09-0122;14;5,7;9,3;1029,07;117,2;0;0
2024-03;MT-09-0122;10;5,7;9,3;735,05;83,7;0;0
2024-04;MT-09-0122;6;5,7;9,3;441,03;50,2;0;0
2024-05;MT-09-0122;8;5,7;9,3;588,04;67,0;0;0
2024-06;MT-09-0122;9;5,7;9,3;661,54;75,3;0;0
2024-07;MT-09-0122;10;5,7;9,3;735,05;83,7;0;0
2024-08;MT-09-0122;14;5,7;9,3;1029,07;117,2;0;0
2024-09;MT-09-0122;14;5,7;9,3;1029,07;117,2;0;0
2024-10;MT-09-0122;9;5,7;9,3;661,54;75,3;0;0
2024-11;MT-09-0122;11;5,7;9,3;808,55;92,1;0;0
2024-12;MT-09-0122;9;5,7;9,3;661,54;75,3;0;0
2025-01;MT-09-0122;5;5,7;9,3;367,52;41,9;0;0
2025-02;MT-09-0122;10;5,7;9,3;735,05;83,7;0;0
2025-03;MT-09-0122;5;5,7;9,3;367,52;41,9;0;0
2025-04;MT-09-0122;11;5,7;9,3;808,55;92,1;0;0
2025-05;MT-09-0122;9;5,7;9,3;661,54;75,3;0;0
2025-06;MT-09-0122;5;5,7;9,3;367,52;41,9;0;0
2025-07;MT-09-0122;20;5,7;9,3;1470,1;167,4;0;0
2025-08;MT-09-0122;12;5,7;9,3;882,06;100,5;0;0
2025-09;MT-09-0122;9;5,7;9,3;661,54;75,3;0;0
2025-10;MT-09-0122;9;5,7;9,3;661,54;75,3;0;0
2025-11;MT-09-0122;3;5,7;9,3;220,51;25,1;0;0
2025-12;MT-09-0122;10;5,7;9,3;735,05;83,7;0;0
2024-01;LOAD-05-0807;1;1;1,0;146,53;144,0;0;0
2024-02;LOAD-05-0807;1;1;1,0;146,53;144,0;0;0
2024-03;LOAD-05-0807;1;1;1,0;146,53;144,0;0;0
2024-04;LOAD-05-0807;0;1;1,0;0,0;0,0;1;0
2024-05;LOAD-05-0807;0;1;1,0;0,0;0,0;1;0
2024-06;LOAD-05-0807;1;1;1,0;146,53;144,0;0;0
2024-07;LOAD-05-0807;1;1;1,0;146,53;144,0;0;0
2024-08;LOAD-05-0807;1;1;1,0;146,53;144,0;0;0
2024-09;LOAD-05-0807;1;1;1,0;146,53;144,0;0;0
2024-10;LOAD-05-0807;1;1;1,0;146,53;144,0;0;0
2024-11;LOAD-05-0807;1;1;1,0;146,53;144,0;0;0
2024-12;LOAD-05-0807;1;1;1,0;146,53;144,0;0;0
2025-01;LOAD-05-0807;0;1;1,0;0,0;0,0;1;0
2025-02;LOAD-05-0807;1;1;1,0;146,53;144,0;0;0
2025-03;LOAD-05-0807;0;1;1,0;0,0;0,0;1;0
2025-04;LOAD-05-0807;1;1;1,0;146,53;144,0;0;0
2025-05;LOAD-05-0807;1;1;1,0;146,53;144,0;0;0
2025-06;LOAD-05-0807;0;1;1,0;0,0;0,0;1;0
2025-07;LOAD-05-0807;2;1;1,0;293,06;288,0;0;0
2025-08;LOAD-05-0807;0;1;1,0;0,0;0,0;1;0
2025-09;LOAD-05-0807;0;1;1,0;0,0;0,0;1;0
2025-10;LOAD-05-0807;0;1;1,0;0,0;0,0;1;0
2025-11;LOAD-05-0807;1;1;1,0;146,53;144,0;0;0
2025-12;LOAD-05-0807;1;1;1,0;146,53;144,0;0;0
2024-01;LOAD-09-0725;2;1;1,3;179,11;42,4;0;0
2024-02;LOAD-09-0725;0;1;1,3;0,0;0,0;1;0
2024-03;LOAD-09-0725;0;1;1,3;0,0;0,0;1;0
2024-04;LOAD-09-0725;0;1;1,3;0,0;0,0;1;0
2024-05;LOAD-09-0725;1;1;1,3;89,56;21,2;0;0
2024-06;LOAD-09-0725;1;1;1,3;89,56;21,2;0;0
2024-07;LOAD-09-0725;1;1;1,3;89,56;21,2;0;0
2024-08;LOAD-09-0725;0;1;1,3;0,0;0,0;1;0
2024-09;LOAD-09-0725;2;1;1,3;179,11;42,4;0;0
2024-10;LOAD-09-0725;0;1;1,3;0,0;0,0;1;0
2024-11;LOAD-09-0725;1;1;1,3;89,56;21,2;0;0
2024-12;LOAD-09-0725;1;1;1,3;89,56;21,2;0;0
2025-01;LOAD-09-0725;1;1;1,3;89,56;21,2;0;0
2025-02;LOAD-09-0725;1;1;1,3;89,56;21,2;0;0
2025-03;LOAD-09-0725;0;1;1,3;0,0;0,0;1;0
2025-04;LOAD-09-0725;0;1;1,3;0,0;0,0;1;0
2025-05;LOAD-09-0725;0;1;1,3;0,0;0,0;1;0
2025-06;LOAD-09-0725;1;1;1,3;89,56;21,2;0;0
2025-07;LOAD-09-0725;0;1;1,3;0,0;0,0;1;0
2025-08;LOAD-09-0725;0;1;1,3;0,0;0,0;1;0
2025-09;LOAD-09-0725;2;1;1,3;179,11;42,4;0;0
2025-10;LOAD-09-0725;2;1;1,3;179,11;42,4;0;0
2025-11;LOAD-09-0725;2;1;1,3;179,11;42,4;0;0
2025-12;LOAD-09-0725;1;1;1,3;89,56;21,2;0;0
2024-01;MLT-10-0286;0;1;1,1;0,0;0,0;1;0
2024-02;MLT-10-0286;0;1;1,1;0,0;0,0;1;0
2024-03;MLT-10-0286;1;1;1,1;136,36;34,3;0;0
2024-04;MLT-10-0286;1;1;1,1;136,36;34,3;0;0
2024-05;MLT-10-0286;0;1;1,1;0,0;0,0;1;0
2024-06;MLT-10-0286;1;1;1,1;136,36;34,3;0;0
2024-07;MLT-10-0286;1;1;1,1;136,36;34,3;0;0
2024-08;MLT-10-0286;0;1;1,1;0,0;0,0;1;0
2024-09;MLT-10-0286;1;1;1,1;136,36;34,3;0;0
2024-10;MLT-10-0286;0;1;1,1;0,0;0,0;1;0
2024-11;MLT-10-0286;0;1;1,1;0,0;0,0;1;0
2024-12;MLT-10-0286;1;1;1,1;136,36;34,3;0;0
2025-01;MLT-10-0286;0;1;1,1;0,0;0,0;1;0
2025-02;MLT-10-0286;0;1;1,1;0,0;0,0;1;0
2025-03;MLT-10-0286;1;1;1,1;136,36;34,3;0;0
2025-04;MLT-10-0286;0;1;1,1;0,0;0,0;1;0
2025-05;MLT-10-0286;1;1;1,1;136,36;34,3;0;0
2025-06;MLT-10-0286;1;1;1,1;136,36;34,3;0;0
2025-07;MLT-10-0286;1;1;1,1;136,36;34,3;0;0
2025-08;MLT-10-0286;0;1;1,1;0,0;0,0;1;0
2025-09;MLT-10-0286;1;1;1,1;136,36;34,3;0;0
2025-10;MLT-10-0286;1;1;1,1;136,36;34,3;0;0
2025-11;MLT-10-0286;1;1;1,1;136,36;34,3;0;0
2025-12;MLT-10-0286;0;1;1,1;0,0;0,0;1;0
2024-01;MLT-01-0211;4;2,9;5,4;87,14;22,9;0;0
2024-02;MLT-01-0211;4;2,9;5,4;87,14;22,9;0;0
2024-03;MLT-01-0211;7;2,9;5,4;152,5;40,0;0;0
2024-04;MLT-01-0211;5;2,9;5,4;108,93;28,6;0;0
2024-05;MLT-01-0211;7;2,9;5,4;152,5;40,0;0;0
2024-06;MLT-01-0211;3;2,9;5,4;65,36;17,1;0;0
2024-07;MLT-01-0211;2;2,9;5,4;43,57;11,4;0;0
2024-08;MLT-01-0211;6;2,9;5,4;130,71;34,3;0;0
2024-09;MLT-01-0211;4;2,9;5,4;87,14;22,9;0;0
2024-10;MLT-01-0211;7;2,9;5,4;152,5;40,0;0;0
2024-11;MLT-01-0211;0;2,9;5,4;0,0;0,0;1;0
2024-12;MLT-01-0211;7;2,9;5,4;152,5;40,0;0;0
2025-01;MLT-01-0211;1;2,9;5,4;21,79;5,7;0;0
2025-02;MLT-01-0211;5;2,9;5,4;108,93;28,6;0;0
2025-03;MLT-01-0211;2;2,9;5,4;43,57;11,4;0;0
2025-04;MLT-01-0211;3;2,9;5,4;65,36;17,1;0;0
2025-05;MLT-01-0211;3;2,9;5,4;65,36;17,1;0;0
2025-06;MLT-01-0211;5;2,9;5,4;108,93;28,6;0;0
2025-07;MLT-01-0211;5;2,9;5,4;108,93;28,6;0;0
2025-08;MLT-01-0211;4;2,9;5,4;87,14;22,9;0;0
2025-09;MLT-01-0211;6;2,9;5,4;130,71;34,3;0;0
2025-10;MLT-01-0211;3;2,9;5,4;65,36;17,1;0;0
2025-11;MLT-01-0211;3;2,9;5,4;65,36;17,1;0;0
2025-12;MLT-01-0211;8;2,9;5,4;174,28;45,7;0;0
2024-01;MT-09-0192;2;2,1;3,9;353,49;51,4;0;0
2024-02;MT-09-0192;3;2,1;3,9;530,23;77,1;0;0
2024-03;MT-09-0192;3;2,1;3,9;530,23;77,1;0;0
2024-04;MT-09-0192;0;2,1;3,9;0,0;0,0;1;0
2024-05;MT-09-0192;4;2,1;3,9;706,98;102,9;0;0
2024-06;MT-09-0192;2;2,1;3,9;353,49;51,4;0;0
2024-07;MT-09-0192;2;2,1;3,9;353,49;51,4;0;0
2024-08;MT-09-0192;1;2,1;3,9;176,74;25,7;0;0
2024-09;MT-09-0192;6;2,1;3,9;1060,47;154,3;0;0
2024-10;MT-09-0192;0;2,1;3,9;0,0;0,0;1;0
2024-11;MT-09-0192;7;2,1;3,9;1237,21;180,0;0;0
2024-12;MT-09-0192;1;2,1;3,9;176,74;25,7;0;0
2025-01;MT-09-0192;1;2,1;3,9;176,74;25,7;0;0
2025-02;MT-09-0192;2;2,1;3,9;353,49;51,4;0;0
2025-03;MT-09-0192;4;2,1;3,9;706,98;102,9;0;0
2025-04;MT-09-0192;4;2,1;3,9;706,98;102,9;0;0
2025-05;MT-09-0192;3;2,1;3,9;530,23;77,1;0;0
2025-06;MT-09-0192;6;2,1;3,9;1060,47;154,3;0;0
2025-07;MT-09-0192;2;2,1;3,9;353,49;51,4;0;0
2025-08;MT-09-0192;1;2,1;3,9;176,74;25,7;0;0
2025-09;MT-09-0192;6;2,1;3,9;1060,47;154,3;0;0
2025-10;MT-09-0192;4;2,1;3,9;706,98;102,9;0;0
2025-11;MT-09-0192;1;2,1;3,9;176,74;25,7;0;0
2025-12;MT-09-0192;4;2,1;3,9;706,98;102,9;0;0
2024-01;LOAD-M-07-0853;5;2,1;3,9;565,94;128,6;0;0
2024-02;LOAD-M-07-0853;5;2,1;3,9;565,94;128,6;0;0
2024-03;LOAD-M-07-0853;4;2,1;3,9;452,76;102,9;0;0
2024-04;LOAD-M-07-0853;3;2,1;3,9;339,57;77,1;0;0
2024-05;LOAD-M-07-0853;2;2,1;3,9;226,38;51,4;0;0
2024-06;LOAD-M-07-0853;1;2,1;3,9;113,19;25,7;0;0
2024-07;LOAD-M-07-0853;5;2,1;3,9;565,94;128,6;0;0
2024-08;LOAD-M-07-0853;3;2,1;3,9;339,57;77,1;0;0
2024-09;LOAD-M-07-0853;4;2,1;3,9;452,76;102,9;0;0
2024-10;LOAD-M-07-0853;2;2,1;3,9;226,38;51,4;0;0
2024-11;LOAD-M-07-0853;2;2,1;3,9;226,38;51,4;0;0
2024-12;LOAD-M-07-0853;4;2,1;3,9;452,76;102,9;0;0
2025-01;LOAD-M-07-0853;2;2,1;3,9;226,38;51,4;0;0
2025-02;LOAD-M-07-0853;6;2,1;3,9;679,13;154,3;0;0
2025-03;LOAD-M-07-0853;5;2,1;3,9;565,94;128,6;0;0
2025-04;LOAD-M-07-0853;0;2,1;3,9;0,0;0,0;1;0
2025-05;LOAD-M-07-0853;4;2,1;3,9;452,76;102,9;0;0
2025-06;LOAD-M-07-0853;5;2,1;3,9;565,94;128,6;0;0
2025-07;LOAD-M-07-0853;1;2,1;3,9;113,19;25,7;0;0
2025-08;LOAD-M-07-0853;4;2,1;3,9;452,76;102,9;0;0
2025-09;LOAD-M-07-0853;7;2,1;3,9;792,32;180,0;0;0
2025-10;LOAD-M-07-0853;3;2,1;3,9;339,57;77,1;0;0
2025-11;LOAD-M-07-0853;0;2,1;3,9;0,0;0,0;1;0
2025-12;LOAD-M-07-0853;4;2,1;3,9;452,76;102,9;0;0
2024-01;LOAD-M-01-0867;1;1;1,4;34,09;18,9;0;0
2024-02;LOAD-M-01-0867;2;1;1,4;68,19;37,9;0;0
2024-03;LOAD-M-01-0867;3;1;1,4;102,28;56,8;0;0
2024-04;LOAD-M-01-0867;1;1;1,4;34,09;18,9;0;0
2024-05;LOAD-M-01-0867;0;1;1,4;0,0;0,0;1;0
2024-06;LOAD-M-01-0867;2;1;1,4;68,19;37,9;0;0
2024-07;LOAD-M-01-0867;1;1;1,4;34,09;18,9;0;0
2024-08;LOAD-M-01-0867;2;1;1,4;68,19;37,9;0;0
2024-09;LOAD-M-01-0867;1;1;1,4;34,09;18,9;0;0
2024-10;LOAD-M-01-0867;2;1;1,4;68,19;37,9;0;0
2024-11;LOAD-M-01-0867;1;1;1,4;34,09;18,9;0;0
2024-12;LOAD-M-01-0867;2;1;1,4;68,19;37,9;0;0
2025-01;LOAD-M-01-0867;0;1;1,4;0,0;0,0;1;0
2025-02;LOAD-M-01-0867;1;1;1,4;34,09;18,9;0;0
2025-03;LOAD-M-01-0867;2;1;1,4;68,19;37,9;0;0
2025-04;LOAD-M-01-0867;1;1;1,4;34,09;18,9;0;0
2025-05;LOAD-M-01-0867;1;1;1,4;34,09;18,9;0;0
2025-06;LOAD-M-01-0867;1;1;1,4;34,09;18,9;0;0
2025-07;LOAD-M-01-0867;1;1;1,4;34,09;18,9;0;0
2025-08;LOAD-M-01-0867;0;1;1,4;0,0;0,0;1;0
2025-09;LOAD-M-01-0867;2;1;1,4;68,19;37,9;0;0
2025-10;LOAD-M-01-0867;0;1;1,4;0,0;0,0;1;0
2025-11;LOAD-M-01-0867;2;1;1,4;68,19;37,9;0;0
2025-12;LOAD-M-01-0867;1;1;1,4;34,09;18,9;0;0
2024-01;MI-MC-01-0550;4;1,5;2,7;101,81;23,0;0;0
2024-02;MI-MC-01-0550;1;1,5;2,7;25,45;5,8;0;0
2024-03;MI-MC-01-0550;5;1,5;2,7;127,26;28,8;0;0
2024-04;MI-MC-01-0550;1;1,5;2,7;25,45;5,8;0;0
2024-05;MI-MC-01-0550;3;1,5;2,7;76,35;17,3;0;0
2024-06;MI-MC-01-0550;5;1,5;2,7;127,26;28,8;0;0
2024-07;MI-MC-01-0550;3;1,5;2,7;76,35;17,3;0;0
2024-08;MI-MC-01-0550;2;1,5;2,7;50,9;11,5;0;0
2024-09;MI-MC-01-0550;2;1,5;2,7;50,9;11,5;0;0
2024-10;MI-MC-01-0550;3;1,5;2,7;76,35;17,3;0;0
2024-11;MI-MC-01-0550;2;1,5;2,7;50,9;11,5;0;0
2024-12;MI-MC-01-0550;3;1,5;2,7;76,35;17,3;0;0
2025-01;MI-MC-01-0550;3;1,5;2,7;76,35;17,3;0;0
2025-02;MI-MC-01-0550;3;1,5;2,7;76,35;17,3;0;0
2025-03;MI-MC-01-0550;3;1,5;2,7;76,35;17,3;0;0
2025-04;MI-MC-01-0550;1;1,5;2,7;25,45;5,8;0;0
2025-05;MI-MC-01-0550;3;1,5;2,7;76,35;17,3;0;0
2025-06;MI-MC-01-0550;2;1,5;2,7;50,9;11,5;0;0
2025-07;MI-MC-01-0550;0;1,5;2,7;0,0;0,0;1;0
2025-08;MI-MC-01-0550;1;1,5;2,7;25,45;5,8;0;0
2025-09;MI-MC-01-0550;5;1,5;2,7;127,26;28,8;0;0
2025-10;MI-MC-01-0550;2;1,5;2,7;50,9;11,5;0;0
2025-11;MI-MC-01-0550;3;1,5;2,7;76,35;17,3;0;0
2025-12;MI-MC-01-0550;1;1,5;2,7;25,45;5,8;0;0
2024-01;MRT-05-0443;0;1,4;2,3;0,0;0,0;1;0
2024-02;MRT-05-0443;2;1,4;2,3;151,7;68,6;0;0
2024-03;MRT-05-0443;1;1,4;2,3;75,85;34,3;0;0
2024-04;MRT-05-0443;3;1,4;2,3;227,54;102,9;0;0
2024-05;MRT-05-0443;3;1,4;2,3;227,54;102,9;0;0
2024-06;MRT-05-0443;1;1,4;2,3;75,85;34,3;0;0
2024-07;MRT-05-0443;0;1,4;2,3;0,0;0,0;1;0
2024-08;MRT-05-0443;2;1,4;2,3;151,7;68,6;0;0
2024-09;MRT-05-0443;3;1,4;2,3;227,54;102,9;0;0
2024-10;MRT-05-0443;1;1,4;2,3;75,85;34,3;0;0
2024-11;MRT-05-0443;2;1,4;2,3;151,7;68,6;0;0
2024-12;MRT-05-0443;2;1,4;2,3;151,7;68,6;0;0
2025-01;MRT-05-0443;1;1,4;2,3;75,85;34,3;0;0
2025-02;MRT-05-0443;0;1,4;2,3;0,0;0,0;1;0
2025-03;MRT-05-0443;1;1,4;2,3;75,85;34,3;0;0
2025-04;MRT-05-0443;0;1,4;2,3;0,0;0,0;1;0
2025-05;MRT-05-0443;1;1,4;2,3;75,85;34,3;0;0
2025-06;MRT-05-0443;1;1,4;2,3;75,85;34,3;0;0
2025-07;MRT-05-0443;2;1,4;2,3;151,7;68,6;0;0
2025-08;MRT-05-0443;1;1,4;2,3;75,85;34,3;0;0
2025-09;MRT-05-0443;1;1,4;2,3;75,85;34,3;0;0
2025-10;MRT-05-0443;2;1,4;2,3;151,7;68,6;0;0
2025-11;MRT-05-0443;1;1,4;2,3;75,85;34,3;0;0
2025-12;MRT-05-0443;3;1,4;2,3;227,54;102,9;0;0
2024-01;LOAD-M-08-0866;1;1,0;1,9;8,98;8,1;0;0
2024-02;LOAD-M-08-0866;2;1,0;1,9;17,96;16,2;0;0
2024-03;LOAD-M-08-0866;3;1,0;1,9;26,94;24,3;0;0
2024-04;LOAD-M-08-0866;0;1,0;1,9;0,0;0,0;1;0
2024-05;LOAD-M-08-0866;2;1,0;1,9;17,96;16,2;0;0
2024-06;LOAD-M-08-0866;1;1,0;1,9;8,98;8,1;0;0
2024-07;LOAD-M-08-0866;1;1,0;1,9;8,98;8,1;0;0
2024-08;LOAD-M-08-0866;0;1,0;1,9;0,0;0,0;1;0
2024-09;LOAD-M-08-0866;1;1,0;1,9;8,98;8,1;0;0
2024-10;LOAD-M-08-0866;2;1,0;1,9;17,96;16,2;0;0
2024-11;LOAD-M-08-0866;2;1,0;1,9;17,96;16,2;0;0
2024-12;LOAD-M-08-0866;3;1,0;1,9;26,94;24,3;0;0
2025-01;LOAD-M-08-0866;2;1,0;1,9;17,96;16,2;0;0
2025-02;LOAD-M-08-0866;2;1,0;1,9;17,96;16,2;0;0
2025-03;LOAD-M-08-0866;1;1,0;1,9;8,98;8,1;0;0
2025-04;LOAD-M-08-0866;1;1,0;1,9;8,98;8,1;0;0
2025-05;LOAD-M-08-0866;2;1,0;1,9;17,96;16,2;0;0
2025-06;LOAD-M-08-0866;2;1,0;1,9;17,96;16,2;0;0
2025-07;LOAD-M-08-0866;1;1,0;1,9;8,98;8,1;0;0
2025-08;LOAD-M-08-0866;1;1,0;1,9;8,98;8,1;0;0
2025-09;LOAD-M-08-0866;3;1,0;1,9;26,94;24,3;0;0
2025-10;LOAD-M-08-0866;1;1,0;1,9;8,98;8,1;0;0
2025-11;LOAD-M-08-0866;1;1,0;1,9;8,98;8,1;0;0
2025-12;LOAD-M-08-0866;1;1,0;1,9;8,98;8,1;0;0
2024-01;MT-01-0063;4;1,2;2,2;129,1;20,4;0;0
2024-02;MT-01-0063;1;1,2;2,2;32,27;5,1;0;0
2024-03;MT-01-0063;3;1,2;2,2;96,82;15,3;0;0
2024-04;MT-01-0063;2;1,2;2,2;64,55;10,2;0;0
2024-05;MT-01-0063;3;1,2;2,2;96,82;15,3;0;0
2024-06;MT-01-0063;3;1,2;2,2;96,82;15,3;0;0
2024-07;MT-01-0063;3;1,2;2,2;96,82;15,3;0;0
2024-08;MT-01-0063;2;1,2;2,2;64,55;10,2;0;0
2024-09;MT-01-0063;1;1,2;2,2;32,27;5,1;0;0
2024-10;MT-01-0063;2;1,2;2,2;64,55;10,2;0;0
2024-11;MT-01-0063;2;1,2;2,2;64,55;10,2;0;0
2024-12;MT-01-0063;3;1,2;2,2;96,82;15,3;0;0
2025-01;MT-01-0063;1;1,2;2,2;32,27;5,1;0;0
2025-02;MT-01-0063;2;1,2;2,2;64,55;10,2;0;0
2025-03;MT-01-0063;2;1,2;2,2;64,55;10,2;0;0
2025-04;MT-01-0063;1;1,2;2,2;32,27;5,1;0;0
2025-05;MT-01-0063;1;1,2;2,2;32,27;5,1;0;0
2025-06;MT-01-0063;1;1,2;2,2;32,27;5,1;0;0
2025-07;MT-01-0063;1;1,2;2,2;32,27;5,1;0;0
2025-08;MT-01-0063;1;1,2;2,2;32,27;5,1;0;0
2025-09;MT-01-0063;1;1,2;2,2;32,27;5,1;0;0
2025-10;MT-01-0063;1;1,2;2,2;32,27;5,1;0;0
2025-11;MT-01-0063;1;1,2;2,2;32,27;5,1;0;0
2025-12;MT-01-0063;3;1,2;2,2;96,82;15,3;0;0
2024-01;TMM-02-0588;2;1;1,2;208,79;120,0;0;0
2024-02;TMM-02-0588;0;1;1,2;0,0;0,0;1;0
2024-03;TMM-02-0588;0;1;1,2;0,0;0,0;1;0
2024-04;TMM-02-0588;1;1;1,2;104,39;60,0;0;0
2024-05;TMM-02-0588;1;1;1,2;104,39;60,0;0;0
2024-06;TMM-02-0588;1;1;1,2;104,39;60,0;0;0
2024-07;TMM-02-0588;0;1;1,2;0,0;0,0;1;0
2024-08;TMM-02-0588;0;1;1,2;0,0;0,0;1;0
2024-09;TMM-02-0588;1;1;1,2;104,39;60,0;0;0
2024-10;TMM-02-0588;2;1;1,2;208,79;120,0;0;0
2024-11;TMM-02-0588;1;1;1,2;104,39;60,0;0;0
2024-12;TMM-02-0588;1;1;1,2;104,39;60,0;0;0
2025-01;TMM-02-0588;0;1;1,2;0,0;0,0;1;0
2025-02;TMM-02-0588;1;1;1,2;104,39;60,0;0;0
2025-03;TMM-02-0588;1;1;1,2;104,39;60,0;0;0
2025-04;TMM-02-0588;1;1;1,2;104,39;60,0;0;0
2025-05;TMM-02-0588;1;1;1,2;104,39;60,0;0;0
2025-06;TMM-02-0588;1;1;1,2;104,39;60,0;0;0
2025-07;TMM-02-0588;0;1;1,2;0,0;0,0;1;0
2025-08;TMM-02-0588;1;1;1,2;104,39;60,0;0;0
2025-09;TMM-02-0588;1;1;1,2;104,39;60,0;0;0
2025-10;TMM-02-0588;0;1;1,2;0,0;0,0;1;0
2025-11;TMM-02-0588;1;1;1,2;104,39;60,0;0;0
2025-12;TMM-02-0588;0;1;1,2;0,0;0,0;1;0
2024-01;LOAD-08-0757;2;1,5;2,8;73,74;32,7;0;0
2024-02;LOAD-08-0757;3;1,5;2,8;110,61;49,1;0;0
2024-03;LOAD-08-0757;1;1,5;2,8;36,87;16,4;0;0
2024-04;LOAD-08-0757;0;1,5;2,8;0,0;0,0;1;0
2024-05;LOAD-08-0757;1;1,5;2,8;36,87;16,4;0;0
2024-06;LOAD-08-0757;5;1,5;2,8;184,34;81,8;0;0
2024-07;LOAD-08-0757;2;1,5;2,8;73,74;32,7;0;0
2024-08;LOAD-08-0757;2;1,5;2,8;73,74;32,7;0;0
2024-09;LOAD-08-0757;0;1,5;2,8;0,0;0,0;1;0
2024-10;LOAD-08-0757;2;1,5;2,8;73,74;32,7;0;0
2024-11;LOAD-08-0757;2;1,5;2,8;73,74;32,7;0;0
2024-12;LOAD-08-0757;3;1,5;2,8;110,61;49,1;0;0
2025-01;LOAD-08-0757;3;1,5;2,8;110,61;49,1;0;0
2025-02;LOAD-08-0757;2;1,5;2,8;73,74;32,7;0;0
2025-03;LOAD-08-0757;1;1,5;2,8;36,87;16,4;0;0
2025-04;LOAD-08-0757;3;1,5;2,8;110,61;49,1;0;0
2025-05;LOAD-08-0757;3;1,5;2,8;110,61;49,1;0;0
2025-06;LOAD-08-0757;3;1,5;2,8;110,61;49,1;0;0
2025-07;LOAD-08-0757;1;1,5;2,8;36,87;16,4;0;0
2025-08;LOAD-08-0757;2;1,5;2,8;73,74;32,7;0;0
2025-09;LOAD-08-0757;3;1,5;2,8;110,61;49,1;0;0
2025-10;LOAD-08-0757;1;1,5;2,8;36,87;16,4;0;0
2025-11;LOAD-08-0757;3;1,5;2,8;110,61;49,1;0;0
2025-12;LOAD-08-0757;1;1,5;2,8;36,87;16,4;0;0
2024-01;TMM-06-0599;2;1;1,1;139,73;80,0;0;0
2024-02;TMM-06-0599;1;1;1,1;69,86;40,0;0;0
2024-03;TMM-06-0599;0;1;1,1;0,0;0,0;1;0
2024-04;TMM-06-0599;0;1;1,1;0,0;0,0;1;0
2024-05;TMM-06-0599;2;1;1,1;139,73;80,0;0;0
2024-06;TMM-06-0599;0;1;1,1;0,0;0,0;1;0
2024-07;TMM-06-0599;1;1;1,1;69,86;40,0;0;0
2024-08;TMM-06-0599;0;1;1,1;0,0;0,0;1;0
2024-09;TMM-06-0599;1;1;1,1;69,86;40,0;0;0
2024-10;TMM-06-0599;0;1;1,1;0,0;0,0;1;0
2024-11;TMM-06-0599;1;1;1,1;69,86;40,0;0;0
2024-12;TMM-06-0599;1;1;1,1;69,86;40,0;0;0
2025-01;TMM-06-0599;1;1;1,1;69,86;40,0;0;0
2025-02;TMM-06-0599;2;1;1,1;139,73;80,0;0;0
2025-03;TMM-06-0599;0;1;1,1;0,0;0,0;1;0
2025-04;TMM-06-0599;0;1;1,1;0,0;0,0;1;0
2025-05;TMM-06-0599;1;1;1,1;69,86;40,0;0;0
2025-06;TMM-06-0599;1;1;1,1;69,86;40,0;0;0
2025-07;TMM-06-0599;1;1;1,1;69,86;40,0;0;0
2025-08;TMM-06-0599;1;1;1,1;69,86;40,0;0;0
2025-09;TMM-06-0599;1;1;1,1;69,86;40,0;0;0
2025-10;TMM-06-0599;0;1;1,1;0,0;0,0;1;0
2025-11;TMM-06-0599;0;1;1,1;0,0;0,0;1;0
2025-12;TMM-06-0599;1;1;1,1;69,86;40,0;0;0
2024-01;MLT-08-0269;10;2,0;3,7;140,18;30,0;0;0
2024-02;MLT-08-0269;1;2,0;3,7;14,02;3,0;0;0
2024-03;MLT-08-0269;3;2,0;3,7;42,05;9,0;0;0
2024-04;MLT-08-0269;5;2,0;3,7;70,09;15,0;0;0
2024-05;MLT-08-0269;2;2,0;3,7;28,04;6,0;0;0
2024-06;MLT-08-0269;6;2,0;3,7;84,11;18,0;0;0
2024-07;MLT-08-0269;6;2,0;3,7;84,11;18,0;0;0
2024-08;MLT-08-0269;4;2,0;3,7;56,07;12,0;0;0
2024-09;MLT-08-0269;0;2,0;3,7;0,0;0,0;1;0
2024-10;MLT-08-0269;0;2,0;3,7;0,0;0,0;1;0
2024-11;MLT-08-0269;4;2,0;3,7;56,07;12,0;0;0
2024-12;MLT-08-0269;4;2,0;3,7;56,07;12,0;0;0
2025-01;MLT-08-0269;5;2,0;3,7;70,09;15,0;0;0
2025-02;MLT-08-0269;3;2,0;3,7;42,05;9,0;0;0
2025-03;MLT-08-0269;7;2,0;3,7;98,12;21,0;0;0
2025-04;MLT-08-0269;4;2,0;3,7;56,07;12,0;0;0
2025-05;MLT-08-0269;3;2,0;3,7;42,05;9,0;0;0
2025-06;MLT-08-0269;2;2,0;3,7;28,04;6,0;0;0
2025-07;MLT-08-0269;2;2,0;3,7;28,04;6,0;0;0
2025-08;MLT-08-0269;2;2,0;3,7;28,04;6,0;0;0
2025-09;MLT-08-0269;3;2,0;3,7;42,05;9,0;0;0
2025-10;MLT-08-0269;3;2,0;3,7;42,05;9,0;0;0
2025-11;MLT-08-0269;0;2,0;3,7;0,0;0,0;1;0
2025-12;MLT-08-0269;1;2,0;3,7;14,02;3,0;0;0
2024-01;MI-MC-01-0511;5;2,6;4,8;78,51;23,1;0;0
2024-02;MI-MC-01-0511;1;2,6;4,8;15,7;4,6;0;0
2024-03;MI-MC-01-0511;2;2,6;4,8;31,4;9,2;0;0
2024-04;MI-MC-01-0511;3;2,6;4,8;47,11;13,8;0;0
2024-05;MI-MC-01-0511;2;2,6;4,8;31,4;9,2;0;0
2024-06;MI-MC-01-0511;2;2,6;4,8;31,4;9,2;0;0
2024-07;MI-MC-01-0511;2;2,6;4,8;31,4;9,2;0;0
2024-08;MI-MC-01-0511;5;2,6;4,8;78,51;23,1;0;0
2024-09;MI-MC-01-0511;5;2,6;4,8;78,51;23,1;0;0
2024-10;MI-MC-01-0511;6;2,6;4,8;94,21;27,7;0;0
2024-11;MI-MC-01-0511;2;2,6;4,8;31,4;9,2;0;0
2024-12;MI-MC-01-0511;3;2,6;4,8;47,11;13,8;0;0
2025-01;MI-MC-01-0511;7;2,6;4,8;109,92;32,3;0;0
2025-02;MI-MC-01-0511;0;2,6;4,8;0,0;0,0;1;0
2025-03;MI-MC-01-0511;7;2,6;4,8;109,92;32,3;0;0
2025-04;MI-MC-01-0511;1;2,6;4,8;15,7;4,6;0;0
2025-05;MI-MC-01-0511;5;2,6;4,8;78,51;23,1;0;0
2025-06;MI-MC-01-0511;0;2,6;4,8;0,0;0,0;1;0
2025-07;MI-MC-01-0511;5;2,6;4,8;78,51;23,1;0;0
2025-08;MI-MC-01-0511;0;2,6;4,8;0,0;0,0;1;0
2025-09;MI-MC-01-0511;2;2,6;4,8;31,4;9,2;0;0
2025-10;MI-MC-01-0511;5;2,6;4,8;78,51;23,1;0;0
2025-11;MI-MC-01-0511;5;2,6;4,8;78,51;23,1;0;0
2025-12;MI-MC-01-0511;1;2,6;4,8;15,7;4,6;0;0
2024-01;MT-07-0081;1;1;1,6;133,18;16,7;0;0
2024-02;MT-07-0081;0;1;1,6;0,0;0,0;1;0
2024-03;MT-07-0081;1;1;1,6;133,18;16,7;0;0
2024-04;MT-07-0081;2;1;1,6;266,36;33,5;0;0
2024-05;MT-07-0081;2;1;1,6;266,36;33,5;0;0
2024-06;MT-07-0081;2;1;1,6;266,36;33,5;0;0
2024-07;MT-07-0081;1;1;1,6;133,18;16,7;0;0
2024-08;MT-07-0081;2;1;1,6;266,36;33,5;0;0
2024-09;MT-07-0081;1;1;1,6;133,18;16,7;0;0
2024-10;MT-07-0081;2;1;1,6;266,36;33,5;0;0
2024-11;MT-07-0081;1;1;1,6;133,18;16,7;0;0
2024-12;MT-07-0081;1;1;1,6;133,18;16,7;0;0
2025-01;MT-07-0081;2;1;1,6;266,36;33,5;0;0
2025-02;MT-07-0081;2;1;1,6;266,36;33,5;0;0
2025-03;MT-07-0081;0;1;1,6;0,0;0,0;1;0
2025-04;MT-07-0081;0;1;1,6;0,0;0,0;1;0
2025-05;MT-07-0081;0;1;1,6;0,0;0,0;1;0
2025-06;MT-07-0081;1;1;1,6;133,18;16,7;0;0
2025-07;MT-07-0081;2;1;1,6;266,36;33,5;0;0
2025-08;MT-07-0081;1;1;1,6;133,18;16,7;0;0
2025-09;MT-07-0081;1;1;1,6;133,18;16,7;0;0
2025-10;MT-07-0081;0;1;1,6;0,0;0,0;1;0
2025-11;MT-07-0081;1;1;1,6;133,18;16,7;0;0
2025-12;MT-07-0081;2;1;1,6;266,36;33,5;0;0
2024-01;MLT-05-0359;1;1;1,5;178,35;60,0;0;0
2024-02;MLT-05-0359;2;1;1,5;356,7;120,0;0;0
2024-03;MLT-05-0359;1;1;1,5;178,35;60,0;0;0
2024-04;MLT-05-0359;1;1;1,5;178,35;60,0;0;0
2024-05;MLT-05-0359;0;1;1,5;0,0;0,0;1;0
2024-06;MLT-05-0359;0;1;1,5;0,0;0,0;1;0
2024-07;MLT-05-0359;0;1;1,5;0,0;0,0;1;0
2024-08;MLT-05-0359;1;1;1,5;178,35;60,0;0;0
2024-09;MLT-05-0359;0;1;1,5;0,0;0,0;1;0
2024-10;MLT-05-0359;2;1;1,5;356,7;120,0;0;0
2024-11;MLT-05-0359;1;1;1,5;178,35;60,0;0;0
2024-12;MLT-05-0359;2;1;1,5;356,7;120,0;0;0
2025-01;MLT-05-0359;1;1;1,5;178,35;60,0;0;0
2025-02;MLT-05-0359;1;1;1,5;178,35;60,0;0;0
2025-03;MLT-05-0359;0;1;1,5;0,0;0,0;1;0
2025-04;MLT-05-0359;2;1;1,5;356,7;120,0;0;0
2025-05;MLT-05-0359;1;1;1,5;178,35;60,0;0;0
2025-06;MLT-05-0359;2;1;1,5;356,7;120,0;0;0
2025-07;MLT-05-0359;1;1;1,5;178,35;60,0;0;0
2025-08;MLT-05-0359;0;1;1,5;0,0;0,0;1;0
2025-09;MLT-05-0359;0;1;1,5;0,0;0,0;1;0
2025-10;MLT-05-0359;1;1;1,5;178,35;60,0;0;0
2025-11;MLT-05-0359;0;1;1,5;0,0;0,0;1;0
2025-12;MLT-05-0359;1;1;1,5;178,35;60,0;0;0
2024-01;TMM-07-0621;0;1;1,0;0,0;0,0;1;0
2024-02;TMM-07-0621;0;1;1,0;0,0;0,0;1;0
2024-03;TMM-07-0621;0;1;1,0;0,0;0,0;1;0
2024-04;TMM-07-0621;1;1;1,0;108,45;144,0;0;0
2024-05;TMM-07-0621;1;1;1,0;108,45;144,0;0;0
2024-06;TMM-07-0621;0;1;1,0;0,0;0,0;1;0
2024-07;TMM-07-0621;0;1;1,0;0,0;0,0;1;0
2024-08;TMM-07-0621;0;1;1,0;0,0;0,0;1;0
2024-09;TMM-07-0621;1;1;1,0;108,45;144,0;0;0
2024-10;TMM-07-0621;1;1;1,0;108,45;144,0;0;0
2024-11;TMM-07-0621;0;1;1,0;0,0;0,0;1;0
2024-12;TMM-07-0621;0;1;1,0;0,0;0,0;1;0
2025-01;TMM-07-0621;1;1;1,0;108,45;144,0;0;0
2025-02;TMM-07-0621;1;1;1,0;108,45;144,0;0;0
2025-03;TMM-07-0621;1;1;1,0;108,45;144,0;0;0
2025-04;TMM-07-0621;1;1;1,0;108,45;144,0;0;0
2025-05;TMM-07-0621;1;1;1,0;108,45;144,0;0;0
2025-06;TMM-07-0621;1;1;1,0;108,45;144,0;0;0
2025-07;TMM-07-0621;0;1;1,0;0,0;0,0;1;0
2025-08;TMM-07-0621;0;1;1,0;0,0;0,0;1;0
2025-09;TMM-07-0621;1;1;1,0;108,45;144,0;0;0
2025-10;TMM-07-0621;2;1;1,0;216,89;288,0;0;0
2025-11;TMM-07-0621;1;1;1,0;108,45;144,0;0;0
2025-12;TMM-07-0621;1;1;1,0;108,45;144,0;0;0
2024-01;MI-MC-02-0555;1;1;1,3;55,25;21,8;0;0
2024-02;MI-MC-02-0555;1;1;1,3;55,25;21,8;0;0
2024-03;MI-MC-02-0555;2;1;1,3;110,5;43,6;0;0
2024-04;MI-MC-02-0555;2;1;1,3;110,5;43,6;0;0
2024-05;MI-MC-02-0555;1;1;1,3;55,25;21,8;0;0
2024-06;MI-MC-02-0555;1;1;1,3;55,25;21,8;0;0
2024-07;MI-MC-02-0555;1;1;1,3;55,25;21,8;0;0
2024-08;MI-MC-02-0555;0;1;1,3;0,0;0,0;1;0
2024-09;MI-MC-02-0555;2;1;1,3;110,5;43,6;0;0
2024-10;MI-MC-02-0555;0;1;1,3;0,0;0,0;1;0
2024-11;MI-MC-02-0555;2;1;1,3;110,5;43,6;0;0
2024-12;MI-MC-02-0555;1;1;1,3;55,25;21,8;0;0
2025-01;MI-MC-02-0555;1;1;1,3;55,25;21,8;0;0
2025-02;MI-MC-02-0555;1;1;1,3;55,25;21,8;0;0
2025-03;MI-MC-02-0555;1;1;1,3;55,25;21,8;0;0
2025-04;MI-MC-02-0555;1;1;1,3;55,25;21,8;0;0
2025-05;MI-MC-02-0555;2;1;1,3;110,5;43,6;0;0
2025-06;MI-MC-02-0555;1;1;1,3;55,25;21,8;0;0
2025-07;MI-MC-02-0555;1;1;1,3;55,25;21,8;0;0
2025-08;MI-MC-02-0555;0;1;1,3;0,0;0,0;1;0
2025-09;MI-MC-02-0555;1;1;1,3;55,25;21,8;0;0
2025-10;MI-MC-02-0555;1;1;1,3;55,25;21,8;0;0
2025-11;MI-MC-02-0555;0;1;1,3;0,0;0,0;1;0
2025-12;MI-MC-02-0555;0;1;1,3;0,0;0,0;1;0
2024-01;MI-MC-02-0526;1;1;1,3;142,1;48,0;0;0
2024-02;MI-MC-02-0526;1;1;1,3;142,1;48,0;0;0
2024-03;MI-MC-02-0526;0;1;1,3;0,0;0,0;1;0
2024-04;MI-MC-02-0526;0;1;1,3;0,0;0,0;1;0
2024-05;MI-MC-02-0526;1;1;1,3;142,1;48,0;0;0
2024-06;MI-MC-02-0526;1;1;1,3;142,1;48,0;0;0
2024-07;MI-MC-02-0526;1;1;1,3;142,1;48,0;0;0
2024-08;MI-MC-02-0526;0;1;1,3;0,0;0,0;1;0
2024-09;MI-MC-02-0526;1;1;1,3;142,1;48,0;0;0
2024-10;MI-MC-02-0526;2;1;1,3;284,21;96,0;0;0
2024-11;MI-MC-02-0526;0;1;1,3;0,0;0,0;1;0
2024-12;MI-MC-02-0526;1;1;1,3;142,1;48,0;0;0
2025-01;MI-MC-02-0526;1;1;1,3;142,1;48,0;0;0
2025-02;MI-MC-02-0526;1;1;1,3;142,1;48,0;0;0
2025-03;MI-MC-02-0526;2;1;1,3;284,21;96,0;0;0
2025-04;MI-MC-02-0526;1;1;1,3;142,1;48,0;0;0
2025-05;MI-MC-02-0526;1;1;1,3;142,1;48,0;0;0
2025-06;MI-MC-02-0526;2;1;1,3;284,21;96,0;0;0
2025-07;MI-MC-02-0526;0;1;1,3;0,0;0,0;1;0
2025-08;MI-MC-02-0526;0;1;1,3;0,0;0,0;1;0
2025-09;MI-MC-02-0526;1;1;1,3;142,1;48,0;0;0
2025-10;MI-MC-02-0526;1;1;1,3;142,1;48,0;0;0
2025-11;MI-MC-02-0526;1;1;1,3;142,1;48,0;0;0
2025-12;MI-MC-02-0526;1;1;1,3;142,1;48,0;0;0
2024-01;MT-09-0064;0;1,2;2,1;0,0;0,0;1;0
2024-02;MT-09-0064;3;1,2;2,1;146,1;30,9;0;0
2024-03;MT-09-0064;4;1,2;2,1;194,8;41,1;0;0
2024-04;MT-09-0064;2;1,2;2,1;97,4;20,6;0;0
2024-05;MT-09-0064;1;1,2;2,1;48,7;10,3;0;0
2024-06;MT-09-0064;3;1,2;2,1;146,1;30,9;0;0
2024-07;MT-09-0064;2;1,2;2,1;97,4;20,6;0;0
2024-08;MT-09-0064;2;1,2;2,1;97,4;20,6;0;0
2024-09;MT-09-0064;0;1,2;2,1;0,0;0,0;1;0
2024-10;MT-09-0064;2;1,2;2,1;97,4;20,6;0;0
2024-11;MT-09-0064;2;1,2;2,1;97,4;20,6;0;0
2024-12;MT-09-0064;0;1,2;2,1;0,0;0,0;1;0
2025-01;MT-09-0064;0;1,2;2,1;0,0;0,0;1;0
2025-02;MT-09-0064;4;1,2;2,1;194,8;41,1;0;0
2025-03;MT-09-0064;1;1,2;2,1;48,7;10,3;0;0
2025-04;MT-09-0064;2;1,2;2,1;97,4;20,6;0;0
2025-05;MT-09-0064;3;1,2;2,1;146,1;30,9;0;0
2025-06;MT-09-0064;2;1,2;2,1;97,4;20,6;0;0
2025-07;MT-09-0064;3;1,2;2,1;146,1;30,9;0;0
2025-08;MT-09-0064;3;1,2;2,1;146,1;30,9;0;0
2025-09;MT-09-0064;2;1,2;2,1;97,4;20,6;0;0
2025-10;MT-09-0064;1;1,2;2,1;48,7;10,3;0;0
2025-11;MT-09-0064;4;1,2;2,1;194,8;41,1;0;0
2025-12;MT-09-0064;0;1,2;2,1;0,0;0,0;1;0
2024-01;MT-08-0029;7;3,0;5,0;116,94;25,7;0;0
2024-02;MT-08-0029;6;3,0;5,0;100,23;22,0;0;0
2024-03;MT-08-0029;5;3,0;5,0;83,53;18,4;0;0
2024-04;MT-08-0029;3;3,0;5,0;50,12;11,0;0;0
2024-05;MT-08-0029;1;3,0;5,0;16,71;3,7;0;0
2024-06;MT-08-0029;6;3,0;5,0;100,23;22,0;0;0
2024-07;MT-08-0029;6;3,0;5,0;100,23;22,0;0;0
2024-08;MT-08-0029;4;3,0;5,0;66,82;14,7;0;0
2024-09;MT-08-0029;5;3,0;5,0;83,53;18,4;0;0
2024-10;MT-08-0029;5;3,0;5,0;83,53;18,4;0;0
2024-11;MT-08-0029;4;3,0;5,0;66,82;14,7;0;0
2024-12;MT-08-0029;3;3,0;5,0;50,12;11,0;0;0
2025-01;MT-08-0029;8;3,0;5,0;133,64;29,4;0;0
2025-02;MT-08-0029;2;3,0;5,0;33,41;7,3;0;0
2025-03;MT-08-0029;3;3,0;5,0;50,12;11,0;0;0
2025-04;MT-08-0029;4;3,0;5,0;66,82;14,7;0;0
2025-05;MT-08-0029;5;3,0;5,0;83,53;18,4;0;0
2025-06;MT-08-0029;0;3,0;5,0;0,0;0,0;1;0
2025-07;MT-08-0029;5;3,0;5,0;83,53;18,4;0;0
2025-08;MT-08-0029;5;3,0;5,0;83,53;18,4;0;0
2025-09;MT-08-0029;7;3,0;5,0;116,94;25,7;0;0
2025-10;MT-08-0029;6;3,0;5,0;100,23;22,0;0;0
2025-11;MT-08-0029;5;3,0;5,0;83,53;18,4;0;0
2025-12;MT-08-0029;1;3,0;5,0;16,71;3,7;0;0
2024-01;MT-01-0101;0;1;1,7;0,0;0,0;1;0
2024-02;MT-01-0101;2;1;1,7;47,06;8,7;0;0
2024-03;MT-01-0101;1;1;1,7;23,53;4,3;0;0
2024-04;MT-01-0101;2;1;1,7;47,06;8,7;0;0
2024-05;MT-01-0101;0;1;1,7;0,0;0,0;1;0
2024-06;MT-01-0101;0;1;1,7;0,0;0,0;1;0
2024-07;MT-01-0101;1;1;1,7;23,53;4,3;0;0
2024-08;MT-01-0101;0;1;1,7;0,0;0,0;1;0
2024-09;MT-01-0101;2;1;1,7;47,06;8,7;0;0
2024-10;MT-01-0101;2;1;1,7;47,06;8,7;0;0
2024-11;MT-01-0101;2;1;1,7;47,06;8,7;0;0
2024-12;MT-01-0101;2;1;1,7;47,06;8,7;0;0
2025-01;MT-01-0101;0;1;1,7;0,0;0,0;1;0
2025-02;MT-01-0101;1;1;1,7;23,53;4,3;0;0
2025-03;MT-01-0101;2;1;1,7;47,06;8,7;0;0
2025-04;MT-01-0101;2;1;1,7;47,06;8,7;0;0
2025-05;MT-01-0101;2;1;1,7;47,06;8,7;0;0
2025-06;MT-01-0101;0;1;1,7;0,0;0,0;1;0
2025-07;MT-01-0101;1;1;1,7;23,53;4,3;0;0
2025-08;MT-01-0101;1;1;1,7;23,53;4,3;0;0
2025-09;MT-01-0101;1;1;1,7;23,53;4,3;0;0
2025-10;MT-01-0101;1;1;1,7;23,53;4,3;0;0
2025-11;MT-01-0101;0;1;1,7;0,0;0,0;1;0
2025-12;MT-01-0101;2;1;1,7;47,06;8,7;0;0
2024-01;MRT-07-0385;1;1;1,0;368,21;240,0;0;1
2024-02;MRT-07-0385;1;1;1,0;368,21;240,0;0;1
2024-03;MRT-07-0385;1;1;1,0;368,21;240,0;0;1
2024-04;MRT-07-0385;0;1;1,0;0,0;0,0;1;0
2024-05;MRT-07-0385;1;1;1,0;368,21;240,0;0;1
2024-06;MRT-07-0385;1;1;1,0;368,21;240,0;0;1
2024-07;MRT-07-0385;0;1;1,0;0,0;0,0;1;0
2024-08;MRT-07-0385;1;1;1,0;368,21;240,0;0;1
2024-09;MRT-07-0385;1;1;1,0;368,21;240,0;0;1
2024-10;MRT-07-0385;1;1;1,0;368,21;240,0;0;1
2024-11;MRT-07-0385;0;1;1,0;0,0;0,0;1;0
2024-12;MRT-07-0385;0;1;1,0;0,0;0,0;1;0
2025-01;MRT-07-0385;0;1;1,0;0,0;0,0;1;0
2025-02;MRT-07-0385;1;1;1,0;368,21;240,0;0;1
2025-03;MRT-07-0385;0;1;1,0;0,0;0,0;1;0
2025-04;MRT-07-0385;0;1;1,0;0,0;0,0;1;0
2025-05;MRT-07-0385;1;1;1,0;368,21;240,0;0;1
2025-06;MRT-07-0385;1;1;1,0;368,21;240,0;0;1
2025-07;MRT-07-0385;1;1;1,0;368,21;240,0;0;1
2025-08;MRT-07-0385;1;1;1,0;368,21;240,0;0;1
2025-09;MRT-07-0385;0;1;1,0;0,0;0,0;1;0
2025-10;MRT-07-0385;1;1;1,0;368,21;240,0;0;1
2025-11;MRT-07-0385;1;1;1,0;368,21;240,0;0;1
2025-12;MRT-07-0385;1;1;1,0;368,21;240,0;0;1
2024-01;AWP-10-0633;2;1;1,1;235,53;102,9;0;0
2024-02;AWP-10-0633;0;1;1,1;0,0;0,0;1;0
2024-03;AWP-10-0633;0;1;1,1;0,0;0,0;1;0
2024-04;AWP-10-0633;1;1;1,1;117,76;51,4;0;0
2024-05;AWP-10-0633;1;1;1,1;117,76;51,4;0;0
2024-06;AWP-10-0633;1;1;1,1;117,76;51,4;0;0
2024-07;AWP-10-0633;0;1;1,1;0,0;0,0;1;0
2024-08;AWP-10-0633;1;1;1,1;117,76;51,4;0;0
2024-09;AWP-10-0633;0;1;1,1;0,0;0,0;1;0
2024-10;AWP-10-0633;0;1;1,1;0,0;0,0;1;0
2024-11;AWP-10-0633;0;1;1,1;0,0;0,0;1;0
2024-12;AWP-10-0633;0;1;1,1;0,0;0,0;1;0
2025-01;AWP-10-0633;1;1;1,1;117,76;51,4;0;0
2025-02;AWP-10-0633;1;1;1,1;117,76;51,4;0;0
2025-03;AWP-10-0633;0;1;1,1;0,0;0,0;1;0
2025-04;AWP-10-0633;1;1;1,1;117,76;51,4;0;0
2025-05;AWP-10-0633;0;1;1,1;0,0;0,0;1;0
2025-06;AWP-10-0633;1;1;1,1;117,76;51,4;0;0
2025-07;AWP-10-0633;0;1;1,1;0,0;0,0;1;0
2025-08;AWP-10-0633;1;1;1,1;117,76;51,4;0;0
2025-09;AWP-10-0633;1;1;1,1;117,76;51,4;0;0
2025-10;AWP-10-0633;1;1;1,1;117,76;51,4;0;0
2025-11;AWP-10-0633;0;1;1,1;0,0;0,0;1;0
2025-12;AWP-10-0633;1;1;1,1;117,76;51,4;0;0
2024-01;MI-MC-08-0557;1;2,4;4,4;13,2;5,0;0;0
2024-02;MI-MC-08-0557;5;2,4;4,4;65,98;24,8;0;0
2024-03;MI-MC-08-0557;7;2,4;4,4;92,37;34,8;0;0
2024-04;MI-MC-08-0557;2;2,4;4,4;26,39;9,9;0;0
2024-05;MI-MC-08-0557;6;2,4;4,4;79,17;29,8;0;0
2024-06;MI-MC-08-0557;6;2,4;4,4;79,17;29,8;0;0
2024-07;MI-MC-08-0557;6;2,4;4,4;79,17;29,8;0;0
2024-08;MI-MC-08-0557;5;2,4;4,4;65,98;24,8;0;0
2024-09;MI-MC-08-0557;5;2,4;4,4;65,98;24,8;0;0
2024-10;MI-MC-08-0557;5;2,4;4,4;65,98;24,8;0;0
2024-11;MI-MC-08-0557;6;2,4;4,4;79,17;29,8;0;0
2024-12;MI-MC-08-0557;6;2,4;4,4;79,17;29,8;0;0
2025-01;MI-MC-08-0557;4;2,4;4,4;52,78;19,9;0;0
2025-02;MI-MC-08-0557;1;2,4;4,4;13,2;5,0;0;0
2025-03;MI-MC-08-0557;2;2,4;4,4;26,39;9,9;0;0
2025-04;MI-MC-08-0557;1;2,4;4,4;13,2;5,0;0;0
2025-05;MI-MC-08-0557;5;2,4;4,4;65,98;24,8;0;0
2025-06;MI-MC-08-0557;4;2,4;4,4;52,78;19,9;0;0
2025-07;MI-MC-08-0557;3;2,4;4,4;39,59;14,9;0;0
2025-08;MI-MC-08-0557;2;2,4;4,4;26,39;9,9;0;0
2025-09;MI-MC-08-0557;1;2,4;4,4;13,2;5,0;0;0
2025-10;MI-MC-08-0557;0;2,4;4,4;0,0;0,0;1;0
2025-11;MI-MC-08-0557;9;2,4;4,4;118,76;44,7;0;0
2025-12;MI-MC-08-0557;3;2,4;4,4;39,59;14,9;0;0
2024-01;MT-08-0026;1;1;1,3;29,54;9,5;0;0
2024-02;MT-08-0026;0;1;1,3;0,0;0,0;1;0
2024-03;MT-08-0026;1;1;1,3;29,54;9,5;0;0
2024-04;MT-08-0026;1;1;1,3;29,54;9,5;0;0
2024-05;MT-08-0026;1;1;1,3;29,54;9,5;0;0
2024-06;MT-08-0026;1;1;1,3;29,54;9,5;0;0
2024-07;MT-08-0026;1;1;1,3;29,54;9,5;0;0
2024-08;MT-08-0026;2;1;1,3;59,08;18,9;0;0
2024-09;MT-08-0026;3;1;1,3;88,62;28,4;0;0
2024-10;MT-08-0026;0;1;1,3;0,0;0,0;1;0
2024-11;MT-08-0026;0;1;1,3;0,0;0,0;1;0
2024-12;MT-08-0026;1;1;1,3;29,54;9,5;0;0
2025-01;MT-08-0026;1;1;1,3;29,54;9,5;0;0
2025-02;MT-08-0026;1;1;1,3;29,54;9,5;0;0
2025-03;MT-08-0026;0;1;1,3;0,0;0,0;1;0
2025-04;MT-08-0026;0;1;1,3;0,0;0,0;1;0
2025-05;MT-08-0026;1;1;1,3;29,54;9,5;0;0
2025-06;MT-08-0026;0;1;1,3;0,0;0,0;1;0
2025-07;MT-08-0026;1;1;1,3;29,54;9,5;0;0
2025-08;MT-08-0026;1;1;1,3;29,54;9,5;0;0
2025-09;MT-08-0026;0;1;1,3;0,0;0,0;1;0
2025-10;MT-08-0026;1;1;1,3;29,54;9,5;0;0
2025-11;MT-08-0026;0;1;1,3;0,0;0,0;1;0
2025-12;MT-08-0026;0;1;1,3;0,0;0,0;1;0
2024-01;MRT-04-0406;0;1;1,3;0,0;0,0;1;0
2024-02;MRT-04-0406;2;1;1,3;341,9;288,0;0;0
2024-03;MRT-04-0406;0;1;1,3;0,0;0,0;1;0
2024-04;MRT-04-0406;1;1;1,3;170,95;144,0;0;0
2024-05;MRT-04-0406;0;1;1,3;0,0;0,0;1;0
2024-06;MRT-04-0406;1;1;1,3;170,95;144,0;0;0
2024-07;MRT-04-0406;0;1;1,3;0,0;0,0;1;0
2024-08;MRT-04-0406;0;1;1,3;0,0;0,0;1;0
2024-09;MRT-04-0406;1;1;1,3;170,95;144,0;0;0
2024-10;MRT-04-0406;1;1;1,3;170,95;144,0;0;0
2024-11;MRT-04-0406;1;1;1,3;170,95;144,0;0;0
2024-12;MRT-04-0406;0;1;1,3;0,0;0,0;1;0
2025-01;MRT-04-0406;0;1;1,3;0,0;0,0;1;0
2025-02;MRT-04-0406;1;1;1,3;170,95;144,0;0;0
2025-03;MRT-04-0406;0;1;1,3;0,0;0,0;1;0
2025-04;MRT-04-0406;1;1;1,3;170,95;144,0;0;0
2025-05;MRT-04-0406;1;1;1,3;170,95;144,0;0;0
2025-06;MRT-04-0406;1;1;1,3;170,95;144,0;0;0
2025-07;MRT-04-0406;1;1;1,3;170,95;144,0;0;0
2025-08;MRT-04-0406;0;1;1,3;0,0;0,0;1;0
2025-09;MRT-04-0406;2;1;1,3;341,9;288,0;0;0
2025-10;MRT-04-0406;0;1;1,3;0,0;0,0;1;0
2025-11;MRT-04-0406;1;1;1,3;170,95;144,0;0;0
2025-12;MRT-04-0406;1;1;1,3;170,95;144,0;0;0
2024-01;AWP-08-0695;14;7,1;11,6;227,64;94,2;0;0
2024-02;AWP-08-0695;4;7,1;11,6;65,04;26,9;0;0
2024-03;AWP-08-0695;8;7,1;11,6;130,08;53,8;0;0
2024-04;AWP-08-0695;10;7,1;11,6;162,6;67,3;0;0
2024-05;AWP-08-0695;14;7,1;11,6;227,64;94,2;0;0
2024-06;AWP-08-0695;10;7,1;11,6;162,6;67,3;0;0
2024-07;AWP-08-0695;6;7,1;11,6;97,56;40,4;0;0
2024-08;AWP-08-0695;22;7,1;11,6;357,73;148,0;0;0
2024-09;AWP-08-0695;22;7,1;11,6;357,73;148,0;0;0
2024-10;AWP-08-0695;25;7,1;11,6;406,51;168,2;0;0
2024-11;AWP-08-0695;0;7,1;11,6;0,0;0,0;1;0
2024-12;AWP-08-0695;7;7,1;11,6;113,82;47,1;0;0
2025-01;AWP-08-0695;15;7,1;11,6;243,9;100,9;0;0
2025-02;AWP-08-0695;10;7,1;11,6;162,6;67,3;0;0
2025-03;AWP-08-0695;4;7,1;11,6;65,04;26,9;0;0
2025-04;AWP-08-0695;19;7,1;11,6;308,95;127,9;0;0
2025-05;AWP-08-0695;12;7,1;11,6;195,12;80,7;0;0
2025-06;AWP-08-0695;23;7,1;11,6;373,99;154,8;0;0
2025-07;AWP-08-0695;8;7,1;11,6;130,08;53,8;0;0
2025-08;AWP-08-0695;18;7,1;11,6;292,68;121,1;0;0
2025-09;AWP-08-0695;13;7,1;11,6;211,38;87,5;0;0
2025-10;AWP-08-0695;6;7,1;11,6;97,56;40,4;0;0
2025-11;AWP-08-0695;17;7,1;11,6;276,42;114,4;0;0
2025-12;AWP-08-0695;9;7,1;11,6;146,34;60,6;0;0
2024-01;MT-05-0109;1;1,3;2,1;72,53;12,6;0;0
2024-02;MT-05-0109;1;1,3;2,1;72,53;12,6;0;0
2024-03;MT-05-0109;0;1,3;2,1;0,0;0,0;1;0
2024-04;MT-05-0109;4;1,3;2,1;290,11;50,5;0;0
2024-05;MT-05-0109;2;1,3;2,1;145,06;25,3;0;0
2024-06;MT-05-0109;1;1,3;2,1;72,53;12,6;0;0
2024-07;MT-05-0109;1;1,3;2,1;72,53;12,6;0;0
2024-08;MT-05-0109;2;1,3;2,1;145,06;25,3;0;0
2024-09;MT-05-0109;3;1,3;2,1;217,58;37,9;0;0
2024-10;MT-05-0109;2;1,3;2,1;145,06;25,3;0;0
2024-11;MT-05-0109;0;1,3;2,1;0,0;0,0;1;0
2024-12;MT-05-0109;1;1,3;2,1;72,53;12,6;0;0
2025-01;MT-05-0109;2;1,3;2,1;145,06;25,3;0;0
2025-02;MT-05-0109;3;1,3;2,1;217,58;37,9;0;0
2025-03;MT-05-0109;2;1,3;2,1;145,06;25,3;0;0
2025-04;MT-05-0109;1;1,3;2,1;72,53;12,6;0;0
2025-05;MT-05-0109;3;1,3;2,1;217,58;37,9;0;0
2025-06;MT-05-0109;2;1,3;2,1;145,06;25,3;0;0
2025-07;MT-05-0109;0;1,3;2,1;0,0;0,0;1;0
2025-08;MT-05-0109;2;1,3;2,1;145,06;25,3;0;0
2025-09;MT-05-0109;2;1,3;2,1;145,06;25,3;0;0
2025-10;MT-05-0109;0;1,3;2,1;0,0;0,0;1;0
2025-11;MT-05-0109;2;1,3;2,1;145,06;25,3;0;0
2025-12;MT-05-0109;2;1,3;2,1;145,06;25,3;0;0
2024-01;LOAD-08-0722;0;1;1,4;0,0;0,0;1;0
2024-02;LOAD-08-0722;1;1;1,4;30,21;6,9;0;0
2024-03;LOAD-08-0722;1;1;1,4;30,21;6,9;0;0
2024-04;LOAD-08-0722;0;1;1,4;0,0;0,0;1;0
2024-05;LOAD-08-0722;1;1;1,4;30,21;6,9;0;0
2024-06;LOAD-08-0722;2;1;1,4;60,41;13,7;0;0
2024-07;LOAD-08-0722;1;1;1,4;30,21;6,9;0;0
2024-08;LOAD-08-0722;0;1;1,4;0,0;0,0;1;0
2024-09;LOAD-08-0722;1;1;1,4;30,21;6,9;0;0
2024-10;LOAD-08-0722;0;1;1,4;0,0;0,0;1;0
2024-11;LOAD-08-0722;0;1;1,4;0,0;0,0;1;0
2024-12;LOAD-08-0722;1;1;1,4;30,21;6,9;0;0
2025-01;LOAD-08-0722;1;1;1,4;30,21;6,9;0;0
2025-02;LOAD-08-0722;1;1;1,4;30,21;6,9;0;0
2025-03;LOAD-08-0722;1;1;1,4;30,21;6,9;0;0
2025-04;LOAD-08-0722;1;1;1,4;30,21;6,9;0;0
2025-05;LOAD-08-0722;2;1;1,4;60,41;13,7;0;0
2025-06;LOAD-08-0722;2;1;1,4;60,41;13,7;0;0
2025-07;LOAD-08-0722;0;1;1,4;0,0;0,0;1;0
2025-08;LOAD-08-0722;2;1;1,4;60,41;13,7;0;0
2025-09;LOAD-08-0722;0;1;1,4;0,0;0,0;1;0
2025-10;LOAD-08-0722;2;1;1,4;60,41;13,7;0;0
2025-11;LOAD-08-0722;1;1;1,4;30,21;6,9;0;0
2025-12;LOAD-08-0722;1;1;1,4;30,21;6,9;0;0
2024-01;MT-10-0095;2;1,3;2,4;257,44;38,9;0;0
2024-02;MT-10-0095;3;1,3;2,4;386,16;58,4;0;0
2024-03;MT-10-0095;1;1,3;2,4;128,72;19,5;0;0
2024-04;MT-10-0095;1;1,3;2,4;128,72;19,5;0;0
2024-05;MT-10-0095;2;1,3;2,4;257,44;38,9;0;0
2024-06;MT-10-0095;2;1,3;2,4;257,44;38,9;0;0
2024-07;MT-10-0095;2;1,3;2,4;257,44;38,9;0;0
2024-08;MT-10-0095;2;1,3;2,4;257,44;38,9;0;0
2024-09;MT-10-0095;0;1,3;2,4;0,0;0,0;1;0
2024-10;MT-10-0095;2;1,3;2,4;257,44;38,9;0;0
2024-11;MT-10-0095;3;1,3;2,4;386,16;58,4;0;0
2024-12;MT-10-0095;3;1,3;2,4;386,16;58,4;0;0
2025-01;MT-10-0095;3;1,3;2,4;386,16;58,4;0;0
2025-02;MT-10-0095;3;1,3;2,4;386,16;58,4;0;0
2025-03;MT-10-0095;0;1,3;2,4;0,0;0,0;1;0
2025-04;MT-10-0095;2;1,3;2,4;257,44;38,9;0;0
2025-05;MT-10-0095;1;1,3;2,4;128,72;19,5;0;0
2025-06;MT-10-0095;5;1,3;2,4;643,6;97,3;0;0
2025-07;MT-10-0095;3;1,3;2,4;386,16;58,4;0;0
2025-08;MT-10-0095;3;1,3;2,4;386,16;58,4;0;0
2025-09;MT-10-0095;2;1,3;2,4;257,44;38,9;0;0
2025-10;MT-10-0095;3;1,3;2,4;386,16;58,4;0;0
2025-11;MT-10-0095;3;1,3;2,4;386,16;58,4;0;0
2025-12;MT-10-0095;1;1,3;2,4;128,72;19,5;0;0
2024-01;MT-09-0133;0;1;1,1;0,0;0,0;1;0
2024-02;MT-09-0133;1;1;1,1;203,91;42,4;0;0
2024-03;MT-09-0133;2;1;1,1;407,82;84,7;0;0
2024-04;MT-09-0133;0;1;1,1;0,0;0,0;1;0
2024-05;MT-09-0133;1;1;1,1;203,91;42,4;0;0
2024-06;MT-09-0133;1;1;1,1;203,91;42,4;0;0
2024-07;MT-09-0133;1;1;1,1;203,91;42,4;0;0
2024-08;MT-09-0133;0;1;1,1;0,0;0,0;1;0
2024-09;MT-09-0133;0;1;1,1;0,0;0,0;1;0
2024-10;MT-09-0133;1;1;1,1;203,91;42,4;0;0
2024-11;MT-09-0133;0;1;1,1;0,0;0,0;1;0
2024-12;MT-09-0133;0;1;1,1;0,0;0,0;1;0
2025-01;MT-09-0133;1;1;1,1;203,91;42,4;0;0
2025-02;MT-09-0133;0;1;1,1;0,0;0,0;1;0
2025-03;MT-09-0133;0;1;1,1;0,0;0,0;1;0
2025-04;MT-09-0133;1;1;1,1;203,91;42,4;0;0
2025-05;MT-09-0133;0;1;1,1;0,0;0,0;1;0
2025-06;MT-09-0133;1;1;1,1;203,91;42,4;0;0
2025-07;MT-09-0133;0;1;1,1;0,0;0,0;1;0
2025-08;MT-09-0133;2;1;1,1;407,82;84,7;0;0
2025-09;MT-09-0133;1;1;1,1;203,91;42,4;0;0
2025-10;MT-09-0133;1;1;1,1;203,91;42,4;0;0
2025-11;MT-09-0133;0;1;1,1;0,0;0,0;1;0
2025-12;MT-09-0133;0;1;1,1;0,0;0,0;1;0
2024-01;TMM-08-0619;2;1,6;2,9;58,48;68,6;0;0
2024-02;TMM-08-0619;6;1,6;2,9;175,44;205,7;0;0
2024-03;TMM-08-0619;5;1,6;2,9;146,2;171,4;0;0
2024-04;TMM-08-0619;2;1,6;2,9;58,48;68,6;0;0
2024-05;TMM-08-0619;3;1,6;2,9;87,72;102,9;0;0
2024-06;TMM-08-0619;0;1,6;2,9;0,0;0,0;1;0
2024-07;TMM-08-0619;0;1,6;2,9;0,0;0,0;1;0
2024-08;TMM-08-0619;5;1,6;2,9;146,2;171,4;0;0
2024-09;TMM-08-0619;2;1,6;2,9;58,48;68,6;0;0
2024-10;TMM-08-0619;2;1,6;2,9;58,48;68,6;0;0
2024-11;TMM-08-0619;1;1,6;2,9;29,24;34,3;0;0
2024-12;TMM-08-0619;3;1,6;2,9;87,72;102,9;0;0
2025-01;TMM-08-0619;0;1,6;2,9;0,0;0,0;1;0
2025-02;TMM-08-0619;4;1,6;2,9;116,96;137,1;0;0
2025-03;TMM-08-0619;4;1,6;2,9;116,96;137,1;0;0
2025-04;TMM-08-0619;4;1,6;2,9;116,96;137,1;0;0
2025-05;TMM-08-0619;1;1,6;2,9;29,24;34,3;0;0
2025-06;TMM-08-0619;1;1,6;2,9;29,24;34,3;0;0
2025-07;TMM-08-0619;0;1,6;2,9;0,0;0,0;1;0
2025-08;TMM-08-0619;3;1,6;2,9;87,72;102,9;0;0
2025-09;TMM-08-0619;2;1,6;2,9;58,48;68,6;0;0
2025-10;TMM-08-0619;5;1,6;2,9;146,2;171,4;0;0
2025-11;TMM-08-0619;0;1,6;2,9;0,0;0,0;1;0
2025-12;TMM-08-0619;1;1,6;2,9;29,24;34,3;0;0
2024-01;LOAD-05-0755;1;1;1,1;142,64;102,9;0;0
2024-02;LOAD-05-0755;0;1;1,1;0,0;0,0;1;0
2024-03;LOAD-05-0755;0;1;1,1;0,0;0,0;1;0
2024-04;LOAD-05-0755;1;1;1,1;142,64;102,9;0;0
2024-05;LOAD-05-0755;0;1;1,1;0,0;0,0;1;0
2024-06;LOAD-05-0755;0;1;1,1;0,0;0,0;1;0
2024-07;LOAD-05-0755;1;1;1,1;142,64;102,9;0;0
2024-08;LOAD-05-0755;0;1;1,1;0,0;0,0;1;0
2024-09;LOAD-05-0755;1;1;1,1;142,64;102,9;0;0
2024-10;LOAD-05-0755;0;1;1,1;0,0;0,0;1;0
2024-11;LOAD-05-0755;1;1;1,1;142,64;102,9;0;0
2024-12;LOAD-05-0755;1;1;1,1;142,64;102,9;0;0
2025-01;LOAD-05-0755;1;1;1,1;142,64;102,9;0;0
2025-02;LOAD-05-0755;1;1;1,1;142,64;102,9;0;0
2025-03;LOAD-05-0755;1;1;1,1;142,64;102,9;0;0
2025-04;LOAD-05-0755;0;1;1,1;0,0;0,0;1;0
2025-05;LOAD-05-0755;1;1;1,1;142,64;102,9;0;0
2025-06;LOAD-05-0755;1;1;1,1;142,64;102,9;0;0
2025-07;LOAD-05-0755;1;1;1,1;142,64;102,9;0;0
2025-08;LOAD-05-0755;0;1;1,1;0,0;0,0;1;0
2025-09;LOAD-05-0755;0;1;1,1;0,0;0,0;1;0
2025-10;LOAD-05-0755;1;1;1,1;142,64;102,9;0;0
2025-11;LOAD-05-0755;0;1;1,1;0,0;0,0;1;0
2025-12;LOAD-05-0755;1;1;1,1;142,64;102,9;0;0
2024-01;TMM-06-0597;1;1;1,0;133,94;300,0;0;1
2024-02;TMM-06-0597;0;1;1,0;0,0;0,0;1;0
2024-03;TMM-06-0597;1;1;1,0;133,94;300,0;0;1
2024-04;TMM-06-0597;0;1;1,0;0,0;0,0;1;0
2024-05;TMM-06-0597;0;1;1,0;0,0;0,0;1;0
2024-06;TMM-06-0597;0;1;1,0;0,0;0,0;1;0
2024-07;TMM-06-0597;0;1;1,0;0,0;0,0;1;0
2024-08;TMM-06-0597;0;1;1,0;0,0;0,0;1;0
2024-09;TMM-06-0597;1;1;1,0;133,94;300,0;0;1
2024-10;TMM-06-0597;0;1;1,0;0,0;0,0;1;0
2024-11;TMM-06-0597;0;1;1,0;0,0;0,0;1;0
2024-12;TMM-06-0597;1;1;1,0;133,94;300,0;0;1
2025-01;TMM-06-0597;0;1;1,0;0,0;0,0;1;0
2025-02;TMM-06-0597;0;1;1,0;0,0;0,0;1;0
2025-03;TMM-06-0597;1;1;1,0;133,94;300,0;0;1
2025-04;TMM-06-0597;0;1;1,0;0,0;0,0;1;0
2025-05;TMM-06-0597;1;1;1,0;133,94;300,0;0;1
2025-06;TMM-06-0597;1;1;1,0;133,94;300,0;0;1
2025-07;TMM-06-0597;0;1;1,0;0,0;0,0;1;0
2025-08;TMM-06-0597;1;1;1,0;133,94;300,0;0;1
2025-09;TMM-06-0597;2;1;1,0;267,88;600,0;0;1
2025-10;TMM-06-0597;0;1;1,0;0,0;0,0;1;0
2025-11;TMM-06-0597;0;1;1,0;0,0;0,0;1;0
2025-12;TMM-06-0597;0;1;1,0;0,0;0,0;1;0
2024-01;TMM-01-0566;1;1;1,5;33,5;28,8;0;0
2024-02;TMM-01-0566;1;1;1,5;33,5;28,8;0;0
2024-03;TMM-01-0566;1;1;1,5;33,5;28,8;0;0
2024-04;TMM-01-0566;1;1;1,5;33,5;28,8;0;0
2024-05;TMM-01-0566;0;1;1,5;0,0;0,0;1;0
2024-06;TMM-01-0566;2;1;1,5;66,99;57,6;0;0
2024-07;TMM-01-0566;2;1;1,5;66,99;57,6;0;0
2024-08;TMM-01-0566;0;1;1,5;0,0;0,0;1;0
2024-09;TMM-01-0566;1;1;1,5;33,5;28,8;0;0
2024-10;TMM-01-0566;0;1;1,5;0,0;0,0;1;0
2024-11;TMM-01-0566;1;1;1,5;33,5;28,8;0;0
2024-12;TMM-01-0566;1;1;1,5;33,5;28,8;0;0
2025-01;TMM-01-0566;1;1;1,5;33,5;28,8;0;0
2025-02;TMM-01-0566;2;1;1,5;66,99;57,6;0;0
2025-03;TMM-01-0566;0;1;1,5;0,0;0,0;1;0
2025-04;TMM-01-0566;1;1;1,5;33,5;28,8;0;0
2025-05;TMM-01-0566;2;1;1,5;66,99;57,6;0;0
2025-06;TMM-01-0566;1;1;1,5;33,5;28,8;0;0
2025-07;TMM-01-0566;0;1;1,5;0,0;0,0;1;0
2025-08;TMM-01-0566;0;1;1,5;0,0;0,0;1;0
2025-09;TMM-01-0566;2;1;1,5;66,99;57,6;0;0
2025-10;TMM-01-0566;1;1;1,5;33,5;28,8;0;0
2025-11;TMM-01-0566;1;1;1,5;33,5;28,8;0;0
2025-12;TMM-01-0566;0;1;1,5;0,0;0,0;1;0
2024-01;MLT-05-0289;1;1;1,2;114,76;48,0;0;0
2024-02;MLT-05-0289;1;1;1,2;114,76;48,0;0;0
2024-03;MLT-05-0289;0;1;1,2;0,0;0,0;1;0
2024-04;MLT-05-0289;1;1;1,2;114,76;48,0;0;0
2024-05;MLT-05-0289;1;1;1,2;114,76;48,0;0;0
2024-06;MLT-05-0289;1;1;1,2;114,76;48,0;0;0
2024-07;MLT-05-0289;1;1;1,2;114,76;48,0;0;0
2024-08;MLT-05-0289;2;1;1,2;229,52;96,0;0;0
2024-09;MLT-05-0289;1;1;1,2;114,76;48,0;0;0
2024-10;MLT-05-0289;2;1;1,2;229,52;96,0;0;0
2024-11;MLT-05-0289;0;1;1,2;0,0;0,0;1;0
2024-12;MLT-05-0289;1;1;1,2;114,76;48,0;0;0
2025-01;MLT-05-0289;0;1;1,2;0,0;0,0;1;0
2025-02;MLT-05-0289;1;1;1,2;114,76;48,0;0;0
2025-03;MLT-05-0289;1;1;1,2;114,76;48,0;0;0
2025-04;MLT-05-0289;0;1;1,2;0,0;0,0;1;0
2025-05;MLT-05-0289;0;1;1,2;0,0;0,0;1;0
2025-06;MLT-05-0289;1;1;1,2;114,76;48,0;0;0
2025-07;MLT-05-0289;1;1;1,2;114,76;48,0;0;0
2025-08;MLT-05-0289;1;1;1,2;114,76;48,0;0;0
2025-09;MLT-05-0289;1;1;1,2;114,76;48,0;0;0
2025-10;MLT-05-0289;1;1;1,2;114,76;48,0;0;0
2025-11;MLT-05-0289;1;1;1,2;114,76;48,0;0;0
2025-12;MLT-05-0289;1;1;1,2;114,76;48,0;0;0
2024-01;LOAD-M-01-0826;3;2,7;4,9;134,68;60,0;0;0
2024-02;LOAD-M-01-0826;7;2,7;4,9;314,25;140,0;0;0
2024-03;LOAD-M-01-0826;6;2,7;4,9;269,35;120,0;0;0
2024-04;LOAD-M-01-0826;3;2,7;4,9;134,68;60,0;0;0
2024-05;LOAD-M-01-0826;5;2,7;4,9;224,46;100,0;0;0
2024-06;LOAD-M-01-0826;2;2,7;4,9;89,78;40,0;0;0
2024-07;LOAD-M-01-0826;5;2,7;4,9;224,46;100,0;0;0
2024-08;LOAD-M-01-0826;9;2,7;4,9;404,03;180,0;0;0
2024-09;LOAD-M-01-0826;3;2,7;4,9;134,68;60,0;0;0
2024-10;LOAD-M-01-0826;1;2,7;4,9;44,89;20,0;0;0
2024-11;LOAD-M-01-0826;6;2,7;4,9;269,35;120,0;0;0
2024-12;LOAD-M-01-0826;3;2,7;4,9;134,68;60,0;0;0
2025-01;LOAD-M-01-0826;8;2,7;4,9;359,14;160,0;0;0
2025-02;LOAD-M-01-0826;5;2,7;4,9;224,46;100,0;0;0
2025-03;LOAD-M-01-0826;7;2,7;4,9;314,25;140,0;0;0
2025-04;LOAD-M-01-0826;7;2,7;4,9;314,25;140,0;0;0
2025-05;LOAD-M-01-0826;6;2,7;4,9;269,35;120,0;0;0
2025-06;LOAD-M-01-0826;10;2,7;4,9;448,92;200,0;0;0
2025-07;LOAD-M-01-0826;0;2,7;4,9;0,0;0,0;1;0
2025-08;LOAD-M-01-0826;4;2,7;4,9;179,57;80,0;0;0
2025-09;LOAD-M-01-0826;6;2,7;4,9;269,35;120,0;0;0
2025-10;LOAD-M-01-0826;8;2,7;4,9;359,14;160,0;0;0
2025-11;LOAD-M-01-0826;7;2,7;4,9;314,25;140,0;0;0
2025-12;LOAD-M-01-0826;7;2,7;4,9;314,25;140,0;0;0
2024-01;MT-05-0190;6;1,9;3,4;432,9;81,5;0;0
2024-02;MT-05-0190;5;1,9;3,4;360,75;67,9;0;0
2024-03;MT-05-0190;1;1,9;3,4;72,15;13,6;0;0
2024-04;MT-05-0190;1;1,9;3,4;72,15;13,6;0;0
2024-05;MT-05-0190;5;1,9;3,4;360,75;67,9;0;0
2024-06;MT-05-0190;0;1,9;3,4;0,0;0,0;1;0
2024-07;MT-05-0190;3;1,9;3,4;216,45;40,8;0;0
2024-08;MT-05-0190;4;1,9;3,4;288,6;54,3;0;0
2024-09;MT-05-0190;6;1,9;3,4;432,9;81,5;0;0
2024-10;MT-05-0190;3;1,9;3,4;216,45;40,8;0;0
2024-11;MT-05-0190;8;1,9;3,4;577,21;108,7;0;0
2024-12;MT-05-0190;2;1,9;3,4;144,3;27,2;0;0
2025-01;MT-05-0190;2;1,9;3,4;144,3;27,2;0;0
2025-02;MT-05-0190;2;1,9;3,4;144,3;27,2;0;0
2025-03;MT-05-0190;2;1,9;3,4;144,3;27,2;0;0
2025-04;MT-05-0190;4;1,9;3,4;288,6;54,3;0;0
2025-05;MT-05-0190;3;1,9;3,4;216,45;40,8;0;0
2025-06;MT-05-0190;4;1,9;3,4;288,6;54,3;0;0
2025-07;MT-05-0190;3;1,9;3,4;216,45;40,8;0;0
2025-08;MT-05-0190;4;1,9;3,4;288,6;54,3;0;0
2025-09;MT-05-0190;2;1,9;3,4;144,3;27,2;0;0
2025-10;MT-05-0190;3;1,9;3,4;216,45;40,8;0;0
2025-11;MT-05-0190;4;1,9;3,4;288,6;54,3;0;0
2025-12;MT-05-0190;2;1,9;3,4;144,3;27,2;0;0
2024-01;MI-MC-04-0559;0;1;1,0;0,0;0,0;1;0
2024-02;MI-MC-04-0559;1;1;1,0;318,69;240,0;0;1
2024-03;MI-MC-04-0559;1;1;1,0;318,69;240,0;0;1
2024-04;MI-MC-04-0559;0;1;1,0;0,0;0,0;1;0
2024-05;MI-MC-04-0559;0;1;1,0;0,0;0,0;1;0
2024-06;MI-MC-04-0559;0;1;1,0;0,0;0,0;1;0
2024-07;MI-MC-04-0559;0;1;1,0;0,0;0,0;1;0
2024-08;MI-MC-04-0559;0;1;1,0;0,0;0,0;1;0
2024-09;MI-MC-04-0559;1;1;1,0;318,69;240,0;0;1
2024-10;MI-MC-04-0559;0;1;1,0;0,0;0,0;1;0
2024-11;MI-MC-04-0559;0;1;1,0;0,0;0,0;1;0
2024-12;MI-MC-04-0559;0;1;1,0;0,0;0,0;1;0
2025-01;MI-MC-04-0559;1;1;1,0;318,69;240,0;0;1
2025-02;MI-MC-04-0559;0;1;1,0;0,0;0,0;1;0
2025-03;MI-MC-04-0559;0;1;1,0;0,0;0,0;1;0
2025-04;MI-MC-04-0559;1;1;1,0;318,69;240,0;0;1
2025-05;MI-MC-04-0559;0;1;1,0;0,0;0,0;1;0
2025-06;MI-MC-04-0559;1;1;1,0;318,69;240,0;0;1
2025-07;MI-MC-04-0559;0;1;1,0;0,0;0,0;1;0
2025-08;MI-MC-04-0559;0;1;1,0;0,0;0,0;1;0
2025-09;MI-MC-04-0559;2;1;1,0;637,37;480,0;0;1
2025-10;MI-MC-04-0559;0;1;1,0;0,0;0,0;1;0
2025-11;MI-MC-04-0559;1;1;1,0;318,69;240,0;0;1
2025-12;MI-MC-04-0559;1;1;1,0;318,69;240,0;0;1
2024-01;MI-MC-01-0510;1;1;1,5;34,13;20,0;0;0
2024-02;MI-MC-01-0510;1;1;1,5;34,13;20,0;0;0
2024-03;MI-MC-01-0510;1;1;1,5;34,13;20,0;0;0
2024-04;MI-MC-01-0510;2;1;1,5;68,26;40,0;0;0
2024-05;MI-MC-01-0510;0;1;1,5;0,0;0,0;1;0
2024-06;MI-MC-01-0510;0;1;1,5;0,0;0,0;1;0
2024-07;MI-MC-01-0510;1;1;1,5;34,13;20,0;0;0
2024-08;MI-MC-01-0510;2;1;1,5;68,26;40,0;0;0
2024-09;MI-MC-01-0510;3;1;1,5;102,39;60,0;0;0
2024-10;MI-MC-01-0510;0;1;1,5;0,0;0,0;1;0
2024-11;MI-MC-01-0510;0;1;1,5;0,0;0,0;1;0
2024-12;MI-MC-01-0510;1;1;1,5;34,13;20,0;0;0
2025-01;MI-MC-01-0510;1;1;1,5;34,13;20,0;0;0
2025-02;MI-MC-01-0510;0;1;1,5;0,0;0,0;1;0
2025-03;MI-MC-01-0510;2;1;1,5;68,26;40,0;0;0
2025-04;MI-MC-01-0510;0;1;1,5;0,0;0,0;1;0
2025-05;MI-MC-01-0510;2;1;1,5;68,26;40,0;0;0
2025-06;MI-MC-01-0510;0;1;1,5;0,0;0,0;1;0
2025-07;MI-MC-01-0510;2;1;1,5;68,26;40,0;0;0
2025-08;MI-MC-01-0510;1;1;1,5;34,13;20,0;0;0
2025-09;MI-MC-01-0510;1;1;1,5;34,13;20,0;0;0
2025-10;MI-MC-01-0510;1;1;1,5;34,13;20,0;0;0
2025-11;MI-MC-01-0510;2;1;1,5;68,26;40,0;0;0
2025-12;MI-MC-01-0510;0;1;1,5;0,0;0,0;1;0
2024-01;TMM-06-0591;0;1;1,1;0,0;0,0;1;0
2024-02;TMM-06-0591;2;1;1,1;82,01;60,0;0;0
2024-03;TMM-06-0591;1;1;1,1;41,0;30,0;0;0
2024-04;TMM-06-0591;1;1;1,1;41,0;30,0;0;0
2024-05;TMM-06-0591;0;1;1,1;0,0;0,0;1;0
2024-06;TMM-06-0591;2;1;1,1;82,01;60,0;0;0
2024-07;TMM-06-0591;0;1;1,1;0,0;0,0;1;0
2024-08;TMM-06-0591;1;1;1,1;41,0;30,0;0;0
2024-09;TMM-06-0591;1;1;1,1;41,0;30,0;0;0
2024-10;TMM-06-0591;0;1;1,1;0,0;0,0;1;0
2024-11;TMM-06-0591;1;1;1,1;41,0;30,0;0;0
2024-12;TMM-06-0591;1;1;1,1;41,0;30,0;0;0
2025-01;TMM-06-0591;1;1;1,1;41,0;30,0;0;0
2025-02;TMM-06-0591;1;1;1,1;41,0;30,0;0;0
2025-03;TMM-06-0591;0;1;1,1;0,0;0,0;1;0
2025-04;TMM-06-0591;1;1;1,1;41,0;30,0;0;0
2025-05;TMM-06-0591;1;1;1,1;41,0;30,0;0;0
2025-06;TMM-06-0591;1;1;1,1;41,0;30,0;0;0
2025-07;TMM-06-0591;1;1;1,1;41,0;30,0;0;0
2025-08;TMM-06-0591;1;1;1,1;41,0;30,0;0;0
2025-09;TMM-06-0591;0;1;1,1;0,0;0,0;1;0
2025-10;TMM-06-0591;0;1;1,1;0,0;0,0;1;0
2025-11;TMM-06-0591;1;1;1,1;41,0;30,0;0;0
2025-12;TMM-06-0591;0;1;1,1;0,0;0,0;1;0
2024-01;MLT-06-0202;0;1;1,4;0,0;0,0;1;0
2024-02;MLT-06-0202;0;1;1,4;0,0;0,0;1;0
2024-03;MLT-06-0202;2;1;1,4;86,72;14,5;0;0
2024-04;MLT-06-0202;1;1;1,4;43,36;7,3;0;0
2024-05;MLT-06-0202;0;1;1,4;0,0;0,0;1;0
2024-06;MLT-06-0202;0;1;1,4;0,0;0,0;1;0
2024-07;MLT-06-0202;1;1;1,4;43,36;7,3;0;0
2024-08;MLT-06-0202;1;1;1,4;43,36;7,3;0;0
2024-09;MLT-06-0202;1;1;1,4;43,36;7,3;0;0
2024-10;MLT-06-0202;2;1;1,4;86,72;14,5;0;0
2024-11;MLT-06-0202;1;1;1,4;43,36;7,3;0;0
2024-12;MLT-06-0202;1;1;1,4;43,36;7,3;0;0
2025-01;MLT-06-0202;1;1;1,4;43,36;7,3;0;0
2025-02;MLT-06-0202;1;1;1,4;43,36;7,3;0;0
2025-03;MLT-06-0202;0;1;1,4;0,0;0,0;1;0
2025-04;MLT-06-0202;1;1;1,4;43,36;7,3;0;0
2025-05;MLT-06-0202;1;1;1,4;43,36;7,3;0;0
2025-06;MLT-06-0202;0;1;1,4;0,0;0,0;1;0
2025-07;MLT-06-0202;1;1;1,4;43,36;7,3;0;0
2025-08;MLT-06-0202;0;1;1,4;0,0;0,0;1;0
2025-09;MLT-06-0202;0;1;1,4;0,0;0,0;1;0
2025-10;MLT-06-0202;0;1;1,4;0,0;0,0;1;0
2025-11;MLT-06-0202;1;1;1,4;43,36;7,3;0;0
2025-12;MLT-06-0202;2;1;1,4;86,72;14,5;0;0
2024-01;MI-MC-07-0556;0;1;1,1;0,0;0,0;1;0
2024-02;MI-MC-07-0556;1;1;1,1;104,3;36,0;0;0
2024-03;MI-MC-07-0556;1;1;1,1;104,3;36,0;0;0
2024-04;MI-MC-07-0556;0;1;1,1;0,0;0,0;1;0
2024-05;MI-MC-07-0556;1;1;1,1;104,3;36,0;0;0
2024-06;MI-MC-07-0556;1;1;1,1;104,3;36,0;0;0
2024-07;MI-MC-07-0556;1;1;1,1;104,3;36,0;0;0
2024-08;MI-MC-07-0556;0;1;1,1;0,0;0,0;1;0
2024-09;MI-MC-07-0556;0;1;1,1;0,0;0,0;1;0
2024-10;MI-MC-07-0556;1;1;1,1;104,3;36,0;0;0
2024-11;MI-MC-07-0556;0;1;1,1;0,0;0,0;1;0
2024-12;MI-MC-07-0556;0;1;1,1;0,0;0,0;1;0
2025-01;MI-MC-07-0556;1;1;1,1;104,3;36,0;0;0
2025-02;MI-MC-07-0556;1;1;1,1;104,3;36,0;0;0
2025-03;MI-MC-07-0556;0;1;1,1;0,0;0,0;1;0
2025-04;MI-MC-07-0556;0;1;1,1;0,0;0,0;1;0
2025-05;MI-MC-07-0556;1;1;1,1;104,3;36,0;0;0
2025-06;MI-MC-07-0556;0;1;1,1;0,0;0,0;1;0
2025-07;MI-MC-07-0556;0;1;1,1;0,0;0,0;1;0
2025-08;MI-MC-07-0556;1;1;1,1;104,3;36,0;0;0
2025-09;MI-MC-07-0556;1;1;1,1;104,3;36,0;0;0
2025-10;MI-MC-07-0556;1;1;1,1;104,3;36,0;0;0
2025-11;MI-MC-07-0556;1;1;1,1;104,3;36,0;0;0
2025-12;MI-MC-07-0556;1;1;1,1;104,3;36,0;0;0
2024-01;TMM-01-0586;1;1;1,5;18,72;13,8;0;0
2024-02;TMM-01-0586;2;1;1,5;37,44;27,7;0;0
2024-03;TMM-01-0586;1;1;1,5;18,72;13,8;0;0
2024-04;TMM-01-0586;0;1;1,5;0,0;0,0;1;0
2024-05;TMM-01-0586;0;1;1,5;0,0;0,0;1;0
2024-06;TMM-01-0586;1;1;1,5;18,72;13,8;0;0
2024-07;TMM-01-0586;1;1;1,5;18,72;13,8;0;0
2024-08;TMM-01-0586;2;1;1,5;37,44;27,7;0;0
2024-09;TMM-01-0586;0;1;1,5;0,0;0,0;1;0
2024-10;TMM-01-0586;2;1;1,5;37,44;27,7;0;0
2024-11;TMM-01-0586;2;1;1,5;37,44;27,7;0;0
2024-12;TMM-01-0586;0;1;1,5;0,0;0,0;1;0
2025-01;TMM-01-0586;2;1;1,5;37,44;27,7;0;0
2025-02;TMM-01-0586;1;1;1,5;18,72;13,8;0;0
2025-03;TMM-01-0586;2;1;1,5;37,44;27,7;0;0
2025-04;TMM-01-0586;1;1;1,5;18,72;13,8;0;0
2025-05;TMM-01-0586;1;1;1,5;18,72;13,8;0;0
2025-06;TMM-01-0586;2;1;1,5;37,44;27,7;0;0
2025-07;TMM-01-0586;1;1;1,5;18,72;13,8;0;0
2025-08;TMM-01-0586;2;1;1,5;37,44;27,7;0;0
2025-09;TMM-01-0586;1;1;1,5;18,72;13,8;0;0
2025-10;TMM-01-0586;2;1;1,5;37,44;27,7;0;0
2025-11;TMM-01-0586;1;1;1,5;18,72;13,8;0;0
2025-12;TMM-01-0586;0;1;1,5;0,0;0,0;1;0
2024-01;MLT-01-0347;15;6,5;11,8;660,49;125,6;0;0
2024-02;MLT-01-0347;6;6,5;11,8;264,19;50,2;0;0
2024-03;MLT-01-0347;17;6,5;11,8;748,55;142,3;0;0
2024-04;MLT-01-0347;12;6,5;11,8;528,39;100,5;0;0
2024-05;MLT-01-0347;13;6,5;11,8;572,42;108,8;0;0
2024-06;MLT-01-0347;9;6,5;11,8;396,29;75,3;0;0
2024-07;MLT-01-0347;9;6,5;11,8;396,29;75,3;0;0
2024-08;MLT-01-0347;0;6,5;11,8;0,0;0,0;1;0
2024-09;MLT-01-0347;9;6,5;11,8;396,29;75,3;0;0
2024-10;MLT-01-0347;17;6,5;11,8;748,55;142,3;0;0
2024-11;MLT-01-0347;9;6,5;11,8;396,29;75,3;0;0
2024-12;MLT-01-0347;4;6,5;11,8;176,13;33,5;0;0
2025-01;MLT-01-0347;26;6,5;11,8;1144,84;217,7;0;0
2025-02;MLT-01-0347;6;6,5;11,8;264,19;50,2;0;0
2025-03;MLT-01-0347;9;6,5;11,8;396,29;75,3;0;0
2025-04;MLT-01-0347;11;6,5;11,8;484,36;92,1;0;0
2025-05;MLT-01-0347;17;6,5;11,8;748,55;142,3;0;0
2025-06;MLT-01-0347;7;6,5;11,8;308,23;58,6;0;0
2025-07;MLT-01-0347;20;6,5;11,8;880,65;167,4;0;0
2025-08;MLT-01-0347;11;6,5;11,8;484,36;92,1;0;0
2025-09;MLT-01-0347;11;6,5;11,8;484,36;92,1;0;0
2025-10;MLT-01-0347;16;6,5;11,8;704,52;134,0;0;0
2025-11;MLT-01-0347;17;6,5;11,8;748,55;142,3;0;0
2025-12;MLT-01-0347;13;6,5;11,8;572,42;108,8;0;0
2024-01;LOAD-M-07-0833;1;1;1,1;152,77;144,0;0;0
2024-02;LOAD-M-07-0833;2;1;1,1;305,53;288,0;0;0
2024-03;LOAD-M-07-0833;0;1;1,1;0,0;0,0;1;0
2024-04;LOAD-M-07-0833;1;1;1,1;152,77;144,0;0;0
2024-05;LOAD-M-07-0833;0;1;1,1;0,0;0,0;1;0
2024-06;LOAD-M-07-0833;0;1;1,1;0,0;0,0;1;0
2024-07;LOAD-M-07-0833;1;1;1,1;152,77;144,0;0;0
2024-08;LOAD-M-07-0833;1;1;1,1;152,77;144,0;0;0
2024-09;LOAD-M-07-0833;1;1;1,1;152,77;144,0;0;0
2024-10;LOAD-M-07-0833;1;1;1,1;152,77;144,0;0;0
2024-11;LOAD-M-07-0833;1;1;1,1;152,77;144,0;0;0
2024-12;LOAD-M-07-0833;1;1;1,1;152,77;144,0;0;0
2025-01;LOAD-M-07-0833;0;1;1,1;0,0;0,0;1;0
2025-02;LOAD-M-07-0833;0;1;1,1;0,0;0,0;1;0
2025-03;LOAD-M-07-0833;1;1;1,1;152,77;144,0;0;0
2025-04;LOAD-M-07-0833;1;1;1,1;152,77;144,0;0;0
2025-05;LOAD-M-07-0833;1;1;1,1;152,77;144,0;0;0
2025-06;LOAD-M-07-0833;1;1;1,1;152,77;144,0;0;0
2025-07;LOAD-M-07-0833;1;1;1,1;152,77;144,0;0;0
2025-08;LOAD-M-07-0833;0;1;1,1;0,0;0,0;1;0
2025-09;LOAD-M-07-0833;0;1;1,1;0,0;0,0;1;0
2025-10;LOAD-M-07-0833;0;1;1,1;0,0;0,0;1;0
2025-11;LOAD-M-07-0833;0;1;1,1;0,0;0,0;1;0
2025-12;LOAD-M-07-0833;0;1;1,1;0,0;0,0;1;0
2024-01;MLT-06-0246;4;1,8;2,9;216,11;50,5;0;0
2024-02;MLT-06-0246;1;1,8;2,9;54,03;12,6;0;0
2024-03;MLT-06-0246;2;1,8;2,9;108,05;25,3;0;0
2024-04;MLT-06-0246;4;1,8;2,9;216,11;50,5;0;0
2024-05;MLT-06-0246;2;1,8;2,9;108,05;25,3;0;0
2024-06;MLT-06-0246;1;1,8;2,9;54,03;12,6;0;0
2024-07;MLT-06-0246;3;1,8;2,9;162,08;37,9;0;0
2024-08;MLT-06-0246;1;1,8;2,9;54,03;12,6;0;0
2024-09;MLT-06-0246;2;1,8;2,9;108,05;25,3;0;0
2024-10;MLT-06-0246;1;1,8;2,9;54,03;12,6;0;0
2024-11;MLT-06-0246;3;1,8;2,9;162,08;37,9;0;0
2024-12;MLT-06-0246;1;1,8;2,9;54,03;12,6;0;0
2025-01;MLT-06-0246;3;1,8;2,9;162,08;37,9;0;0
2025-02;MLT-06-0246;4;1,8;2,9;216,11;50,5;0;0
2025-03;MLT-06-0246;2;1,8;2,9;108,05;25,3;0;0
2025-04;MLT-06-0246;2;1,8;2,9;108,05;25,3;0;0
2025-05;MLT-06-0246;3;1,8;2,9;162,08;37,9;0;0
2025-06;MLT-06-0246;3;1,8;2,9;162,08;37,9;0;0
2025-07;MLT-06-0246;3;1,8;2,9;162,08;37,9;0;0
2025-08;MLT-06-0246;2;1,8;2,9;108,05;25,3;0;0
2025-09;MLT-06-0246;2;1,8;2,9;108,05;25,3;0;0
2025-10;MLT-06-0246;4;1,8;2,9;216,11;50,5;0;0
2025-11;MLT-06-0246;3;1,8;2,9;162,08;37,9;0;0
2025-12;MLT-06-0246;2;1,8;2,9;108,05;25,3;0;0
2024-01;MT-01-0179;5;2,9;5,4;119,72;20,5;0;0
2024-02;MT-01-0179;0;2,9;5,4;0,0;0,0;1;0
2024-03;MT-01-0179;5;2,9;5,4;119,72;20,5;0;0
2024-04;MT-01-0179;9;2,9;5,4;215,49;36,8;0;0
2024-05;MT-01-0179;2;2,9;5,4;47,89;8,2;0;0
2024-06;MT-01-0179;2;2,9;5,4;47,89;8,2;0;0
2024-07;MT-01-0179;4;2,9;5,4;95,77;16,4;0;0
2024-08;MT-01-0179;6;2,9;5,4;143,66;24,5;0;0
2024-09;MT-01-0179;5;2,9;5,4;119,72;20,5;0;0
2024-10;MT-01-0179;5;2,9;5,4;119,72;20,5;0;0
2024-11;MT-01-0179;4;2,9;5,4;95,77;16,4;0;0
2024-12;MT-01-0179;4;2,9;5,4;95,77;16,4;0;0
2025-01;MT-01-0179;9;2,9;5,4;215,49;36,8;0;0
2025-02;MT-01-0179;2;2,9;5,4;47,89;8,2;0;0
2025-03;MT-01-0179;5;2,9;5,4;119,72;20,5;0;0
2025-04;MT-01-0179;7;2,9;5,4;167,6;28,6;0;0
2025-05;MT-01-0179;7;2,9;5,4;167,6;28,6;0;0
2025-06;MT-01-0179;4;2,9;5,4;95,77;16,4;0;0
2025-07;MT-01-0179;8;2,9;5,4;191,54;32,7;0;0
2025-08;MT-01-0179;9;2,9;5,4;215,49;36,8;0;0
2025-09;MT-01-0179;10;2,9;5,4;239,43;40,9;0;0
2025-10;MT-01-0179;4;2,9;5,4;95,77;16,4;0;0
2025-11;MT-01-0179;3;2,9;5,4;71,83;12,3;0;0
2025-12;MT-01-0179;0;2,9;5,4;0,0;0,0;1;0
2024-01;LOAD-M-08-0856;1;1;1,5;33,93;28,8;0;0
2024-02;LOAD-M-08-0856;1;1;1,5;33,93;28,8;0;0
2024-03;LOAD-M-08-0856;1;1;1,5;33,93;28,8;0;0
2024-04;LOAD-M-08-0856;0;1;1,5;0,0;0,0;1;0
2024-05;LOAD-M-08-0856;2;1;1,5;67,86;57,6;0;0
2024-06;LOAD-M-08-0856;1;1;1,5;33,93;28,8;0;0
2024-07;LOAD-M-08-0856;0;1;1,5;0,0;0,0;1;0
2024-08;LOAD-M-08-0856;2;1;1,5;67,86;57,6;0;0
2024-09;LOAD-M-08-0856;1;1;1,5;33,93;28,8;0;0
2024-10;LOAD-M-08-0856;1;1;1,5;33,93;28,8;0;0
2024-11;LOAD-M-08-0856;1;1;1,5;33,93;28,8;0;0
2024-12;LOAD-M-08-0856;2;1;1,5;67,86;57,6;0;0
2025-01;LOAD-M-08-0856;1;1;1,5;33,93;28,8;0;0
2025-02;LOAD-M-08-0856;1;1;1,5;33,93;28,8;0;0
2025-03;LOAD-M-08-0856;1;1;1,5;33,93;28,8;0;0
2025-04;LOAD-M-08-0856;1;1;1,5;33,93;28,8;0;0
2025-05;LOAD-M-08-0856;2;1;1,5;67,86;57,6;0;0
2025-06;LOAD-M-08-0856;1;1;1,5;33,93;28,8;0;0
2025-07;LOAD-M-08-0856;1;1;1,5;33,93;28,8;0;0
2025-08;LOAD-M-08-0856;1;1;1,5;33,93;28,8;0;0
2025-09;LOAD-M-08-0856;1;1;1,5;33,93;28,8;0;0
2025-10;LOAD-M-08-0856;0;1;1,5;0,0;0,0;1;0
2025-11;LOAD-M-08-0856;1;1;1,5;33,93;28,8;0;0
2025-12;LOAD-M-08-0856;0;1;1,5;0,0;0,0;1;0
2024-01;MLT-06-0360;4;2,3;3,7;123,76;28,0;0;0
2024-02;MLT-06-0360;7;2,3;3,7;216,59;48,9;0;0
2024-03;MLT-06-0360;4;2,3;3,7;123,76;28,0;0;0
2024-04;MLT-06-0360;3;2,3;3,7;92,82;21,0;0;0
2024-05;MLT-06-0360;3;2,3;3,7;92,82;21,0;0;0
2024-06;MLT-06-0360;7;2,3;3,7;216,59;48,9;0;0
2024-07;MLT-06-0360;4;2,3;3,7;123,76;28,0;0;0
2024-08;MLT-06-0360;2;2,3;3,7;61,88;14,0;0;0
2024-09;MLT-06-0360;1;2,3;3,7;30,94;7,0;0;0
2024-10;MLT-06-0360;5;2,3;3,7;154,7;35,0;0;0
2024-11;MLT-06-0360;2;2,3;3,7;61,88;14,0;0;0
2024-12;MLT-06-0360;4;2,3;3,7;123,76;28,0;0;0
2025-01;MLT-06-0360;6;2,3;3,7;185,64;41,9;0;0
2025-02;MLT-06-0360;4;2,3;3,7;123,76;28,0;0;0
2025-03;MLT-06-0360;1;2,3;3,7;30,94;7,0;0;0
2025-04;MLT-06-0360;0;2,3;3,7;0,0;0,0;1;0
2025-05;MLT-06-0360;5;2,3;3,7;154,7;35,0;0;0
2025-06;MLT-06-0360;5;2,3;3,7;154,7;35,0;0;0
2025-07;MLT-06-0360;4;2,3;3,7;123,76;28,0;0;0
2025-08;MLT-06-0360;4;2,3;3,7;123,76;28,0;0;0
2025-09;MLT-06-0360;3;2,3;3,7;92,82;21,0;0;0
2025-10;MLT-06-0360;5;2,3;3,7;154,7;35,0;0;0
2025-11;MLT-06-0360;7;2,3;3,7;216,59;48,9;0;0
2025-12;MLT-06-0360;2;2,3;3,7;61,88;14,0;0;0
2024-01;MT-07-0099;2;1,1;1,9;208,56;48,0;0;0
2024-02;MT-07-0099;1;1,1;1,9;104,28;24,0;0;0
2024-03;MT-07-0099;1;1,1;1,9;104,28;24,0;0;0
2024-04;MT-07-0099;1;1,1;1,9;104,28;24,0;0;0
2024-05;MT-07-0099;1;1,1;1,9;104,28;24,0;0;0
2024-06;MT-07-0099;0;1,1;1,9;0,0;0,0;1;0
2024-07;MT-07-0099;2;1,1;1,9;208,56;48,0;0;0
2024-08;MT-07-0099;4;1,1;1,9;417,12;96,0;0;0
2024-09;MT-07-0099;0;1,1;1,9;0,0;0,0;1;0
2024-10;MT-07-0099;2;1,1;1,9;208,56;48,0;0;0
2024-11;MT-07-0099;0;1,1;1,9;0,0;0,0;1;0
2024-12;MT-07-0099;1;1,1;1,9;104,28;24,0;0;0
2025-01;MT-07-0099;2;1,1;1,9;208,56;48,0;0;0
2025-02;MT-07-0099;3;1,1;1,9;312,84;72,0;0;0
2025-03;MT-07-0099;0;1,1;1,9;0,0;0,0;1;0
2025-04;MT-07-0099;2;1,1;1,9;208,56;48,0;0;0
2025-05;MT-07-0099;1;1,1;1,9;104,28;24,0;0;0
2025-06;MT-07-0099;2;1,1;1,9;208,56;48,0;0;0
2025-07;MT-07-0099;1;1,1;1,9;104,28;24,0;0;0
2025-08;MT-07-0099;3;1,1;1,9;312,84;72,0;0;0
2025-09;MT-07-0099;2;1,1;1,9;208,56;48,0;0;0
2025-10;MT-07-0099;1;1,1;1,9;104,28;24,0;0;0
2025-11;MT-07-0099;2;1,1;1,9;208,56;48,0;0;0
2025-12;MT-07-0099;3;1,1;1,9;312,84;72,0;0;0
2024-01;TMM-05-0572;0;1;1,1;0,0;0,0;1;0
2024-02;TMM-05-0572;1;1;1,1;45,86;31,3;0;0
2024-03;TMM-05-0572;1;1;1,1;45,86;31,3;0;0
2024-04;TMM-05-0572;0;1;1,1;0,0;0,0;1;0
2024-05;TMM-05-0572;0;1;1,1;0,0;0,0;1;0
2024-06;TMM-05-0572;0;1;1,1;0,0;0,0;1;0
2024-07;TMM-05-0572;0;1;1,1;0,0;0,0;1;0
2024-08;TMM-05-0572;0;1;1,1;0,0;0,0;1;0
2024-09;TMM-05-0572;0;1;1,1;0,0;0,0;1;0
2024-10;TMM-05-0572;2;1;1,1;91,72;62,6;0;0
2024-11;TMM-05-0572;1;1;1,1;45,86;31,3;0;0
2024-12;TMM-05-0572;0;1;1,1;0,0;0,0;1;0
2025-01;TMM-05-0572;0;1;1,1;0,0;0,0;1;0
2025-02;TMM-05-0572;0;1;1,1;0,0;0,0;1;0
2025-03;TMM-05-0572;1;1;1,1;45,86;31,3;0;0
2025-04;TMM-05-0572;1;1;1,1;45,86;31,3;0;0
2025-05;TMM-05-0572;1;1;1,1;45,86;31,3;0;0
2025-06;TMM-05-0572;1;1;1,1;45,86;31,3;0;0
2025-07;TMM-05-0572;1;1;1,1;45,86;31,3;0;0
2025-08;TMM-05-0572;1;1;1,1;45,86;31,3;0;0
2025-09;TMM-05-0572;1;1;1,1;45,86;31,3;0;0
2025-10;TMM-05-0572;1;1;1,1;45,86;31,3;0;0
2025-11;TMM-05-0572;1;1;1,1;45,86;31,3;0;0
2025-12;TMM-05-0572;1;1;1,1;45,86;31,3;0;0
2024-01;MRT-02-0441;0;1;1,0;0,0;0,0;1;0
2024-02;MRT-02-0441;0;1;1,0;0,0;0,0;1;0
2024-03;MRT-02-0441;0;1;1,0;0,0;0,0;1;0
2024-04;MRT-02-0441;0;1;1,0;0,0;0,0;1;0
2024-05;MRT-02-0441;1;1;1,0;215,83;144,0;0;0
2024-06;MRT-02-0441;1;1;1,0;215,83;144,0;0;0
2024-07;MRT-02-0441;0;1;1,0;0,0;0,0;1;0
2024-08;MRT-02-0441;0;1;1,0;0,0;0,0;1;0
2024-09;MRT-02-0441;1;1;1,0;215,83;144,0;0;0
2024-10;MRT-02-0441;1;1;1,0;215,83;144,0;0;0
2024-11;MRT-02-0441;1;1;1,0;215,83;144,0;0;0
2024-12;MRT-02-0441;0;1;1,0;0,0;0,0;1;0
2025-01;MRT-02-0441;0;1;1,0;0,0;0,0;1;0
2025-02;MRT-02-0441;0;1;1,0;0,0;0,0;1;0
2025-03;MRT-02-0441;0;1;1,0;0,0;0,0;1;0
2025-04;MRT-02-0441;2;1;1,0;431,67;288,0;0;0
2025-05;MRT-02-0441;1;1;1,0;215,83;144,0;0;0
2025-06;MRT-02-0441;1;1;1,0;215,83;144,0;0;0
2025-07;MRT-02-0441;0;1;1,0;0,0;0,0;1;0
2025-08;MRT-02-0441;1;1;1,0;215,83;144,0;0;0
2025-09;MRT-02-0441;1;1;1,0;215,83;144,0;0;0
2025-10;MRT-02-0441;1;1;1,0;215,83;144,0;0;0
2025-11;MRT-02-0441;1;1;1,0;215,83;144,0;0;0
2025-12;MRT-02-0441;0;1;1,0;0,0;0,0;1;0
2024-01;MLT-10-0338;1;1;1,1;233,12;180,0;0;0
2024-02;MLT-10-0338;1;1;1,1;233,12;180,0;0;0
2024-03;MLT-10-0338;0;1;1,1;0,0;0,0;1;0
2024-04;MLT-10-0338;0;1;1,1;0,0;0,0;1;0
2024-05;MLT-10-0338;0;1;1,1;0,0;0,0;1;0
2024-06;MLT-10-0338;0;1;1,1;0,0;0,0;1;0
2024-07;MLT-10-0338;1;1;1,1;233,12;180,0;0;0
2024-08;MLT-10-0338;0;1;1,1;0,0;0,0;1;0
2024-09;MLT-10-0338;1;1;1,1;233,12;180,0;0;0
2024-10;MLT-10-0338;1;1;1,1;233,12;180,0;0;0
2024-11;MLT-10-0338;1;1;1,1;233,12;180,0;0;0
2024-12;MLT-10-0338;0;1;1,1;0,0;0,0;1;0
2025-01;MLT-10-0338;1;1;1,1;233,12;180,0;0;0
2025-02;MLT-10-0338;1;1;1,1;233,12;180,0;0;0
2025-03;MLT-10-0338;0;1;1,1;0,0;0,0;1;0
2025-04;MLT-10-0338;1;1;1,1;233,12;180,0;0;0
2025-05;MLT-10-0338;0;1;1,1;0,0;0,0;1;0
2025-06;MLT-10-0338;1;1;1,1;233,12;180,0;0;0
2025-07;MLT-10-0338;2;1;1,1;466,25;360,0;0;0
2025-08;MLT-10-0338;2;1;1,1;466,25;360,0;0;0
2025-09;MLT-10-0338;1;1;1,1;233,12;180,0;0;0
2025-10;MLT-10-0338;0;1;1,1;0,0;0,0;1;0
2025-11;MLT-10-0338;0;1;1,1;0,0;0,0;1;0
2025-12;MLT-10-0338;1;1;1,1;233,12;180,0;0;0
2024-01;MT-07-0138;1;1;1,5;132,04;45,0;0;0
2024-02;MT-07-0138;1;1;1,5;132,04;45,0;0;0
2024-03;MT-07-0138;1;1;1,5;132,04;45,0;0;0
2024-04;MT-07-0138;2;1;1,5;264,08;90,0;0;0
2024-05;MT-07-0138;1;1;1,5;132,04;45,0;0;0
2024-06;MT-07-0138;1;1;1,5;132,04;45,0;0;0
2024-07;MT-07-0138;0;1;1,5;0,0;0,0;1;0
2024-08;MT-07-0138;2;1;1,5;264,08;90,0;0;0
2024-09;MT-07-0138;2;1;1,5;264,08;90,0;0;0
2024-10;MT-07-0138;0;1;1,5;0,0;0,0;1;0
2024-11;MT-07-0138;2;1;1,5;264,08;90,0;0;0
2024-12;MT-07-0138;2;1;1,5;264,08;90,0;0;0
2025-01;MT-07-0138;0;1;1,5;0,0;0,0;1;0
2025-02;MT-07-0138;0;1;1,5;0,0;0,0;1;0
2025-03;MT-07-0138;1;1;1,5;132,04;45,0;0;0
2025-04;MT-07-0138;1;1;1,5;132,04;45,0;0;0
2025-05;MT-07-0138;0;1;1,5;0,0;0,0;1;0
2025-06;MT-07-0138;1;1;1,5;132,04;45,0;0;0
2025-07;MT-07-0138;2;1;1,5;264,08;90,0;0;0
2025-08;MT-07-0138;1;1;1,5;132,04;45,0;0;0
2025-09;MT-07-0138;2;1;1,5;264,08;90,0;0;0
2025-10;MT-07-0138;0;1;1,5;0,0;0,0;1;0
2025-11;MT-07-0138;0;1;1,5;0,0;0,0;1;0
2025-12;MT-07-0138;1;1;1,5;132,04;45,0;0;0
2024-01;MT-01-0142;0;1;1,8;0,0;0,0;1;0
2024-02;MT-01-0142;1;1;1,8;17,85;3,8;0;0
2024-03;MT-01-0142;3;1;1,8;53,56;11,5;0;0
2024-04;MT-01-0142;1;1;1,8;17,85;3,8;0;0
2024-05;MT-01-0142;1;1;1,8;17,85;3,8;0;0
2024-06;MT-01-0142;0;1;1,8;0,0;0,0;1;0
2024-07;MT-01-0142;1;1;1,8;17,85;3,8;0;0
2024-08;MT-01-0142;1;1;1,8;17,85;3,8;0;0
2024-09;MT-01-0142;3;1;1,8;53,56;11,5;0;0
2024-10;MT-01-0142;0;1;1,8;0,0;0,0;1;0
2024-11;MT-01-0142;1;1;1,8;17,85;3,8;0;0
2024-12;MT-01-0142;2;1;1,8;35,71;7,7;0;0
2025-01;MT-01-0142;0;1;1,8;0,0;0,0;1;0
2025-02;MT-01-0142;2;1;1,8;35,71;7,7;0;0
2025-03;MT-01-0142;2;1;1,8;35,71;7,7;0;0
2025-04;MT-01-0142;2;1;1,8;35,71;7,7;0;0
2025-05;MT-01-0142;1;1;1,8;17,85;3,8;0;0
2025-06;MT-01-0142;3;1;1,8;53,56;11,5;0;0
2025-07;MT-01-0142;2;1;1,8;35,71;7,7;0;0
2025-08;MT-01-0142;2;1;1,8;35,71;7,7;0;0
2025-09;MT-01-0142;1;1;1,8;17,85;3,8;0;0
2025-10;MT-01-0142;3;1;1,8;53,56;11,5;0;0
2025-11;MT-01-0142;1;1;1,8;17,85;3,8;0;0
2025-12;MT-01-0142;0;1;1,8;0,0;0,0;1;0
2024-01;AWP-01-0636;3;1,5;2,5;139,26;65,5;0;0
2024-02;AWP-01-0636;1;1,5;2,5;46,42;21,8;0;0
2024-03;AWP-01-0636;3;1,5;2,5;139,26;65,5;0;0
2024-04;AWP-01-0636;0;1,5;2,5;0,0;0,0;1;0
2024-05;AWP-01-0636;2;1,5;2,5;92,84;43,6;0;0
2024-06;AWP-01-0636;0;1,5;2,5;0,0;0,0;1;0
2024-07;AWP-01-0636;2;1,5;2,5;92,84;43,6;0;0
2024-08;AWP-01-0636;1;1,5;2,5;46,42;21,8;0;0
2024-09;AWP-01-0636;4;1,5;2,5;185,68;87,3;0;0
2024-10;AWP-01-0636;3;1,5;2,5;139,26;65,5;0;0
2024-11;AWP-01-0636;2;1,5;2,5;92,84;43,6;0;0
2024-12;AWP-01-0636;2;1,5;2,5;92,84;43,6;0;0
2025-01;AWP-01-0636;1;1,5;2,5;46,42;21,8;0;0
2025-02;AWP-01-0636;2;1,5;2,5;92,84;43,6;0;0
2025-03;AWP-01-0636;2;1,5;2,5;92,84;43,6;0;0
2025-04;AWP-01-0636;0;1,5;2,5;0,0;0,0;1;0
2025-05;AWP-01-0636;1;1,5;2,5;46,42;21,8;0;0
2025-06;AWP-01-0636;3;1,5;2,5;139,26;65,5;0;0
2025-07;AWP-01-0636;0;1,5;2,5;0,0;0,0;1;0
2025-08;AWP-01-0636;2;1,5;2,5;92,84;43,6;0;0
2025-09;AWP-01-0636;1;1,5;2,5;46,42;21,8;0;0
2025-10;AWP-01-0636;0;1,5;2,5;0,0;0,0;1;0
2025-11;AWP-01-0636;5;1,5;2,5;232,1;109,1;0;0
2025-12;AWP-01-0636;2;1,5;2,5;92,84;43,6;0;0
2024-01;MLT-01-0213;3;5,7;10,5;29,22;8,8;0;0
2024-02;MLT-01-0213;1;5,7;10,5;9,74;2,9;0;0
2024-03;MLT-01-0213;12;5,7;10,5;116,88;35,1;0;0
2024-04;MLT-01-0213;2;5,7;10,5;19,48;5,9;0;0
2024-05;MLT-01-0213;15;5,7;10,5;146,1;43,9;0;0
2024-06;MLT-01-0213;10;5,7;10,5;97,4;29,3;0;0
2024-07;MLT-01-0213;16;5,7;10,5;155,84;46,8;0;0
2024-08;MLT-01-0213;13;5,7;10,5;126,62;38,0;0;0
2024-09;MLT-01-0213;9;5,7;10,5;87,66;26,3;0;0
2024-10;MLT-01-0213;4;5,7;10,5;38,96;11,7;0;0
2024-11;MLT-01-0213;4;5,7;10,5;38,96;11,7;0;0
2024-12;MLT-01-0213;15;5,7;10,5;146,1;43,9;0;0
2025-01;MLT-01-0213;17;5,7;10,5;165,58;49,8;0;0
2025-02;MLT-01-0213;4;5,7;10,5;38,96;11,7;0;0
2025-03;MLT-01-0213;14;5,7;10,5;136,36;41,0;0;0
2025-04;MLT-01-0213;12;5,7;10,5;116,88;35,1;0;0
2025-05;MLT-01-0213;6;5,7;10,5;58,44;17,6;0;0
2025-06;MLT-01-0213;4;5,7;10,5;38,96;11,7;0;0
2025-07;MLT-01-0213;8;5,7;10,5;77,92;23,4;0;0
2025-08;MLT-01-0213;6;5,7;10,5;58,44;17,6;0;0
2025-09;MLT-01-0213;13;5,7;10,5;126,62;38,0;0;0
2025-10;MLT-01-0213;10;5,7;10,5;97,4;29,3;0;0
2025-11;MLT-01-0213;8;5,7;10,5;77,92;23,4;0;0
2025-12;MLT-01-0213;9;5,7;10,5;87,66;26,3;0;0
2024-01;LOAD-M-06-0824;1;1;1,2;86,53;120,0;0;0
2024-02;LOAD-M-06-0824;0;1;1,2;0,0;0,0;1;0
2024-03;LOAD-M-06-0824;1;1;1,2;86,53;120,0;0;0
2024-04;LOAD-M-06-0824;1;1;1,2;86,53;120,0;0;0
2024-05;LOAD-M-06-0824;3;1;1,2;259,59;360,0;0;0
2024-06;LOAD-M-06-0824;1;1;1,2;86,53;120,0;0;0
2024-07;LOAD-M-06-0824;0;1;1,2;0,0;0,0;1;0
2024-08;LOAD-M-06-0824;2;1;1,2;173,06;240,0;0;0
2024-09;LOAD-M-06-0824;1;1;1,2;86,53;120,0;0;0
2024-10;LOAD-M-06-0824;1;1;1,2;86,53;120,0;0;0
2024-11;LOAD-M-06-0824;0;1;1,2;0,0;0,0;1;0
2024-12;LOAD-M-06-0824;1;1;1,2;86,53;120,0;0;0
2025-01;LOAD-M-06-0824;0;1;1,2;0,0;0,0;1;0
2025-02;LOAD-M-06-0824;2;1;1,2;173,06;240,0;0;0
2025-03;LOAD-M-06-0824;0;1;1,2;0,0;0,0;1;0
2025-04;LOAD-M-06-0824;1;1;1,2;86,53;120,0;0;0
2025-05;LOAD-M-06-0824;1;1;1,2;86,53;120,0;0;0
2025-06;LOAD-M-06-0824;2;1;1,2;173,06;240,0;0;0
2025-07;LOAD-M-06-0824;0;1;1,2;0,0;0,0;1;0
2025-08;LOAD-M-06-0824;1;1;1,2;86,53;120,0;0;0
2025-09;LOAD-M-06-0824;1;1;1,2;86,53;120,0;0;0
2025-10;LOAD-M-06-0824;1;1;1,2;86,53;120,0;0;0
2025-11;LOAD-M-06-0824;0;1;1,2;0,0;0,0;1;0
2025-12;LOAD-M-06-0824;0;1;1,2;0,0;0,0;1;0
2024-01;LOAD-07-0772;1;2,1;3,4;239,79;34,3;0;0
2024-02;LOAD-07-0772;4;2,1;3,4;959,18;137,1;0;0
2024-03;LOAD-07-0772;0;2,1;3,4;0,0;0,0;1;0
2024-04;LOAD-07-0772;4;2,1;3,4;959,18;137,1;0;0
2024-05;LOAD-07-0772;4;2,1;3,4;959,18;137,1;0;0
2024-06;LOAD-07-0772;3;2,1;3,4;719,38;102,9;0;0
2024-07;LOAD-07-0772;3;2,1;3,4;719,38;102,9;0;0
2024-08;LOAD-07-0772;4;2,1;3,4;959,18;137,1;0;0
2024-09;LOAD-07-0772;3;2,1;3,4;719,38;102,9;0;0
2024-10;LOAD-07-0772;2;2,1;3,4;479,59;68,6;0;0
2024-11;LOAD-07-0772;4;2,1;3,4;959,18;137,1;0;0
2024-12;LOAD-07-0772;2;2,1;3,4;479,59;68,6;0;0
2025-01;LOAD-07-0772;4;2,1;3,4;959,18;137,1;0;0
2025-02;LOAD-07-0772;2;2,1;3,4;479,59;68,6;0;0
2025-03;LOAD-07-0772;3;2,1;3,4;719,38;102,9;0;0
2025-04;LOAD-07-0772;1;2,1;3,4;239,79;34,3;0;0
2025-05;LOAD-07-0772;4;2,1;3,4;959,18;137,1;0;0
2025-06;LOAD-07-0772;2;2,1;3,4;479,59;68,6;0;0
2025-07;LOAD-07-0772;4;2,1;3,4;959,18;137,1;0;0
2025-08;LOAD-07-0772;1;2,1;3,4;239,79;34,3;0;0
2025-09;LOAD-07-0772;4;2,1;3,4;959,18;137,1;0;0
2025-10;LOAD-07-0772;6;2,1;3,4;1438,77;205,7;0;0
2025-11;LOAD-07-0772;2;2,1;3,4;479,59;68,6;0;0
2025-12;LOAD-07-0772;2;2,1;3,4;479,59;68,6;0;0
2024-01;LOAD-M-10-0874;1;1;1,2;110,98;30,0;0;0
2024-02;LOAD-M-10-0874;0;1;1,2;0,0;0,0;1;0
2024-03;LOAD-M-10-0874;1;1;1,2;110,98;30,0;0;0
2024-04;LOAD-M-10-0874;0;1;1,2;0,0;0,0;1;0
2024-05;LOAD-M-10-0874;1;1;1,2;110,98;30,0;0;0
2024-06;LOAD-M-10-0874;0;1;1,2;0,0;0,0;1;0
2024-07;LOAD-M-10-0874;1;1;1,2;110,98;30,0;0;0
2024-08;LOAD-M-10-0874;0;1;1,2;0,0;0,0;1;0
2024-09;LOAD-M-10-0874;1;1;1,2;110,98;30,0;0;0
2024-10;LOAD-M-10-0874;1;1;1,2;110,98;30,0;0;0
2024-11;LOAD-M-10-0874;1;1;1,2;110,98;30,0;0;0
2024-12;LOAD-M-10-0874;2;1;1,2;221,95;60,0;0;0
2025-01;LOAD-M-10-0874;0;1;1,2;0,0;0,0;1;0
2025-02;LOAD-M-10-0874;1;1;1,2;110,98;30,0;0;0
2025-03;LOAD-M-10-0874;1;1;1,2;110,98;30,0;0;0
2025-04;LOAD-M-10-0874;0;1;1,2;0,0;0,0;1;0
2025-05;LOAD-M-10-0874;0;1;1,2;0,0;0,0;1;0
2025-06;LOAD-M-10-0874;0;1;1,2;0,0;0,0;1;0
2025-07;LOAD-M-10-0874;0;1;1,2;0,0;0,0;1;0
2025-08;LOAD-M-10-0874;0;1;1,2;0,0;0,0;1;0
2025-09;LOAD-M-10-0874;2;1;1,2;221,95;60,0;0;0
2025-10;LOAD-M-10-0874;0;1;1,2;0,0;0,0;1;0
2025-11;LOAD-M-10-0874;0;1;1,2;0,0;0,0;1;0
2025-12;LOAD-M-10-0874;2;1;1,2;221,95;60,0;0;0
2024-01;MT-01-0056;16;5,3;9,7;458,65;76,3;0;0
2024-02;MT-01-0056;5;5,3;9,7;143,33;23,8;0;0
2024-03;MT-01-0056;11;5,3;9,7;315,32;52,5;0;0
2024-04;MT-01-0056;14;5,3;9,7;401,32;66,8;0;0
2024-05;MT-01-0056;10;5,3;9,7;286,65;47,7;0;0
2024-06;MT-01-0056;4;5,3;9,7;114,66;19,1;0;0
2024-07;MT-01-0056;5;5,3;9,7;143,33;23,8;0;0
2024-08;MT-01-0056;5;5,3;9,7;143,33;23,8;0;0
2024-09;MT-01-0056;9;5,3;9,7;257,99;42,9;0;0
2024-10;MT-01-0056;4;5,3;9,7;114,66;19,1;0;0
2024-11;MT-01-0056;4;5,3;9,7;114,66;19,1;0;0
2024-12;MT-01-0056;15;5,3;9,7;429,98;71,5;0;0
2025-01;MT-01-0056;7;5,3;9,7;200,66;33,4;0;0
2025-02;MT-01-0056;11;5,3;9,7;315,32;52,5;0;0
2025-03;MT-01-0056;10;5,3;9,7;286,65;47,7;0;0
2025-04;MT-01-0056;14;5,3;9,7;401,32;66,8;0;0
2025-05;MT-01-0056;9;5,3;9,7;257,99;42,9;0;0
2025-06;MT-01-0056;18;5,3;9,7;515,98;85,8;0;0
2025-07;MT-01-0056;14;5,3;9,7;401,32;66,8;0;0
2025-08;MT-01-0056;2;5,3;9,7;57,33;9,5;0;0
2025-09;MT-01-0056;5;5,3;9,7;143,33;23,8;0;0
2025-10;MT-01-0056;14;5,3;9,7;401,32;66,8;0;0
2025-11;MT-01-0056;13;5,3;9,7;372,65;62,0;0;0
2025-12;MT-01-0056;9;5,3;9,7;257,99;42,9;0;0
2024-01;LOAD-06-0712;0;1;1,2;0,0;0,0;1;0
2024-02;LOAD-06-0712;0;1;1,2;0,0;0,0;1;0
2024-03;LOAD-06-0712;0;1;1,2;0,0;0,0;1;0
2024-04;LOAD-06-0712;0;1;1,2;0,0;0,0;1;0
2024-05;LOAD-06-0712;1;1;1,2;75,02;90,0;0;0
2024-06;LOAD-06-0712;1;1;1,2;75,02;90,0;0;0
2024-07;LOAD-06-0712;0;1;1,2;0,0;0,0;1;0
2024-08;LOAD-06-0712;0;1;1,2;0,0;0,0;1;0
2024-09;LOAD-06-0712;1;1;1,2;75,02;90,0;0;0
2024-10;LOAD-06-0712;1;1;1,2;75,02;90,0;0;0
2024-11;LOAD-06-0712;0;1;1,2;0,0;0,0;1;0
2024-12;LOAD-06-0712;0;1;1,2;0,0;0,0;1;0
2025-01;LOAD-06-0712;1;1;1,2;75,02;90,0;0;0
2025-02;LOAD-06-0712;1;1;1,2;75,02;90,0;0;0
2025-03;LOAD-06-0712;1;1;1,2;75,02;90,0;0;0
2025-04;LOAD-06-0712;0;1;1,2;0,0;0,0;1;0
2025-05;LOAD-06-0712;2;1;1,2;150,04;180,0;0;0
2025-06;LOAD-06-0712;1;1;1,2;75,02;90,0;0;0
2025-07;LOAD-06-0712;1;1;1,2;75,02;90,0;0;0
2025-08;LOAD-06-0712;2;1;1,2;150,04;180,0;0;0
2025-09;LOAD-06-0712;2;1;1,2;150,04;180,0;0;0
2025-10;LOAD-06-0712;0;1;1,2;0,0;0,0;1;0
2025-11;LOAD-06-0712;1;1;1,2;75,02;90,0;0;0
2025-12;LOAD-06-0712;0;1;1,2;0,0;0,0;1;0
2024-01;MI-MC-08-0546;1;1;1,2;33,51;21,8;0;0
2024-02;MI-MC-08-0546;1;1;1,2;33,51;21,8;0;0
2024-03;MI-MC-08-0546;0;1;1,2;0,0;0,0;1;0
2024-04;MI-MC-08-0546;2;1;1,2;67,01;43,6;0;0
2024-05;MI-MC-08-0546;0;1;1,2;0,0;0,0;1;0
2024-06;MI-MC-08-0546;1;1;1,2;33,51;21,8;0;0
2024-07;MI-MC-08-0546;0;1;1,2;0,0;0,0;1;0
2024-08;MI-MC-08-0546;1;1;1,2;33,51;21,8;0;0
2024-09;MI-MC-08-0546;0;1;1,2;0,0;0,0;1;0
2024-10;MI-MC-08-0546;1;1;1,2;33,51;21,8;0;0
2024-11;MI-MC-08-0546;1;1;1,2;33,51;21,8;0;0
2024-12;MI-MC-08-0546;1;1;1,2;33,51;21,8;0;0
2025-01;MI-MC-08-0546;0;1;1,2;0,0;0,0;1;0
2025-02;MI-MC-08-0546;1;1;1,2;33,51;21,8;0;0
2025-03;MI-MC-08-0546;0;1;1,2;0,0;0,0;1;0
2025-04;MI-MC-08-0546;1;1;1,2;33,51;21,8;0;0
2025-05;MI-MC-08-0546;0;1;1,2;0,0;0,0;1;0
2025-06;MI-MC-08-0546;1;1;1,2;33,51;21,8;0;0
2025-07;MI-MC-08-0546;2;1;1,2;67,01;43,6;0;0
2025-08;MI-MC-08-0546;0;1;1,2;0,0;0,0;1;0
2025-09;MI-MC-08-0546;1;1;1,2;33,51;21,8;0;0
2025-10;MI-MC-08-0546;2;1;1,2;67,01;43,6;0;0
2025-11;MI-MC-08-0546;0;1;1,2;0,0;0,0;1;0
2025-12;MI-MC-08-0546;2;1;1,2;67,01;43,6;0;0
2024-01;MLT-06-0277;2;2,2;3,6;53,64;14,4;0;0
2024-02;MLT-06-0277;2;2,2;3,6;53,64;14,4;0;0
2024-03;MLT-06-0277;0;2,2;3,6;0,0;0,0;1;0
2024-04;MLT-06-0277;3;2,2;3,6;80,46;21,6;0;0
2024-05;MLT-06-0277;4;2,2;3,6;107,29;28,8;0;0
2024-06;MLT-06-0277;2;2,2;3,6;53,64;14,4;0;0
2024-07;MLT-06-0277;3;2,2;3,6;80,46;21,6;0;0
2024-08;MLT-06-0277;3;2,2;3,6;80,46;21,6;0;0
2024-09;MLT-06-0277;3;2,2;3,6;80,46;21,6;0;0
2024-10;MLT-06-0277;5;2,2;3,6;134,11;36,0;0;0
2024-11;MLT-06-0277;0;2,2;3,6;0,0;0,0;1;0
2024-12;MLT-06-0277;3;2,2;3,6;80,46;21,6;0;0
2025-01;MLT-06-0277;3;2,2;3,6;80,46;21,6;0;0
2025-02;MLT-06-0277;4;2,2;3,6;107,29;28,8;0;0
2025-03;MLT-06-0277;6;2,2;3,6;160,93;43,2;0;0
2025-04;MLT-06-0277;4;2,2;3,6;107,29;28,8;0;0
2025-05;MLT-06-0277;1;2,2;3,6;26,82;7,2;0;0
2025-06;MLT-06-0277;4;2,2;3,6;107,29;28,8;0;0
2025-07;MLT-06-0277;5;2,2;3,6;134,11;36,0;0;0
2025-08;MLT-06-0277;3;2,2;3,6;80,46;21,6;0;0
2025-09;MLT-06-0277;5;2,2;3,6;134,11;36,0;0;0
2025-10;MLT-06-0277;1;2,2;3,6;26,82;7,2;0;0
2025-11;MLT-06-0277;2;2,2;3,6;53,64;14,4;0;0
2025-12;MLT-06-0277;1;2,2;3,6;26,82;7,2;0;0
2024-01;MLT-07-0196;0;1;1,1;0,0;0,0;1;0
2024-02;MLT-07-0196;0;1;1,1;0,0;0,0;1;0
2024-03;MLT-07-0196;0;1;1,1;0,0;0,0;1;0
2024-04;MLT-07-0196;0;1;1,1;0,0;0,0;1;0
2024-05;MLT-07-0196;0;1;1,1;0,0;0,0;1;0
2024-06;MLT-07-0196;0;1;1,1;0,0;0,0;1;0
2024-07;MLT-07-0196;1;1;1,1;215,35;51,4;0;0
2024-08;MLT-07-0196;0;1;1,1;0,0;0,0;1;0
2024-09;MLT-07-0196;0;1;1,1;0,0;0,0;1;0
2024-10;MLT-07-0196;1;1;1,1;215,35;51,4;0;0
2024-11;MLT-07-0196;1;1;1,1;215,35;51,4;0;0
2024-12;MLT-07-0196;0;1;1,1;0,0;0,0;1;0
2025-01;MLT-07-0196;1;1;1,1;215,35;51,4;0;0
2025-02;MLT-07-0196;1;1;1,1;215,35;51,4;0;0
2025-03;MLT-07-0196;0;1;1,1;0,0;0,0;1;0
2025-04;MLT-07-0196;0;1;1,1;0,0;0,0;1;0
2025-05;MLT-07-0196;0;1;1,1;0,0;0,0;1;0
2025-06;MLT-07-0196;1;1;1,1;215,35;51,4;0;0
2025-07;MLT-07-0196;1;1;1,1;215,35;51,4;0;0
2025-08;MLT-07-0196;1;1;1,1;215,35;51,4;0;0
2025-09;MLT-07-0196;0;1;1,1;0,0;0,0;1;0
2025-10;MLT-07-0196;1;1;1,1;215,35;51,4;0;0
2025-11;MLT-07-0196;2;1;1,1;430,69;102,9;0;0
2025-12;MLT-07-0196;1;1;1,1;215,35;51,4;0;0
2024-01;MT-01-0116;1;1;1,4;42,15;7,2;0;0
2024-02;MT-01-0116;0;1;1,4;0,0;0,0;1;0
2024-03;MT-01-0116;1;1;1,4;42,15;7,2;0;0
2024-04;MT-01-0116;1;1;1,4;42,15;7,2;0;0
2024-05;MT-01-0116;2;1;1,4;84,3;14,4;0;0
2024-06;MT-01-0116;1;1;1,4;42,15;7,2;0;0
2024-07;MT-01-0116;1;1;1,4;42,15;7,2;0;0
2024-08;MT-01-0116;0;1;1,4;0,0;0,0;1;0
2024-09;MT-01-0116;1;1;1,4;42,15;7,2;0;0
2024-10;MT-01-0116;1;1;1,4;42,15;7,2;0;0
2024-11;MT-01-0116;0;1;1,4;0,0;0,0;1;0
2024-12;MT-01-0116;0;1;1,4;0,0;0,0;1;0
2025-01;MT-01-0116;1;1;1,4;42,15;7,2;0;0
2025-02;MT-01-0116;1;1;1,4;42,15;7,2;0;0
2025-03;MT-01-0116;0;1;1,4;0,0;0,0;1;0
2025-04;MT-01-0116;1;1;1,4;42,15;7,2;0;0
2025-05;MT-01-0116;0;1;1,4;0,0;0,0;1;0
2025-06;MT-01-0116;1;1;1,4;42,15;7,2;0;0
2025-07;MT-01-0116;1;1;1,4;42,15;7,2;0;0
2025-08;MT-01-0116;0;1;1,4;0,0;0,0;1;0
2025-09;MT-01-0116;0;1;1,4;0,0;0,0;1;0
2025-10;MT-01-0116;1;1;1,4;42,15;7,2;0;0
2025-11;MT-01-0116;2;1;1,4;84,3;14,4;0;0
2025-12;MT-01-0116;0;1;1,4;0,0;0,0;1;0
2024-01;MT-04-0134;0;1;1,1;0,0;0,0;1;0
2024-02;MT-04-0134;2;1;1,1;350,25;205,7;0;0
2024-03;MT-04-0134;0;1;1,1;0,0;0,0;1;0
2024-04;MT-04-0134;0;1;1,1;0,0;0,0;1;0
2024-05;MT-04-0134;2;1;1,1;350,25;205,7;0;0
2024-06;MT-04-0134;0;1;1,1;0,0;0,0;1;0
2024-07;MT-04-0134;1;1;1,1;175,12;102,9;0;0
2024-08;MT-04-0134;0;1;1,1;0,0;0,0;1;0
2024-09;MT-04-0134;1;1;1,1;175,12;102,9;0;0
2024-10;MT-04-0134;0;1;1,1;0,0;0,0;1;0
2024-11;MT-04-0134;2;1;1,1;350,25;205,7;0;0
2024-12;MT-04-0134;1;1;1,1;175,12;102,9;0;0
2025-01;MT-04-0134;1;1;1,1;175,12;102,9;0;0
2025-02;MT-04-0134;1;1;1,1;175,12;102,9;0;0
2025-03;MT-04-0134;0;1;1,1;0,0;0,0;1;0
2025-04;MT-04-0134;1;1;1,1;175,12;102,9;0;0
2025-05;MT-04-0134;1;1;1,1;175,12;102,9;0;0
2025-06;MT-04-0134;1;1;1,1;175,12;102,9;0;0
2025-07;MT-04-0134;1;1;1,1;175,12;102,9;0;0
2025-08;MT-04-0134;2;1;1,1;350,25;205,7;0;0
2025-09;MT-04-0134;1;1;1,1;175,12;102,9;0;0
2025-10;MT-04-0134;0;1;1,1;0,0;0,0;1;0
2025-11;MT-04-0134;1;1;1,1;175,12;102,9;0;0
2025-12;MT-04-0134;1;1;1,1;175,12;102,9;0;0
2024-01;MT-01-0004;1;1,1;1,9;33,05;8,0;0;0
2024-02;MT-01-0004;0;1,1;1,9;0,0;0,0;1;0
2024-03;MT-01-0004;3;1,1;1,9;99,16;24,0;0;0
2024-04;MT-01-0004;1;1,1;1,9;33,05;8,0;0;0
2024-05;MT-01-0004;4;1,1;1,9;132,21;32,0;0;0
2024-06;MT-01-0004;0;1,1;1,9;0,0;0,0;1;0
2024-07;MT-01-0004;2;1,1;1,9;66,11;16,0;0;0
2024-08;MT-01-0004;0;1,1;1,9;0,0;0,0;1;0
2024-09;MT-01-0004;1;1,1;1,9;33,05;8,0;0;0
2024-10;MT-01-0004;3;1,1;1,9;99,16;24,0;0;0
2024-11;MT-01-0004;1;1,1;1,9;33,05;8,0;0;0
2024-12;MT-01-0004;1;1,1;1,9;33,05;8,0;0;0
2025-01;MT-01-0004;2;1,1;1,9;66,11;16,0;0;0
2025-02;MT-01-0004;1;1,1;1,9;33,05;8,0;0;0
2025-03;MT-01-0004;1;1,1;1,9;33,05;8,0;0;0
2025-04;MT-01-0004;1;1,1;1,9;33,05;8,0;0;0
2025-05;MT-01-0004;2;1,1;1,9;66,11;16,0;0;0
2025-06;MT-01-0004;3;1,1;1,9;99,16;24,0;0;0
2025-07;MT-01-0004;3;1,1;1,9;99,16;24,0;0;0
2025-08;MT-01-0004;3;1,1;1,9;99,16;24,0;0;0
2025-09;MT-01-0004;2;1,1;1,9;66,11;16,0;0;0
2025-10;MT-01-0004;2;1,1;1,9;66,11;16,0;0;0
2025-11;MT-01-0004;3;1,1;1,9;99,16;24,0;0;0
2025-12;MT-01-0004;1;1,1;1,9;33,05;8,0;0;0
2024-01;MT-06-0001;1;1;1,4;134,92;23,2;0;0
2024-02;MT-06-0001;0;1;1,4;0,0;0,0;1;0
2024-03;MT-06-0001;1;1;1,4;134,92;23,2;0;0
2024-04;MT-06-0001;1;1;1,4;134,92;23,2;0;0
2024-05;MT-06-0001;1;1;1,4;134,92;23,2;0;0
2024-06;MT-06-0001;0;1;1,4;0,0;0,0;1;0
2024-07;MT-06-0001;0;1;1,4;0,0;0,0;1;0
2024-08;MT-06-0001;1;1;1,4;134,92;23,2;0;0
2024-09;MT-06-0001;1;1;1,4;134,92;23,2;0;0
2024-10;MT-06-0001;1;1;1,4;134,92;23,2;0;0
2024-11;MT-06-0001;0;1;1,4;0,0;0,0;1;0
2024-12;MT-06-0001;1;1;1,4;134,92;23,2;0;0
2025-01;MT-06-0001;1;1;1,4;134,92;23,2;0;0
2025-02;MT-06-0001;0;1;1,4;0,0;0,0;1;0
2025-03;MT-06-0001;2;1;1,4;269,85;46,5;0;0
2025-04;MT-06-0001;2;1;1,4;269,85;46,5;0;0
2025-05;MT-06-0001;1;1;1,4;134,92;23,2;0;0
2025-06;MT-06-0001;1;1;1,4;134,92;23,2;0;0
2025-07;MT-06-0001;0;1;1,4;0,0;0,0;1;0
2025-08;MT-06-0001;2;1;1,4;269,85;46,5;0;0
2025-09;MT-06-0001;3;1;1,4;404,77;69,7;0;0
2025-10;MT-06-0001;0;1;1,4;0,0;0,0;1;0
2025-11;MT-06-0001;1;1;1,4;134,92;23,2;0;0
2025-12;MT-06-0001;0;1;1,4;0,0;0,0;1;0
2024-01;LOAD-06-0803;1;1;1,4;64,91;11,4;0;0
2024-02;LOAD-06-0803;0;1;1,4;0,0;0,0;1;0
2024-03;LOAD-06-0803;0;1;1,4;0,0;0,0;1;0
2024-04;LOAD-06-0803;0;1;1,4;0,0;0,0;1;0
2024-05;LOAD-06-0803;1;1;1,4;64,91;11,4;0;0
2024-06;LOAD-06-0803;0;1;1,4;0,0;0,0;1;0
2024-07;LOAD-06-0803;0;1;1,4;0,0;0,0;1;0
2024-08;LOAD-06-0803;1;1;1,4;64,91;11,4;0;0
2024-09;LOAD-06-0803;0;1;1,4;0,0;0,0;1;0
2024-10;LOAD-06-0803;1;1;1,4;64,91;11,4;0;0
2024-11;LOAD-06-0803;0;1;1,4;0,0;0,0;1;0
2024-12;LOAD-06-0803;0;1;1,4;0,0;0,0;1;0
2025-01;LOAD-06-0803;2;1;1,4;129,81;22,9;0;0
2025-02;LOAD-06-0803;1;1;1,4;64,91;11,4;0;0
2025-03;LOAD-06-0803;1;1;1,4;64,91;11,4;0;0
2025-04;LOAD-06-0803;0;1;1,4;0,0;0,0;1;0
2025-05;LOAD-06-0803;1;1;1,4;64,91;11,4;0;0
2025-06;LOAD-06-0803;0;1;1,4;0,0;0,0;1;0
2025-07;LOAD-06-0803;1;1;1,4;64,91;11,4;0;0
2025-08;LOAD-06-0803;3;1;1,4;194,72;34,3;0;0
2025-09;LOAD-06-0803;1;1;1,4;64,91;11,4;0;0
2025-10;LOAD-06-0803;1;1;1,4;64,91;11,4;0;0
2025-11;LOAD-06-0803;1;1;1,4;64,91;11,4;0;0
2025-12;LOAD-06-0803;0;1;1,4;0,0;0,0;1;0
2024-01;MLT-08-0216;8;8,5;13,8;135,4;31,6;0;0
2024-02;MLT-08-0216;35;8,5;13,8;592,37;138,5;0;0
2024-03;MLT-08-0216;11;8,5;13,8;186,17;43,5;0;0
2024-04;MLT-08-0216;25;8,5;13,8;423,12;98,9;0;0
2024-05;MLT-08-0216;12;8,5;13,8;203,1;47,5;0;0
2024-06;MLT-08-0216;11;8,5;13,8;186,17;43,5;0;0
2024-07;MLT-08-0216;15;8,5;13,8;253,87;59,3;0;0
2024-08;MLT-08-0216;21;8,5;13,8;355,42;83,1;0;0
2024-09;MLT-08-0216;11;8,5;13,8;186,17;43,5;0;0
2024-10;MLT-08-0216;15;8,5;13,8;253,87;59,3;0;0
2024-11;MLT-08-0216;13;8,5;13,8;220,02;51,4;0;0
2024-12;MLT-08-0216;21;8,5;13,8;355,42;83,1;0;0
2025-01;MLT-08-0216;1;8,5;13,8;16,92;4,0;0;0
2025-02;MLT-08-0216;7;8,5;13,8;118,47;27,7;0;0
2025-03;MLT-08-0216;19;8,5;13,8;321,57;75,2;0;0
2025-04;MLT-08-0216;16;8,5;13,8;270,8;63,3;0;0
2025-05;MLT-08-0216;14;8,5;13,8;236,95;55,4;0;0
2025-06;MLT-08-0216;15;8,5;13,8;253,87;59,3;0;0
2025-07;MLT-08-0216;18;8,5;13,8;304,65;71,2;0;0
2025-08;MLT-08-0216;1;8,5;13,8;16,92;4,0;0;0
2025-09;MLT-08-0216;15;8,5;13,8;253,87;59,3;0;0
2025-10;MLT-08-0216;3;8,5;13,8;50,77;11,9;0;0
2025-11;MLT-08-0216;11;8,5;13,8;186,17;43,5;0;0
2025-12;MLT-08-0216;0;8,5;13,8;0,0;0,0;1;0
2024-01;LOAD-09-0775;0;1;1,1;0,0;0,0;1;0
2024-02;LOAD-09-0775;1;1;1,1;119,06;120,0;0;0
2024-03;LOAD-09-0775;1;1;1,1;119,06;120,0;0;0
2024-04;LOAD-09-0775;0;1;1,1;0,0;0,0;1;0
2024-05;LOAD-09-0775;1;1;1,1;119,06;120,0;0;0
2024-06;LOAD-09-0775;0;1;1,1;0,0;0,0;1;0
2024-07;LOAD-09-0775;0;1;1,1;0,0;0,0;1;0
2024-08;LOAD-09-0775;1;1;1,1;119,06;120,0;0;0
2024-09;LOAD-09-0775;0;1;1,1;0,0;0,0;1;0
2024-10;LOAD-09-0775;0;1;1,1;0,0;0,0;1;0
2024-11;LOAD-09-0775;1;1;1,1;119,06;120,0;0;0
2024-12;LOAD-09-0775;1;1;1,1;119,06;120,0;0;0
2025-01;LOAD-09-0775;1;1;1,1;119,06;120,0;0;0
2025-02;LOAD-09-0775;1;1;1,1;119,06;120,0;0;0
2025-03;LOAD-09-0775;0;1;1,1;0,0;0,0;1;0
2025-04;LOAD-09-0775;0;1;1,1;0,0;0,0;1;0
2025-05;LOAD-09-0775;0;1;1,1;0,0;0,0;1;0
2025-06;LOAD-09-0775;1;1;1,1;119,06;120,0;0;0
2025-07;LOAD-09-0775;2;1;1,1;238,12;240,0;0;0
2025-08;LOAD-09-0775;2;1;1,1;238,12;240,0;0;0
2025-09;LOAD-09-0775;0;1;1,1;0,0;0,0;1;0
2025-10;LOAD-09-0775;1;1;1,1;119,06;120,0;0;0
2025-11;LOAD-09-0775;1;1;1,1;119,06;120,0;0;0
2025-12;LOAD-09-0775;1;1;1,1;119,06;120,0;0;0
2024-01;MI-MC-01-0535;17;13,7;22,3;166,98;89,3;0;0
2024-02;MI-MC-01-0535;38;13,7;22,3;373,25;199,7;0;0
2024-03;MI-MC-01-0535;0;13,7;22,3;0,0;0,0;1;0
2024-04;MI-MC-01-0535;24;13,7;22,3;235,74;126,1;0;0
2024-05;MI-MC-01-0535;16;13,7;22,3;157,16;84,1;0;0
2024-06;MI-MC-01-0535;45;13,7;22,3;442,01;236,5;0;0
2024-07;MI-MC-01-0535;29;13,7;22,3;284,85;152,4;0;0
2024-08;MI-MC-01-0535;25;13,7;22,3;245,56;131,4;0;0
2024-09;MI-MC-01-0535;27;13,7;22,3;265,2;141,9;0;0
2024-10;MI-MC-01-0535;57;13,7;22,3;559,88;299,6;0;0
2024-11;MI-MC-01-0535;12;13,7;22,3;117,87;63,1;0;0
2024-12;MI-MC-01-0535;9;13,7;22,3;88,4;47,3;0;0
2025-01;MI-MC-01-0535;19;13,7;22,3;186,63;99,9;0;0
2025-02;MI-MC-01-0535;45;13,7;22,3;442,01;236,5;0;0
2025-03;MI-MC-01-0535;23;13,7;22,3;225,92;120,9;0;0
2025-04;MI-MC-01-0535;32;13,7;22,3;314,32;168,2;0;0
2025-05;MI-MC-01-0535;39;13,7;22,3;383,07;205,0;0;0
2025-06;MI-MC-01-0535;39;13,7;22,3;383,07;205,0;0;0
2025-07;MI-MC-01-0535;31;13,7;22,3;304,49;162,9;0;0
2025-08;MI-MC-01-0535;22;13,7;22,3;216,09;115,6;0;0
2025-09;MI-MC-01-0535;1;13,7;22,3;9,82;5,3;0;0
2025-10;MI-MC-01-0535;44;13,7;22,3;432,19;231,2;0;0
2025-11;MI-MC-01-0535;0;13,7;22,3;0,0;0,0;1;0
2025-12;MI-MC-01-0535;15;13,7;22,3;147,34;78,8;0;0
2024-01;MT-08-0124;3;2,0;3,7;46,41;12,3;0;0
2024-02;MT-08-0124;3;2,0;3,7;46,41;12,3;0;0
2024-03;MT-08-0124;4;2,0;3,7;61,88;16,5;0;0
2024-04;MT-08-0124;3;2,0;3,7;46,41;12,3;0;0
2024-05;MT-08-0124;4;2,0;3,7;61,88;16,5;0;0
2024-06;MT-08-0124;3;2,0;3,7;46,41;12,3;0;0
2024-07;MT-08-0124;1;2,0;3,7;15,47;4,1;0;0
2024-08;MT-08-0124;1;2,0;3,7;15,47;4,1;0;0
2024-09;MT-08-0124;3;2,0;3,7;46,41;12,3;0;0
2024-10;MT-08-0124;4;2,0;3,7;61,88;16,5;0;0
2024-11;MT-08-0124;3;2,0;3,7;46,41;12,3;0;0
2024-12;MT-08-0124;6;2,0;3,7;92,83;24,7;0;0
2025-01;MT-08-0124;4;2,0;3,7;61,88;16,5;0;0
2025-02;MT-08-0124;5;2,0;3,7;77,35;20,6;0;0
2025-03;MT-08-0124;4;2,0;3,7;61,88;16,5;0;0
2025-04;MT-08-0124;3;2,0;3,7;46,41;12,3;0;0
2025-05;MT-08-0124;4;2,0;3,7;61,88;16,5;0;0
2025-06;MT-08-0124;5;2,0;3,7;77,35;20,6;0;0
2025-07;MT-08-0124;4;2,0;3,7;61,88;16,5;0;0
2025-08;MT-08-0124;3;2,0;3,7;46,41;12,3;0;0
2025-09;MT-08-0124;2;2,0;3,7;30,94;8,2;0;0
2025-10;MT-08-0124;4;2,0;3,7;61,88;16,5;0;0
2025-11;MT-08-0124;0;2,0;3,7;0,0;0,0;1;0
2025-12;MT-08-0124;4;2,0;3,7;61,88;16,5;0;0
2024-01;MI-MC-01-0532;9;5,7;10,5;106,46;39,5;0;0
2024-02;MI-MC-01-0532;9;5,7;10,5;106,46;39,5;0;0
2024-03;MI-MC-01-0532;12;5,7;10,5;141,94;52,7;0;0
2024-04;MI-MC-01-0532;6;5,7;10,5;70,97;26,3;0;0
2024-05;MI-MC-01-0532;12;5,7;10,5;141,94;52,7;0;0
2024-06;MI-MC-01-0532;0;5,7;10,5;0,0;0,0;1;0
2024-07;MI-MC-01-0532;7;5,7;10,5;82,8;30,7;0;0
2024-08;MI-MC-01-0532;15;5,7;10,5;177,43;65,9;0;0
2024-09;MI-MC-01-0532;8;5,7;10,5;94,63;35,1;0;0
2024-10;MI-MC-01-0532;6;5,7;10,5;70,97;26,3;0;0
2024-11;MI-MC-01-0532;10;5,7;10,5;118,29;43,9;0;0
2024-12;MI-MC-01-0532;12;5,7;10,5;141,94;52,7;0;0
2025-01;MI-MC-01-0532;1;5,7;10,5;11,83;4,4;0;0
2025-02;MI-MC-01-0532;18;5,7;10,5;212,91;79,0;0;0
2025-03;MI-MC-01-0532;1;5,7;10,5;11,83;4,4;0;0
2025-04;MI-MC-01-0532;10;5,7;10,5;118,29;43,9;0;0
2025-05;MI-MC-01-0532;12;5,7;10,5;141,94;52,7;0;0
2025-06;MI-MC-01-0532;7;5,7;10,5;82,8;30,7;0;0
2025-07;MI-MC-01-0532;15;5,7;10,5;177,43;65,9;0;0
2025-08;MI-MC-01-0532;16;5,7;10,5;189,26;70,2;0;0
2025-09;MI-MC-01-0532;12;5,7;10,5;141,94;52,7;0;0
2025-10;MI-MC-01-0532;0;5,7;10,5;0,0;0,0;1;0
2025-11;MI-MC-01-0532;0;5,7;10,5;0,0;0,0;1;0
2025-12;MI-MC-01-0532;9;5,7;10,5;106,46;39,5;0;0
2024-01;MT-08-0037;31;13,0;23,9;449,78;128,3;0;0
2024-02;MT-08-0037;7;13,0;23,9;101,56;29,0;0;0
2024-03;MT-08-0037;35;13,0;23,9;507,81;144,8;0;0
2024-04;MT-08-0037;37;13,0;23,9;536,83;153,1;0;0
2024-05;MT-08-0037;13;13,0;23,9;188,62;53,8;0;0
2024-06;MT-08-0037;28;13,0;23,9;406,25;115,9;0;0
2024-07;MT-08-0037;30;13,0;23,9;435,27;124,1;0;0
2024-08;MT-08-0037;24;13,0;23,9;348,22;99,3;0;0
2024-09;MT-08-0037;5;13,0;23,9;72,54;20,7;0;0
2024-10;MT-08-0037;22;13,0;23,9;319,2;91,0;0;0
2024-11;MT-08-0037;32;13,0;23,9;464,29;132,4;0;0
2024-12;MT-08-0037;37;13,0;23,9;536,83;153,1;0;0
2025-01;MT-08-0037;15;13,0;23,9;217,63;62,1;0;0
2025-02;MT-08-0037;42;13,0;23,9;609,38;173,8;0;0
2025-03;MT-08-0037;28;13,0;23,9;406,25;115,9;0;0
2025-04;MT-08-0037;28;13,0;23,9;406,25;115,9;0;0
2025-05;MT-08-0037;27;13,0;23,9;391,74;111,7;0;0
2025-06;MT-08-0037;25;13,0;23,9;362,72;103,4;0;0
2025-07;MT-08-0037;3;13,0;23,9;43,53;12,4;0;0
2025-08;MT-08-0037;35;13,0;23,9;507,81;144,8;0;0
2025-09;MT-08-0037;28;13,0;23,9;406,25;115,9;0;0
2025-10;MT-08-0037;12;13,0;23,9;174,11;49,7;0;0
2025-11;MT-08-0037;4;13,0;23,9;58,04;16,6;0;0
2025-12;MT-08-0037;27;13,0;23,9;391,74;111,7;0;0
2024-01;LOAD-09-0754;0;1;1,2;0,0;0,0;1;0
2024-02;LOAD-09-0754;0;1;1,2;0,0;0,0;1;0
2024-03;LOAD-09-0754;1;1;1,2;158,17;90,0;0;0
2024-04;LOAD-09-0754;1;1;1,2;158,17;90,0;0;0
2024-05;LOAD-09-0754;0;1;1,2;0,0;0,0;1;0
2024-06;LOAD-09-0754;0;1;1,2;0,0;0,0;1;0
2024-07;LOAD-09-0754;1;1;1,2;158,17;90,0;0;0
2024-08;LOAD-09-0754;1;1;1,2;158,17;90,0;0;0
2024-09;LOAD-09-0754;1;1;1,2;158,17;90,0;0;0
2024-10;LOAD-09-0754;0;1;1,2;0,0;0,0;1;0
2024-11;LOAD-09-0754;1;1;1,2;158,17;90,0;0;0
2024-12;LOAD-09-0754;1;1;1,2;158,17;90,0;0;0
2025-01;LOAD-09-0754;0;1;1,2;0,0;0,0;1;0
2025-02;LOAD-09-0754;0;1;1,2;0,0;0,0;1;0
2025-03;LOAD-09-0754;1;1;1,2;158,17;90,0;0;0
2025-04;LOAD-09-0754;1;1;1,2;158,17;90,0;0;0
2025-05;LOAD-09-0754;1;1;1,2;158,17;90,0;0;0
2025-06;LOAD-09-0754;2;1;1,2;316,34;180,0;0;0
2025-07;LOAD-09-0754;1;1;1,2;158,17;90,0;0;0
2025-08;LOAD-09-0754;1;1;1,2;158,17;90,0;0;0
2025-09;LOAD-09-0754;0;1;1,2;0,0;0,0;1;0
2025-10;LOAD-09-0754;1;1;1,2;158,17;90,0;0;0
2025-11;LOAD-09-0754;1;1;1,2;158,17;90,0;0;0
2025-12;LOAD-09-0754;0;1;1,2;0,0;0,0;1;0
2024-01;MI-MC-01-0500;4;2,2;3,5;31,62;14,7;0;0
2024-02;MI-MC-01-0500;3;2,2;3,5;23,72;11,0;0;0
2024-03;MI-MC-01-0500;3;2,2;3,5;23,72;11,0;0;0
2024-04;MI-MC-01-0500;5;2,2;3,5;39,53;18,4;0;0
2024-05;MI-MC-01-0500;5;2,2;3,5;39,53;18,4;0;0
2024-06;MI-MC-01-0500;5;2,2;3,5;39,53;18,4;0;0
2024-07;MI-MC-01-0500;2;2,2;3,5;15,81;7,3;0;0
2024-08;MI-MC-01-0500;4;2,2;3,5;31,62;14,7;0;0
2024-09;MI-MC-01-0500;4;2,2;3,5;31,62;14,7;0;0
2024-10;MI-MC-01-0500;5;2,2;3,5;39,53;18,4;0;0
2024-11;MI-MC-01-0500;3;2,2;3,5;23,72;11,0;0;0
2024-12;MI-MC-01-0500;2;2,2;3,5;15,81;7,3;0;0
2025-01;MI-MC-01-0500;2;2,2;3,5;15,81;7,3;0;0
2025-02;MI-MC-01-0500;1;2,2;3,5;7,91;3,7;0;0
2025-03;MI-MC-01-0500;4;2,2;3,5;31,62;14,7;0;0
2025-04;MI-MC-01-0500;2;2,2;3,5;15,81;7,3;0;0
2025-05;MI-MC-01-0500;0;2,2;3,5;0,0;0,0;1;0
2025-06;MI-MC-01-0500;4;2,2;3,5;31,62;14,7;0;0
2025-07;MI-MC-01-0500;2;2,2;3,5;15,81;7,3;0;0
2025-08;MI-MC-01-0500;1;2,2;3,5;7,91;3,7;0;0
2025-09;MI-MC-01-0500;3;2,2;3,5;23,72;11,0;0;0
2025-10;MI-MC-01-0500;3;2,2;3,5;23,72;11,0;0;0
2025-11;MI-MC-01-0500;4;2,2;3,5;31,62;14,7;0;0
2025-12;MI-MC-01-0500;4;2,2;3,5;31,62;14,7;0;0
2024-01;MLT-08-0194;2;1;1,5;44,31;12,0;0;0
2024-02;MLT-08-0194;2;1;1,5;44,31;12,0;0;0
2024-03;MLT-08-0194;1;1;1,5;22,15;6,0;0;0
2024-04;MLT-08-0194;0;1;1,5;0,0;0,0;1;0
2024-05;MLT-08-0194;2;1;1,5;44,31;12,0;0;0
2024-06;MLT-08-0194;1;1;1,5;22,15;6,0;0;0
2024-07;MLT-08-0194;0;1;1,5;0,0;0,0;1;0
2024-08;MLT-08-0194;0;1;1,5;0,0;0,0;1;0
2024-09;MLT-08-0194;0;1;1,5;0,0;0,0;1;0
2024-10;MLT-08-0194;1;1;1,5;22,15;6,0;0;0
2024-11;MLT-08-0194;1;1;1,5;22,15;6,0;0;0
2024-12;MLT-08-0194;1;1;1,5;22,15;6,0;0;0
2025-01;MLT-08-0194;1;1;1,5;22,15;6,0;0;0
2025-02;MLT-08-0194;0;1;1,5;0,0;0,0;1;0
2025-03;MLT-08-0194;1;1;1,5;22,15;6,0;0;0
2025-04;MLT-08-0194;1;1;1,5;22,15;6,0;0;0
2025-05;MLT-08-0194;3;1;1,5;66,46;18,0;0;0
2025-06;MLT-08-0194;1;1;1,5;22,15;6,0;0;0
2025-07;MLT-08-0194;1;1;1,5;22,15;6,0;0;0
2025-08;MLT-08-0194;1;1;1,5;22,15;6,0;0;0
2025-09;MLT-08-0194;1;1;1,5;22,15;6,0;0;0
2025-10;MLT-08-0194;1;1;1,5;22,15;6,0;0;0
2025-11;MLT-08-0194;0;1;1,5;0,0;0,0;1;0
2025-12;MLT-08-0194;2;1;1,5;44,31;12,0;0;0
2024-01;TMM-09-0613;1;1;1,1;87,19;102,9;0;0
2024-02;TMM-09-0613;1;1;1,1;87,19;102,9;0;0
2024-03;TMM-09-0613;1;1;1,1;87,19;102,9;0;0
2024-04;TMM-09-0613;1;1;1,1;87,19;102,9;0;0
2024-05;TMM-09-0613;1;1;1,1;87,19;102,9;0;0
2024-06;TMM-09-0613;1;1;1,1;87,19;102,9;0;0
2024-07;TMM-09-0613;1;1;1,1;87,19;102,9;0;0
2024-08;TMM-09-0613;0;1;1,1;0,0;0,0;1;0
2024-09;TMM-09-0613;0;1;1,1;0,0;0,0;1;0
2024-10;TMM-09-0613;0;1;1,1;0,0;0,0;1;0
2024-11;TMM-09-0613;1;1;1,1;87,19;102,9;0;0
2024-12;TMM-09-0613;0;1;1,1;0,0;0,0;1;0
2025-01;TMM-09-0613;0;1;1,1;0,0;0,0;1;0
2025-02;TMM-09-0613;1;1;1,1;87,19;102,9;0;0
2025-03;TMM-09-0613;1;1;1,1;87,19;102,9;0;0
2025-04;TMM-09-0613;1;1;1,1;87,19;102,9;0;0
2025-05;TMM-09-0613;0;1;1,1;0,0;0,0;1;0
2025-06;TMM-09-0613;0;1;1,1;0,0;0,0;1;0
2025-07;TMM-09-0613;1;1;1,1;87,19;102,9;0;0
2025-08;TMM-09-0613;0;1;1,1;0,0;0,0;1;0
2025-09;TMM-09-0613;1;1;1,1;87,19;102,9;0;0
2025-10;TMM-09-0613;1;1;1,1;87,19;102,9;0;0
2025-11;TMM-09-0613;0;1;1,1;0,0;0,0;1;0
2025-12;TMM-09-0613;0;1;1,1;0,0;0,0;1;0
2024-01;LOAD-M-05-0815;0;1;1,1;0,0;0,0;1;0
2024-02;LOAD-M-05-0815;1;1;1,1;105,51;240,0;0;1
2024-03;LOAD-M-05-0815;0;1;1,1;0,0;0,0;1;0
2024-04;LOAD-M-05-0815;1;1;1,1;105,51;240,0;0;1
2024-05;LOAD-M-05-0815;1;1;1,1;105,51;240,0;0;1
2024-06;LOAD-M-05-0815;0;1;1,1;0,0;0,0;1;0
2024-07;LOAD-M-05-0815;1;1;1,1;105,51;240,0;0;1
2024-08;LOAD-M-05-0815;2;1;1,1;211,02;480,0;0;1
2024-09;LOAD-M-05-0815;0;1;1,1;0,0;0,0;1;0
2024-10;LOAD-M-05-0815;1;1;1,1;105,51;240,0;0;1
2024-11;LOAD-M-05-0815;0;1;1,1;0,0;0,0;1;0
2024-12;LOAD-M-05-0815;1;1;1,1;105,51;240,0;0;1
2025-01;LOAD-M-05-0815;0;1;1,1;0,0;0,0;1;0
2025-02;LOAD-M-05-0815;1;1;1,1;105,51;240,0;0;1
2025-03;LOAD-M-05-0815;0;1;1,1;0,0;0,0;1;0
2025-04;LOAD-M-05-0815;1;1;1,1;105,51;240,0;0;1
2025-05;LOAD-M-05-0815;1;1;1,1;105,51;240,0;0;1
2025-06;LOAD-M-05-0815;1;1;1,1;105,51;240,0;0;1
2025-07;LOAD-M-05-0815;1;1;1,1;105,51;240,0;0;1
2025-08;LOAD-M-05-0815;0;1;1,1;0,0;0,0;1;0
2025-09;LOAD-M-05-0815;1;1;1,1;105,51;240,0;0;1
2025-10;LOAD-M-05-0815;0;1;1,1;0,0;0,0;1;0
2025-11;LOAD-M-05-0815;0;1;1,1;0,0;0,0;1;0
2025-12;LOAD-M-05-0815;2;1;1,1;211,02;480,0;0;1
2024-01;MT-06-0043;3;4,9;8,0;75,15;13,6;0;0
2024-02;MT-06-0043;8;4,9;8,0;200,39;36,2;0;0
2024-03;MT-06-0043;5;4,9;8,0;125,25;22,6;0;0
2024-04;MT-06-0043;9;4,9;8,0;225,44;40,8;0;0
2024-05;MT-06-0043;7;4,9;8,0;175,35;31,7;0;0
2024-06;MT-06-0043;0;4,9;8,0;0,0;0,0;1;0
2024-07;MT-06-0043;6;4,9;8,0;150,3;27,2;0;0
2024-08;MT-06-0043;12;4,9;8,0;300,59;54,3;0;0
2024-09;MT-06-0043;8;4,9;8,0;200,39;36,2;0;0
2024-10;MT-06-0043;9;4,9;8,0;225,44;40,8;0;0
2024-11;MT-06-0043;1;4,9;8,0;25,05;4,5;0;0
2024-12;MT-06-0043;16;4,9;8,0;400,79;72,5;0;0
2025-01;MT-06-0043;15;4,9;8,0;375,74;67,9;0;0
2025-02;MT-06-0043;16;4,9;8,0;400,79;72,5;0;0
2025-03;MT-06-0043;7;4,9;8,0;175,35;31,7;0;0
2025-04;MT-06-0043;11;4,9;8,0;275,54;49,8;0;0
2025-05;MT-06-0043;3;4,9;8,0;75,15;13,6;0;0
2025-06;MT-06-0043;8;4,9;8,0;200,39;36,2;0;0
2025-07;MT-06-0043;1;4,9;8,0;25,05;4,5;0;0
2025-08;MT-06-0043;6;4,9;8,0;150,3;27,2;0;0
2025-09;MT-06-0043;7;4,9;8,0;175,35;31,7;0;0
2025-10;MT-06-0043;10;4,9;8,0;250,49;45,3;0;0
2025-11;MT-06-0043;6;4,9;8,0;150,3;27,2;0;0
2025-12;MT-06-0043;9;4,9;8,0;225,44;40,8;0;0
2024-01;MLT-05-0356;1;1;1,5;35,48;14,1;0;0
2024-02;MLT-05-0356;0;1;1,5;0,0;0,0;1;0
2024-03;MLT-05-0356;1;1;1,5;35,48;14,1;0;0
2024-04;MLT-05-0356;1;1;1,5;35,48;14,1;0;0
2024-05;MLT-05-0356;1;1;1,5;35,48;14,1;0;0
2024-06;MLT-05-0356;2;1;1,5;70,96;28,2;0;0
2024-07;MLT-05-0356;1;1;1,5;35,48;14,1;0;0
2024-08;MLT-05-0356;2;1;1,5;70,96;28,2;0;0
2024-09;MLT-05-0356;1;1;1,5;35,48;14,1;0;0
2024-10;MLT-05-0356;1;1;1,5;35,48;14,1;0;0
2024-11;MLT-05-0356;0;1;1,5;0,0;0,0;1;0
2024-12;MLT-05-0356;1;1;1,5;35,48;14,1;0;0
2025-01;MLT-05-0356;2;1;1,5;70,96;28,2;0;0
2025-02;MLT-05-0356;0;1;1,5;0,0;0,0;1;0
2025-03;MLT-05-0356;2;1;1,5;70,96;28,2;0;0
2025-04;MLT-05-0356;0;1;1,5;0,0;0,0;1;0
2025-05;MLT-05-0356;1;1;1,5;35,48;14,1;0;0
2025-06;MLT-05-0356;2;1;1,5;70,96;28,2;0;0
2025-07;MLT-05-0356;0;1;1,5;0,0;0,0;1;0
2025-08;MLT-05-0356;2;1;1,5;70,96;28,2;0;0
2025-09;MLT-05-0356;0;1;1,5;0,0;0,0;1;0
2025-10;MLT-05-0356;2;1;1,5;70,96;28,2;0;0
2025-11;MLT-05-0356;1;1;1,5;35,48;14,1;0;0
2025-12;MLT-05-0356;2;1;1,5;70,96;28,2;0;0
2024-01;MT-05-0083;2;1;1,5;173,86;38,9;0;0
2024-02;MT-05-0083;1;1;1,5;86,93;19,5;0;0
2024-03;MT-05-0083;1;1;1,5;86,93;19,5;0;0
2024-04;MT-05-0083;0;1;1,5;0,0;0,0;1;0
2024-05;MT-05-0083;0;1;1,5;0,0;0,0;1;0
2024-06;MT-05-0083;0;1;1,5;0,0;0,0;1;0
2024-07;MT-05-0083;2;1;1,5;173,86;38,9;0;0
2024-08;MT-05-0083;3;1;1,5;260,79;58,4;0;0
2024-09;MT-05-0083;1;1;1,5;86,93;19,5;0;0
2024-10;MT-05-0083;2;1;1,5;173,86;38,9;0;0
2024-11;MT-05-0083;2;1;1,5;173,86;38,9;0;0
2024-12;MT-05-0083;0;1;1,5;0,0;0,0;1;0
2025-01;MT-05-0083;2;1;1,5;173,86;38,9;0;0
2025-02;MT-05-0083;1;1;1,5;86,93;19,5;0;0
2025-03;MT-05-0083;2;1;1,5;173,86;38,9;0;0
2025-04;MT-05-0083;0;1;1,5;0,0;0,0;1;0
2025-05;MT-05-0083;1;1;1,5;86,93;19,5;0;0
2025-06;MT-05-0083;1;1;1,5;86,93;19,5;0;0
2025-07;MT-05-0083;1;1;1,5;86,93;19,5;0;0
2025-08;MT-05-0083;0;1;1,5;0,0;0,0;1;0
2025-09;MT-05-0083;1;1;1,5;86,93;19,5;0;0
2025-10;MT-05-0083;2;1;1,5;173,86;38,9;0;0
2025-11;MT-05-0083;1;1;1,5;86,93;19,5;0;0
2025-12;MT-05-0083;1;1;1,5;86,93;19,5;0;0
2024-01;MI-MC-08-0521;0;8,2;14,9;0,0;0,0;1;0
2024-02;MI-MC-08-0521;11;8,2;14,9;121,44;48,6;0;0
2024-03;MI-MC-08-0521;15;8,2;14,9;165,6;66,3;0;0
2024-04;MI-MC-08-0521;2;8,2;14,9;22,08;8,8;0;0
2024-05;MI-MC-08-0521;11;8,2;14,9;121,44;48,6;0;0
2024-06;MI-MC-08-0521;13;8,2;14,9;143,52;57,4;0;0
2024-07;MI-MC-08-0521;16;8,2;14,9;176,64;70,7;0;0
2024-08;MI-MC-08-0521;18;8,2;14,9;198,72;79,5;0;0
2024-09;MI-MC-08-0521;19;8,2;14,9;209,76;83,9;0;0
2024-10;MI-MC-08-0521;14;8,2;14,9;154,56;61,8;0;0
2024-11;MI-MC-08-0521;4;8,2;14,9;44,16;17,7;0;0
2024-12;MI-MC-08-0521;4;8,2;14,9;44,16;17,7;0;0
2025-01;MI-MC-08-0521;10;8,2;14,9;110,4;44,2;0;0
2025-02;MI-MC-08-0521;2;8,2;14,9;22,08;8,8;0;0
2025-03;MI-MC-08-0521;10;8,2;14,9;110,4;44,2;0;0
2025-04;MI-MC-08-0521;14;8,2;14,9;154,56;61,8;0;0
2025-05;MI-MC-08-0521;14;8,2;14,9;154,56;61,8;0;0
2025-06;MI-MC-08-0521;19;8,2;14,9;209,76;83,9;0;0
2025-07;MI-MC-08-0521;15;8,2;14,9;165,6;66,3;0;0
2025-08;MI-MC-08-0521;4;8,2;14,9;44,16;17,7;0;0
2025-09;MI-MC-08-0521;21;8,2;14,9;231,84;92,8;0;0
2025-10;MI-MC-08-0521;10;8,2;14,9;110,4;44,2;0;0
2025-11;MI-MC-08-0521;35;8,2;14,9;386,4;154,6;0;0
2025-12;MI-MC-08-0521;13;8,2;14,9;143,52;57,4;0;0
2024-01;MLT-01-0301;2;1;1,6;68,67;23,2;0;0
2024-02;MLT-01-0301;0;1;1,6;0,0;0,0;1;0
2024-03;MLT-01-0301;2;1;1,6;68,67;23,2;0;0
2024-04;MLT-01-0301;1;1;1,6;34,34;11,6;0;0
2024-05;MLT-01-0301;2;1;1,6;68,67;23,2;0;0
2024-06;MLT-01-0301;1;1;1,6;34,34;11,6;0;0
2024-07;MLT-01-0301;0;1;1,6;0,0;0,0;1;0
2024-08;MLT-01-0301;2;1;1,6;68,67;23,2;0;0
2024-09;MLT-01-0301;0;1;1,6;0,0;0,0;1;0
2024-10;MLT-01-0301;1;1;1,6;34,34;11,6;0;0
2024-11;MLT-01-0301;0;1;1,6;0,0;0,0;1;0
2024-12;MLT-01-0301;1;1;1,6;34,34;11,6;0;0
2025-01;MLT-01-0301;0;1;1,6;0,0;0,0;1;0
2025-02;MLT-01-0301;1;1;1,6;34,34;11,6;0;0
2025-03;MLT-01-0301;2;1;1,6;68,67;23,2;0;0
2025-04;MLT-01-0301;0;1;1,6;0,0;0,0;1;0
2025-05;MLT-01-0301;0;1;1,6;0,0;0,0;1;0
2025-06;MLT-01-0301;0;1;1,6;0,0;0,0;1;0
2025-07;MLT-01-0301;1;1;1,6;34,34;11,6;0;0
2025-08;MLT-01-0301;0;1;1,6;0,0;0,0;1;0
2025-09;MLT-01-0301;2;1;1,6;68,67;23,2;0;0
2025-10;MLT-01-0301;1;1;1,6;34,34;11,6;0;0
2025-11;MLT-01-0301;0;1;1,6;0,0;0,0;1;0
2025-12;MLT-01-0301;1;1;1,6;34,34;11,6;0;0
2024-01;LOAD-06-0763;1;1;1,6;37,81;16,7;0;0
2024-02;LOAD-06-0763;3;1;1,6;113,43;50,2;0;0
2024-03;LOAD-06-0763;2;1;1,6;75,62;33,5;0;0
2024-04;LOAD-06-0763;1;1;1,6;37,81;16,7;0;0
2024-05;LOAD-06-0763;1;1;1,6;37,81;16,7;0;0
2024-06;LOAD-06-0763;0;1;1,6;0,0;0,0;1;0
2024-07;LOAD-06-0763;2;1;1,6;75,62;33,5;0;0
2024-08;LOAD-06-0763;1;1;1,6;37,81;16,7;0;0
2024-09;LOAD-06-0763;1;1;1,6;37,81;16,7;0;0
2024-10;LOAD-06-0763;0;1;1,6;0,0;0,0;1;0
2024-11;LOAD-06-0763;2;1;1,6;75,62;33,5;0;0
2024-12;LOAD-06-0763;2;1;1,6;75,62;33,5;0;0
2025-01;LOAD-06-0763;0;1;1,6;0,0;0,0;1;0
2025-02;LOAD-06-0763;0;1;1,6;0,0;0,0;1;0
2025-03;LOAD-06-0763;1;1;1,6;37,81;16,7;0;0
2025-04;LOAD-06-0763;2;1;1,6;75,62;33,5;0;0
2025-05;LOAD-06-0763;0;1;1,6;0,0;0,0;1;0
2025-06;LOAD-06-0763;1;1;1,6;37,81;16,7;0;0
2025-07;LOAD-06-0763;1;1;1,6;37,81;16,7;0;0
2025-08;LOAD-06-0763;1;1;1,6;37,81;16,7;0;0
2025-09;LOAD-06-0763;0;1;1,6;0,0;0,0;1;0
2025-10;LOAD-06-0763;2;1;1,6;75,62;33,5;0;0
2025-11;LOAD-06-0763;1;1;1,6;37,81;16,7;0;0
2025-12;LOAD-06-0763;1;1;1,6;37,81;16,7;0;0
2024-01;MLT-06-0239;1;1;1,4;75,83;26,7;0;0
2024-02;MLT-06-0239;0;1;1,4;0,0;0,0;1;0
2024-03;MLT-06-0239;1;1;1,4;75,83;26,7;0;0
2024-04;MLT-06-0239;2;1;1,4;151,65;53,3;0;0
2024-05;MLT-06-0239;0;1;1,4;0,0;0,0;1;0
2024-06;MLT-06-0239;2;1;1,4;151,65;53,3;0;0
2024-07;MLT-06-0239;2;1;1,4;151,65;53,3;0;0
2024-08;MLT-06-0239;1;1;1,4;75,83;26,7;0;0
2024-09;MLT-06-0239;0;1;1,4;0,0;0,0;1;0
2024-10;MLT-06-0239;2;1;1,4;151,65;53,3;0;0
2024-11;MLT-06-0239;1;1;1,4;75,83;26,7;0;0
2024-12;MLT-06-0239;1;1;1,4;75,83;26,7;0;0
2025-01;MLT-06-0239;0;1;1,4;0,0;0,0;1;0
2025-02;MLT-06-0239;1;1;1,4;75,83;26,7;0;0
2025-03;MLT-06-0239;1;1;1,4;75,83;26,7;0;0
2025-04;MLT-06-0239;1;1;1,4;75,83;26,7;0;0
2025-05;MLT-06-0239;1;1;1,4;75,83;26,7;0;0
2025-06;MLT-06-0239;2;1;1,4;151,65;53,3;0;0
2025-07;MLT-06-0239;1;1;1,4;75,83;26,7;0;0
2025-08;MLT-06-0239;1;1;1,4;75,83;26,7;0;0
2025-09;MLT-06-0239;2;1;1,4;151,65;53,3;0;0
2025-10;MLT-06-0239;3;1;1,4;227,48;80,0;0;0
2025-11;MLT-06-0239;1;1;1,4;75,83;26,7;0;0
2025-12;MLT-06-0239;2;1;1,4;151,65;53,3;0;0
2024-01;AWP-06-0635;6;3,4;5,5;206,9;127,1;0;0
2024-02;AWP-06-0635;5;3,4;5,5;172,41;105,9;0;0
2024-03;AWP-06-0635;6;3,4;5,5;206,9;127,1;0;0
2024-04;AWP-06-0635;5;3,4;5,5;172,41;105,9;0;0
2024-05;AWP-06-0635;7;3,4;5,5;241,38;148,2;0;0
2024-06;AWP-06-0635;2;3,4;5,5;68,97;42,4;0;0
2024-07;AWP-06-0635;6;3,4;5,5;206,9;127,1;0;0
2024-08;AWP-06-0635;8;3,4;5,5;275,86;169,4;0;0
2024-09;AWP-06-0635;7;3,4;5,5;241,38;148,2;0;0
2024-10;AWP-06-0635;1;3,4;5,5;34,48;21,2;0;0
2024-11;AWP-06-0635;6;3,4;5,5;206,9;127,1;0;0
2024-12;AWP-06-0635;5;3,4;5,5;172,41;105,9;0;0
2025-01;AWP-06-0635;6;3,4;5,5;206,9;127,1;0;0
2025-02;AWP-06-0635;3;3,4;5,5;103,45;63,5;0;0
2025-03;AWP-06-0635;1;3,4;5,5;34,48;21,2;0;0
2025-04;AWP-06-0635;2;3,4;5,5;68,97;42,4;0;0
2025-05;AWP-06-0635;4;3,4;5,5;137,93;84,7;0;0
2025-06;AWP-06-0635;7;3,4;5,5;241,38;148,2;0;0
2025-07;AWP-06-0635;3;3,4;5,5;103,45;63,5;0;0
2025-08;AWP-06-0635;10;3,4;5,5;344,83;211,8;0;0
2025-09;AWP-06-0635;6;3,4;5,5;206,9;127,1;0;0
2025-10;AWP-06-0635;4;3,4;5,5;137,93;84,7;0;0
2025-11;AWP-06-0635;7;3,4;5,5;241,38;148,2;0;0
2025-12;AWP-06-0635;2;3,4;5,5;68,97;42,4;0;0
2024-01;AWP-06-0654;1;1;1,3;38,75;26,7;0;0
2024-02;AWP-06-0654;0;1;1,3;0,0;0,0;1;0
2024-03;AWP-06-0654;1;1;1,3;38,75;26,7;0;0
2024-04;AWP-06-0654;2;1;1,3;77,49;53,3;0;0
2024-05;AWP-06-0654;1;1;1,3;38,75;26,7;0;0
2024-06;AWP-06-0654;0;1;1,3;0,0;0,0;1;0
2024-07;AWP-06-0654;1;1;1,3;38,75;26,7;0;0
2024-08;AWP-06-0654;1;1;1,3;38,75;26,7;0;0
2024-09;AWP-06-0654;2;1;1,3;77,49;53,3;0;0
2024-10;AWP-06-0654;2;1;1,3;77,49;53,3;0;0
2024-11;AWP-06-0654;0;1;1,3;0,0;0,0;1;0
2024-12;AWP-06-0654;1;1;1,3;38,75;26,7;0;0
2025-01;AWP-06-0654;1;1;1,3;38,75;26,7;0;0
2025-02;AWP-06-0654;0;1;1,3;0,0;0,0;1;0
2025-03;AWP-06-0654;1;1;1,3;38,75;26,7;0;0
2025-04;AWP-06-0654;0;1;1,3;0,0;0,0;1;0
2025-05;AWP-06-0654;1;1;1,3;38,75;26,7;0;0
2025-06;AWP-06-0654;2;1;1,3;77,49;53,3;0;0
2025-07;AWP-06-0654;1;1;1,3;38,75;26,7;0;0
2025-08;AWP-06-0654;1;1;1,3;38,75;26,7;0;0
2025-09;AWP-06-0654;1;1;1,3;38,75;26,7;0;0
2025-10;AWP-06-0654;1;1;1,3;38,75;26,7;0;0
2025-11;AWP-06-0654;2;1;1,3;77,49;53,3;0;0
2025-12;AWP-06-0654;0;1;1,3;0,0;0,0;1;0
2024-01;MT-05-0153;1;1;1,8;113,97;27,7;0;0
2024-02;MT-05-0153;1;1;1,8;113,97;27,7;0;0
2024-03;MT-05-0153;1;1;1,8;113,97;27,7;0;0
2024-04;MT-05-0153;2;1;1,8;227,95;55,4;0;0
2024-05;MT-05-0153;3;1;1,8;341,92;83,1;0;0
2024-06;MT-05-0153;0;1;1,8;0,0;0,0;1;0
2024-07;MT-05-0153;2;1;1,8;227,95;55,4;0;0
2024-08;MT-05-0153;1;1;1,8;113,97;27,7;0;0
2024-09;MT-05-0153;0;1;1,8;0,0;0,0;1;0
2024-10;MT-05-0153;3;1;1,8;341,92;83,1;0;0
2024-11;MT-05-0153;1;1;1,8;113,97;27,7;0;0
2024-12;MT-05-0153;1;1;1,8;113,97;27,7;0;0
2025-01;MT-05-0153;1;1;1,8;113,97;27,7;0;0
2025-02;MT-05-0153;2;1;1,8;227,95;55,4;0;0
2025-03;MT-05-0153;0;1;1,8;0,0;0,0;1;0
2025-04;MT-05-0153;1;1;1,8;113,97;27,7;0;0
2025-05;MT-05-0153;1;1;1,8;113,97;27,7;0;0
2025-06;MT-05-0153;0;1;1,8;0,0;0,0;1;0
2025-07;MT-05-0153;2;1;1,8;227,95;55,4;0;0
2025-08;MT-05-0153;3;1;1,8;341,92;83,1;0;0
2025-09;MT-05-0153;0;1;1,8;0,0;0,0;1;0
2025-10;MT-05-0153;1;1;1,8;113,97;27,7;0;0
2025-11;MT-05-0153;1;1;1,8;113,97;27,7;0;0
2025-12;MT-05-0153;2;1;1,8;227,95;55,4;0;0
2024-01;MT-05-0160;3;1,8;2,9;235,1;56,8;0;0
2024-02;MT-05-0160;5;1,8;2,9;391,84;94,7;0;0
2024-03;MT-05-0160;5;1,8;2,9;391,84;94,7;0;0
2024-04;MT-05-0160;2;1,8;2,9;156,73;37,9;0;0
2024-05;MT-05-0160;3;1,8;2,9;235,1;56,8;0;0
2024-06;MT-05-0160;4;1,8;2,9;313,47;75,8;0;0
2024-07;MT-05-0160;3;1,8;2,9;235,1;56,8;0;0
2024-08;MT-05-0160;4;1,8;2,9;313,47;75,8;0;0
2024-09;MT-05-0160;6;1,8;2,9;470,2;113,7;0;0
2024-10;MT-05-0160;3;1,8;2,9;235,1;56,8;0;0
2024-11;MT-05-0160;3;1,8;2,9;235,1;56,8;0;0
2024-12;MT-05-0160;3;1,8;2,9;235,1;56,8;0;0
2025-01;MT-05-0160;1;1,8;2,9;78,37;18,9;0;0
2025-02;MT-05-0160;4;1,8;2,9;313,47;75,8;0;0
2025-03;MT-05-0160;2;1,8;2,9;156,73;37,9;0;0
2025-04;MT-05-0160;2;1,8;2,9;156,73;37,9;0;0
2025-05;MT-05-0160;1;1,8;2,9;78,37;18,9;0;0
2025-06;MT-05-0160;3;1,8;2,9;235,1;56,8;0;0
2025-07;MT-05-0160;1;1,8;2,9;78,37;18,9;0;0
2025-08;MT-05-0160;3;1,8;2,9;235,1;56,8;0;0
2025-09;MT-05-0160;1;1,8;2,9;78,37;18,9;0;0
2025-10;MT-05-0160;2;1,8;2,9;156,73;37,9;0;0
2025-11;MT-05-0160;0;1,8;2,9;0,0;0,0;1;0
2025-12;MT-05-0160;0;1,8;2,9;0,0;0,0;1;0
2024-01;AWP-08-0674;1;1;1,2;38,65;28,8;0;0
2024-02;AWP-08-0674;0;1;1,2;0,0;0,0;1;0
2024-03;AWP-08-0674;2;1;1,2;77,3;57,6;0;0
2024-04;AWP-08-0674;1;1;1,2;38,65;28,8;0;0
2024-05;AWP-08-0674;0;1;1,2;0,0;0,0;1;0
2024-06;AWP-08-0674;1;1;1,2;38,65;28,8;0;0
2024-07;AWP-08-0674;0;1;1,2;0,0;0,0;1;0
2024-08;AWP-08-0674;2;1;1,2;77,3;57,6;0;0
2024-09;AWP-08-0674;0;1;1,2;0,0;0,0;1;0
2024-10;AWP-08-0674;0;1;1,2;0,0;0,0;1;0
2024-11;AWP-08-0674;1;1;1,2;38,65;28,8;0;0
2024-12;AWP-08-0674;0;1;1,2;0,0;0,0;1;0
2025-01;AWP-08-0674;2;1;1,2;77,3;57,6;0;0
2025-02;AWP-08-0674;0;1;1,2;0,0;0,0;1;0
2025-03;AWP-08-0674;1;1;1,2;38,65;28,8;0;0
2025-04;AWP-08-0674;0;1;1,2;0,0;0,0;1;0
2025-05;AWP-08-0674;2;1;1,2;77,3;57,6;0;0
2025-06;AWP-08-0674;0;1;1,2;0,0;0,0;1;0
2025-07;AWP-08-0674;1;1;1,2;38,65;28,8;0;0
2025-08;AWP-08-0674;0;1;1,2;0,0;0,0;1;0
2025-09;AWP-08-0674;0;1;1,2;0,0;0,0;1;0
2025-10;AWP-08-0674;1;1;1,2;38,65;28,8;0;0
2025-11;AWP-08-0674;1;1;1,2;38,65;28,8;0;0
2025-12;AWP-08-0674;0;1;1,2;0,0;0,0;1;0
2024-01;AWP-09-0629;1;1;1,5;37,52;65,5;0;0
2024-02;AWP-09-0629;1;1;1,5;37,52;65,5;0;0
2024-03;AWP-09-0629;1;1;1,5;37,52;65,5;0;0
2024-04;AWP-09-0629;3;1;1,5;112,55;196,4;0;0
2024-05;AWP-09-0629;1;1;1,5;37,52;65,5;0;0
2024-06;AWP-09-0629;3;1;1,5;112,55;196,4;0;0
2024-07;AWP-09-0629;1;1;1,5;37,52;65,5;0;0
2024-08;AWP-09-0629;1;1;1,5;37,52;65,5;0;0
2024-09;AWP-09-0629;3;1;1,5;112,55;196,4;0;0
2024-10;AWP-09-0629;2;1;1,5;75,03;130,9;0;0
2024-11;AWP-09-0629;1;1;1,5;37,52;65,5;0;0
2024-12;AWP-09-0629;1;1;1,5;37,52;65,5;0;0
2025-01;AWP-09-0629;2;1;1,5;75,03;130,9;0;0
2025-02;AWP-09-0629;0;1;1,5;0,0;0,0;1;0
2025-03;AWP-09-0629;1;1;1,5;37,52;65,5;0;0
2025-04;AWP-09-0629;1;1;1,5;37,52;65,5;0;0
2025-05;AWP-09-0629;2;1;1,5;75,03;130,9;0;0
2025-06;AWP-09-0629;0;1;1,5;0,0;0,0;1;0
2025-07;AWP-09-0629;0;1;1,5;0,0;0,0;1;0
2025-08;AWP-09-0629;1;1;1,5;37,52;65,5;0;0
2025-09;AWP-09-0629;3;1;1,5;112,55;196,4;0;0
2025-10;AWP-09-0629;2;1;1,5;75,03;130,9;0;0
2025-11;AWP-09-0629;1;1;1,5;37,52;65,5;0;0
2025-12;AWP-09-0629;0;1;1,5;0,0;0,0;1;0
2024-01;MRT-06-0420;11;4,6;7,5;285,68;172,2;0;0
2024-02;MRT-06-0420;5;4,6;7,5;129,85;78,3;0;0
2024-03;MRT-06-0420;9;4,6;7,5;233,74;140,9;0;0
2024-04;MRT-06-0420;16;4,6;7,5;415,53;250,4;0;0
2024-05;MRT-06-0420;10;4,6;7,5;259,71;156,5;0;0
2024-06;MRT-06-0420;1;4,6;7,5;25,97;15,7;0;0
2024-07;MRT-06-0420;9;4,6;7,5;233,74;140,9;0;0
2024-08;MRT-06-0420;6;4,6;7,5;155,82;93,9;0;0
2024-09;MRT-06-0420;8;4,6;7,5;207,77;125,2;0;0
2024-10;MRT-06-0420;3;4,6;7,5;77,91;47,0;0;0
2024-11;MRT-06-0420;3;4,6;7,5;77,91;47,0;0;0
2024-12;MRT-06-0420;11;4,6;7,5;285,68;172,2;0;0
2025-01;MRT-06-0420;6;4,6;7,5;155,82;93,9;0;0
2025-02;MRT-06-0420;7;4,6;7,5;181,8;109,6;0;0
2025-03;MRT-06-0420;10;4,6;7,5;259,71;156,5;0;0
2025-04;MRT-06-0420;8;4,6;7,5;207,77;125,2;0;0
2025-05;MRT-06-0420;9;4,6;7,5;233,74;140,9;0;0
2025-06;MRT-06-0420;16;4,6;7,5;415,53;250,4;0;0
2025-07;MRT-06-0420;12;4,6;7,5;311,65;187,8;0;0
2025-08;MRT-06-0420;12;4,6;7,5;311,65;187,8;0;0
2025-09;MRT-06-0420;7;4,6;7,5;181,8;109,6;0;0
2025-10;MRT-06-0420;8;4,6;7,5;207,77;125,2;0;0
2025-11;MRT-06-0420;4;4,6;7,5;103,88;62,6;0;0
2025-12;MRT-06-0420;6;4,6;7,5;155,82;93,9;0;0
2024-01;MLT-01-0357;1;1;1,3;41,52;15,3;0;0
2024-02;MLT-01-0357;1;1;1,3;41,52;15,3;0;0
2024-03;MLT-01-0357;0;1;1,3;0,0;0,0;1;0
2024-04;MLT-01-0357;1;1;1,3;41,52;15,3;0;0
2024-05;MLT-01-0357;0;1;1,3;0,0;0,0;1;0
2024-06;MLT-01-0357;0;1;1,3;0,0;0,0;1;0
2024-07;MLT-01-0357;0;1;1,3;0,0;0,0;1;0
2024-08;MLT-01-0357;1;1;1,3;41,52;15,3;0;0
2024-09;MLT-01-0357;0;1;1,3;0,0;0,0;1;0
2024-10;MLT-01-0357;0;1;1,3;0,0;0,0;1;0
2024-11;MLT-01-0357;1;1;1,3;41,52;15,3;0;0
2024-12;MLT-01-0357;0;1;1,3;0,0;0,0;1;0
2025-01;MLT-01-0357;0;1;1,3;0,0;0,0;1;0
2025-02;MLT-01-0357;0;1;1,3;0,0;0,0;1;0
2025-03;MLT-01-0357;2;1;1,3;83,05;30,6;0;0
2025-04;MLT-01-0357;0;1;1,3;0,0;0,0;1;0
2025-05;MLT-01-0357;2;1;1,3;83,05;30,6;0;0
2025-06;MLT-01-0357;2;1;1,3;83,05;30,6;0;0
2025-07;MLT-01-0357;2;1;1,3;83,05;30,6;0;0
2025-08;MLT-01-0357;1;1;1,3;41,52;15,3;0;0
2025-09;MLT-01-0357;0;1;1,3;0,0;0,0;1;0
2025-10;MLT-01-0357;0;1;1,3;0,0;0,0;1;0
2025-11;MLT-01-0357;1;1;1,3;41,52;15,3;0;0
2025-12;MLT-01-0357;1;1;1,3;41,52;15,3;0;0
2024-01;MRT-07-0444;1;1;1,4;83,05;60,0;0;0
2024-02;MRT-07-0444;1;1;1,4;83,05;60,0;0;0
2024-03;MRT-07-0444;0;1;1,4;0,0;0,0;1;0
2024-04;MRT-07-0444;2;1;1,4;166,09;120,0;0;0
2024-05;MRT-07-0444;2;1;1,4;166,09;120,0;0;0
2024-06;MRT-07-0444;0;1;1,4;0,0;0,0;1;0
2024-07;MRT-07-0444;1;1;1,4;83,05;60,0;0;0
2024-08;MRT-07-0444;1;1;1,4;83,05;60,0;0;0
2024-09;MRT-07-0444;1;1;1,4;83,05;60,0;0;0
2024-10;MRT-07-0444;0;1;1,4;0,0;0,0;1;0
2024-11;MRT-07-0444;1;1;1,4;83,05;60,0;0;0
2024-12;MRT-07-0444;0;1;1,4;0,0;0,0;1;0
2025-01;MRT-07-0444;1;1;1,4;83,05;60,0;0;0
2025-02;MRT-07-0444;1;1;1,4;83,05;60,0;0;0
2025-03;MRT-07-0444;0;1;1,4;0,0;0,0;1;0
2025-04;MRT-07-0444;2;1;1,4;166,09;120,0;0;0
2025-05;MRT-07-0444;1;1;1,4;83,05;60,0;0;0
2025-06;MRT-07-0444;1;1;1,4;83,05;60,0;0;0
2025-07;MRT-07-0444;0;1;1,4;0,0;0,0;1;0
2025-08;MRT-07-0444;0;1;1,4;0,0;0,0;1;0
2025-09;MRT-07-0444;2;1;1,4;166,09;120,0;0;0
2025-10;MRT-07-0444;1;1;1,4;83,05;60,0;0;0
2025-11;MRT-07-0444;1;1;1,4;83,05;60,0;0;0
2025-12;MRT-07-0444;1;1;1,4;83,05;60,0;0;0
2024-01;MRT-08-0391;2;1;1,4;45,33;34,3;0;0
2024-02;MRT-08-0391;0;1;1,4;0,0;0,0;1;0
2024-03;MRT-08-0391;1;1;1,4;22,66;17,1;0;0
2024-04;MRT-08-0391;0;1;1,4;0,0;0,0;1;0
2024-05;MRT-08-0391;0;1;1,4;0,0;0,0;1;0
2024-06;MRT-08-0391;2;1;1,4;45,33;34,3;0;0
2024-07;MRT-08-0391;2;1;1,4;45,33;34,3;0;0
2024-08;MRT-08-0391;0;1;1,4;0,0;0,0;1;0
2024-09;MRT-08-0391;0;1;1,4;0,0;0,0;1;0
2024-10;MRT-08-0391;1;1;1,4;22,66;17,1;0;0
2024-11;MRT-08-0391;2;1;1,4;45,33;34,3;0;0
2024-12;MRT-08-0391;2;1;1,4;45,33;34,3;0;0
2025-01;MRT-08-0391;1;1;1,4;22,66;17,1;0;0
2025-02;MRT-08-0391;0;1;1,4;0,0;0,0;1;0
2025-03;MRT-08-0391;0;1;1,4;0,0;0,0;1;0
2025-04;MRT-08-0391;1;1;1,4;22,66;17,1;0;0
2025-05;MRT-08-0391;1;1;1,4;22,66;17,1;0;0
2025-06;MRT-08-0391;1;1;1,4;22,66;17,1;0;0
2025-07;MRT-08-0391;1;1;1,4;22,66;17,1;0;0
2025-08;MRT-08-0391;1;1;1,4;22,66;17,1;0;0
2025-09;MRT-08-0391;2;1;1,4;45,33;34,3;0;0
2025-10;MRT-08-0391;1;1;1,4;22,66;17,1;0;0
2025-11;MRT-08-0391;0;1;1,4;0,0;0,0;1;0
2025-12;MRT-08-0391;1;1;1,4;22,66;17,1;0;0
2024-01;MT-01-0097;1;1,1;1,8;19,81;7,3;0;0
2024-02;MT-01-0097;2;1,1;1,8;39,63;14,5;0;0
2024-03;MT-01-0097;2;1,1;1,8;39,63;14,5;0;0
2024-04;MT-01-0097;1;1,1;1,8;19,81;7,3;0;0
2024-05;MT-01-0097;1;1,1;1,8;19,81;7,3;0;0
2024-06;MT-01-0097;3;1,1;1,8;59,44;21,8;0;0
2024-07;MT-01-0097;1;1,1;1,8;19,81;7,3;0;0
2024-08;MT-01-0097;2;1,1;1,8;39,63;14,5;0;0
2024-09;MT-01-0097;1;1,1;1,8;19,81;7,3;0;0
2024-10;MT-01-0097;1;1,1;1,8;19,81;7,3;0;0
2024-11;MT-01-0097;0;1,1;1,8;0,0;0,0;1;0
2024-12;MT-01-0097;0;1,1;1,8;0,0;0,0;1;0
2025-01;MT-01-0097;2;1,1;1,8;39,63;14,5;0;0
2025-02;MT-01-0097;4;1,1;1,8;79,26;29,1;0;0
2025-03;MT-01-0097;1;1,1;1,8;19,81;7,3;0;0
2025-04;MT-01-0097;0;1,1;1,8;0,0;0,0;1;0
2025-05;MT-01-0097;2;1,1;1,8;39,63;14,5;0;0
2025-06;MT-01-0097;2;1,1;1,8;39,63;14,5;0;0
2025-07;MT-01-0097;1;1,1;1,8;19,81;7,3;0;0
2025-08;MT-01-0097;1;1,1;1,8;19,81;7,3;0;0
2025-09;MT-01-0097;1;1,1;1,8;19,81;7,3;0;0
2025-10;MT-01-0097;0;1,1;1,8;0,0;0,0;1;0
2025-11;MT-01-0097;2;1,1;1,8;39,63;14,5;0;0
2025-12;MT-01-0097;2;1,1;1,8;39,63;14,5;0;0
2024-01;MT-02-0112;1;1,9;3,0;45,2;12,0;0;0
2024-02;MT-02-0112;5;1,9;3,0;226,01;60,0;0;0
2024-03;MT-02-0112;4;1,9;3,0;180,81;48,0;0;0
2024-04;MT-02-0112;3;1,9;3,0;135,61;36,0;0;0
2024-05;MT-02-0112;3;1,9;3,0;135,61;36,0;0;0
2024-06;MT-02-0112;2;1,9;3,0;90,41;24,0;0;0
2024-07;MT-02-0112;4;1,9;3,0;180,81;48,0;0;0
2024-08;MT-02-0112;3;1,9;3,0;135,61;36,0;0;0
2024-09;MT-02-0112;4;1,9;3,0;180,81;48,0;0;0
2024-10;MT-02-0112;4;1,9;3,0;180,81;48,0;0;0
2024-11;MT-02-0112;1;1,9;3,0;45,2;12,0;0;0
2024-12;MT-02-0112;5;1,9;3,0;226,01;60,0;0;0
2025-01;MT-02-0112;1;1,9;3,0;45,2;12,0;0;0
2025-02;MT-02-0112;2;1,9;3,0;90,41;24,0;0;0
2025-03;MT-02-0112;5;1,9;3,0;226,01;60,0;0;0
2025-04;MT-02-0112;2;1,9;3,0;90,41;24,0;0;0
2025-05;MT-02-0112;2;1,9;3,0;90,41;24,0;0;0
2025-06;MT-02-0112;2;1,9;3,0;90,41;24,0;0;0
2025-07;MT-02-0112;6;1,9;3,0;271,22;72,0;0;0
2025-08;MT-02-0112;4;1,9;3,0;180,81;48,0;0;0
2025-09;MT-02-0112;1;1,9;3,0;45,2;12,0;0;0
2025-10;MT-02-0112;4;1,9;3,0;180,81;48,0;0;0
2025-11;MT-02-0112;5;1,9;3,0;226,01;60,0;0;0
2025-12;MT-02-0112;1;1,9;3,0;45,2;12,0;0;0
2024-01;LOAD-M-01-0820;4;2,0;3,8;76,54;70,2;0;0
2024-02;LOAD-M-01-0820;2;2,0;3,8;38,27;35,1;0;0
2024-03;LOAD-M-01-0820;3;2,0;3,8;57,4;52,7;0;0
2024-04;LOAD-M-01-0820;8;2,0;3,8;153,08;140,5;0;0
2024-05;LOAD-M-01-0820;1;2,0;3,8;19,13;17,6;0;0
2024-06;LOAD-M-01-0820;3;2,0;3,8;57,4;52,7;0;0
2024-07;LOAD-M-01-0820;3;2,0;3,8;57,4;52,7;0;0
2024-08;LOAD-M-01-0820;1;2,0;3,8;19,13;17,6;0;0
2024-09;LOAD-M-01-0820;1;2,0;3,8;19,13;17,6;0;0
2024-10;LOAD-M-01-0820;6;2,0;3,8;114,81;105,4;0;0
2024-11;LOAD-M-01-0820;5;2,0;3,8;95,67;87,8;0;0
2024-12;LOAD-M-01-0820;3;2,0;3,8;57,4;52,7;0;0
2025-01;LOAD-M-01-0820;6;2,0;3,8;114,81;105,4;0;0
2025-02;LOAD-M-01-0820;3;2,0;3,8;57,4;52,7;0;0
2025-03;LOAD-M-01-0820;1;2,0;3,8;19,13;17,6;0;0
2025-04;LOAD-M-01-0820;3;2,0;3,8;57,4;52,7;0;0
2025-05;LOAD-M-01-0820;4;2,0;3,8;76,54;70,2;0;0
2025-06;LOAD-M-01-0820;3;2,0;3,8;57,4;52,7;0;0
2025-07;LOAD-M-01-0820;0;2,0;3,8;0,0;0,0;1;0
2025-08;LOAD-M-01-0820;5;2,0;3,8;95,67;87,8;0;0
2025-09;LOAD-M-01-0820;3;2,0;3,8;57,4;52,7;0;0
2025-10;LOAD-M-01-0820;2;2,0;3,8;38,27;35,1;0;0
2025-11;LOAD-M-01-0820;4;2,0;3,8;76,54;70,2;0;0
2025-12;LOAD-M-01-0820;4;2,0;3,8;76,54;70,2;0;0
2024-01;AWP-08-0702;2;1,1;2,1;39,07;45,0;0;0
2024-02;AWP-08-0702;2;1,1;2,1;39,07;45,0;0;0
2024-03;AWP-08-0702;3;1,1;2,1;58,61;67,5;0;0
2024-04;AWP-08-0702;2;1,1;2,1;39,07;45,0;0;0
2024-05;AWP-08-0702;0;1,1;2,1;0,0;0,0;1;0
2024-06;AWP-08-0702;1;1,1;2,1;19,54;22,5;0;0
2024-07;AWP-08-0702;3;1,1;2,1;58,61;67,5;0;0
2024-08;AWP-08-0702;3;1,1;2,1;58,61;67,5;0;0
2024-09;AWP-08-0702;3;1,1;2,1;58,61;67,5;0;0
2024-10;AWP-08-0702;2;1,1;2,1;39,07;45,0;0;0
2024-11;AWP-08-0702;1;1,1;2,1;19,54;22,5;0;0
2024-12;AWP-08-0702;2;1,1;2,1;39,07;45,0;0;0
2025-01;AWP-08-0702;0;1,1;2,1;0,0;0,0;1;0
2025-02;AWP-08-0702;2;1,1;2,1;39,07;45,0;0;0
2025-03;AWP-08-0702;1;1,1;2,1;19,54;22,5;0;0
2025-04;AWP-08-0702;0;1,1;2,1;0,0;0,0;1;0
2025-05;AWP-08-0702;0;1,1;2,1;0,0;0,0;1;0
2025-06;AWP-08-0702;2;1,1;2,1;39,07;45,0;0;0
2025-07;AWP-08-0702;2;1,1;2,1;39,07;45,0;0;0
2025-08;AWP-08-0702;2;1,1;2,1;39,07;45,0;0;0
2025-09;AWP-08-0702;1;1,1;2,1;19,54;22,5;0;0
2025-10;AWP-08-0702;1;1,1;2,1;19,54;22,5;0;0
2025-11;AWP-08-0702;3;1,1;2,1;58,61;67,5;0;0
2025-12;AWP-08-0702;1;1,1;2,1;19,54;22,5;0;0
2024-01;MLT-09-0250;0;1;1,3;0,0;0,0;1;0
2024-02;MLT-09-0250;1;1;1,3;40,65;20,6;0;0
2024-03;MLT-09-0250;1;1;1,3;40,65;20,6;0;0
2024-04;MLT-09-0250;0;1;1,3;0,0;0,0;1;0
2024-05;MLT-09-0250;0;1;1,3;0,0;0,0;1;0
2024-06;MLT-09-0250;1;1;1,3;40,65;20,6;0;0
2024-07;MLT-09-0250;1;1;1,3;40,65;20,6;0;0
2024-08;MLT-09-0250;1;1;1,3;40,65;20,6;0;0
2024-09;MLT-09-0250;1;1;1,3;40,65;20,6;0;0
2024-10;MLT-09-0250;2;1;1,3;81,31;41,1;0;0
2024-11;MLT-09-0250;2;1;1,3;81,31;41,1;0;0
2024-12;MLT-09-0250;1;1;1,3;40,65;20,6;0;0
2025-01;MLT-09-0250;0;1;1,3;0,0;0,0;1;0
2025-02;MLT-09-0250;0;1;1,3;0,0;0,0;1;0
2025-03;MLT-09-0250;1;1;1,3;40,65;20,6;0;0
2025-04;MLT-09-0250;1;1;1,3;40,65;20,6;0;0
2025-05;MLT-09-0250;1;1;1,3;40,65;20,6;0;0
2025-06;MLT-09-0250;0;1;1,3;0,0;0,0;1;0
2025-07;MLT-09-0250;1;1;1,3;40,65;20,6;0;0
2025-08;MLT-09-0250;1;1;1,3;40,65;20,6;0;0
2025-09;MLT-09-0250;2;1;1,3;81,31;41,1;0;0
2025-10;MLT-09-0250;1;1;1,3;40,65;20,6;0;0
2025-11;MLT-09-0250;2;1;1,3;81,31;41,1;0;0
2025-12;MLT-09-0250;1;1;1,3;40,65;20,6;0;0
2024-01;MLT-01-0285;2;1,7;3,0;32,21;10,1;0;0
2024-02;MLT-01-0285;4;1,7;3,0;64,43;20,3;0;0
2024-03;MLT-01-0285;2;1,7;3,0;32,21;10,1;0;0
2024-04;MLT-01-0285;2;1,7;3,0;32,21;10,1;0;0
2024-05;MLT-01-0285;1;1,7;3,0;16,11;5,1;0;0
2024-06;MLT-01-0285;3;1,7;3,0;48,32;15,2;0;0
2024-07;MLT-01-0285;1;1,7;3,0;16,11;5,1;0;0
2024-08;MLT-01-0285;5;1,7;3,0;80,53;25,4;0;0
2024-09;MLT-01-0285;2;1,7;3,0;32,21;10,1;0;0
2024-10;MLT-01-0285;1;1,7;3,0;16,11;5,1;0;0
2024-11;MLT-01-0285;3;1,7;3,0;48,32;15,2;0;0
2024-12;MLT-01-0285;4;1,7;3,0;64,43;20,3;0;0
2025-01;MLT-01-0285;6;1,7;3,0;96,64;30,4;0;0
2025-02;MLT-01-0285;2;1,7;3,0;32,21;10,1;0;0
2025-03;MLT-01-0285;1;1,7;3,0;16,11;5,1;0;0
2025-04;MLT-01-0285;1;1,7;3,0;16,11;5,1;0;0
2025-05;MLT-01-0285;4;1,7;3,0;64,43;20,3;0;0
2025-06;MLT-01-0285;3;1,7;3,0;48,32;15,2;0;0
2025-07;MLT-01-0285;1;1,7;3,0;16,11;5,1;0;0
2025-08;MLT-01-0285;2;1,7;3,0;32,21;10,1;0;0
2025-09;MLT-01-0285;2;1,7;3,0;32,21;10,1;0;0
2025-10;MLT-01-0285;3;1,7;3,0;48,32;15,2;0;0
2025-11;MLT-01-0285;1;1,7;3,0;16,11;5,1;0;0
2025-12;MLT-01-0285;1;1,7;3,0;16,11;5,1;0;0
2024-01;MT-07-0089;0;1;1,2;0,0;0,0;1;0
2024-02;MT-07-0089;2;1;1,2;329,62;80,0;0;0
2024-03;MT-07-0089;0;1;1,2;0,0;0,0;1;0
2024-04;MT-07-0089;2;1;1,2;329,62;80,0;0;0
2024-05;MT-07-0089;1;1;1,2;164,81;40,0;0;0
2024-06;MT-07-0089;1;1;1,2;164,81;40,0;0;0
2024-07;MT-07-0089;1;1;1,2;164,81;40,0;0;0
2024-08;MT-07-0089;2;1;1,2;329,62;80,0;0;0
2024-09;MT-07-0089;0;1;1,2;0,0;0,0;1;0
2024-10;MT-07-0089;0;1;1,2;0,0;0,0;1;0
2024-11;MT-07-0089;1;1;1,2;164,81;40,0;0;0
2024-12;MT-07-0089;1;1;1,2;164,81;40,0;0;0
2025-01;MT-07-0089;0;1;1,2;0,0;0,0;1;0
2025-02;MT-07-0089;0;1;1,2;0,0;0,0;1;0
2025-03;MT-07-0089;0;1;1,2;0,0;0,0;1;0
2025-04;MT-07-0089;0;1;1,2;0,0;0,0;1;0
2025-05;MT-07-0089;2;1;1,2;329,62;80,0;0;0
2025-06;MT-07-0089;2;1;1,2;329,62;80,0;0;0
2025-07;MT-07-0089;0;1;1,2;0,0;0,0;1;0
2025-08;MT-07-0089;1;1;1,2;164,81;40,0;0;0
2025-09;MT-07-0089;1;1;1,2;164,81;40,0;0;0
2025-10;MT-07-0089;0;1;1,2;0,0;0,0;1;0
2025-11;MT-07-0089;1;1;1,2;164,81;40,0;0;0
2025-12;MT-07-0089;2;1;1,2;329,62;80,0;0;0
2024-01;AWP-01-0630;4;1,5;2,7;47,48;32,4;0;0
2024-02;AWP-01-0630;1;1,5;2,7;11,87;8,1;0;0
2024-03;AWP-01-0630;1;1,5;2,7;11,87;8,1;0;0
2024-04;AWP-01-0630;2;1,5;2,7;23,74;16,2;0;0
2024-05;AWP-01-0630;3;1,5;2,7;35,61;24,3;0;0
2024-06;AWP-01-0630;3;1,5;2,7;35,61;24,3;0;0
2024-07;AWP-01-0630;2;1,5;2,7;23,74;16,2;0;0
2024-08;AWP-01-0630;0;1,5;2,7;0,0;0,0;1;0
2024-09;AWP-01-0630;2;1,5;2,7;23,74;16,2;0;0
2024-10;AWP-01-0630;3;1,5;2,7;35,61;24,3;0;0
2024-11;AWP-01-0630;2;1,5;2,7;23,74;16,2;0;0
2024-12;AWP-01-0630;3;1,5;2,7;35,61;24,3;0;0
2025-01;AWP-01-0630;1;1,5;2,7;11,87;8,1;0;0
2025-02;AWP-01-0630;3;1,5;2,7;35,61;24,3;0;0
2025-03;AWP-01-0630;2;1,5;2,7;23,74;16,2;0;0
2025-04;AWP-01-0630;0;1,5;2,7;0,0;0,0;1;0
2025-05;AWP-01-0630;3;1,5;2,7;35,61;24,3;0;0
2025-06;AWP-01-0630;2;1,5;2,7;23,74;16,2;0;0
2025-07;AWP-01-0630;2;1,5;2,7;23,74;16,2;0;0
2025-08;AWP-01-0630;2;1,5;2,7;23,74;16,2;0;0
2025-09;AWP-01-0630;4;1,5;2,7;47,48;32,4;0;0
2025-10;AWP-01-0630;1;1,5;2,7;11,87;8,1;0;0
2025-11;AWP-01-0630;0;1,5;2,7;0,0;0,0;1;0
2025-12;AWP-01-0630;2;1,5;2,7;23,74;16,2;0;0
2024-01;MI-MC-09-0494;1;1;1,1;91,57;144,0;0;0
2024-02;MI-MC-09-0494;0;1;1,1;0,0;0,0;1;0
2024-03;MI-MC-09-0494;1;1;1,1;91,57;144,0;0;0
2024-04;MI-MC-09-0494;2;1;1,1;183,14;288,0;0;0
2024-05;MI-MC-09-0494;0;1;1,1;0,0;0,0;1;0
2024-06;MI-MC-09-0494;0;1;1,1;0,0;0,0;1;0
2024-07;MI-MC-09-0494;1;1;1,1;91,57;144,0;0;0
2024-08;MI-MC-09-0494;0;1;1,1;0,0;0,0;1;0
2024-09;MI-MC-09-0494;1;1;1,1;91,57;144,0;0;0
2024-10;MI-MC-09-0494;1;1;1,1;91,57;144,0;0;0
2024-11;MI-MC-09-0494;0;1;1,1;0,0;0,0;1;0
2024-12;MI-MC-09-0494;1;1;1,1;91,57;144,0;0;0
2025-01;MI-MC-09-0494;2;1;1,1;183,14;288,0;0;0
2025-02;MI-MC-09-0494;1;1;1,1;91,57;144,0;0;0
2025-03;MI-MC-09-0494;1;1;1,1;91,57;144,0;0;0
2025-04;MI-MC-09-0494;1;1;1,1;91,57;144,0;0;0
2025-05;MI-MC-09-0494;1;1;1,1;91,57;144,0;0;0
2025-06;MI-MC-09-0494;1;1;1,1;91,57;144,0;0;0
2025-07;MI-MC-09-0494;1;1;1,1;91,57;144,0;0;0
2025-08;MI-MC-09-0494;1;1;1,1;91,57;144,0;0;0
2025-09;MI-MC-09-0494;1;1;1,1;91,57;144,0;0;0
2025-10;MI-MC-09-0494;1;1;1,1;91,57;144,0;0;0
2025-11;MI-MC-09-0494;0;1;1,1;0,0;0,0;1;0
2025-12;MI-MC-09-0494;1;1;1,1;91,57;144,0;0;0
2024-01;MLT-03-0274;1;1;1,1;290,87;144,0;0;0
2024-02;MLT-03-0274;1;1;1,1;290,87;144,0;0;0
2024-03;MLT-03-0274;1;1;1,1;290,87;144,0;0;0
2024-04;MLT-03-0274;0;1;1,1;0,0;0,0;1;0
2024-05;MLT-03-0274;1;1;1,1;290,87;144,0;0;0
2024-06;MLT-03-0274;1;1;1,1;290,87;144,0;0;0
2024-07;MLT-03-0274;1;1;1,1;290,87;144,0;0;0
2024-08;MLT-03-0274;1;1;1,1;290,87;144,0;0;0
2024-09;MLT-03-0274;0;1;1,1;0,0;0,0;1;0
2024-10;MLT-03-0274;1;1;1,1;290,87;144,0;0;0
2024-11;MLT-03-0274;0;1;1,1;0,0;0,0;1;0
2024-12;MLT-03-0274;1;1;1,1;290,87;144,0;0;0
2025-01;MLT-03-0274;1;1;1,1;290,87;144,0;0;0
2025-02;MLT-03-0274;1;1;1,1;290,87;144,0;0;0
2025-03;MLT-03-0274;0;1;1,1;0,0;0,0;1;0
2025-04;MLT-03-0274;1;1;1,1;290,87;144,0;0;0
2025-05;MLT-03-0274;0;1;1,1;0,0;0,0;1;0
2025-06;MLT-03-0274;1;1;1,1;290,87;144,0;0;0
2025-07;MLT-03-0274;3;1;1,1;872,61;432,0;0;0
2025-08;MLT-03-0274;1;1;1,1;290,87;144,0;0;0
2025-09;MLT-03-0274;0;1;1,1;0,0;0,0;1;0
2025-10;MLT-03-0274;0;1;1,1;0,0;0,0;1;0
2025-11;MLT-03-0274;0;1;1,1;0,0;0,0;1;0
2025-12;MLT-03-0274;1;1;1,1;290,87;144,0;0;0
2024-01;MLT-08-0330;6;4,5;8,2;133,33;48,0;0;0
2024-02;MLT-08-0330;0;4,5;8,2;0,0;0,0;1;0
2024-03;MLT-08-0330;8;4,5;8,2;177,77;64,0;0;0
2024-04;MLT-08-0330;11;4,5;8,2;244,43;88,0;0;0
2024-05;MLT-08-0330;3;4,5;8,2;66,66;24,0;0;0
2024-06;MLT-08-0330;3;4,5;8,2;66,66;24,0;0;0
2024-07;MLT-08-0330;8;4,5;8,2;177,77;64,0;0;0
2024-08;MLT-08-0330;6;4,5;8,2;133,33;48,0;0;0
2024-09;MLT-08-0330;4;4,5;8,2;88,88;32,0;0;0
2024-10;MLT-08-0330;11;4,5;8,2;244,43;88,0;0;0
2024-11;MLT-08-0330;10;4,5;8,2;222,21;80,0;0;0
2024-12;MLT-08-0330;7;4,5;8,2;155,55;56,0;0;0
2025-01;MLT-08-0330;7;4,5;8,2;155,55;56,0;0;0
2025-02;MLT-08-0330;15;4,5;8,2;333,32;120,0;0;0
2025-03;MLT-08-0330;11;4,5;8,2;244,43;88,0;0;0
2025-04;MLT-08-0330;0;4,5;8,2;0,0;0,0;1;0
2025-05;MLT-08-0330;6;4,5;8,2;133,33;48,0;0;0
2025-06;MLT-08-0330;7;4,5;8,2;155,55;56,0;0;0
2025-07;MLT-08-0330;2;4,5;8,2;44,44;16,0;0;0
2025-08;MLT-08-0330;8;4,5;8,2;177,77;64,0;0;0
2025-09;MLT-08-0330;7;4,5;8,2;155,55;56,0;0;0
2025-10;MLT-08-0330;12;4,5;8,2;266,65;96,0;0;0
2025-11;MLT-08-0330;8;4,5;8,2;177,77;64,0;0;0
2025-12;MLT-08-0330;9;4,5;8,2;199,99;72,0;0;0
2024-01;MT-05-0040;0;1;1,1;0,0;0,0;1;0
2024-02;MT-05-0040;0;1;1,1;0,0;0,0;1;0
2024-03;MT-05-0040;0;1;1,1;0,0;0,0;1;0
2024-04;MT-05-0040;0;1;1,1;0,0;0,0;1;0
2024-05;MT-05-0040;1;1;1,1;135,07;102,9;0;0
2024-06;MT-05-0040;0;1;1,1;0,0;0,0;1;0
2024-07;MT-05-0040;0;1;1,1;0,0;0,0;1;0
2024-08;MT-05-0040;0;1;1,1;0,0;0,0;1;0
2024-09;MT-05-0040;0;1;1,1;0,0;0,0;1;0
2024-10;MT-05-0040;0;1;1,1;0,0;0,0;1;0
2024-11;MT-05-0040;0;1;1,1;0,0;0,0;1;0
2024-12;MT-05-0040;1;1;1,1;135,07;102,9;0;0
2025-01;MT-05-0040;0;1;1,1;0,0;0,0;1;0
2025-02;MT-05-0040;0;1;1,1;0,0;0,0;1;0
2025-03;MT-05-0040;0;1;1,1;0,0;0,0;1;0
2025-04;MT-05-0040;0;1;1,1;0,0;0,0;1;0
2025-05;MT-05-0040;0;1;1,1;0,0;0,0;1;0
2025-06;MT-05-0040;0;1;1,1;0,0;0,0;1;0
2025-07;MT-05-0040;0;1;1,1;0,0;0,0;1;0
2025-08;MT-05-0040;0;1;1,1;0,0;0,0;1;0
2025-09;MT-05-0040;0;1;1,1;0,0;0,0;1;0
2025-10;MT-05-0040;1;1;1,1;135,07;102,9;0;0
2025-11;MT-05-0040;0;1;1,1;0,0;0,0;1;0
2025-12;MT-05-0040;0;1;1,1;0,0;0,0;1;0
2024-01;TMM-09-0567;0;1;1,0;0,0;0,0;1;0
2024-02;TMM-09-0567;1;1;1,0;157,37;300,0;0;1
2024-03;TMM-09-0567;1;1;1,0;157,37;300,0;0;1
2024-04;TMM-09-0567;1;1;1,0;157,37;300,0;0;1
2024-05;TMM-09-0567;0;1;1,0;0,0;0,0;1;0
2024-06;TMM-09-0567;2;1;1,0;314,74;600,0;0;1
2024-07;TMM-09-0567;0;1;1,0;0,0;0,0;1;0
2024-08;TMM-09-0567;0;1;1,0;0,0;0,0;1;0
2024-09;TMM-09-0567;0;1;1,0;0,0;0,0;1;0
2024-10;TMM-09-0567;1;1;1,0;157,37;300,0;0;1
2024-11;TMM-09-0567;0;1;1,0;0,0;0,0;1;0
2024-12;TMM-09-0567;1;1;1,0;157,37;300,0;0;1
2025-01;TMM-09-0567;0;1;1,0;0,0;0,0;1;0
2025-02;TMM-09-0567;0;1;1,0;0,0;0,0;1;0
2025-03;TMM-09-0567;0;1;1,0;0,0;0,0;1;0
2025-04;TMM-09-0567;1;1;1,0;157,37;300,0;0;1
2025-05;TMM-09-0567;1;1;1,0;157,37;300,0;0;1
2025-06;TMM-09-0567;0;1;1,0;0,0;0,0;1;0
2025-07;TMM-09-0567;0;1;1,0;0,0;0,0;1;0
2025-08;TMM-09-0567;0;1;1,0;0,0;0,0;1;0
2025-09;TMM-09-0567;0;1;1,0;0,0;0,0;1;0
2025-10;TMM-09-0567;0;1;1,0;0,0;0,0;1;0
2025-11;TMM-09-0567;0;1;1,0;0,0;0,0;1;0
2025-12;TMM-09-0567;0;1;1,0;0,0;0,0;1;0
2024-01;MLT-01-0293;1;1,2;2,0;42,46;18,5;0;0
2024-02;MLT-01-0293;2;1,2;2,0;84,92;36,9;0;0
2024-03;MLT-01-0293;2;1,2;2,0;84,92;36,9;0;0
2024-04;MLT-01-0293;2;1,2;2,0;84,92;36,9;0;0
2024-05;MLT-01-0293;0;1,2;2,0;0,0;0,0;1;0
2024-06;MLT-01-0293;0;1,2;2,0;0,0;0,0;1;0
2024-07;MLT-01-0293;2;1,2;2,0;84,92;36,9;0;0
2024-08;MLT-01-0293;2;1,2;2,0;84,92;36,9;0;0
2024-09;MLT-01-0293;0;1,2;2,0;0,0;0,0;1;0
2024-10;MLT-01-0293;1;1,2;2,0;42,46;18,5;0;0
2024-11;MLT-01-0293;0;1,2;2,0;0,0;0,0;1;0
2024-12;MLT-01-0293;2;1,2;2,0;84,92;36,9;0;0
2025-01;MLT-01-0293;1;1,2;2,0;42,46;18,5;0;0
2025-02;MLT-01-0293;3;1,2;2,0;127,38;55,4;0;0
2025-03;MLT-01-0293;3;1,2;2,0;127,38;55,4;0;0
2025-04;MLT-01-0293;2;1,2;2,0;84,92;36,9;0;0
2025-05;MLT-01-0293;1;1,2;2,0;42,46;18,5;0;0
2025-06;MLT-01-0293;2;1,2;2,0;84,92;36,9;0;0
2025-07;MLT-01-0293;3;1,2;2,0;127,38;55,4;0;0
2025-08;MLT-01-0293;2;1,2;2,0;84,92;36,9;0;0
2025-09;MLT-01-0293;2;1,2;2,0;84,92;36,9;0;0
2025-10;MLT-01-0293;2;1,2;2,0;84,92;36,9;0;0
2025-11;MLT-01-0293;4;1,2;2,0;169,83;73,8;0;0
2025-12;MLT-01-0293;3;1,2;2,0;127,38;55,4;0;0
2024-01;MI-MC-08-0561;1;1;1,3;33,48;28,8;0;0
2024-02;MI-MC-08-0561;1;1;1,3;33,48;28,8;0;0
2024-03;MI-MC-08-0561;0;1;1,3;0,0;0,0;1;0
2024-04;MI-MC-08-0561;1;1;1,3;33,48;28,8;0;0
2024-05;MI-MC-08-0561;0;1;1,3;0,0;0,0;1;0
2024-06;MI-MC-08-0561;2;1;1,3;66,96;57,6;0;0
2024-07;MI-MC-08-0561;1;1;1,3;33,48;28,8;0;0
2024-08;MI-MC-08-0561;1;1;1,3;33,48;28,8;0;0
2024-09;MI-MC-08-0561;1;1;1,3;33,48;28,8;0;0
2024-10;MI-MC-08-0561;0;1;1,3;0,0;0,0;1;0
2024-11;MI-MC-08-0561;1;1;1,3;33,48;28,8;0;0
2024-12;MI-MC-08-0561;0;1;1,3;0,0;0,0;1;0
2025-01;MI-MC-08-0561;1;1;1,3;33,48;28,8;0;0
2025-02;MI-MC-08-0561;1;1;1,3;33,48;28,8;0;0
2025-03;MI-MC-08-0561;0;1;1,3;0,0;0,0;1;0
2025-04;MI-MC-08-0561;1;1;1,3;33,48;28,8;0;0
2025-05;MI-MC-08-0561;1;1;1,3;33,48;28,8;0;0
2025-06;MI-MC-08-0561;2;1;1,3;66,96;57,6;0;0
2025-07;MI-MC-08-0561;1;1;1,3;33,48;28,8;0;0
2025-08;MI-MC-08-0561;1;1;1,3;33,48;28,8;0;0
2025-09;MI-MC-08-0561;1;1;1,3;33,48;28,8;0;0
2025-10;MI-MC-08-0561;1;1;1,3;33,48;28,8;0;0
2025-11;MI-MC-08-0561;2;1;1,3;66,96;57,6;0;0
2025-12;MI-MC-08-0561;2;1;1,3;66,96;57,6;0;0
2024-01;LOAD-M-08-0850;0;1;1,3;0,0;0,0;1;0
2024-02;LOAD-M-08-0850;2;1;1,3;17,28;17,8;0;0
2024-03;LOAD-M-08-0850;2;1;1,3;17,28;17,8;0;0
2024-04;LOAD-M-08-0850;1;1;1,3;8,64;8,9;0;0
2024-05;LOAD-M-08-0850;1;1;1,3;8,64;8,9;0;0
2024-06;LOAD-M-08-0850;0;1;1,3;0,0;0,0;1;0
2024-07;LOAD-M-08-0850;0;1;1,3;0,0;0,0;1;0
2024-08;LOAD-M-08-0850;0;1;1,3;0,0;0,0;1;0
2024-09;LOAD-M-08-0850;1;1;1,3;8,64;8,9;0;0
2024-10;LOAD-M-08-0850;0;1;1,3;0,0;0,0;1;0
2024-11;LOAD-M-08-0850;1;1;1,3;8,64;8,9;0;0
2024-12;LOAD-M-08-0850;0;1;1,3;0,0;0,0;1;0
2025-01;LOAD-M-08-0850;2;1;1,3;17,28;17,8;0;0
2025-02;LOAD-M-08-0850;0;1;1,3;0,0;0,0;1;0
2025-03;LOAD-M-08-0850;1;1;1,3;8,64;8,9;0;0
2025-04;LOAD-M-08-0850;1;1;1,3;8,64;8,9;0;0
2025-05;LOAD-M-08-0850;1;1;1,3;8,64;8,9;0;0
2025-06;LOAD-M-08-0850;1;1;1,3;8,64;8,9;0;0
2025-07;LOAD-M-08-0850;0;1;1,3;0,0;0,0;1;0
2025-08;LOAD-M-08-0850;0;1;1,3;0,0;0,0;1;0
2025-09;LOAD-M-08-0850;0;1;1,3;0,0;0,0;1;0
2025-10;LOAD-M-08-0850;1;1;1,3;8,64;8,9;0;0
2025-11;LOAD-M-08-0850;1;1;1,3;8,64;8,9;0;0
2025-12;LOAD-M-08-0850;1;1;1,3;8,64;8,9;0;0
2024-01;MT-08-0175;5;5,0;9,2;36,01;12,0;0;0
2024-02;MT-08-0175;12;5,0;9,2;86,43;28,8;0;0
2024-03;MT-08-0175;6;5,0;9,2;43,22;14,4;0;0
2024-04;MT-08-0175;2;5,0;9,2;14,41;4,8;0;0
2024-05;MT-08-0175;7;5,0;9,2;50,42;16,8;0;0
2024-06;MT-08-0175;8;5,0;9,2;57,62;19,2;0;0
2024-07;MT-08-0175;9;5,0;9,2;64,82;21,6;0;0
2024-08;MT-08-0175;7;5,0;9,2;50,42;16,8;0;0
2024-09;MT-08-0175;17;5,0;9,2;122,45;40,8;0;0
2024-10;MT-08-0175;14;5,0;9,2;100,84;33,6;0;0
2024-11;MT-08-0175;5;5,0;9,2;36,01;12,0;0;0
2024-12;MT-08-0175;17;5,0;9,2;122,45;40,8;0;0
2025-01;MT-08-0175;11;5,0;9,2;79,23;26,4;0;0
2025-02;MT-08-0175;13;5,0;9,2;93,64;31,2;0;0
2025-03;MT-08-0175;6;5,0;9,2;43,22;14,4;0;0
2025-04;MT-08-0175;7;5,0;9,2;50,42;16,8;0;0
2025-05;MT-08-0175;6;5,0;9,2;43,22;14,4;0;0
2025-06;MT-08-0175;6;5,0;9,2;43,22;14,4;0;0
2025-07;MT-08-0175;12;5,0;9,2;86,43;28,8;0;0
2025-08;MT-08-0175;15;5,0;9,2;108,04;36,0;0;0
2025-09;MT-08-0175;9;5,0;9,2;64,82;21,6;0;0
2025-10;MT-08-0175;16;5,0;9,2;115,24;38,4;0;0
2025-11;MT-08-0175;14;5,0;9,2;100,84;33,6;0;0
2025-12;MT-08-0175;5;5,0;9,2;36,01;12,0;0;0
2024-01;MRT-09-0418;0;1;1,3;0,0;0,0;1;0
2024-02;MRT-09-0418;1;1;1,3;93,03;144,0;0;0
2024-03;MRT-09-0418;1;1;1,3;93,03;144,0;0;0
2024-04;MRT-09-0418;1;1;1,3;93,03;144,0;0;0
2024-05;MRT-09-0418;0;1;1,3;0,0;0,0;1;0
2024-06;MRT-09-0418;0;1;1,3;0,0;0,0;1;0
2024-07;MRT-09-0418;1;1;1,3;93,03;144,0;0;0
2024-08;MRT-09-0418;0;1;1,3;0,0;0,0;1;0
2024-09;MRT-09-0418;0;1;1,3;0,0;0,0;1;0
2024-10;MRT-09-0418;0;1;1,3;0,0;0,0;1;0
2024-11;MRT-09-0418;1;1;1,3;93,03;144,0;0;0
2024-12;MRT-09-0418;1;1;1,3;93,03;144,0;0;0
2025-01;MRT-09-0418;0;1;1,3;0,0;0,0;1;0
2025-02;MRT-09-0418;1;1;1,3;93,03;144,0;0;0
2025-03;MRT-09-0418;1;1;1,3;93,03;144,0;0;0
2025-04;MRT-09-0418;1;1;1,3;93,03;144,0;0;0
2025-05;MRT-09-0418;1;1;1,3;93,03;144,0;0;0
2025-06;MRT-09-0418;1;1;1,3;93,03;144,0;0;0
2025-07;MRT-09-0418;1;1;1,3;93,03;144,0;0;0
2025-08;MRT-09-0418;1;1;1,3;93,03;144,0;0;0
2025-09;MRT-09-0418;1;1;1,3;93,03;144,0;0;0
2025-10;MRT-09-0418;0;1;1,3;0,0;0,0;1;0
2025-11;MRT-09-0418;1;1;1,3;93,03;144,0;0;0
2025-12;MRT-09-0418;1;1;1,3;93,03;144,0;0;0
2024-01;MLT-01-0288;0;1;1,2;0,0;0,0;1;0
2024-02;MLT-01-0288;1;1;1,2;35,36;15,7;0;0
2024-03;MLT-01-0288;1;1;1,2;35,36;15,7;0;0
2024-04;MLT-01-0288;1;1;1,2;35,36;15,7;0;0
2024-05;MLT-01-0288;1;1;1,2;35,36;15,7;0;0
2024-06;MLT-01-0288;0;1;1,2;0,0;0,0;1;0
2024-07;MLT-01-0288;1;1;1,2;35,36;15,7;0;0
2024-08;MLT-01-0288;1;1;1,2;35,36;15,7;0;0
2024-09;MLT-01-0288;1;1;1,2;35,36;15,7;0;0
2024-10;MLT-01-0288;0;1;1,2;0,0;0,0;1;0
2024-11;MLT-01-0288;0;1;1,2;0,0;0,0;1;0
2024-12;MLT-01-0288;1;1;1,2;35,36;15,7;0;0
2025-01;MLT-01-0288;1;1;1,2;35,36;15,7;0;0
2025-02;MLT-01-0288;1;1;1,2;35,36;15,7;0;0
2025-03;MLT-01-0288;1;1;1,2;35,36;15,7;0;0
2025-04;MLT-01-0288;1;1;1,2;35,36;15,7;0;0
2025-05;MLT-01-0288;1;1;1,2;35,36;15,7;0;0
2025-06;MLT-01-0288;0;1;1,2;0,0;0,0;1;0
2025-07;MLT-01-0288;1;1;1,2;35,36;15,7;0;0
2025-08;MLT-01-0288;1;1;1,2;35,36;15,7;0;0
2025-09;MLT-01-0288;0;1;1,2;0,0;0,0;1;0
2025-10;MLT-01-0288;0;1;1,2;0,0;0,0;1;0
2025-11;MLT-01-0288;2;1;1,2;70,71;31,3;0;0
2025-12;MLT-01-0288;0;1;1,2;0,0;0,0;1;0
2024-01;AWP-06-0661;0;1;1,4;0,0;0,0;1;0
2024-02;AWP-06-0661;1;1;1,4;49,88;60,0;0;0
2024-03;AWP-06-0661;2;1;1,4;99,76;120,0;0;0
2024-04;AWP-06-0661;1;1;1,4;49,88;60,0;0;0
2024-05;AWP-06-0661;1;1;1,4;49,88;60,0;0;0
2024-06;AWP-06-0661;1;1;1,4;49,88;60,0;0;0
2024-07;AWP-06-0661;1;1;1,4;49,88;60,0;0;0
2024-08;AWP-06-0661;0;1;1,4;0,0;0,0;1;0
2024-09;AWP-06-0661;0;1;1,4;0,0;0,0;1;0
2024-10;AWP-06-0661;0;1;1,4;0,0;0,0;1;0
2024-11;AWP-06-0661;1;1;1,4;49,88;60,0;0;0
2024-12;AWP-06-0661;0;1;1,4;0,0;0,0;1;0
2025-01;AWP-06-0661;1;1;1,4;49,88;60,0;0;0
2025-02;AWP-06-0661;3;1;1,4;149,65;180,0;0;0
2025-03;AWP-06-0661;0;1;1,4;0,0;0,0;1;0
2025-04;AWP-06-0661;1;1;1,4;49,88;60,0;0;0
2025-05;AWP-06-0661;0;1;1,4;0,0;0,0;1;0
2025-06;AWP-06-0661;1;1;1,4;49,88;60,0;0;0
2025-07;AWP-06-0661;1;1;1,4;49,88;60,0;0;0
2025-08;AWP-06-0661;1;1;1,4;49,88;60,0;0;0
2025-09;AWP-06-0661;1;1;1,4;49,88;60,0;0;0
2025-10;AWP-06-0661;2;1;1,4;99,76;120,0;0;0
2025-11;AWP-06-0661;0;1;1,4;0,0;0,0;1;0
2025-12;AWP-06-0661;2;1;1,4;99,76;120,0;0;0
2024-01;MI-MC-08-0536;40;12,1;19,7;392,72;238,0;0;0
2024-02;MI-MC-08-0536;4;12,1;19,7;39,27;23,8;0;0
2024-03;MI-MC-08-0536;9;12,1;19,7;88,36;53,6;0;0
2024-04;MI-MC-08-0536;24;12,1;19,7;235,63;142,8;0;0
2024-05;MI-MC-08-0536;0;12,1;19,7;0,0;0,0;1;0
2024-06;MI-MC-08-0536;22;12,1;19,7;215,99;130,9;0;0
2024-07;MI-MC-08-0536;17;12,1;19,7;166,91;101,2;0;0
2024-08;MI-MC-08-0536;27;12,1;19,7;265,08;160,7;0;0
2024-09;MI-MC-08-0536;29;12,1;19,7;284,72;172,6;0;0
2024-10;MI-MC-08-0536;19;12,1;19,7;186,54;113,1;0;0
2024-11;MI-MC-08-0536;10;12,1;19,7;98,18;59,5;0;0
2024-12;MI-MC-08-0536;13;12,1;19,7;127,63;77,4;0;0
2025-01;MI-MC-08-0536;21;12,1;19,7;206,18;125,0;0;0
2025-02;MI-MC-08-0536;23;12,1;19,7;225,81;136,9;0;0
2025-03;MI-MC-08-0536;24;12,1;19,7;235,63;142,8;0;0
2025-04;MI-MC-08-0536;13;12,1;19,7;127,63;77,4;0;0
2025-05;MI-MC-08-0536;9;12,1;19,7;88,36;53,6;0;0
2025-06;MI-MC-08-0536;27;12,1;19,7;265,08;160,7;0;0
2025-07;MI-MC-08-0536;0;12,1;19,7;0,0;0,0;1;0
2025-08;MI-MC-08-0536;16;12,1;19,7;157,09;95,2;0;0
2025-09;MI-MC-08-0536;18;12,1;19,7;176,72;107,1;0;0
2025-10;MI-MC-08-0536;20;12,1;19,7;196,36;119,0;0;0
2025-11;MI-MC-08-0536;48;12,1;19,7;471,26;285,6;0;0
2025-12;MI-MC-08-0536;18;12,1;19,7;176,72;107,1;0;0
2024-01;MI-MC-01-0464;2;1;1,2;80,24;57,6;0;0
2024-02;MI-MC-01-0464;0;1;1,2;0,0;0,0;1;0
2024-03;MI-MC-01-0464;1;1;1,2;40,12;28,8;0;0
2024-04;MI-MC-01-0464;1;1;1,2;40,12;28,8;0;0
2024-05;MI-MC-01-0464;1;1;1,2;40,12;28,8;0;0
2024-06;MI-MC-01-0464;0;1;1,2;0,0;0,0;1;0
2024-07;MI-MC-01-0464;0;1;1,2;0,0;0,0;1;0
2024-08;MI-MC-01-0464;1;1;1,2;40,12;28,8;0;0
2024-09;MI-MC-01-0464;0;1;1,2;0,0;0,0;1;0
2024-10;MI-MC-01-0464;1;1;1,2;40,12;28,8;0;0
2024-11;MI-MC-01-0464;1;1;1,2;40,12;28,8;0;0
2024-12;MI-MC-01-0464;0;1;1,2;0,0;0,0;1;0
2025-01;MI-MC-01-0464;2;1;1,2;80,24;57,6;0;0
2025-02;MI-MC-01-0464;1;1;1,2;40,12;28,8;0;0
2025-03;MI-MC-01-0464;0;1;1,2;0,0;0,0;1;0
2025-04;MI-MC-01-0464;1;1;1,2;40,12;28,8;0;0
2025-05;MI-MC-01-0464;0;1;1,2;0,0;0,0;1;0
2025-06;MI-MC-01-0464;0;1;1,2;0,0;0,0;1;0
2025-07;MI-MC-01-0464;1;1;1,2;40,12;28,8;0;0
2025-08;MI-MC-01-0464;2;1;1,2;80,24;57,6;0;0
2025-09;MI-MC-01-0464;0;1;1,2;0,0;0,0;1;0
2025-10;MI-MC-01-0464;1;1;1,2;40,12;28,8;0;0
2025-11;MI-MC-01-0464;1;1;1,2;40,12;28,8;0;0
2025-12;MI-MC-01-0464;1;1;1,2;40,12;28,8;0;0
2024-01;MT-08-0068;7;2,3;4,2;135,21;51,4;0;0
2024-02;MT-08-0068;3;2,3;4,2;57,95;22,0;0;0
2024-03;MT-08-0068;7;2,3;4,2;135,21;51,4;0;0
2024-04;MT-08-0068;5;2,3;4,2;96,58;36,7;0;0
2024-05;MT-08-0068;3;2,3;4,2;57,95;22,0;0;0
2024-06;MT-08-0068;6;2,3;4,2;115,9;44,1;0;0
2024-07;MT-08-0068;2;2,3;4,2;38,63;14,7;0;0
2024-08;MT-08-0068;6;2,3;4,2;115,9;44,1;0;0
2024-09;MT-08-0068;3;2,3;4,2;57,95;22,0;0;0
2024-10;MT-08-0068;5;2,3;4,2;96,58;36,7;0;0
2024-11;MT-08-0068;5;2,3;4,2;96,58;36,7;0;0
2024-12;MT-08-0068;5;2,3;4,2;96,58;36,7;0;0
2025-01;MT-08-0068;8;2,3;4,2;154,53;58,8;0;0
2025-02;MT-08-0068;6;2,3;4,2;115,9;44,1;0;0
2025-03;MT-08-0068;2;2,3;4,2;38,63;14,7;0;0
2025-04;MT-08-0068;6;2,3;4,2;115,9;44,1;0;0
2025-05;MT-08-0068;3;2,3;4,2;57,95;22,0;0;0
2025-06;MT-08-0068;2;2,3;4,2;38,63;14,7;0;0
2025-07;MT-08-0068;5;2,3;4,2;96,58;36,7;0;0
2025-08;MT-08-0068;4;2,3;4,2;77,26;29,4;0;0
2025-09;MT-08-0068;2;2,3;4,2;38,63;14,7;0;0
2025-10;MT-08-0068;8;2,3;4,2;154,53;58,8;0;0
2025-11;MT-08-0068;3;2,3;4,2;57,95;22,0;0;0
2025-12;MT-08-0068;6;2,3;4,2;115,9;44,1;0;0
2024-01;LOAD-08-0785;1;1;1,3;19,23;18,0;0;0
2024-02;LOAD-08-0785;0;1;1,3;0,0;0,0;1;0
2024-03;LOAD-08-0785;2;1;1,3;38,47;36,0;0;0
2024-04;LOAD-08-0785;0;1;1,3;0,0;0,0;1;0
2024-05;LOAD-08-0785;2;1;1,3;38,47;36,0;0;0
2024-06;LOAD-08-0785;0;1;1,3;0,0;0,0;1;0
2024-07;LOAD-08-0785;1;1;1,3;19,23;18,0;0;0
2024-08;LOAD-08-0785;1;1;1,3;19,23;18,0;0;0
2024-09;LOAD-08-0785;2;1;1,3;38,47;36,0;0;0
2024-10;LOAD-08-0785;1;1;1,3;19,23;18,0;0;0
2024-11;LOAD-08-0785;1;1;1,3;19,23;18,0;0;0
2024-12;LOAD-08-0785;1;1;1,3;19,23;18,0;0;0
2025-01;LOAD-08-0785;2;1;1,3;38,47;36,0;0;0
2025-02;LOAD-08-0785;0;1;1,3;0,0;0,0;1;0
2025-03;LOAD-08-0785;1;1;1,3;19,23;18,0;0;0
2025-04;LOAD-08-0785;1;1;1,3;19,23;18,0;0;0
2025-05;LOAD-08-0785;1;1;1,3;19,23;18,0;0;0
2025-06;LOAD-08-0785;0;1;1,3;0,0;0,0;1;0
2025-07;LOAD-08-0785;1;1;1,3;19,23;18,0;0;0
2025-08;LOAD-08-0785;3;1;1,3;57,7;54,0;0;0
2025-09;LOAD-08-0785;0;1;1,3;0,0;0,0;1;0
2025-10;LOAD-08-0785;1;1;1,3;19,23;18,0;0;0
2025-11;LOAD-08-0785;0;1;1,3;0,0;0,0;1;0
2025-12;LOAD-08-0785;1;1;1,3;19,23;18,0;0;0
2024-01;MI-MC-02-0496;1;1;1,1;120,6;42,4;0;0
2024-02;MI-MC-02-0496;0;1;1,1;0,0;0,0;1;0
2024-03;MI-MC-02-0496;0;1;1,1;0,0;0,0;1;0
2024-04;MI-MC-02-0496;0;1;1,1;0,0;0,0;1;0
2024-05;MI-MC-02-0496;0;1;1,1;0,0;0,0;1;0
2024-06;MI-MC-02-0496;0;1;1,1;0,0;0,0;1;0
2024-07;MI-MC-02-0496;0;1;1,1;0,0;0,0;1;0
2024-08;MI-MC-02-0496;2;1;1,1;241,2;84,7;0;0
2024-09;MI-MC-02-0496;0;1;1,1;0,0;0,0;1;0
2024-10;MI-MC-02-0496;1;1;1,1;120,6;42,4;0;0
2024-11;MI-MC-02-0496;0;1;1,1;0,0;0,0;1;0
2024-12;MI-MC-02-0496;1;1;1,1;120,6;42,4;0;0
2025-01;MI-MC-02-0496;0;1;1,1;0,0;0,0;1;0
2025-02;MI-MC-02-0496;0;1;1,1;0,0;0,0;1;0
2025-03;MI-MC-02-0496;0;1;1,1;0,0;0,0;1;0
2025-04;MI-MC-02-0496;1;1;1,1;120,6;42,4;0;0
2025-05;MI-MC-02-0496;1;1;1,1;120,6;42,4;0;0
2025-06;MI-MC-02-0496;0;1;1,1;0,0;0,0;1;0
2025-07;MI-MC-02-0496;1;1;1,1;120,6;42,4;0;0
2025-08;MI-MC-02-0496;1;1;1,1;120,6;42,4;0;0
2025-09;MI-MC-02-0496;0;1;1,1;0,0;0,0;1;0
2025-10;MI-MC-02-0496;1;1;1,1;120,6;42,4;0;0
2025-11;MI-MC-02-0496;1;1;1,1;120,6;42,4;0;0
2025-12;MI-MC-02-0496;0;1;1,1;0,0;0,0;1;0
2024-01;MLT-01-0307;1;1;1,2;24,0;12,0;0;0
2024-02;MLT-01-0307;1;1;1,2;24,0;12,0;0;0
2024-03;MLT-01-0307;1;1;1,2;24,0;12,0;0;0
2024-04;MLT-01-0307;0;1;1,2;0,0;0,0;1;0
2024-05;MLT-01-0307;1;1;1,2;24,0;12,0;0;0
2024-06;MLT-01-0307;1;1;1,2;24,0;12,0;0;0
2024-07;MLT-01-0307;2;1;1,2;48,0;24,0;0;0
2024-08;MLT-01-0307;1;1;1,2;24,0;12,0;0;0
2024-09;MLT-01-0307;0;1;1,2;0,0;0,0;1;0
2024-10;MLT-01-0307;0;1;1,2;0,0;0,0;1;0
2024-11;MLT-01-0307;1;1;1,2;24,0;12,0;0;0
2024-12;MLT-01-0307;1;1;1,2;24,0;12,0;0;0
2025-01;MLT-01-0307;0;1;1,2;0,0;0,0;1;0
2025-02;MLT-01-0307;1;1;1,2;24,0;12,0;0;0
2025-03;MLT-01-0307;1;1;1,2;24,0;12,0;0;0
2025-04;MLT-01-0307;1;1;1,2;24,0;12,0;0;0
2025-05;MLT-01-0307;0;1;1,2;0,0;0,0;1;0
2025-06;MLT-01-0307;0;1;1,2;0,0;0,0;1;0
2025-07;MLT-01-0307;1;1;1,2;24,0;12,0;0;0
2025-08;MLT-01-0307;1;1;1,2;24,0;12,0;0;0
2025-09;MLT-01-0307;0;1;1,2;0,0;0,0;1;0
2025-10;MLT-01-0307;0;1;1,2;0,0;0,0;1;0
2025-11;MLT-01-0307;1;1;1,2;24,0;12,0;0;0
2025-12;MLT-01-0307;1;1;1,2;24,0;12,0;0;0
2024-01;MT-05-0111;1;1;1,0;177,15;102,9;0;0
2024-02;MT-05-0111;1;1;1,0;177,15;102,9;0;0
2024-03;MT-05-0111;1;1;1,0;177,15;102,9;0;0
2024-04;MT-05-0111;1;1;1,0;177,15;102,9;0;0
2024-05;MT-05-0111;0;1;1,0;0,0;0,0;1;0
2024-06;MT-05-0111;0;1;1,0;0,0;0,0;1;0
2024-07;MT-05-0111;0;1;1,0;0,0;0,0;1;0
2024-08;MT-05-0111;1;1;1,0;177,15;102,9;0;0
2024-09;MT-05-0111;0;1;1,0;0,0;0,0;1;0
2024-10;MT-05-0111;1;1;1,0;177,15;102,9;0;0
2024-11;MT-05-0111;0;1;1,0;0,0;0,0;1;0
2024-12;MT-05-0111;1;1;1,0;177,15;102,9;0;0
2025-01;MT-05-0111;1;1;1,0;177,15;102,9;0;0
2025-02;MT-05-0111;0;1;1,0;0,0;0,0;1;0
2025-03;MT-05-0111;1;1;1,0;177,15;102,9;0;0
2025-04;MT-05-0111;0;1;1,0;0,0;0,0;1;0
2025-05;MT-05-0111;0;1;1,0;0,0;0,0;1;0
2025-06;MT-05-0111;0;1;1,0;0,0;0,0;1;0
2025-07;MT-05-0111;0;1;1,0;0,0;0,0;1;0
2025-08;MT-05-0111;0;1;1,0;0,0;0,0;1;0
2025-09;MT-05-0111;1;1;1,0;177,15;102,9;0;0
2025-10;MT-05-0111;0;1;1,0;0,0;0,0;1;0
2025-11;MT-05-0111;0;1;1,0;0,0;0,0;1;0
2025-12;MT-05-0111;0;1;1,0;0,0;0,0;1;0
2024-01;MT-05-0074;2;1,2;2,0;146,19;80,0;0;0
2024-02;MT-05-0074;1;1,2;2,0;73,09;40,0;0;0
2024-03;MT-05-0074;2;1,2;2,0;146,19;80,0;0;0
2024-04;MT-05-0074;3;1,2;2,0;219,28;120,0;0;0
2024-05;MT-05-0074;1;1,2;2,0;73,09;40,0;0;0
2024-06;MT-05-0074;1;1,2;2,0;73,09;40,0;0;0
2024-07;MT-05-0074;2;1,2;2,0;146,19;80,0;0;0
2024-08;MT-05-0074;0;1,2;2,0;0,0;0,0;1;0
2024-09;MT-05-0074;1;1,2;2,0;73,09;40,0;0;0
2024-10;MT-05-0074;0;1,2;2,0;0,0;0,0;1;0
2024-11;MT-05-0074;2;1,2;2,0;146,19;80,0;0;0
2024-12;MT-05-0074;2;1,2;2,0;146,19;80,0;0;0
2025-01;MT-05-0074;1;1,2;2,0;73,09;40,0;0;0
2025-02;MT-05-0074;3;1,2;2,0;219,28;120,0;0;0
2025-03;MT-05-0074;2;1,2;2,0;146,19;80,0;0;0
2025-04;MT-05-0074;1;1,2;2,0;73,09;40,0;0;0
2025-05;MT-05-0074;1;1,2;2,0;73,09;40,0;0;0
2025-06;MT-05-0074;1;1,2;2,0;73,09;40,0;0;0
2025-07;MT-05-0074;2;1,2;2,0;146,19;80,0;0;0
2025-08;MT-05-0074;2;1,2;2,0;146,19;80,0;0;0
2025-09;MT-05-0074;1;1,2;2,0;73,09;40,0;0;0
2025-10;MT-05-0074;0;1,2;2,0;0,0;0,0;1;0
2025-11;MT-05-0074;3;1,2;2,0;219,28;120,0;0;0
2025-12;MT-05-0074;1;1,2;2,0;73,09;40,0;0;0
2024-01;MLT-08-0369;1;1;1,3;17,93;9,5;0;0
2024-02;MLT-08-0369;1;1;1,3;17,93;9,5;0;0
2024-03;MLT-08-0369;2;1;1,3;35,87;18,9;0;0
2024-04;MLT-08-0369;1;1;1,3;17,93;9,5;0;0
2024-05;MLT-08-0369;1;1;1,3;17,93;9,5;0;0
2024-06;MLT-08-0369;0;1;1,3;0,0;0,0;1;0
2024-07;MLT-08-0369;1;1;1,3;17,93;9,5;0;0
2024-08;MLT-08-0369;0;1;1,3;0,0;0,0;1;0
2024-09;MLT-08-0369;1;1;1,3;17,93;9,5;0;0
2024-10;MLT-08-0369;1;1;1,3;17,93;9,5;0;0
2024-11;MLT-08-0369;1;1;1,3;17,93;9,5;0;0
2024-12;MLT-08-0369;0;1;1,3;0,0;0,0;1;0
2025-01;MLT-08-0369;1;1;1,3;17,93;9,5;0;0
2025-02;MLT-08-0369;0;1;1,3;0,0;0,0;1;0
2025-03;MLT-08-0369;1;1;1,3;17,93;9,5;0;0
2025-04;MLT-08-0369;1;1;1,3;17,93;9,5;0;0
2025-05;MLT-08-0369;0;1;1,3;0,0;0,0;1;0
2025-06;MLT-08-0369;1;1;1,3;17,93;9,5;0;0
2025-07;MLT-08-0369;1;1;1,3;17,93;9,5;0;0
2025-08;MLT-08-0369;2;1;1,3;35,87;18,9;0;0
2025-09;MLT-08-0369;1;1;1,3;17,93;9,5;0;0
2025-10;MLT-08-0369;1;1;1,3;17,93;9,5;0;0
2025-11;MLT-08-0369;2;1;1,3;35,87;18,9;0;0
2025-12;MLT-08-0369;2;1;1,3;35,87;18,9;0;0
2024-01;MLT-02-0253;1;1;1,1;77,79;65,5;0;0
2024-02;MLT-02-0253;1;1;1,1;77,79;65,5;0;0
2024-03;MLT-02-0253;0;1;1,1;0,0;0,0;1;0
2024-04;MLT-02-0253;1;1;1,1;77,79;65,5;0;0
2024-05;MLT-02-0253;1;1;1,1;77,79;65,5;0;0
2024-06;MLT-02-0253;1;1;1,1;77,79;65,5;0;0
2024-07;MLT-02-0253;1;1;1,1;77,79;65,5;0;0
2024-08;MLT-02-0253;1;1;1,1;77,79;65,5;0;0
2024-09;MLT-02-0253;0;1;1,1;0,0;0,0;1;0
2024-10;MLT-02-0253;1;1;1,1;77,79;65,5;0;0
2024-11;MLT-02-0253;1;1;1,1;77,79;65,5;0;0
2024-12;MLT-02-0253;1;1;1,1;77,79;65,5;0;0
2025-01;MLT-02-0253;1;1;1,1;77,79;65,5;0;0
2025-02;MLT-02-0253;2;1;1,1;155,58;130,9;0;0
2025-03;MLT-02-0253;0;1;1,1;0,0;0,0;1;0
2025-04;MLT-02-0253;0;1;1,1;0,0;0,0;1;0
2025-05;MLT-02-0253;1;1;1,1;77,79;65,5;0;0
2025-06;MLT-02-0253;1;1;1,1;77,79;65,5;0;0
2025-07;MLT-02-0253;0;1;1,1;0,0;0,0;1;0
2025-08;MLT-02-0253;2;1;1,1;155,58;130,9;0;0
2025-09;MLT-02-0253;1;1;1,1;77,79;65,5;0;0
2025-10;MLT-02-0253;0;1;1,1;0,0;0,0;1;0
2025-11;MLT-02-0253;0;1;1,1;0,0;0,0;1;0
2025-12;MLT-02-0253;1;1;1,1;77,79;65,5;0;0
2024-01;MI-MC-01-0509;2;1;1,8;24,23;12,5;0;0
2024-02;MI-MC-01-0509;1;1;1,8;12,12;6,3;0;0
2024-03;MI-MC-01-0509;3;1;1,8;36,35;18,8;0;0
2024-04;MI-MC-01-0509;1;1;1,8;12,12;6,3;0;0
2024-05;MI-MC-01-0509;1;1;1,8;12,12;6,3;0;0
2024-06;MI-MC-01-0509;2;1;1,8;24,23;12,5;0;0
2024-07;MI-MC-01-0509;1;1;1,8;12,12;6,3;0;0
2024-08;MI-MC-01-0509;3;1;1,8;36,35;18,8;0;0
2024-09;MI-MC-01-0509;1;1;1,8;12,12;6,3;0;0
2024-10;MI-MC-01-0509;1;1;1,8;12,12;6,3;0;0
2024-11;MI-MC-01-0509;1;1;1,8;12,12;6,3;0;0
2024-12;MI-MC-01-0509;0;1;1,8;0,0;0,0;1;0
2025-01;MI-MC-01-0509;1;1;1,8;12,12;6,3;0;0
2025-02;MI-MC-01-0509;0;1;1,8;0,0;0,0;1;0
2025-03;MI-MC-01-0509;0;1;1,8;0,0;0,0;1;0
2025-04;MI-MC-01-0509;1;1;1,8;12,12;6,3;0;0
2025-05;MI-MC-01-0509;1;1;1,8;12,12;6,3;0;0
2025-06;MI-MC-01-0509;1;1;1,8;12,12;6,3;0;0
2025-07;MI-MC-01-0509;2;1;1,8;24,23;12,5;0;0
2025-08;MI-MC-01-0509;0;1;1,8;0,0;0,0;1;0
2025-09;MI-MC-01-0509;3;1;1,8;36,35;18,8;0;0
2025-10;MI-MC-01-0509;1;1;1,8;12,12;6,3;0;0
2025-11;MI-MC-01-0509;0;1;1,8;0,0;0,0;1;0
2025-12;MI-MC-01-0509;1;1;1,8;12,12;6,3;0;0
2024-01;MI-MC-06-0479;1;1;1,1;117,9;90,0;0;0
2024-02;MI-MC-06-0479;1;1;1,1;117,9;90,0;0;0
2024-03;MI-MC-06-0479;2;1;1,1;235,79;180,0;0;0
2024-04;MI-MC-06-0479;1;1;1,1;117,9;90,0;0;0
2024-05;MI-MC-06-0479;0;1;1,1;0,0;0,0;1;0
2024-06;MI-MC-06-0479;1;1;1,1;117,9;90,0;0;0
2024-07;MI-MC-06-0479;0;1;1,1;0,0;0,0;1;0
2024-08;MI-MC-06-0479;0;1;1,1;0,0;0,0;1;0
2024-09;MI-MC-06-0479;0;1;1,1;0,0;0,0;1;0
2024-10;MI-MC-06-0479;0;1;1,1;0,0;0,0;1;0
2024-11;MI-MC-06-0479;1;1;1,1;117,9;90,0;0;0
2024-12;MI-MC-06-0479;0;1;1,1;0,0;0,0;1;0
2025-01;MI-MC-06-0479;0;1;1,1;0,0;0,0;1;0
2025-02;MI-MC-06-0479;0;1;1,1;0,0;0,0;1;0
2025-03;MI-MC-06-0479;0;1;1,1;0,0;0,0;1;0
2025-04;MI-MC-06-0479;1;1;1,1;117,9;90,0;0;0
2025-05;MI-MC-06-0479;0;1;1,1;0,0;0,0;1;0
2025-06;MI-MC-06-0479;1;1;1,1;117,9;90,0;0;0
2025-07;MI-MC-06-0479;0;1;1,1;0,0;0,0;1;0
2025-08;MI-MC-06-0479;1;1;1,1;117,9;90,0;0;0
2025-09;MI-MC-06-0479;1;1;1,1;117,9;90,0;0;0
2025-10;MI-MC-06-0479;1;1;1,1;117,9;90,0;0;0
2025-11;MI-MC-06-0479;0;1;1,1;0,0;0,0;1;0
2025-12;MI-MC-06-0479;1;1;1,1;117,9;90,0;0;0
2024-01;MLT-05-0238;1;1;1,1;96,45;51,4;0;0
2024-02;MLT-05-0238;0;1;1,1;0,0;0,0;1;0
2024-03;MLT-05-0238;1;1;1,1;96,45;51,4;0;0
2024-04;MLT-05-0238;1;1;1,1;96,45;51,4;0;0
2024-05;MLT-05-0238;1;1;1,1;96,45;51,4;0;0
2024-06;MLT-05-0238;1;1;1,1;96,45;51,4;0;0
2024-07;MLT-05-0238;1;1;1,1;96,45;51,4;0;0
2024-08;MLT-05-0238;1;1;1,1;96,45;51,4;0;0
2024-09;MLT-05-0238;1;1;1,1;96,45;51,4;0;0
2024-10;MLT-05-0238;0;1;1,1;0,0;0,0;1;0
2024-11;MLT-05-0238;1;1;1,1;96,45;51,4;0;0
2024-12;MLT-05-0238;0;1;1,1;0,0;0,0;1;0
2025-01;MLT-05-0238;1;1;1,1;96,45;51,4;0;0
2025-02;MLT-05-0238;1;1;1,1;96,45;51,4;0;0
2025-03;MLT-05-0238;1;1;1,1;96,45;51,4;0;0
2025-04;MLT-05-0238;1;1;1,1;96,45;51,4;0;0
2025-05;MLT-05-0238;1;1;1,1;96,45;51,4;0;0
2025-06;MLT-05-0238;1;1;1,1;96,45;51,4;0;0
2025-07;MLT-05-0238;1;1;1,1;96,45;51,4;0;0
2025-08;MLT-05-0238;0;1;1,1;0,0;0,0;1;0
2025-09;MLT-05-0238;1;1;1,1;96,45;51,4;0;0
2025-10;MLT-05-0238;1;1;1,1;96,45;51,4;0;0
2025-11;MLT-05-0238;1;1;1,1;96,45;51,4;0;0
2025-12;MLT-05-0238;0;1;1,1;0,0;0,0;1;0
2024-01;MRT-01-0432;1;1;1,5;15,57;9,7;0;0
2024-02;MRT-01-0432;2;1;1,5;31,14;19,5;0;0
2024-03;MRT-01-0432;1;1;1,5;15,57;9,7;0;0
2024-04;MRT-01-0432;1;1;1,5;15,57;9,7;0;0
2024-05;MRT-01-0432;0;1;1,5;0,0;0,0;1;0
2024-06;MRT-01-0432;1;1;1,5;15,57;9,7;0;0
2024-07;MRT-01-0432;1;1;1,5;15,57;9,7;0;0
2024-08;MRT-01-0432;0;1;1,5;0,0;0,0;1;0
2024-09;MRT-01-0432;1;1;1,5;15,57;9,7;0;0
2024-10;MRT-01-0432;1;1;1,5;15,57;9,7;0;0
2024-11;MRT-01-0432;0;1;1,5;0,0;0,0;1;0
2024-12;MRT-01-0432;2;1;1,5;31,14;19,5;0;0
2025-01;MRT-01-0432;1;1;1,5;15,57;9,7;0;0
2025-02;MRT-01-0432;0;1;1,5;0,0;0,0;1;0
2025-03;MRT-01-0432;0;1;1,5;0,0;0,0;1;0
2025-04;MRT-01-0432;1;1;1,5;15,57;9,7;0;0
2025-05;MRT-01-0432;1;1;1,5;15,57;9,7;0;0
2025-06;MRT-01-0432;2;1;1,5;31,14;19,5;0;0
2025-07;MRT-01-0432;1;1;1,5;15,57;9,7;0;0
2025-08;MRT-01-0432;1;1;1,5;15,57;9,7;0;0
2025-09;MRT-01-0432;2;1;1,5;31,14;19,5;0;0
2025-10;MRT-01-0432;2;1;1,5;31,14;19,5;0;0
2025-11;MRT-01-0432;1;1;1,5;15,57;9,7;0;0
2025-12;MRT-01-0432;0;1;1,5;0,0;0,0;1;0
2024-01;LOAD-01-0718;10;5,5;8,9;215,58;130,9;0;0
2024-02;LOAD-01-0718;8;5,5;8,9;172,46;104,7;0;0
2024-03;LOAD-01-0718;0;5,5;8,9;0,0;0,0;1;0
2024-04;LOAD-01-0718;8;5,5;8,9;172,46;104,7;0;0
2024-05;LOAD-01-0718;0;5,5;8,9;0,0;0,0;1;0
2024-06;LOAD-01-0718;6;5,5;8,9;129,35;78,5;0;0
2024-07;LOAD-01-0718;2;5,5;8,9;43,12;26,2;0;0
2024-08;LOAD-01-0718;8;5,5;8,9;172,46;104,7;0;0
2024-09;LOAD-01-0718;10;5,5;8,9;215,58;130,9;0;0
2024-10;LOAD-01-0718;12;5,5;8,9;258,69;157,1;0;0
2024-11;LOAD-01-0718;14;5,5;8,9;301,81;183,3;0;0
2024-12;LOAD-01-0718;8;5,5;8,9;172,46;104,7;0;0
2025-01;LOAD-01-0718;8;5,5;8,9;172,46;104,7;0;0
2025-02;LOAD-01-0718;8;5,5;8,9;172,46;104,7;0;0
2025-03;LOAD-01-0718;9;5,5;8,9;194,02;117,8;0;0
2025-04;LOAD-01-0718;7;5,5;8,9;150,9;91,6;0;0
2025-05;LOAD-01-0718;2;5,5;8,9;43,12;26,2;0;0
2025-06;LOAD-01-0718;7;5,5;8,9;150,9;91,6;0;0
2025-07;LOAD-01-0718;4;5,5;8,9;86,23;52,4;0;0
2025-08;LOAD-01-0718;13;5,5;8,9;280,25;170,2;0;0
2025-09;LOAD-01-0718;9;5,5;8,9;194,02;117,8;0;0
2025-10;LOAD-01-0718;4;5,5;8,9;86,23;52,4;0;0
2025-11;LOAD-01-0718;9;5,5;8,9;194,02;117,8;0;0
2025-12;LOAD-01-0718;7;5,5;8,9;150,9;91,6;0;0
2024-01;LOAD-01-0788;8;2,1;3,9;132,31;137,1;0;0
2024-02;LOAD-01-0788;7;2,1;3,9;115,77;120,0;0;0
2024-03;LOAD-01-0788;2;2,1;3,9;33,08;34,3;0;0
2024-04;LOAD-01-0788;4;2,1;3,9;66,15;68,6;0;0
2024-05;LOAD-01-0788;5;2,1;3,9;82,69;85,7;0;0
2024-06;LOAD-01-0788;2;2,1;3,9;33,08;34,3;0;0
2024-07;LOAD-01-0788;2;2,1;3,9;33,08;34,3;0;0
2024-08;LOAD-01-0788;5;2,1;3,9;82,69;85,7;0;0
2024-09;LOAD-01-0788;0;2,1;3,9;0,0;0,0;1;0
2024-10;LOAD-01-0788;7;2,1;3,9;115,77;120,0;0;0
2024-11;LOAD-01-0788;3;2,1;3,9;49,62;51,4;0;0
2024-12;LOAD-01-0788;5;2,1;3,9;82,69;85,7;0;0
2025-01;LOAD-01-0788;5;2,1;3,9;82,69;85,7;0;0
2025-02;LOAD-01-0788;1;2,1;3,9;16,54;17,1;0;0
2025-03;LOAD-01-0788;3;2,1;3,9;49,62;51,4;0;0
2025-04;LOAD-01-0788;2;2,1;3,9;33,08;34,3;0;0
2025-05;LOAD-01-0788;3;2,1;3,9;49,62;51,4;0;0
2025-06;LOAD-01-0788;5;2,1;3,9;82,69;85,7;0;0
2025-07;LOAD-01-0788;4;2,1;3,9;66,15;68,6;0;0
2025-08;LOAD-01-0788;5;2,1;3,9;82,69;85,7;0;0
2025-09;LOAD-01-0788;3;2,1;3,9;49,62;51,4;0;0
2025-10;LOAD-01-0788;2;2,1;3,9;33,08;34,3;0;0
2025-11;LOAD-01-0788;4;2,1;3,9;66,15;68,6;0;0
2025-12;LOAD-01-0788;4;2,1;3,9;66,15;68,6;0;0
2024-01;MT-01-0148;1;1,9;3,6;31,91;18,5;0;0
2024-02;MT-01-0148;2;1,9;3,6;63,82;36,9;0;0
2024-03;MT-01-0148;3;1,9;3,6;95,73;55,4;0;0
2024-04;MT-01-0148;4;1,9;3,6;127,64;73,8;0;0
2024-05;MT-01-0148;6;1,9;3,6;191,46;110,8;0;0
2024-06;MT-01-0148;2;1,9;3,6;63,82;36,9;0;0
2024-07;MT-01-0148;3;1,9;3,6;95,73;55,4;0;0
2024-08;MT-01-0148;2;1,9;3,6;63,82;36,9;0;0
2024-09;MT-01-0148;1;1,9;3,6;31,91;18,5;0;0
2024-10;MT-01-0148;2;1,9;3,6;63,82;36,9;0;0
2024-11;MT-01-0148;0;1,9;3,6;0,0;0,0;1;0
2024-12;MT-01-0148;1;1,9;3,6;31,91;18,5;0;0
2025-01;MT-01-0148;1;1,9;3,6;31,91;18,5;0;0
2025-02;MT-01-0148;0;1,9;3,6;0,0;0,0;1;0
2025-03;MT-01-0148;3;1,9;3,6;95,73;55,4;0;0
2025-04;MT-01-0148;2;1,9;3,6;63,82;36,9;0;0
2025-05;MT-01-0148;3;1,9;3,6;95,73;55,4;0;0
2025-06;MT-01-0148;3;1,9;3,6;95,73;55,4;0;0
2025-07;MT-01-0148;0;1,9;3,6;0,0;0,0;1;0
2025-08;MT-01-0148;4;1,9;3,6;127,64;73,8;0;0
2025-09;MT-01-0148;4;1,9;3,6;127,64;73,8;0;0
2025-10;MT-01-0148;2;1,9;3,6;63,82;36,9;0;0
2025-11;MT-01-0148;2;1,9;3,6;63,82;36,9;0;0
2025-12;MT-01-0148;4;1,9;3,6;127,64;73,8;0;0
2024-01;MRT-01-0371;6;2,6;4,7;57,07;59,2;0;0
2024-02;MRT-01-0371;2;2,6;4,7;19,02;19,7;0;0
2024-03;MRT-01-0371;2;2,6;4,7;19,02;19,7;0;0
2024-04;MRT-01-0371;4;2,6;4,7;38,05;39,5;0;0
2024-05;MRT-01-0371;3;2,6;4,7;28,53;29,6;0;0
2024-06;MRT-01-0371;3;2,6;4,7;28,53;29,6;0;0
2024-07;MRT-01-0371;7;2,6;4,7;66,58;69,0;0;0
2024-08;MRT-01-0371;3;2,6;4,7;28,53;29,6;0;0
2024-09;MRT-01-0371;3;2,6;4,7;28,53;29,6;0;0
2024-10;MRT-01-0371;1;2,6;4,7;9,51;9,9;0;0
2024-11;MRT-01-0371;1;2,6;4,7;9,51;9,9;0;0
2024-12;MRT-01-0371;5;2,6;4,7;47,56;49,3;0;0
2025-01;MRT-01-0371;1;2,6;4,7;9,51;9,9;0;0
2025-02;MRT-01-0371;6;2,6;4,7;57,07;59,2;0;0
2025-03;MRT-01-0371;4;2,6;4,7;38,05;39,5;0;0
2025-04;MRT-01-0371;2;2,6;4,7;19,02;19,7;0;0
2025-05;MRT-01-0371;2;2,6;4,7;19,02;19,7;0;0
2025-06;MRT-01-0371;7;2,6;4,7;66,58;69,0;0;0
2025-07;MRT-01-0371;8;2,6;4,7;76,09;78,9;0;0
2025-08;MRT-01-0371;3;2,6;4,7;28,53;29,6;0;0
2025-09;MRT-01-0371;7;2,6;4,7;66,58;69,0;0;0
2025-10;MRT-01-0371;7;2,6;4,7;66,58;69,0;0;0
2025-11;MRT-01-0371;4;2,6;4,7;38,05;39,5;0;0
2025-12;MRT-01-0371;5;2,6;4,7;47,56;49,3;0;0
2024-01;MLT-08-0198;1;1;1,3;31,78;16,7;0;0
2024-02;MLT-08-0198;1;1;1,3;31,78;16,7;0;0
2024-03;MLT-08-0198;1;1;1,3;31,78;16,7;0;0
2024-04;MLT-08-0198;1;1;1,3;31,78;16,7;0;0
2024-05;MLT-08-0198;0;1;1,3;0,0;0,0;1;0
2024-06;MLT-08-0198;0;1;1,3;0,0;0,0;1;0
2024-07;MLT-08-0198;1;1;1,3;31,78;16,7;0;0
2024-08;MLT-08-0198;0;1;1,3;0,0;0,0;1;0
2024-09;MLT-08-0198;1;1;1,3;31,78;16,7;0;0
2024-10;MLT-08-0198;1;1;1,3;31,78;16,7;0;0
2024-11;MLT-08-0198;0;1;1,3;0,0;0,0;1;0
2024-12;MLT-08-0198;1;1;1,3;31,78;16,7;0;0
2025-01;MLT-08-0198;0;1;1,3;0,0;0,0;1;0
2025-02;MLT-08-0198;1;1;1,3;31,78;16,7;0;0
2025-03;MLT-08-0198;0;1;1,3;0,0;0,0;1;0
2025-04;MLT-08-0198;0;1;1,3;0,0;0,0;1;0
2025-05;MLT-08-0198;1;1;1,3;31,78;16,7;0;0
2025-06;MLT-08-0198;0;1;1,3;0,0;0,0;1;0
2025-07;MLT-08-0198;1;1;1,3;31,78;16,7;0;0
2025-08;MLT-08-0198;0;1;1,3;0,0;0,0;1;0
2025-09;MLT-08-0198;1;1;1,3;31,78;16,7;0;0
2025-10;MLT-08-0198;1;1;1,3;31,78;16,7;0;0
2025-11;MLT-08-0198;0;1;1,3;0,0;0,0;1;0
2025-12;MLT-08-0198;1;1;1,3;31,78;16,7;0;0
2024-01;LOAD-05-0798;0;1;1,2;0,0;0,0;1;0
2024-02;LOAD-05-0798;0;1;1,2;0,0;0,0;1;0
2024-03;LOAD-05-0798;0;1;1,2;0,0;0,0;1;0
2024-04;LOAD-05-0798;0;1;1,2;0,0;0,0;1;0
2024-05;LOAD-05-0798;0;1;1,2;0,0;0,0;1;0
2024-06;LOAD-05-0798;0;1;1,2;0,0;0,0;1;0
2024-07;LOAD-05-0798;1;1;1,2;186,63;60,0;0;0
2024-08;LOAD-05-0798;1;1;1,2;186,63;60,0;0;0
2024-09;LOAD-05-0798;2;1;1,2;373,27;120,0;0;0
2024-10;LOAD-05-0798;1;1;1,2;186,63;60,0;0;0
2024-11;LOAD-05-0798;1;1;1,2;186,63;60,0;0;0
2024-12;LOAD-05-0798;0;1;1,2;0,0;0,0;1;0
2025-01;LOAD-05-0798;0;1;1,2;0,0;0,0;1;0
2025-02;LOAD-05-0798;0;1;1,2;0,0;0,0;1;0
2025-03;LOAD-05-0798;0;1;1,2;0,0;0,0;1;0
2025-04;LOAD-05-0798;0;1;1,2;0,0;0,0;1;0
2025-05;LOAD-05-0798;1;1;1,2;186,63;60,0;0;0
2025-06;LOAD-05-0798;1;1;1,2;186,63;60,0;0;0
2025-07;LOAD-05-0798;0;1;1,2;0,0;0,0;1;0
2025-08;LOAD-05-0798;1;1;1,2;186,63;60,0;0;0
2025-09;LOAD-05-0798;2;1;1,2;373,27;120,0;0;0
2025-10;LOAD-05-0798;1;1;1,2;186,63;60,0;0;0
2025-11;LOAD-05-0798;1;1;1,2;186,63;60,0;0;0
2025-12;LOAD-05-0798;2;1;1,2;373,27;120,0;0;0
2024-01;MLT-03-0329;1;1;1,1;420,55;60,0;0;0
2024-02;MLT-03-0329;1;1;1,1;420,55;60,0;0;0
2024-03;MLT-03-0329;0;1;1,1;0,0;0,0;1;0
2024-04;MLT-03-0329;0;1;1,1;0,0;0,0;1;0
2024-05;MLT-03-0329;0;1;1,1;0,0;0,0;1;0
2024-06;MLT-03-0329;1;1;1,1;420,55;60,0;0;0
2024-07;MLT-03-0329;0;1;1,1;0,0;0,0;1;0
2024-08;MLT-03-0329;1;1;1,1;420,55;60,0;0;0
2024-09;MLT-03-0329;0;1;1,1;0,0;0,0;1;0
2024-10;MLT-03-0329;0;1;1,1;0,0;0,0;1;0
2024-11;MLT-03-0329;0;1;1,1;0,0;0,0;1;0
2024-12;MLT-03-0329;1;1;1,1;420,55;60,0;0;0
2025-01;MLT-03-0329;1;1;1,1;420,55;60,0;0;0
2025-02;MLT-03-0329;1;1;1,1;420,55;60,0;0;0
2025-03;MLT-03-0329;0;1;1,1;0,0;0,0;1;0
2025-04;MLT-03-0329;0;1;1,1;0,0;0,0;1;0
2025-05;MLT-03-0329;0;1;1,1;0,0;0,0;1;0
2025-06;MLT-03-0329;1;1;1,1;420,55;60,0;0;0
2025-07;MLT-03-0329;1;1;1,1;420,55;60,0;0;0
2025-08;MLT-03-0329;0;1;1,1;0,0;0,0;1;0
2025-09;MLT-03-0329;1;1;1,1;420,55;60,0;0;0
2025-10;MLT-03-0329;1;1;1,1;420,55;60,0;0;0
2025-11;MLT-03-0329;1;1;1,1;420,55;60,0;0;0
2025-12;MLT-03-0329;0;1;1,1;0,0;0,0;1;0
2024-01;LOAD-08-0758;1;1;1,2;24,17;26,7;0;0
2024-02;LOAD-08-0758;1;1;1,2;24,17;26,7;0;0
2024-03;LOAD-08-0758;2;1;1,2;48,34;53,3;0;0
2024-04;LOAD-08-0758;1;1;1,2;24,17;26,7;0;0
2024-05;LOAD-08-0758;1;1;1,2;24,17;26,7;0;0
2024-06;LOAD-08-0758;0;1;1,2;0,0;0,0;1;0
2024-07;LOAD-08-0758;1;1;1,2;24,17;26,7;0;0
2024-08;LOAD-08-0758;1;1;1,2;24,17;26,7;0;0
2024-09;LOAD-08-0758;1;1;1,2;24,17;26,7;0;0
2024-10;LOAD-08-0758;1;1;1,2;24,17;26,7;0;0
2024-11;LOAD-08-0758;0;1;1,2;0,0;0,0;1;0
2024-12;LOAD-08-0758;1;1;1,2;24,17;26,7;0;0
2025-01;LOAD-08-0758;2;1;1,2;48,34;53,3;0;0
2025-02;LOAD-08-0758;1;1;1,2;24,17;26,7;0;0
2025-03;LOAD-08-0758;1;1;1,2;24,17;26,7;0;0
2025-04;LOAD-08-0758;2;1;1,2;48,34;53,3;0;0
2025-05;LOAD-08-0758;1;1;1,2;24,17;26,7;0;0
2025-06;LOAD-08-0758;1;1;1,2;24,17;26,7;0;0
2025-07;LOAD-08-0758;2;1;1,2;48,34;53,3;0;0
2025-08;LOAD-08-0758;0;1;1,2;0,0;0,0;1;0
2025-09;LOAD-08-0758;0;1;1,2;0,0;0,0;1;0
2025-10;LOAD-08-0758;0;1;1,2;0,0;0,0;1;0
2025-11;LOAD-08-0758;0;1;1,2;0,0;0,0;1;0
2025-12;LOAD-08-0758;0;1;1,2;0,0;0,0;1;0
2024-01;MI-MC-01-0518;1;1;1,1;23,09;21,2;0;0
2024-02;MI-MC-01-0518;0;1;1,1;0,0;0,0;1;0
2024-03;MI-MC-01-0518;1;1;1,1;23,09;21,2;0;0
2024-04;MI-MC-01-0518;1;1;1,1;23,09;21,2;0;0
2024-05;MI-MC-01-0518;0;1;1,1;0,0;0,0;1;0
2024-06;MI-MC-01-0518;1;1;1,1;23,09;21,2;0;0
2024-07;MI-MC-01-0518;1;1;1,1;23,09;21,2;0;0
2024-08;MI-MC-01-0518;0;1;1,1;0,0;0,0;1;0
2024-09;MI-MC-01-0518;2;1;1,1;46,18;42,4;0;0
2024-10;MI-MC-01-0518;0;1;1,1;0,0;0,0;1;0
2024-11;MI-MC-01-0518;1;1;1,1;23,09;21,2;0;0
2024-12;MI-MC-01-0518;0;1;1,1;0,0;0,0;1;0
2025-01;MI-MC-01-0518;0;1;1,1;0,0;0,0;1;0
2025-02;MI-MC-01-0518;1;1;1,1;23,09;21,2;0;0
2025-03;MI-MC-01-0518;0;1;1,1;0,0;0,0;1;0
2025-04;MI-MC-01-0518;0;1;1,1;0,0;0,0;1;0
2025-05;MI-MC-01-0518;0;1;1,1;0,0;0,0;1;0
2025-06;MI-MC-01-0518;0;1;1,1;0,0;0,0;1;0
2025-07;MI-MC-01-0518;1;1;1,1;23,09;21,2;0;0
2025-08;MI-MC-01-0518;1;1;1,1;23,09;21,2;0;0
2025-09;MI-MC-01-0518;0;1;1,1;0,0;0,0;1;0
2025-10;MI-MC-01-0518;0;1;1,1;0,0;0,0;1;0
2025-11;MI-MC-01-0518;0;1;1,1;0,0;0,0;1;0
2025-12;MI-MC-01-0518;0;1;1,1;0,0;0,0;1;0
2024-01;MT-06-0115;1;1;1,5;41,54;19,5;0;0
2024-02;MT-06-0115;1;1;1,5;41,54;19,5;0;0
2024-03;MT-06-0115;0;1;1,5;0,0;0,0;1;0
2024-04;MT-06-0115;1;1;1,5;41,54;19,5;0;0
2024-05;MT-06-0115;1;1;1,5;41,54;19,5;0;0
2024-06;MT-06-0115;0;1;1,5;0,0;0,0;1;0
2024-07;MT-06-0115;2;1;1,5;83,08;38,9;0;0
2024-08;MT-06-0115;0;1;1,5;0,0;0,0;1;0
2024-09;MT-06-0115;1;1;1,5;41,54;19,5;0;0
2024-10;MT-06-0115;2;1;1,5;83,08;38,9;0;0
2024-11;MT-06-0115;2;1;1,5;83,08;38,9;0;0
2024-12;MT-06-0115;0;1;1,5;0,0;0,0;1;0
2025-01;MT-06-0115;1;1;1,5;41,54;19,5;0;0
2025-02;MT-06-0115;1;1;1,5;41,54;19,5;0;0
2025-03;MT-06-0115;1;1;1,5;41,54;19,5;0;0
2025-04;MT-06-0115;1;1;1,5;41,54;19,5;0;0
2025-05;MT-06-0115;2;1;1,5;83,08;38,9;0;0
2025-06;MT-06-0115;2;1;1,5;83,08;38,9;0;0
2025-07;MT-06-0115;3;1;1,5;124,62;58,4;0;0
2025-08;MT-06-0115;2;1;1,5;83,08;38,9;0;0
2025-09;MT-06-0115;2;1;1,5;83,08;38,9;0;0
2025-10;MT-06-0115;0;1;1,5;0,0;0,0;1;0
2025-11;MT-06-0115;2;1;1,5;83,08;38,9;0;0
2025-12;MT-06-0115;1;1;1,5;41,54;19,5;0;0
2024-01;AWP-08-0647;1;1;1,2;33,25;65,5;0;0
2024-02;AWP-08-0647;0;1;1,2;0,0;0,0;1;0
2024-03;AWP-08-0647;1;1;1,2;33,25;65,5;0;0
2024-04;AWP-08-0647;1;1;1,2;33,25;65,5;0;0
2024-05;AWP-08-0647;2;1;1,2;66,49;130,9;0;0
2024-06;AWP-08-0647;2;1;1,2;66,49;130,9;0;0
2024-07;AWP-08-0647;1;1;1,2;33,25;65,5;0;0
2024-08;AWP-08-0647;2;1;1,2;66,49;130,9;0;0
2024-09;AWP-08-0647;0;1;1,2;0,0;0,0;1;0
2024-10;AWP-08-0647;1;1;1,2;33,25;65,5;0;0
2024-11;AWP-08-0647;1;1;1,2;33,25;65,5;0;0
2024-12;AWP-08-0647;1;1;1,2;33,25;65,5;0;0
2025-01;AWP-08-0647;2;1;1,2;66,49;130,9;0;0
2025-02;AWP-08-0647;1;1;1,2;33,25;65,5;0;0
2025-03;AWP-08-0647;1;1;1,2;33,25;65,5;0;0
2025-04;AWP-08-0647;0;1;1,2;0,0;0,0;1;0
2025-05;AWP-08-0647;2;1;1,2;66,49;130,9;0;0
2025-06;AWP-08-0647;1;1;1,2;33,25;65,5;0;0
2025-07;AWP-08-0647;1;1;1,2;33,25;65,5;0;0
2025-08;AWP-08-0647;0;1;1,2;0,0;0,0;1;0
2025-09;AWP-08-0647;0;1;1,2;0,0;0,0;1;0
2025-10;AWP-08-0647;0;1;1,2;0,0;0,0;1;0
2025-11;AWP-08-0647;1;1;1,2;33,25;65,5;0;0
2025-12;AWP-08-0647;0;1;1,2;0,0;0,0;1;0
2024-01;MI-MC-08-0549;1;1,9;3,4;11,03;13,6;0;0
2024-02;MI-MC-08-0549;5;1,9;3,4;55,15;67,9;0;0
2024-03;MI-MC-08-0549;4;1,9;3,4;44,12;54,3;0;0
2024-04;MI-MC-08-0549;4;1,9;3,4;44,12;54,3;0;0
2024-05;MI-MC-08-0549;3;1,9;3,4;33,09;40,8;0;0
2024-06;MI-MC-08-0549;3;1,9;3,4;33,09;40,8;0;0
2024-07;MI-MC-08-0549;5;1,9;3,4;55,15;67,9;0;0
2024-08;MI-MC-08-0549;2;1,9;3,4;22,06;27,2;0;0
2024-09;MI-MC-08-0549;4;1,9;3,4;44,12;54,3;0;0
2024-10;MI-MC-08-0549;4;1,9;3,4;44,12;54,3;0;0
2024-11;MI-MC-08-0549;3;1,9;3,4;33,09;40,8;0;0
2024-12;MI-MC-08-0549;1;1,9;3,4;11,03;13,6;0;0
2025-01;MI-MC-08-0549;4;1,9;3,4;44,12;54,3;0;0
2025-02;MI-MC-08-0549;5;1,9;3,4;55,15;67,9;0;0
2025-03;MI-MC-08-0549;5;1,9;3,4;55,15;67,9;0;0
2025-04;MI-MC-08-0549;1;1,9;3,4;11,03;13,6;0;0
2025-05;MI-MC-08-0549;2;1,9;3,4;22,06;27,2;0;0
2025-06;MI-MC-08-0549;4;1,9;3,4;44,12;54,3;0;0
2025-07;MI-MC-08-0549;3;1,9;3,4;33,09;40,8;0;0
2025-08;MI-MC-08-0549;4;1,9;3,4;44,12;54,3;0;0
2025-09;MI-MC-08-0549;3;1,9;3,4;33,09;40,8;0;0
2025-10;MI-MC-08-0549;6;1,9;3,4;66,18;81,5;0;0
2025-11;MI-MC-08-0549;3;1,9;3,4;33,09;40,8;0;0
2025-12;MI-MC-08-0549;2;1,9;3,4;22,06;27,2;0;0
2024-01;AWP-01-0631;1;1;1,2;27,85;23,2;0;0
2024-02;AWP-01-0631;1;1;1,2;27,85;23,2;0;0
2024-03;AWP-01-0631;0;1;1,2;0,0;0,0;1;0
2024-04;AWP-01-0631;0;1;1,2;0,0;0,0;1;0
2024-05;AWP-01-0631;0;1;1,2;0,0;0,0;1;0
2024-06;AWP-01-0631;1;1;1,2;27,85;23,2;0;0
2024-07;AWP-01-0631;1;1;1,2;27,85;23,2;0;0
2024-08;AWP-01-0631;0;1;1,2;0,0;0,0;1;0
2024-09;AWP-01-0631;2;1;1,2;55,7;46,5;0;0
2024-10;AWP-01-0631;1;1;1,2;27,85;23,2;0;0
2024-11;AWP-01-0631;0;1;1,2;0,0;0,0;1;0
2024-12;AWP-01-0631;0;1;1,2;0,0;0,0;1;0
2025-01;AWP-01-0631;1;1;1,2;27,85;23,2;0;0
2025-02;AWP-01-0631;1;1;1,2;27,85;23,2;0;0
2025-03;AWP-01-0631;1;1;1,2;27,85;23,2;0;0
2025-04;AWP-01-0631;1;1;1,2;27,85;23,2;0;0
2025-05;AWP-01-0631;1;1;1,2;27,85;23,2;0;0
2025-06;AWP-01-0631;2;1;1,2;55,7;46,5;0;0
2025-07;AWP-01-0631;0;1;1,2;0,0;0,0;1;0
2025-08;AWP-01-0631;1;1;1,2;27,85;23,2;0;0
2025-09;AWP-01-0631;2;1;1,2;55,7;46,5;0;0
2025-10;AWP-01-0631;1;1;1,2;27,85;23,2;0;0
2025-11;AWP-01-0631;0;1;1,2;0,0;0,0;1;0
2025-12;AWP-01-0631;0;1;1,2;0,0;0,0;1;0
2024-01;LOAD-M-06-0848;1;1;1,3;28,95;21,2;0;0
2024-02;LOAD-M-06-0848;1;1;1,3;28,95;21,2;0;0
2024-03;LOAD-M-06-0848;2;1;1,3;57,91;42,4;0;0
2024-04;LOAD-M-06-0848;0;1;1,3;0,0;0,0;1;0
2024-05;LOAD-M-06-0848;1;1;1,3;28,95;21,2;0;0
2024-06;LOAD-M-06-0848;1;1;1,3;28,95;21,2;0;0
2024-07;LOAD-M-06-0848;2;1;1,3;57,91;42,4;0;0
2024-08;LOAD-M-06-0848;2;1;1,3;57,91;42,4;0;0
2024-09;LOAD-M-06-0848;0;1;1,3;0,0;0,0;1;0
2024-10;LOAD-M-06-0848;0;1;1,3;0,0;0,0;1;0
2024-11;LOAD-M-06-0848;0;1;1,3;0,0;0,0;1;0
2024-12;LOAD-M-06-0848;1;1;1,3;28,95;21,2;0;0
2025-01;LOAD-M-06-0848;1;1;1,3;28,95;21,2;0;0
2025-02;LOAD-M-06-0848;2;1;1,3;57,91;42,4;0;0
2025-03;LOAD-M-06-0848;0;1;1,3;0,0;0,0;1;0
2025-04;LOAD-M-06-0848;0;1;1,3;0,0;0,0;1;0
2025-05;LOAD-M-06-0848;0;1;1,3;0,0;0,0;1;0
2025-06;LOAD-M-06-0848;1;1;1,3;28,95;21,2;0;0
2025-07;LOAD-M-06-0848;1;1;1,3;28,95;21,2;0;0
2025-08;LOAD-M-06-0848;1;1;1,3;28,95;21,2;0;0
2025-09;LOAD-M-06-0848;1;1;1,3;28,95;21,2;0;0
2025-10;LOAD-M-06-0848;2;1;1,3;57,91;42,4;0;0
2025-11;LOAD-M-06-0848;0;1;1,3;0,0;0,0;1;0
2025-12;LOAD-M-06-0848;1;1;1,3;28,95;21,2;0;0
2024-01;AWP-01-0680;0;1;1,5;0,0;0,0;1;0
2024-02;AWP-01-0680;3;1;1,5;106,21;90,0;0;0
2024-03;AWP-01-0680;1;1;1,5;35,4;30,0;0;0
2024-04;AWP-01-0680;0;1;1,5;0,0;0,0;1;0
2024-05;AWP-01-0680;1;1;1,5;35,4;30,0;0;0
2024-06;AWP-01-0680;3;1;1,5;106,21;90,0;0;0
2024-07;AWP-01-0680;0;1;1,5;0,0;0,0;1;0
2024-08;AWP-01-0680;1;1;1,5;35,4;30,0;0;0
2024-09;AWP-01-0680;0;1;1,5;0,0;0,0;1;0
2024-10;AWP-01-0680;1;1;1,5;35,4;30,0;0;0
2024-11;AWP-01-0680;1;1;1,5;35,4;30,0;0;0
2024-12;AWP-01-0680;0;1;1,5;0,0;0,0;1;0
2025-01;AWP-01-0680;2;1;1,5;70,81;60,0;0;0
2025-02;AWP-01-0680;1;1;1,5;35,4;30,0;0;0
2025-03;AWP-01-0680;1;1;1,5;35,4;30,0;0;0
2025-04;AWP-01-0680;1;1;1,5;35,4;30,0;0;0
2025-05;AWP-01-0680;1;1;1,5;35,4;30,0;0;0
2025-06;AWP-01-0680;1;1;1,5;35,4;30,0;0;0
2025-07;AWP-01-0680;0;1;1,5;0,0;0,0;1;0
2025-08;AWP-01-0680;1;1;1,5;35,4;30,0;0;0
2025-09;AWP-01-0680;2;1;1,5;70,81;60,0;0;0
2025-10;AWP-01-0680;1;1;1,5;35,4;30,0;0;0
2025-11;AWP-01-0680;1;1;1,5;35,4;30,0;0;0
2025-12;AWP-01-0680;2;1;1,5;70,81;60,0;0;0
2024-01;MLT-06-0358;0;1;1,1;0,0;0,0;1;0
2024-02;MLT-06-0358;1;1;1,1;108,02;48,0;0;0
2024-03;MLT-06-0358;1;1;1,1;108,02;48,0;0;0
2024-04;MLT-06-0358;0;1;1,1;0,0;0,0;1;0
2024-05;MLT-06-0358;0;1;1,1;0,0;0,0;1;0
2024-06;MLT-06-0358;1;1;1,1;108,02;48,0;0;0
2024-07;MLT-06-0358;2;1;1,1;216,03;96,0;0;0
2024-08;MLT-06-0358;1;1;1,1;108,02;48,0;0;0
2024-09;MLT-06-0358;1;1;1,1;108,02;48,0;0;0
2024-10;MLT-06-0358;0;1;1,1;0,0;0,0;1;0
2024-11;MLT-06-0358;0;1;1,1;0,0;0,0;1;0
2024-12;MLT-06-0358;1;1;1,1;108,02;48,0;0;0
2025-01;MLT-06-0358;0;1;1,1;0,0;0,0;1;0
2025-02;MLT-06-0358;0;1;1,1;0,0;0,0;1;0
2025-03;MLT-06-0358;1;1;1,1;108,02;48,0;0;0
2025-04;MLT-06-0358;1;1;1,1;108,02;48,0;0;0
2025-05;MLT-06-0358;1;1;1,1;108,02;48,0;0;0
2025-06;MLT-06-0358;1;1;1,1;108,02;48,0;0;0
2025-07;MLT-06-0358;0;1;1,1;0,0;0,0;1;0
2025-08;MLT-06-0358;1;1;1,1;108,02;48,0;0;0
2025-09;MLT-06-0358;2;1;1,1;216,03;96,0;0;0
2025-10;MLT-06-0358;0;1;1,1;0,0;0,0;1;0
2025-11;MLT-06-0358;1;1;1,1;108,02;48,0;0;0
2025-12;MLT-06-0358;0;1;1,1;0,0;0,0;1;0
2024-01;MT-01-0152;2;1,6;2,9;37,45;21,2;0;0
2024-02;MT-01-0152;2;1,6;2,9;37,45;21,2;0;0
2024-03;MT-01-0152;4;1,6;2,9;74,9;42,4;0;0
2024-04;MT-01-0152;3;1,6;2,9;56,17;31,8;0;0
2024-05;MT-01-0152;4;1,6;2,9;74,9;42,4;0;0
2024-06;MT-01-0152;1;1,6;2,9;18,72;10,6;0;0
2024-07;MT-01-0152;5;1,6;2,9;93,62;52,9;0;0
2024-08;MT-01-0152;5;1,6;2,9;93,62;52,9;0;0
2024-09;MT-01-0152;4;1,6;2,9;74,9;42,4;0;0
2024-10;MT-01-0152;5;1,6;2,9;93,62;52,9;0;0
2024-11;MT-01-0152;2;1,6;2,9;37,45;21,2;0;0
2024-12;MT-01-0152;3;1,6;2,9;56,17;31,8;0;0
2025-01;MT-01-0152;2;1,6;2,9;37,45;21,2;0;0
2025-02;MT-01-0152;5;1,6;2,9;93,62;52,9;0;0
2025-03;MT-01-0152;5;1,6;2,9;93,62;52,9;0;0
2025-04;MT-01-0152;2;1,6;2,9;37,45;21,2;0;0
2025-05;MT-01-0152;0;1,6;2,9;0,0;0,0;1;0
2025-06;MT-01-0152;2;1,6;2,9;37,45;21,2;0;0
2025-07;MT-01-0152;1;1,6;2,9;18,72;10,6;0;0
2025-08;MT-01-0152;4;1,6;2,9;74,9;42,4;0;0
2025-09;MT-01-0152;4;1,6;2,9;74,9;42,4;0;0
2025-10;MT-01-0152;0;1,6;2,9;0,0;0,0;1;0
2025-11;MT-01-0152;3;1,6;2,9;56,17;31,8;0;0
2025-12;MT-01-0152;2;1,6;2,9;37,45;21,2;0;0
2024-01;MI-MC-01-0469;1;1;1,1;41,6;51,4;0;0
2024-02;MI-MC-01-0469;1;1;1,1;41,6;51,4;0;0
2024-03;MI-MC-01-0469;0;1;1,1;0,0;0,0;1;0
2024-04;MI-MC-01-0469;1;1;1,1;41,6;51,4;0;0
2024-05;MI-MC-01-0469;0;1;1,1;0,0;0,0;1;0
2024-06;MI-MC-01-0469;0;1;1,1;0,0;0,0;1;0
2024-07;MI-MC-01-0469;1;1;1,1;41,6;51,4;0;0
2024-08;MI-MC-01-0469;2;1;1,1;83,19;102,9;0;0
2024-09;MI-MC-01-0469;0;1;1,1;0,0;0,0;1;0
2024-10;MI-MC-01-0469;0;1;1,1;0,0;0,0;1;0
2024-11;MI-MC-01-0469;1;1;1,1;41,6;51,4;0;0
2024-12;MI-MC-01-0469;0;1;1,1;0,0;0,0;1;0
2025-01;MI-MC-01-0469;0;1;1,1;0,0;0,0;1;0
2025-02;MI-MC-01-0469;1;1;1,1;41,6;51,4;0;0
2025-03;MI-MC-01-0469;0;1;1,1;0,0;0,0;1;0
2025-04;MI-MC-01-0469;1;1;1,1;41,6;51,4;0;0
2025-05;MI-MC-01-0469;1;1;1,1;41,6;51,4;0;0
2025-06;MI-MC-01-0469;0;1;1,1;0,0;0,0;1;0
2025-07;MI-MC-01-0469;1;1;1,1;41,6;51,4;0;0
2025-08;MI-MC-01-0469;1;1;1,1;41,6;51,4;0;0
2025-09;MI-MC-01-0469;1;1;1,1;41,6;51,4;0;0
2025-10;MI-MC-01-0469;1;1;1,1;41,6;51,4;0;0
2025-11;MI-MC-01-0469;1;1;1,1;41,6;51,4;0;0
2025-12;MI-MC-01-0469;1;1;1,1;41,6;51,4;0;0
2024-01;MRT-06-0430;1;1;1,1;23,76;45,0;0;0
2024-02;MRT-06-0430;0;1;1,1;0,0;0,0;1;0
2024-03;MRT-06-0430;1;1;1,1;23,76;45,0;0;0
2024-04;MRT-06-0430;0;1;1,1;0,0;0,0;1;0
2024-05;MRT-06-0430;2;1;1,1;47,51;90,0;0;0
2024-06;MRT-06-0430;1;1;1,1;23,76;45,0;0;0
2024-07;MRT-06-0430;0;1;1,1;0,0;0,0;1;0
2024-08;MRT-06-0430;0;1;1,1;0,0;0,0;1;0
2024-09;MRT-06-0430;1;1;1,1;23,76;45,0;0;0
2024-10;MRT-06-0430;1;1;1,1;23,76;45,0;0;0
2024-11;MRT-06-0430;1;1;1,1;23,76;45,0;0;0
2024-12;MRT-06-0430;1;1;1,1;23,76;45,0;0;0
2025-01;MRT-06-0430;1;1;1,1;23,76;45,0;0;0
2025-02;MRT-06-0430;0;1;1,1;0,0;0,0;1;0
2025-03;MRT-06-0430;1;1;1,1;23,76;45,0;0;0
2025-04;MRT-06-0430;1;1;1,1;23,76;45,0;0;0
2025-05;MRT-06-0430;0;1;1,1;0,0;0,0;1;0
2025-06;MRT-06-0430;0;1;1,1;0,0;0,0;1;0
2025-07;MRT-06-0430;1;1;1,1;23,76;45,0;0;0
2025-08;MRT-06-0430;1;1;1,1;23,76;45,0;0;0
2025-09;MRT-06-0430;1;1;1,1;23,76;45,0;0;0
2025-10;MRT-06-0430;0;1;1,1;0,0;0,0;1;0
2025-11;MRT-06-0430;0;1;1,1;0,0;0,0;1;0
2025-12;MRT-06-0430;1;1;1,1;23,76;45,0;0;0
2024-01;MRT-02-0457;1;1;1,1;96,67;180,0;0;0
2024-02;MRT-02-0457;0;1;1,1;0,0;0,0;1;0
2024-03;MRT-02-0457;0;1;1,1;0,0;0,0;1;0
2024-04;MRT-02-0457;0;1;1,1;0,0;0,0;1;0
2024-05;MRT-02-0457;1;1;1,1;96,67;180,0;0;0
2024-06;MRT-02-0457;0;1;1,1;0,0;0,0;1;0
2024-07;MRT-02-0457;0;1;1,1;0,0;0,0;1;0
2024-08;MRT-02-0457;1;1;1,1;96,67;180,0;0;0
2024-09;MRT-02-0457;1;1;1,1;96,67;180,0;0;0
2024-10;MRT-02-0457;1;1;1,1;96,67;180,0;0;0
2024-11;MRT-02-0457;1;1;1,1;96,67;180,0;0;0
2024-12;MRT-02-0457;1;1;1,1;96,67;180,0;0;0
2025-01;MRT-02-0457;1;1;1,1;96,67;180,0;0;0
2025-02;MRT-02-0457;1;1;1,1;96,67;180,0;0;0
2025-03;MRT-02-0457;0;1;1,1;0,0;0,0;1;0
2025-04;MRT-02-0457;1;1;1,1;96,67;180,0;0;0
2025-05;MRT-02-0457;0;1;1,1;0,0;0,0;1;0
2025-06;MRT-02-0457;1;1;1,1;96,67;180,0;0;0
2025-07;MRT-02-0457;1;1;1,1;96,67;180,0;0;0
2025-08;MRT-02-0457;1;1;1,1;96,67;180,0;0;0
2025-09;MRT-02-0457;0;1;1,1;0,0;0,0;1;0
2025-10;MRT-02-0457;0;1;1,1;0,0;0,0;1;0
2025-11;MRT-02-0457;1;1;1,1;96,67;180,0;0;0
2025-12;MRT-02-0457;1;1;1,1;96,67;180,0;0;0
2024-01;MI-MC-02-0539;0;1;1,4;0,0;0,0;1;0
2024-02;MI-MC-02-0539;0;1;1,4;0,0;0,0;1;0
2024-03;MI-MC-02-0539;0;1;1,4;0,0;0,0;1;0
2024-04;MI-MC-02-0539;1;1;1,4;62,5;51,4;0;0
2024-05;MI-MC-02-0539;3;1;1,4;187,49;154,3;0;0
2024-06;MI-MC-02-0539;1;1;1,4;62,5;51,4;0;0
2024-07;MI-MC-02-0539;1;1;1,4;62,5;51,4;0;0
2024-08;MI-MC-02-0539;2;1;1,4;125,0;102,9;0;0
2024-09;MI-MC-02-0539;1;1;1,4;62,5;51,4;0;0
2024-10;MI-MC-02-0539;1;1;1,4;62,5;51,4;0;0
2024-11;MI-MC-02-0539;0;1;1,4;0,0;0,0;1;0
2024-12;MI-MC-02-0539;0;1;1,4;0,0;0,0;1;0
2025-01;MI-MC-02-0539;1;1;1,4;62,5;51,4;0;0
2025-02;MI-MC-02-0539;2;1;1,4;125,0;102,9;0;0
2025-03;MI-MC-02-0539;0;1;1,4;0,0;0,0;1;0
2025-04;MI-MC-02-0539;2;1;1,4;125,0;102,9;0;0
2025-05;MI-MC-02-0539;2;1;1,4;125,0;102,9;0;0
2025-06;MI-MC-02-0539;1;1;1,4;62,5;51,4;0;0
2025-07;MI-MC-02-0539;0;1;1,4;0,0;0,0;1;0
2025-08;MI-MC-02-0539;1;1;1,4;62,5;51,4;0;0
2025-09;MI-MC-02-0539;3;1;1,4;187,49;154,3;0;0
2025-10;MI-MC-02-0539;2;1;1,4;125,0;102,9;0;0
2025-11;MI-MC-02-0539;1;1;1,4;62,5;51,4;0;0
2025-12;MI-MC-02-0539;1;1;1,4;62,5;51,4;0;0
2024-01;AWP-08-0657;1;1;1,2;20,82;31,3;0;0
2024-02;AWP-08-0657;1;1;1,2;20,82;31,3;0;0
2024-03;AWP-08-0657;0;1;1,2;0,0;0,0;1;0
2024-04;AWP-08-0657;2;1;1,2;41,64;62,6;0;0
2024-05;AWP-08-0657;0;1;1,2;0,0;0,0;1;0
2024-06;AWP-08-0657;1;1;1,2;20,82;31,3;0;0
2024-07;AWP-08-0657;1;1;1,2;20,82;31,3;0;0
2024-08;AWP-08-0657;1;1;1,2;20,82;31,3;0;0
2024-09;AWP-08-0657;1;1;1,2;20,82;31,3;0;0
2024-10;AWP-08-0657;1;1;1,2;20,82;31,3;0;0
2024-11;AWP-08-0657;0;1;1,2;0,0;0,0;1;0
2024-12;AWP-08-0657;0;1;1,2;0,0;0,0;1;0
2025-01;AWP-08-0657;0;1;1,2;0,0;0,0;1;0
2025-02;AWP-08-0657;0;1;1,2;0,0;0,0;1;0
2025-03;AWP-08-0657;1;1;1,2;20,82;31,3;0;0
2025-04;AWP-08-0657;1;1;1,2;20,82;31,3;0;0
2025-05;AWP-08-0657;1;1;1,2;20,82;31,3;0;0
2025-06;AWP-08-0657;1;1;1,2;20,82;31,3;0;0
2025-07;AWP-08-0657;1;1;1,2;20,82;31,3;0;0
2025-08;AWP-08-0657;1;1;1,2;20,82;31,3;0;0
2025-09;AWP-08-0657;1;1;1,2;20,82;31,3;0;0
2025-10;AWP-08-0657;1;1;1,2;20,82;31,3;0;0
2025-11;AWP-08-0657;1;1;1,2;20,82;31,3;0;0
2025-12;AWP-08-0657;1;1;1,2;20,82;31,3;0;0
2024-01;MT-01-0067;2;1,0;1,8;55,6;33,5;0;0
2024-02;MT-01-0067;1;1,0;1,8;27,8;16,7;0;0
2024-03;MT-01-0067;1;1,0;1,8;27,8;16,7;0;0
2024-04;MT-01-0067;2;1,0;1,8;55,6;33,5;0;0
2024-05;MT-01-0067;1;1,0;1,8;27,8;16,7;0;0
2024-06;MT-01-0067;2;1,0;1,8;55,6;33,5;0;0
2024-07;MT-01-0067;2;1,0;1,8;55,6;33,5;0;0
2024-08;MT-01-0067;1;1,0;1,8;27,8;16,7;0;0
2024-09;MT-01-0067;2;1,0;1,8;55,6;33,5;0;0
2024-10;MT-01-0067;2;1,0;1,8;55,6;33,5;0;0
2024-11;MT-01-0067;1;1,0;1,8;27,8;16,7;0;0
2024-12;MT-01-0067;2;1,0;1,8;55,6;33,5;0;0
2025-01;MT-01-0067;2;1,0;1,8;55,6;33,5;0;0
2025-02;MT-01-0067;1;1,0;1,8;27,8;16,7;0;0
2025-03;MT-01-0067;3;1,0;1,8;83,41;50,2;0;0
2025-04;MT-01-0067;1;1,0;1,8;27,8;16,7;0;0
2025-05;MT-01-0067;2;1,0;1,8;55,6;33,5;0;0
2025-06;MT-01-0067;2;1,0;1,8;55,6;33,5;0;0
2025-07;MT-01-0067;1;1,0;1,8;27,8;16,7;0;0
2025-08;MT-01-0067;1;1,0;1,8;27,8;16,7;0;0
2025-09;MT-01-0067;1;1,0;1,8;27,8;16,7;0;0
2025-10;MT-01-0067;1;1,0;1,8;27,8;16,7;0;0
2025-11;MT-01-0067;0;1,0;1,8;0,0;0,0;1;0
2025-12;MT-01-0067;2;1,0;1,8;55,6;33,5;0;0
2024-01;MT-05-0013;10;4,4;7,2;513,76;163,6;0;0
2024-02;MT-05-0013;5;4,4;7,2;256,88;81,8;0;0
2024-03;MT-05-0013;7;4,4;7,2;359,63;114,5;0;0
2024-04;MT-05-0013;3;4,4;7,2;154,13;49,1;0;0
2024-05;MT-05-0013;10;4,4;7,2;513,76;163,6;0;0
2024-06;MT-05-0013;10;4,4;7,2;513,76;163,6;0;0
2024-07;MT-05-0013;9;4,4;7,2;462,38;147,3;0;0
2024-08;MT-05-0013;1;4,4;7,2;51,38;16,4;0;0
2024-09;MT-05-0013;8;4,4;7,2;411,01;130,9;0;0
2024-10;MT-05-0013;4;4,4;7,2;205,5;65,5;0;0
2024-11;MT-05-0013;2;4,4;7,2;102,75;32,7;0;0
2024-12;MT-05-0013;6;4,4;7,2;308,26;98,2;0;0
2025-01;MT-05-0013;5;4,4;7,2;256,88;81,8;0;0
2025-02;MT-05-0013;5;4,4;7,2;256,88;81,8;0;0
2025-03;MT-05-0013;2;4,4;7,2;102,75;32,7;0;0
2025-04;MT-05-0013;7;4,4;7,2;359,63;114,5;0;0
2025-05;MT-05-0013;2;4,4;7,2;102,75;32,7;0;0
2025-06;MT-05-0013;7;4,4;7,2;359,63;114,5;0;0
2025-07;MT-05-0013;5;4,4;7,2;256,88;81,8;0;0
2025-08;MT-05-0013;7;4,4;7,2;359,63;114,5;0;0
2025-09;MT-05-0013;5;4,4;7,2;256,88;81,8;0;0
2025-10;MT-05-0013;5;4,4;7,2;256,88;81,8;0;0
2025-11;MT-05-0013;6;4,4;7,2;308,26;98,2;0;0
2025-12;MT-05-0013;9;4,4;7,2;462,38;147,3;0;0
2024-01;MT-08-0087;5;2,0;3,7;41,26;20,8;0;0
2024-02;MT-08-0087;0;2,0;3,7;0,0;0,0;1;0
2024-03;MT-08-0087;1;2,0;3,7;8,25;4,2;0;0
2024-04;MT-08-0087;6;2,0;3,7;49,51;25,0;0;0
2024-05;MT-08-0087;4;2,0;3,7;33,01;16,6;0;0
2024-06;MT-08-0087;3;2,0;3,7;24,75;12,5;0;0
2024-07;MT-08-0087;2;2,0;3,7;16,5;8,3;0;0
2024-08;MT-08-0087;4;2,0;3,7;33,01;16,6;0;0
2024-09;MT-08-0087;4;2,0;3,7;33,01;16,6;0;0
2024-10;MT-08-0087;5;2,0;3,7;41,26;20,8;0;0
2024-11;MT-08-0087;4;2,0;3,7;33,01;16,6;0;0
2024-12;MT-08-0087;3;2,0;3,7;24,75;12,5;0;0
2025-01;MT-08-0087;4;2,0;3,7;33,01;16,6;0;0
2025-02;MT-08-0087;5;2,0;3,7;41,26;20,8;0;0
2025-03;MT-08-0087;4;2,0;3,7;33,01;16,6;0;0
2025-04;MT-08-0087;1;2,0;3,7;8,25;4,2;0;0
2025-05;MT-08-0087;4;2,0;3,7;33,01;16,6;0;0
2025-06;MT-08-0087;4;2,0;3,7;33,01;16,6;0;0
2025-07;MT-08-0087;4;2,0;3,7;33,01;16,6;0;0
2025-08;MT-08-0087;4;2,0;3,7;33,01;16,6;0;0
2025-09;MT-08-0087;3;2,0;3,7;24,75;12,5;0;0
2025-10;MT-08-0087;1;2,0;3,7;8,25;4,2;0;0
2025-11;MT-08-0087;3;2,0;3,7;24,75;12,5;0;0
2025-12;MT-08-0087;4;2,0;3,7;33,01;16,6;0;0
2024-01;MLT-08-0322;0;1;1,5;0,0;0,0;1;0
2024-02;MLT-08-0322;1;1;1,5;34,72;21,2;0;0
2024-03;MLT-08-0322;1;1;1,5;34,72;21,2;0;0
2024-04;MLT-08-0322;0;1;1,5;0,0;0,0;1;0
2024-05;MLT-08-0322;1;1;1,5;34,72;21,2;0;0
2024-06;MLT-08-0322;2;1;1,5;69,43;42,4;0;0
2024-07;MLT-08-0322;0;1;1,5;0,0;0,0;1;0
2024-08;MLT-08-0322;2;1;1,5;69,43;42,4;0;0
2024-09;MLT-08-0322;1;1;1,5;34,72;21,2;0;0
2024-10;MLT-08-0322;0;1;1,5;0,0;0,0;1;0
2024-11;MLT-08-0322;1;1;1,5;34,72;21,2;0;0
2024-12;MLT-08-0322;1;1;1,5;34,72;21,2;0;0
2025-01;MLT-08-0322;1;1;1,5;34,72;21,2;0;0
2025-02;MLT-08-0322;0;1;1,5;0,0;0,0;1;0
2025-03;MLT-08-0322;1;1;1,5;34,72;21,2;0;0
2025-04;MLT-08-0322;1;1;1,5;34,72;21,2;0;0
2025-05;MLT-08-0322;1;1;1,5;34,72;21,2;0;0
2025-06;MLT-08-0322;2;1;1,5;69,43;42,4;0;0
2025-07;MLT-08-0322;1;1;1,5;34,72;21,2;0;0
2025-08;MLT-08-0322;0;1;1,5;0,0;0,0;1;0
2025-09;MLT-08-0322;0;1;1,5;0,0;0,0;1;0
2025-10;MLT-08-0322;2;1;1,5;69,43;42,4;0;0
2025-11;MLT-08-0322;2;1;1,5;69,43;42,4;0;0
2025-12;MLT-08-0322;0;1;1,5;0,0;0,0;1;0
2024-01;AWP-01-0652;4;1,5;2,7;43,21;45,0;0;0
2024-02;AWP-01-0652;2;1,5;2,7;21,61;22,5;0;0
2024-03;AWP-01-0652;3;1,5;2,7;32,41;33,8;0;0
2024-04;AWP-01-0652;2;1,5;2,7;21,61;22,5;0;0
2024-05;AWP-01-0652;2;1,5;2,7;21,61;22,5;0;0
2024-06;AWP-01-0652;3;1,5;2,7;32,41;33,8;0;0
2024-07;AWP-01-0652;3;1,5;2,7;32,41;33,8;0;0
2024-08;AWP-01-0652;3;1,5;2,7;32,41;33,8;0;0
2024-09;AWP-01-0652;2;1,5;2,7;21,61;22,5;0;0
2024-10;AWP-01-0652;0;1,5;2,7;0,0;0,0;1;0
2024-11;AWP-01-0652;3;1,5;2,7;32,41;33,8;0;0
2024-12;AWP-01-0652;3;1,5;2,7;32,41;33,8;0;0
2025-01;AWP-01-0652;2;1,5;2,7;21,61;22,5;0;0
2025-02;AWP-01-0652;3;1,5;2,7;32,41;33,8;0;0
2025-03;AWP-01-0652;2;1,5;2,7;21,61;22,5;0;0
2025-04;AWP-01-0652;2;1,5;2,7;21,61;22,5;0;0
2025-05;AWP-01-0652;0;1,5;2,7;0,0;0,0;1;0
2025-06;AWP-01-0652;3;1,5;2,7;32,41;33,8;0;0
2025-07;AWP-01-0652;2;1,5;2,7;21,61;22,5;0;0
2025-08;AWP-01-0652;3;1,5;2,7;32,41;33,8;0;0
2025-09;AWP-01-0652;3;1,5;2,7;32,41;33,8;0;0
2025-10;AWP-01-0652;0;1,5;2,7;0,0;0,0;1;0
2025-11;AWP-01-0652;3;1,5;2,7;32,41;33,8;0;0
2025-12;AWP-01-0652;2;1,5;2,7;21,61;22,5;0;0
2024-01;LOAD-08-0741;0;4,6;7,5;0,0;0,0;1;0
2024-02;LOAD-08-0741;6;4,6;7,5;41,49;29,0;0;0
2024-03;LOAD-08-0741;7;4,6;7,5;48,41;33,8;0;0
2024-04;LOAD-08-0741;8;4,6;7,5;55,32;38,7;0;0
2024-05;LOAD-08-0741;9;4,6;7,5;62,24;43,5;0;0
2024-06;LOAD-08-0741;5;4,6;7,5;34,58;24,2;0;0
2024-07;LOAD-08-0741;5;4,6;7,5;34,58;24,2;0;0
2024-08;LOAD-08-0741;11;4,6;7,5;76,07;53,2;0;0
2024-09;LOAD-08-0741;11;4,6;7,5;76,07;53,2;0;0
2024-10;LOAD-08-0741;8;4,6;7,5;55,32;38,7;0;0
2024-11;LOAD-08-0741;5;4,6;7,5;34,58;24,2;0;0
2024-12;LOAD-08-0741;8;4,6;7,5;55,32;38,7;0;0
2025-01;LOAD-08-0741;7;4,6;7,5;48,41;33,8;0;0
2025-02;LOAD-08-0741;10;4,6;7,5;69,15;48,3;0;0
2025-03;LOAD-08-0741;6;4,6;7,5;41,49;29,0;0;0
2025-04;LOAD-08-0741;2;4,6;7,5;13,83;9,7;0;0
2025-05;LOAD-08-0741;7;4,6;7,5;48,41;33,8;0;0
2025-06;LOAD-08-0741;3;4,6;7,5;20,75;14,5;0;0
2025-07;LOAD-08-0741;3;4,6;7,5;20,75;14,5;0;0
2025-08;LOAD-08-0741;12;4,6;7,5;82,98;58,0;0;0
2025-09;LOAD-08-0741;5;4,6;7,5;34,58;24,2;0;0
2025-10;LOAD-08-0741;10;4,6;7,5;69,15;48,3;0;0
2025-11;LOAD-08-0741;6;4,6;7,5;41,49;29,0;0;0
2025-12;LOAD-08-0741;3;4,6;7,5;20,75;14,5;0;0
2024-01;MT-08-0139;2;1,2;2,2;45,67;41,1;0;0
2024-02;MT-08-0139;3;1,2;2,2;68,51;61,7;0;0
2024-03;MT-08-0139;1;1,2;2,2;22,84;20,6;0;0
2024-04;MT-08-0139;3;1,2;2,2;68,51;61,7;0;0
2024-05;MT-08-0139;1;1,2;2,2;22,84;20,6;0;0
2024-06;MT-08-0139;2;1,2;2,2;45,67;41,1;0;0
2024-07;MT-08-0139;4;1,2;2,2;91,35;82,3;0;0
2024-08;MT-08-0139;2;1,2;2,2;45,67;41,1;0;0
2024-09;MT-08-0139;1;1,2;2,2;22,84;20,6;0;0
2024-10;MT-08-0139;1;1,2;2,2;22,84;20,6;0;0
2024-11;MT-08-0139;2;1,2;2,2;45,67;41,1;0;0
2024-12;MT-08-0139;1;1,2;2,2;22,84;20,6;0;0
2025-01;MT-08-0139;2;1,2;2,2;45,67;41,1;0;0
2025-02;MT-08-0139;2;1,2;2,2;45,67;41,1;0;0
2025-03;MT-08-0139;1;1,2;2,2;22,84;20,6;0;0
2025-04;MT-08-0139;1;1,2;2,2;22,84;20,6;0;0
2025-05;MT-08-0139;1;1,2;2,2;22,84;20,6;0;0
2025-06;MT-08-0139;0;1,2;2,2;0,0;0,0;1;0
2025-07;MT-08-0139;1;1,2;2,2;22,84;20,6;0;0
2025-08;MT-08-0139;2;1,2;2,2;45,67;41,1;0;0
2025-09;MT-08-0139;3;1,2;2,2;68,51;61,7;0;0
2025-10;MT-08-0139;0;1,2;2,2;0,0;0,0;1;0
2025-11;MT-08-0139;4;1,2;2,2;91,35;82,3;0;0
2025-12;MT-08-0139;2;1,2;2,2;45,67;41,1;0;0
2024-01;LOAD-01-0799;1;1;1,2;48,19;120,0;0;0
2024-02;LOAD-01-0799;1;1;1,2;48,19;120,0;0;0
2024-03;LOAD-01-0799;1;1;1,2;48,19;120,0;0;0
2024-04;LOAD-01-0799;1;1;1,2;48,19;120,0;0;0
2024-05;LOAD-01-0799;0;1;1,2;0,0;0,0;1;0
2024-06;LOAD-01-0799;0;1;1,2;0,0;0,0;1;0
2024-07;LOAD-01-0799;1;1;1,2;48,19;120,0;0;0
2024-08;LOAD-01-0799;0;1;1,2;0,0;0,0;1;0
2024-09;LOAD-01-0799;0;1;1,2;0,0;0,0;1;0
2024-10;LOAD-01-0799;1;1;1,2;48,19;120,0;0;0
2024-11;LOAD-01-0799;0;1;1,2;0,0;0,0;1;0
2024-12;LOAD-01-0799;1;1;1,2;48,19;120,0;0;0
2025-01;LOAD-01-0799;0;1;1,2;0,0;0,0;1;0
2025-02;LOAD-01-0799;1;1;1,2;48,19;120,0;0;0
2025-03;LOAD-01-0799;1;1;1,2;48,19;120,0;0;0
2025-04;LOAD-01-0799;1;1;1,2;48,19;120,0;0;0
2025-05;LOAD-01-0799;1;1;1,2;48,19;120,0;0;0
2025-06;LOAD-01-0799;0;1;1,2;0,0;0,0;1;0
2025-07;LOAD-01-0799;2;1;1,2;96,39;240,0;0;0
2025-08;LOAD-01-0799;0;1;1,2;0,0;0,0;1;0
2025-09;LOAD-01-0799;1;1;1,2;48,19;120,0;0;0
2025-10;LOAD-01-0799;0;1;1,2;0,0;0,0;1;0
2025-11;LOAD-01-0799;1;1;1,2;48,19;120,0;0;0
2025-12;LOAD-01-0799;2;1;1,2;96,39;240,0;0;0
2024-01;AWP-08-0646;0;1;1,1;0,0;0,0;1;0
2024-02;AWP-08-0646;0;1;1,1;0,0;0,0;1;0
2024-03;AWP-08-0646;1;1;1,1;31,1;55,4;0;0
2024-04;AWP-08-0646;1;1;1,1;31,1;55,4;0;0
2024-05;AWP-08-0646;0;1;1,1;0,0;0,0;1;0
2024-06;AWP-08-0646;0;1;1,1;0,0;0,0;1;0
2024-07;AWP-08-0646;1;1;1,1;31,1;55,4;0;0
2024-08;AWP-08-0646;0;1;1,1;0,0;0,0;1;0
2024-09;AWP-08-0646;1;1;1,1;31,1;55,4;0;0
2024-10;AWP-08-0646;0;1;1,1;0,0;0,0;1;0
2024-11;AWP-08-0646;0;1;1,1;0,0;0,0;1;0
2024-12;AWP-08-0646;1;1;1,1;31,1;55,4;0;0
2025-01;AWP-08-0646;0;1;1,1;0,0;0,0;1;0
2025-02;AWP-08-0646;1;1;1,1;31,1;55,4;0;0
2025-03;AWP-08-0646;2;1;1,1;62,21;110,8;0;0
2025-04;AWP-08-0646;0;1;1,1;0,0;0,0;1;0
2025-05;AWP-08-0646;1;1;1,1;31,1;55,4;0;0
2025-06;AWP-08-0646;1;1;1,1;31,1;55,4;0;0
2025-07;AWP-08-0646;0;1;1,1;0,0;0,0;1;0
2025-08;AWP-08-0646;1;1;1,1;31,1;55,4;0;0
2025-09;AWP-08-0646;1;1;1,1;31,1;55,4;0;0
2025-10;AWP-08-0646;0;1;1,1;0,0;0,0;1;0
2025-11;AWP-08-0646;0;1;1,1;0,0;0,0;1;0
2025-12;AWP-08-0646;0;1;1,1;0,0;0,0;1;0
2024-01;MI-MC-08-0508;2;1,3;2,1;64,11;75,8;0;0
2024-02;MI-MC-08-0508;3;1,3;2,1;96,16;113,7;0;0
2024-03;MI-MC-08-0508;0;1,3;2,1;0,0;0,0;1;0
2024-04;MI-MC-08-0508;1;1,3;2,1;32,05;37,9;0;0
2024-05;MI-MC-08-0508;0;1,3;2,1;0,0;0,0;1;0
2024-06;MI-MC-08-0508;0;1,3;2,1;0,0;0,0;1;0
2024-07;MI-MC-08-0508;1;1,3;2,1;32,05;37,9;0;0
2024-08;MI-MC-08-0508;1;1,3;2,1;32,05;37,9;0;0
2024-09;MI-MC-08-0508;2;1,3;2,1;64,11;75,8;0;0
2024-10;MI-MC-08-0508;1;1,3;2,1;32,05;37,9;0;0
2024-11;MI-MC-08-0508;3;1,3;2,1;96,16;113,7;0;0
2024-12;MI-MC-08-0508;2;1,3;2,1;64,11;75,8;0;0
2025-01;MI-MC-08-0508;0;1,3;2,1;0,0;0,0;1;0
2025-02;MI-MC-08-0508;1;1,3;2,1;32,05;37,9;0;0
2025-03;MI-MC-08-0508;2;1,3;2,1;64,11;75,8;0;0
2025-04;MI-MC-08-0508;2;1,3;2,1;64,11;75,8;0;0
2025-05;MI-MC-08-0508;1;1,3;2,1;32,05;37,9;0;0
2025-06;MI-MC-08-0508;1;1,3;2,1;32,05;37,9;0;0
2025-07;MI-MC-08-0508;1;1,3;2,1;32,05;37,9;0;0
2025-08;MI-MC-08-0508;2;1,3;2,1;64,11;75,8;0;0
2025-09;MI-MC-08-0508;0;1,3;2,1;0,0;0,0;1;0
2025-10;MI-MC-08-0508;2;1,3;2,1;64,11;75,8;0;0
2025-11;MI-MC-08-0508;2;1,3;2,1;64,11;75,8;0;0
2025-12;MI-MC-08-0508;3;1,3;2,1;96,16;113,7;0;0
2024-01;MT-08-0019;4;4,0;7,4;46,18;35,6;0;0
2024-02;MT-08-0019;8;4,0;7,4;92,36;71,1;0;0
2024-03;MT-08-0019;8;4,0;7,4;92,36;71,1;0;0
2024-04;MT-08-0019;10;4,0;7,4;115,45;88,9;0;0
2024-05;MT-08-0019;0;4,0;7,4;0,0;0,0;1;0
2024-06;MT-08-0019;14;4,0;7,4;161,63;124,4;0;0
2024-07;MT-08-0019;0;4,0;7,4;0,0;0,0;1;0
2024-08;MT-08-0019;10;4,0;7,4;115,45;88,9;0;0
2024-09;MT-08-0019;8;4,0;7,4;92,36;71,1;0;0
2024-10;MT-08-0019;4;4,0;7,4;46,18;35,6;0;0
2024-11;MT-08-0019;9;4,0;7,4;103,91;80,0;0;0
2024-12;MT-08-0019;6;4,0;7,4;69,27;53,3;0;0
2025-01;MT-08-0019;12;4,0;7,4;138,54;106,7;0;0
2025-02;MT-08-0019;6;4,0;7,4;69,27;53,3;0;0
2025-03;MT-08-0019;7;4,0;7,4;80,82;62,2;0;0
2025-04;MT-08-0019;17;4,0;7,4;196,27;151,1;0;0
2025-05;MT-08-0019;0;4,0;7,4;0,0;0,0;1;0
2025-06;MT-08-0019;15;4,0;7,4;173,18;133,3;0;0
2025-07;MT-08-0019;12;4,0;7,4;138,54;106,7;0;0
2025-08;MT-08-0019;7;4,0;7,4;80,82;62,2;0;0
2025-09;MT-08-0019;14;4,0;7,4;161,63;124,4;0;0
2025-10;MT-08-0019;2;4,0;7,4;23,09;17,8;0;0
2025-11;MT-08-0019;7;4,0;7,4;80,82;62,2;0;0
2025-12;MT-08-0019;3;4,0;7,4;34,64;26,7;0;0
2024-01;LOAD-08-0780;5;2,4;3,8;30,19;47,4;0;0
2024-02;LOAD-08-0780;3;2,4;3,8;18,12;28,4;0;0
2024-03;LOAD-08-0780;3;2,4;3,8;18,12;28,4;0;0
2024-04;LOAD-08-0780;0;2,4;3,8;0,0;0,0;1;0
2024-05;LOAD-08-0780;3;2,4;3,8;18,12;28,4;0;0
2024-06;LOAD-08-0780;7;2,4;3,8;42,27;66,3;0;0
2024-07;LOAD-08-0780;2;2,4;3,8;12,08;18,9;0;0
2024-08;LOAD-08-0780;2;2,4;3,8;12,08;18,9;0;0
2024-09;LOAD-08-0780;3;2,4;3,8;18,12;28,4;0;0
2024-10;LOAD-08-0780;5;2,4;3,8;30,19;47,4;0;0
2024-11;LOAD-08-0780;4;2,4;3,8;24,15;37,9;0;0
2024-12;LOAD-08-0780;1;2,4;3,8;6,04;9,5;0;0
2025-01;LOAD-08-0780;3;2,4;3,8;18,12;28,4;0;0
2025-02;LOAD-08-0780;6;2,4;3,8;36,23;56,8;0;0
2025-03;LOAD-08-0780;4;2,4;3,8;24,15;37,9;0;0
2025-04;LOAD-08-0780;1;2,4;3,8;6,04;9,5;0;0
2025-05;LOAD-08-0780;2;2,4;3,8;12,08;18,9;0;0
2025-06;LOAD-08-0780;4;2,4;3,8;24,15;37,9;0;0
2025-07;LOAD-08-0780;3;2,4;3,8;18,12;28,4;0;0
2025-08;LOAD-08-0780;4;2,4;3,8;24,15;37,9;0;0
2025-09;LOAD-08-0780;5;2,4;3,8;30,19;47,4;0;0
2025-10;LOAD-08-0780;4;2,4;3,8;24,15;37,9;0;0
2025-11;LOAD-08-0780;4;2,4;3,8;24,15;37,9;0;0
2025-12;LOAD-08-0780;4;2,4;3,8;24,15;37,9;0;0
2024-01;LOAD-M-08-0837;1;1;1,3;31,76;144,0;0;0
2024-02;LOAD-M-08-0837;1;1;1,3;31,76;144,0;0;0
2024-03;LOAD-M-08-0837;0;1;1,3;0,0;0,0;1;0
2024-04;LOAD-M-08-0837;0;1;1,3;0,0;0,0;1;0
2024-05;LOAD-M-08-0837;0;1;1,3;0,0;0,0;1;0
2024-06;LOAD-M-08-0837;1;1;1,3;31,76;144,0;0;0
2024-07;LOAD-M-08-0837;1;1;1,3;31,76;144,0;0;0
2024-08;LOAD-M-08-0837;1;1;1,3;31,76;144,0;0;0
2024-09;LOAD-M-08-0837;1;1;1,3;31,76;144,0;0;0
2024-10;LOAD-M-08-0837;0;1;1,3;0,0;0,0;1;0
2024-11;LOAD-M-08-0837;1;1;1,3;31,76;144,0;0;0
2024-12;LOAD-M-08-0837;0;1;1,3;0,0;0,0;1;0
2025-01;LOAD-M-08-0837;0;1;1,3;0,0;0,0;1;0
2025-02;LOAD-M-08-0837;1;1;1,3;31,76;144,0;0;0
2025-03;LOAD-M-08-0837;1;1;1,3;31,76;144,0;0;0
2025-04;LOAD-M-08-0837;1;1;1,3;31,76;144,0;0;0
2025-05;LOAD-M-08-0837;0;1;1,3;0,0;0,0;1;0
2025-06;LOAD-M-08-0837;1;1;1,3;31,76;144,0;0;0
2025-07;LOAD-M-08-0837;1;1;1,3;31,76;144,0;0;0
2025-08;LOAD-M-08-0837;0;1;1,3;0,0;0,0;1;0
2025-09;LOAD-M-08-0837;1;1;1,3;31,76;144,0;0;0
2025-10;LOAD-M-08-0837;0;1;1,3;0,0;0,0;1;0
2025-11;LOAD-M-08-0837;0;1;1,3;0,0;0,0;1;0
2025-12;LOAD-M-08-0837;2;1;1,3;63,53;288,0;0;0
2024-01;LOAD-M-01-0870;1;1;1,2;19,61;15,7;0;0
2024-02;LOAD-M-01-0870;1;1;1,2;19,61;15,7;0;0
2024-03;LOAD-M-01-0870;1;1;1,2;19,61;15,7;0;0
2024-04;LOAD-M-01-0870;1;1;1,2;19,61;15,7;0;0
2024-05;LOAD-M-01-0870;0;1;1,2;0,0;0,0;1;0
2024-06;LOAD-M-01-0870;1;1;1,2;19,61;15,7;0;0
2024-07;LOAD-M-01-0870;1;1;1,2;19,61;15,7;0;0
2024-08;LOAD-M-01-0870;1;1;1,2;19,61;15,7;0;0
2024-09;LOAD-M-01-0870;0;1;1,2;0,0;0,0;1;0
2024-10;LOAD-M-01-0870;0;1;1,2;0,0;0,0;1;0
2024-11;LOAD-M-01-0870;0;1;1,2;0,0;0,0;1;0
2024-12;LOAD-M-01-0870;1;1;1,2;19,61;15,7;0;0
2025-01;LOAD-M-01-0870;1;1;1,2;19,61;15,7;0;0
2025-02;LOAD-M-01-0870;1;1;1,2;19,61;15,7;0;0
2025-03;LOAD-M-01-0870;1;1;1,2;19,61;15,7;0;0
2025-04;LOAD-M-01-0870;1;1;1,2;19,61;15,7;0;0
2025-05;LOAD-M-01-0870;0;1;1,2;0,0;0,0;1;0
2025-06;LOAD-M-01-0870;0;1;1,2;0,0;0,0;1;0
2025-07;LOAD-M-01-0870;0;1;1,2;0,0;0,0;1;0
2025-08;LOAD-M-01-0870;2;1;1,2;39,22;31,3;0;0
2025-09;LOAD-M-01-0870;1;1;1,2;19,61;15,7;0;0
2025-10;LOAD-M-01-0870;0;1;1,2;0,0;0,0;1;0
2025-11;LOAD-M-01-0870;1;1;1,2;19,61;15,7;0;0
2025-12;LOAD-M-01-0870;2;1;1,2;39,22;31,3;0;0
2024-01;TMM-06-0601;1;1;1,1;121,14;60,0;0;0
2024-02;TMM-06-0601;0;1;1,1;0,0;0,0;1;0
2024-03;TMM-06-0601;1;1;1,1;121,14;60,0;0;0
2024-04;TMM-06-0601;1;1;1,1;121,14;60,0;0;0
2024-05;TMM-06-0601;0;1;1,1;0,0;0,0;1;0
2024-06;TMM-06-0601;0;1;1,1;0,0;0,0;1;0
2024-07;TMM-06-0601;1;1;1,1;121,14;60,0;0;0
2024-08;TMM-06-0601;0;1;1,1;0,0;0,0;1;0
2024-09;TMM-06-0601;0;1;1,1;0,0;0,0;1;0
2024-10;TMM-06-0601;0;1;1,1;0,0;0,0;1;0
2024-11;TMM-06-0601;1;1;1,1;121,14;60,0;0;0
2024-12;TMM-06-0601;1;1;1,1;121,14;60,0;0;0
2025-01;TMM-06-0601;0;1;1,1;0,0;0,0;1;0
2025-02;TMM-06-0601;1;1;1,1;121,14;60,0;0;0
2025-03;TMM-06-0601;0;1;1,1;0,0;0,0;1;0
2025-04;TMM-06-0601;1;1;1,1;121,14;60,0;0;0
2025-05;TMM-06-0601;2;1;1,1;242,28;120,0;0;0
2025-06;TMM-06-0601;0;1;1,1;0,0;0,0;1;0
2025-07;TMM-06-0601;0;1;1,1;0,0;0,0;1;0
2025-08;TMM-06-0601;0;1;1,1;0,0;0,0;1;0
2025-09;TMM-06-0601;1;1;1,1;121,14;60,0;0;0
2025-10;TMM-06-0601;0;1;1,1;0,0;0,0;1;0
2025-11;TMM-06-0601;0;1;1,1;0,0;0,0;1;0
2025-12;TMM-06-0601;0;1;1,1;0,0;0,0;1;0
2024-01;MRT-06-0408;1;1;1,4;47,21;55,4;0;0
2024-02;MRT-06-0408;1;1;1,4;47,21;55,4;0;0
2024-03;MRT-06-0408;1;1;1,4;47,21;55,4;0;0
2024-04;MRT-06-0408;1;1;1,4;47,21;55,4;0;0
2024-05;MRT-06-0408;1;1;1,4;47,21;55,4;0;0
2024-06;MRT-06-0408;1;1;1,4;47,21;55,4;0;0
2024-07;MRT-06-0408;0;1;1,4;0,0;0,0;1;0
2024-08;MRT-06-0408;2;1;1,4;94,42;110,8;0;0
2024-09;MRT-06-0408;0;1;1,4;0,0;0,0;1;0
2024-10;MRT-06-0408;2;1;1,4;94,42;110,8;0;0
2024-11;MRT-06-0408;1;1;1,4;47,21;55,4;0;0
2024-12;MRT-06-0408;2;1;1,4;94,42;110,8;0;0
2025-01;MRT-06-0408;1;1;1,4;47,21;55,4;0;0
2025-02;MRT-06-0408;2;1;1,4;94,42;110,8;0;0
2025-03;MRT-06-0408;1;1;1,4;47,21;55,4;0;0
2025-04;MRT-06-0408;1;1;1,4;47,21;55,4;0;0
2025-05;MRT-06-0408;1;1;1,4;47,21;55,4;0;0
2025-06;MRT-06-0408;0;1;1,4;0,0;0,0;1;0
2025-07;MRT-06-0408;1;1;1,4;47,21;55,4;0;0
2025-08;MRT-06-0408;0;1;1,4;0,0;0,0;1;0
2025-09;MRT-06-0408;2;1;1,4;94,42;110,8;0;0
2025-10;MRT-06-0408;1;1;1,4;47,21;55,4;0;0
2025-11;MRT-06-0408;1;1;1,4;47,21;55,4;0;0
2025-12;MRT-06-0408;0;1;1,4;0,0;0,0;1;0
2024-01;AWP-06-0651;0;1;1,3;0,0;0,0;1;0
2024-02;AWP-06-0651;1;1;1,3;98,66;144,0;0;0
2024-03;AWP-06-0651;2;1;1,3;197,33;288,0;0;0
2024-04;AWP-06-0651;1;1;1,3;98,66;144,0;0;0
2024-05;AWP-06-0651;2;1;1,3;197,33;288,0;0;0
2024-06;AWP-06-0651;1;1;1,3;98,66;144,0;0;0
2024-07;AWP-06-0651;1;1;1,3;98,66;144,0;0;0
2024-08;AWP-06-0651;1;1;1,3;98,66;144,0;0;0
2024-09;AWP-06-0651;0;1;1,3;0,0;0,0;1;0
2024-10;AWP-06-0651;2;1;1,3;197,33;288,0;0;0
2024-11;AWP-06-0651;1;1;1,3;98,66;144,0;0;0
2024-12;AWP-06-0651;2;1;1,3;197,33;288,0;0;0
2025-01;AWP-06-0651;0;1;1,3;0,0;0,0;1;0
2025-02;AWP-06-0651;1;1;1,3;98,66;144,0;0;0
2025-03;AWP-06-0651;2;1;1,3;197,33;288,0;0;0
2025-04;AWP-06-0651;1;1;1,3;98,66;144,0;0;0
2025-05;AWP-06-0651;0;1;1,3;0,0;0,0;1;0
2025-06;AWP-06-0651;1;1;1,3;98,66;144,0;0;0
2025-07;AWP-06-0651;0;1;1,3;0,0;0,0;1;0
2025-08;AWP-06-0651;3;1;1,3;295,99;432,0;0;0
2025-09;AWP-06-0651;0;1;1,3;0,0;0,0;1;0
2025-10;AWP-06-0651;2;1;1,3;197,33;288,0;0;0
2025-11;AWP-06-0651;2;1;1,3;197,33;288,0;0;0
2025-12;AWP-06-0651;0;1;1,3;0,0;0,0;1;0
2024-01;MLT-01-0270;0;1;1,4;0,0;0,0;1;0
2024-02;MLT-01-0270;2;1;1,4;49,05;34,3;0;0
2024-03;MLT-01-0270;1;1;1,4;24,53;17,1;0;0
2024-04;MLT-01-0270;1;1;1,4;24,53;17,1;0;0
2024-05;MLT-01-0270;1;1;1,4;24,53;17,1;0;0
2024-06;MLT-01-0270;2;1;1,4;49,05;34,3;0;0
2024-07;MLT-01-0270;2;1;1,4;49,05;34,3;0;0
2024-08;MLT-01-0270;2;1;1,4;49,05;34,3;0;0
2024-09;MLT-01-0270;1;1;1,4;24,53;17,1;0;0
2024-10;MLT-01-0270;1;1;1,4;24,53;17,1;0;0
2024-11;MLT-01-0270;1;1;1,4;24,53;17,1;0;0
2024-12;MLT-01-0270;1;1;1,4;24,53;17,1;0;0
2025-01;MLT-01-0270;1;1;1,4;24,53;17,1;0;0
2025-02;MLT-01-0270;1;1;1,4;24,53;17,1;0;0
2025-03;MLT-01-0270;1;1;1,4;24,53;17,1;0;0
2025-04;MLT-01-0270;1;1;1,4;24,53;17,1;0;0
2025-05;MLT-01-0270;1;1;1,4;24,53;17,1;0;0
2025-06;MLT-01-0270;2;1;1,4;49,05;34,3;0;0
2025-07;MLT-01-0270;1;1;1,4;24,53;17,1;0;0
2025-08;MLT-01-0270;2;1;1,4;49,05;34,3;0;0
2025-09;MLT-01-0270;2;1;1,4;49,05;34,3;0;0
2025-10;MLT-01-0270;1;1;1,4;24,53;17,1;0;0
2025-11;MLT-01-0270;1;1;1,4;24,53;17,1;0;0
2025-12;MLT-01-0270;2;1;1,4;49,05;34,3;0;0
2024-01;LOAD-M-08-0854;0;1;1,3;0,0;0,0;1;0
2024-02;LOAD-M-08-0854;0;1;1,3;0,0;0,0;1;0
2024-03;LOAD-M-08-0854;0;1;1,3;0,0;0,0;1;0
2024-04;LOAD-M-08-0854;1;1;1,3;14,98;72,0;0;0
2024-05;LOAD-M-08-0854;0;1;1,3;0,0;0,0;1;0
2024-06;LOAD-M-08-0854;1;1;1,3;14,98;72,0;0;0
2024-07;LOAD-M-08-0854;0;1;1,3;0,0;0,0;1;0
2024-08;LOAD-M-08-0854;1;1;1,3;14,98;72,0;0;0
2024-09;LOAD-M-08-0854;2;1;1,3;29,96;144,0;0;0
2024-10;LOAD-M-08-0854;0;1;1,3;0,0;0,0;1;0
2024-11;LOAD-M-08-0854;1;1;1,3;14,98;72,0;0;0
2024-12;LOAD-M-08-0854;2;1;1,3;29,96;144,0;0;0
2025-01;LOAD-M-08-0854;1;1;1,3;14,98;72,0;0;0
2025-02;LOAD-M-08-0854;1;1;1,3;14,98;72,0;0;0
2025-03;LOAD-M-08-0854;1;1;1,3;14,98;72,0;0;0
2025-04;LOAD-M-08-0854;0;1;1,3;0,0;0,0;1;0
2025-05;LOAD-M-08-0854;0;1;1,3;0,0;0,0;1;0
2025-06;LOAD-M-08-0854;0;1;1,3;0,0;0,0;1;0
2025-07;LOAD-M-08-0854;2;1;1,3;29,96;144,0;0;0
2025-08;LOAD-M-08-0854;1;1;1,3;14,98;72,0;0;0
2025-09;LOAD-M-08-0854;2;1;1,3;29,96;144,0;0;0
2025-10;LOAD-M-08-0854;1;1;1,3;14,98;72,0;0;0
2025-11;LOAD-M-08-0854;1;1;1,3;14,98;72,0;0;0
2025-12;LOAD-M-08-0854;1;1;1,3;14,98;72,0;0;0
2024-01;MI-MC-07-0462;0;1;1,1;0,0;0,0;1;0
2024-02;MI-MC-07-0462;0;1;1,1;0,0;0,0;1;0
2024-03;MI-MC-07-0462;1;1;1,1;101,31;300,0;0;1
2024-04;MI-MC-07-0462;1;1;1,1;101,31;300,0;0;1
2024-05;MI-MC-07-0462;1;1;1,1;101,31;300,0;0;1
2024-06;MI-MC-07-0462;1;1;1,1;101,31;300,0;0;1
2024-07;MI-MC-07-0462;0;1;1,1;0,0;0,0;1;0
2024-08;MI-MC-07-0462;0;1;1,1;0,0;0,0;1;0
2024-09;MI-MC-07-0462;1;1;1,1;101,31;300,0;0;1
2024-10;MI-MC-07-0462;0;1;1,1;0,0;0,0;1;0
2024-11;MI-MC-07-0462;0;1;1,1;0,0;0,0;1;0
2024-12;MI-MC-07-0462;0;1;1,1;0,0;0,0;1;0
2025-01;MI-MC-07-0462;0;1;1,1;0,0;0,0;1;0
2025-02;MI-MC-07-0462;1;1;1,1;101,31;300,0;0;1
2025-03;MI-MC-07-0462;2;1;1,1;202,62;600,0;0;1
2025-04;MI-MC-07-0462;0;1;1,1;0,0;0,0;1;0
2025-05;MI-MC-07-0462;1;1;1,1;101,31;300,0;0;1
2025-06;MI-MC-07-0462;0;1;1,1;0,0;0,0;1;0
2025-07;MI-MC-07-0462;0;1;1,1;0,0;0,0;1;0
2025-08;MI-MC-07-0462;1;1;1,1;101,31;300,0;0;1
2025-09;MI-MC-07-0462;1;1;1,1;101,31;300,0;0;1
2025-10;MI-MC-07-0462;1;1;1,1;101,31;300,0;0;1
2025-11;MI-MC-07-0462;0;1;1,1;0,0;0,0;1;0
2025-12;MI-MC-07-0462;0;1;1,1;0,0;0,0;1;0
2024-01;MT-08-0117;1;1;1,4;25,22;11,6;0;0
2024-02;MT-08-0117;2;1;1,4;50,44;23,2;0;0
2024-03;MT-08-0117;1;1;1,4;25,22;11,6;0;0
2024-04;MT-08-0117;1;1;1,4;25,22;11,6;0;0
2024-05;MT-08-0117;1;1;1,4;25,22;11,6;0;0
2024-06;MT-08-0117;0;1;1,4;0,0;0,0;1;0
2024-07;MT-08-0117;1;1;1,4;25,22;11,6;0;0
2024-08;MT-08-0117;2;1;1,4;50,44;23,2;0;0
2024-09;MT-08-0117;2;1;1,4;50,44;23,2;0;0
2024-10;MT-08-0117;1;1;1,4;25,22;11,6;0;0
2024-11;MT-08-0117;0;1;1,4;0,0;0,0;1;0
2024-12;MT-08-0117;0;1;1,4;0,0;0,0;1;0
2025-01;MT-08-0117;2;1;1,4;50,44;23,2;0;0
2025-02;MT-08-0117;0;1;1,4;0,0;0,0;1;0
2025-03;MT-08-0117;2;1;1,4;50,44;23,2;0;0
2025-04;MT-08-0117;1;1;1,4;25,22;11,6;0;0
2025-05;MT-08-0117;1;1;1,4;25,22;11,6;0;0
2025-06;MT-08-0117;0;1;1,4;0,0;0,0;1;0
2025-07;MT-08-0117;0;1;1,4;0,0;0,0;1;0
2025-08;MT-08-0117;2;1;1,4;50,44;23,2;0;0
2025-09;MT-08-0117;1;1;1,4;25,22;11,6;0;0
2025-10;MT-08-0117;0;1;1,4;0,0;0,0;1;0
2025-11;MT-08-0117;1;1;1,4;25,22;11,6;0;0
2025-12;MT-08-0117;1;1;1,4;25,22;11,6;0;0
2024-01;MT-08-0178;8;4,5;8,2;49,89;45,0;0;0
2024-02;MT-08-0178;5;4,5;8,2;31,18;28,1;0;0
2024-03;MT-08-0178;4;4,5;8,2;24,94;22,5;0;0
2024-04;MT-08-0178;10;4,5;8,2;62,36;56,2;0;0
2024-05;MT-08-0178;6;4,5;8,2;37,42;33,8;0;0
2024-06;MT-08-0178;8;4,5;8,2;49,89;45,0;0;0
2024-07;MT-08-0178;9;4,5;8,2;56,12;50,6;0;0
2024-08;MT-08-0178;14;4,5;8,2;87,31;78,8;0;0
2024-09;MT-08-0178;0;4,5;8,2;0,0;0,0;1;0
2024-10;MT-08-0178;0;4,5;8,2;0,0;0,0;1;0
2024-11;MT-08-0178;4;4,5;8,2;24,94;22,5;0;0
2024-12;MT-08-0178;4;4,5;8,2;24,94;22,5;0;0
2025-01;MT-08-0178;8;4,5;8,2;49,89;45,0;0;0
2025-02;MT-08-0178;7;4,5;8,2;43,65;39,4;0;0
2025-03;MT-08-0178;8;4,5;8,2;49,89;45,0;0;0
2025-04;MT-08-0178;7;4,5;8,2;43,65;39,4;0;0
2025-05;MT-08-0178;0;4,5;8,2;0,0;0,0;1;0
2025-06;MT-08-0178;19;4,5;8,2;118,49;106,9;0;0
2025-07;MT-08-0178;2;4,5;8,2;12,47;11,2;0;0
2025-08;MT-08-0178;5;4,5;8,2;31,18;28,1;0;0
2025-09;MT-08-0178;6;4,5;8,2;37,42;33,8;0;0
2025-10;MT-08-0178;9;4,5;8,2;56,12;50,6;0;0
2025-11;MT-08-0178;2;4,5;8,2;12,47;11,2;0;0
2025-12;MT-08-0178;5;4,5;8,2;31,18;28,1;0;0
2024-01;MLT-08-0218;1;1;1,5;16,51;6,0;0;0
2024-02;MLT-08-0218;1;1;1,5;16,51;6,0;0;0
2024-03;MLT-08-0218;1;1;1,5;16,51;6,0;0;0
2024-04;MLT-08-0218;1;1;1,5;16,51;6,0;0;0
2024-05;MLT-08-0218;1;1;1,5;16,51;6,0;0;0
2024-06;MLT-08-0218;1;1;1,5;16,51;6,0;0;0
2024-07;MLT-08-0218;1;1;1,5;16,51;6,0;0;0
2024-08;MLT-08-0218;2;1;1,5;33,03;11,9;0;0
2024-09;MLT-08-0218;2;1;1,5;33,03;11,9;0;0
2024-10;MLT-08-0218;1;1;1,5;16,51;6,0;0;0
2024-11;MLT-08-0218;0;1;1,5;0,0;0,0;1;0
2024-12;MLT-08-0218;0;1;1,5;0,0;0,0;1;0
2025-01;MLT-08-0218;0;1;1,5;0,0;0,0;1;0
2025-02;MLT-08-0218;2;1;1,5;33,03;11,9;0;0
2025-03;MLT-08-0218;2;1;1,5;33,03;11,9;0;0
2025-04;MLT-08-0218;1;1;1,5;16,51;6,0;0;0
2025-05;MLT-08-0218;2;1;1,5;33,03;11,9;0;0
2025-06;MLT-08-0218;1;1;1,5;16,51;6,0;0;0
2025-07;MLT-08-0218;1;1;1,5;16,51;6,0;0;0
2025-08;MLT-08-0218;1;1;1,5;16,51;6,0;0;0
2025-09;MLT-08-0218;1;1;1,5;16,51;6,0;0;0
2025-10;MLT-08-0218;2;1;1,5;33,03;11,9;0;0
2025-11;MLT-08-0218;1;1;1,5;16,51;6,0;0;0
2025-12;MLT-08-0218;1;1;1,5;16,51;6,0;0;0
2024-01;LOAD-01-0745;1;1;1,2;20,48;24,8;0;0
2024-02;LOAD-01-0745;1;1;1,2;20,48;24,8;0;0
2024-03;LOAD-01-0745;1;1;1,2;20,48;24,8;0;0
2024-04;LOAD-01-0745;0;1;1,2;0,0;0,0;1;0
2024-05;LOAD-01-0745;1;1;1,2;20,48;24,8;0;0
2024-06;LOAD-01-0745;0;1;1,2;0,0;0,0;1;0
2024-07;LOAD-01-0745;1;1;1,2;20,48;24,8;0;0
2024-08;LOAD-01-0745;0;1;1,2;0,0;0,0;1;0
2024-09;LOAD-01-0745;0;1;1,2;0,0;0,0;1;0
2024-10;LOAD-01-0745;1;1;1,2;20,48;24,8;0;0
2024-11;LOAD-01-0745;1;1;1,2;20,48;24,8;0;0
2024-12;LOAD-01-0745;1;1;1,2;20,48;24,8;0;0
2025-01;LOAD-01-0745;2;1;1,2;40,96;49,7;0;0
2025-02;LOAD-01-0745;1;1;1,2;20,48;24,8;0;0
2025-03;LOAD-01-0745;1;1;1,2;20,48;24,8;0;0
2025-04;LOAD-01-0745;0;1;1,2;0,0;0,0;1;0
2025-05;LOAD-01-0745;0;1;1,2;0,0;0,0;1;0
2025-06;LOAD-01-0745;0;1;1,2;0,0;0,0;1;0
2025-07;LOAD-01-0745;0;1;1,2;0,0;0,0;1;0
2025-08;LOAD-01-0745;1;1;1,2;20,48;24,8;0;0
2025-09;LOAD-01-0745;1;1;1,2;20,48;24,8;0;0
2025-10;LOAD-01-0745;0;1;1,2;0,0;0,0;1;0
2025-11;LOAD-01-0745;0;1;1,2;0,0;0,0;1;0
2025-12;LOAD-01-0745;1;1;1,2;20,48;24,8;0;0
2024-01;MLT-08-0364;4;4,2;6,8;64,5;68,6;0;0
2024-02;MLT-08-0364;5;4,2;6,8;80,63;85,7;0;0
2024-03;MLT-08-0364;5;4,2;6,8;80,63;85,7;0;0
2024-04;MLT-08-0364;9;4,2;6,8;145,13;154,3;0;0
2024-05;MLT-08-0364;8;4,2;6,8;129,0;137,1;0;0
2024-06;MLT-08-0364;9;4,2;6,8;145,13;154,3;0;0
2024-07;MLT-08-0364;4;4,2;6,8;64,5;68,6;0;0
2024-08;MLT-08-0364;2;4,2;6,8;32,25;34,3;0;0
2024-09;MLT-08-0364;1;4,2;6,8;16,13;17,1;0;0
2024-10;MLT-08-0364;11;4,2;6,8;177,38;188,6;0;0
2024-11;MLT-08-0364;10;4,2;6,8;161,25;171,4;0;0
2024-12;MLT-08-0364;10;4,2;6,8;161,25;171,4;0;0
2025-01;MLT-08-0364;11;4,2;6,8;177,38;188,6;0;0
2025-02;MLT-08-0364;8;4,2;6,8;129,0;137,1;0;0
2025-03;MLT-08-0364;10;4,2;6,8;161,25;171,4;0;0
2025-04;MLT-08-0364;0;4,2;6,8;0,0;0,0;1;0
2025-05;MLT-08-0364;8;4,2;6,8;129,0;137,1;0;0
2025-06;MLT-08-0364;12;4,2;6,8;193,5;205,7;0;0
2025-07;MLT-08-0364;5;4,2;6,8;80,63;85,7;0;0
2025-08;MLT-08-0364;6;4,2;6,8;96,75;102,9;0;0
2025-09;MLT-08-0364;7;4,2;6,8;112,88;120,0;0;0
2025-10;MLT-08-0364;4;4,2;6,8;64,5;68,6;0;0
2025-11;MLT-08-0364;3;4,2;6,8;48,38;51,4;0;0
2025-12;MLT-08-0364;4;4,2;6,8;64,5;68,6;0;0
2024-01;MLT-06-0275;1;1;1,5;47,23;30,0;0;0
2024-02;MLT-06-0275;2;1;1,5;94,47;60,0;0;0
2024-03;MLT-06-0275;1;1;1,5;47,23;30,0;0;0
2024-04;MLT-06-0275;0;1;1,5;0,0;0,0;1;0
2024-05;MLT-06-0275;2;1;1,5;94,47;60,0;0;0
2024-06;MLT-06-0275;1;1;1,5;47,23;30,0;0;0
2024-07;MLT-06-0275;0;1;1,5;0,0;0,0;1;0
2024-08;MLT-06-0275;2;1;1,5;94,47;60,0;0;0
2024-09;MLT-06-0275;0;1;1,5;0,0;0,0;1;0
2024-10;MLT-06-0275;1;1;1,5;47,23;30,0;0;0
2024-11;MLT-06-0275;1;1;1,5;47,23;30,0;0;0
2024-12;MLT-06-0275;1;1;1,5;47,23;30,0;0;0
2025-01;MLT-06-0275;1;1;1,5;47,23;30,0;0;0
2025-02;MLT-06-0275;0;1;1,5;0,0;0,0;1;0
2025-03;MLT-06-0275;1;1;1,5;47,23;30,0;0;0
2025-04;MLT-06-0275;1;1;1,5;47,23;30,0;0;0
2025-05;MLT-06-0275;0;1;1,5;0,0;0,0;1;0
2025-06;MLT-06-0275;0;1;1,5;0,0;0,0;1;0
2025-07;MLT-06-0275;0;1;1,5;0,0;0,0;1;0
2025-08;MLT-06-0275;1;1;1,5;47,23;30,0;0;0
2025-09;MLT-06-0275;0;1;1,5;0,0;0,0;1;0
2025-10;MLT-06-0275;1;1;1,5;47,23;30,0;0;0
2025-11;MLT-06-0275;0;1;1,5;0,0;0,0;1;0
2025-12;MLT-06-0275;1;1;1,5;47,23;30,0;0;0
2024-01;TMM-08-0575;0;1,1;1,8;0,0;0,0;1;0
2024-02;TMM-08-0575;0;1,1;1,8;0,0;0,0;1;0
2024-03;TMM-08-0575;0;1,1;1,8;0,0;0,0;1;0
2024-04;TMM-08-0575;1;1,1;1,8;25,4;65,5;0;0
2024-05;TMM-08-0575;0;1,1;1,8;0,0;0,0;1;0
2024-06;TMM-08-0575;0;1,1;1,8;0,0;0,0;1;0
2024-07;TMM-08-0575;2;1,1;1,8;50,81;130,9;0;0
2024-08;TMM-08-0575;1;1,1;1,8;25,4;65,5;0;0
2024-09;TMM-08-0575;1;1,1;1,8;25,4;65,5;0;0
2024-10;TMM-08-0575;1;1,1;1,8;25,4;65,5;0;0
2024-11;TMM-08-0575;1;1,1;1,8;25,4;65,5;0;0
2024-12;TMM-08-0575;0;1,1;1,8;0,0;0,0;1;0
2025-01;TMM-08-0575;2;1,1;1,8;50,81;130,9;0;0
2025-02;TMM-08-0575;3;1,1;1,8;76,21;196,4;0;0
2025-03;TMM-08-0575;0;1,1;1,8;0,0;0,0;1;0
2025-04;TMM-08-0575;4;1,1;1,8;101,62;261,8;0;0
2025-05;TMM-08-0575;0;1,1;1,8;0,0;0,0;1;0
2025-06;TMM-08-0575;2;1,1;1,8;50,81;130,9;0;0
2025-07;TMM-08-0575;0;1,1;1,8;0,0;0,0;1;0
2025-08;TMM-08-0575;0;1,1;1,8;0,0;0,0;1;0
2025-09;TMM-08-0575;1;1,1;1,8;25,4;65,5;0;0
2025-10;TMM-08-0575;1;1,1;1,8;25,4;65,5;0;0
2025-11;TMM-08-0575;1;1,1;1,8;25,4;65,5;0;0
2025-12;TMM-08-0575;1;1,1;1,8;25,4;65,5;0;0
2024-01;MT-05-0045;2;1;1,2;129,34;160,0;0;0
2024-02;MT-05-0045;0;1;1,2;0,0;0,0;1;0
2024-03;MT-05-0045;1;1;1,2;64,67;80,0;0;0
2024-04;MT-05-0045;1;1;1,2;64,67;80,0;0;0
2024-05;MT-05-0045;1;1;1,2;64,67;80,0;0;0
2024-06;MT-05-0045;0;1;1,2;0,0;0,0;1;0
2024-07;MT-05-0045;1;1;1,2;64,67;80,0;0;0
2024-08;MT-05-0045;0;1;1,2;0,0;0,0;1;0
2024-09;MT-05-0045;1;1;1,2;64,67;80,0;0;0
2024-10;MT-05-0045;1;1;1,2;64,67;80,0;0;0
2024-11;MT-05-0045;1;1;1,2;64,67;80,0;0;0
2024-12;MT-05-0045;0;1;1,2;0,0;0,0;1;0
2025-01;MT-05-0045;0;1;1,2;0,0;0,0;1;0
2025-02;MT-05-0045;2;1;1,2;129,34;160,0;0;0
2025-03;MT-05-0045;1;1;1,2;64,67;80,0;0;0
2025-04;MT-05-0045;2;1;1,2;129,34;160,0;0;0
2025-05;MT-05-0045;0;1;1,2;0,0;0,0;1;0
2025-06;MT-05-0045;2;1;1,2;129,34;160,0;0;0
2025-07;MT-05-0045;1;1;1,2;64,67;80,0;0;0
2025-08;MT-05-0045;0;1;1,2;0,0;0,0;1;0
2025-09;MT-05-0045;0;1;1,2;0,0;0,0;1;0
2025-10;MT-05-0045;2;1;1,2;129,34;160,0;0;0
2025-11;MT-05-0045;1;1;1,2;64,67;80,0;0;0
2025-12;MT-05-0045;0;1;1,2;0,0;0,0;1;0
2024-01;MI-MC-08-0527;4;5,8;10,6;50,61;37,4;0;0
2024-02;MI-MC-08-0527;11;5,8;10,6;139,19;102,9;0;0
2024-03;MI-MC-08-0527;9;5,8;10,6;113,88;84,2;0;0
2024-04;MI-MC-08-0527;11;5,8;10,6;139,19;102,9;0;0
2024-05;MI-MC-08-0527;3;5,8;10,6;37,96;28,1;0;0
2024-06;MI-MC-08-0527;8;5,8;10,6;101,23;74,8;0;0
2024-07;MI-MC-08-0527;7;5,8;10,6;88,58;65,5;0;0
2024-08;MI-MC-08-0527;0;5,8;10,6;0,0;0,0;1;0
2024-09;MI-MC-08-0527;14;5,8;10,6;177,15;130,9;0;0
2024-10;MI-MC-08-0527;6;5,8;10,6;75,92;56,1;0;0
2024-11;MI-MC-08-0527;11;5,8;10,6;139,19;102,9;0;0
2024-12;MI-MC-08-0527;3;5,8;10,6;37,96;28,1;0;0
2025-01;MI-MC-08-0527;14;5,8;10,6;177,15;130,9;0;0
2025-02;MI-MC-08-0527;8;5,8;10,6;101,23;74,8;0;0
2025-03;MI-MC-08-0527;4;5,8;10,6;50,61;37,4;0;0
2025-04;MI-MC-08-0527;18;5,8;10,6;227,77;168,3;0;0
2025-05;MI-MC-08-0527;14;5,8;10,6;177,15;130,9;0;0
2025-06;MI-MC-08-0527;4;5,8;10,6;50,61;37,4;0;0
2025-07;MI-MC-08-0527;12;5,8;10,6;151,84;112,2;0;0
2025-08;MI-MC-08-0527;12;5,8;10,6;151,84;112,2;0;0
2025-09;MI-MC-08-0527;11;5,8;10,6;139,19;102,9;0;0
2025-10;MI-MC-08-0527;11;5,8;10,6;139,19;102,9;0;0
2025-11;MI-MC-08-0527;17;5,8;10,6;215,11;159,0;0;0
2025-12;MI-MC-08-0527;16;5,8;10,6;202,46;149,6;0;0
2024-01;MT-01-0066;0;1;1,2;0,0;0,0;1;0
2024-02;MT-01-0066;0;1;1,2;0,0;0,0;1;0
2024-03;MT-01-0066;0;1;1,2;0,0;0,0;1;0
2024-04;MT-01-0066;0;1;1,2;0,0;0,0;1;0
2024-05;MT-01-0066;2;1;1,2;64,4;84,7;0;0
2024-06;MT-01-0066;1;1;1,2;32,2;42,4;0;0
2024-07;MT-01-0066;1;1;1,2;32,2;42,4;0;0
2024-08;MT-01-0066;2;1;1,2;64,4;84,7;0;0
2024-09;MT-01-0066;1;1;1,2;32,2;42,4;0;0
2024-10;MT-01-0066;0;1;1,2;0,0;0,0;1;0
2024-11;MT-01-0066;0;1;1,2;0,0;0,0;1;0
2024-12;MT-01-0066;0;1;1,2;0,0;0,0;1;0
2025-01;MT-01-0066;1;1;1,2;32,2;42,4;0;0
2025-02;MT-01-0066;1;1;1,2;32,2;42,4;0;0
2025-03;MT-01-0066;0;1;1,2;0,0;0,0;1;0
2025-04;MT-01-0066;1;1;1,2;32,2;42,4;0;0
2025-05;MT-01-0066;1;1;1,2;32,2;42,4;0;0
2025-06;MT-01-0066;1;1;1,2;32,2;42,4;0;0
2025-07;MT-01-0066;0;1;1,2;0,0;0,0;1;0
2025-08;MT-01-0066;1;1;1,2;32,2;42,4;0;0
2025-09;MT-01-0066;0;1;1,2;0,0;0,0;1;0
2025-10;MT-01-0066;0;1;1,2;0,0;0,0;1;0
2025-11;MT-01-0066;0;1;1,2;0,0;0,0;1;0
2025-12;MT-01-0066;1;1;1,2;32,2;42,4;0;0
2024-01;MT-01-0032;2;2,1;3,9;38,27;34,3;0;0
2024-02;MT-01-0032;3;2,1;3,9;57,41;51,4;0;0
2024-03;MT-01-0032;0;2,1;3,9;0,0;0,0;1;0
2024-04;MT-01-0032;4;2,1;3,9;76,54;68,6;0;0
2024-05;MT-01-0032;0;2,1;3,9;0,0;0,0;1;0
2024-06;MT-01-0032;3;2,1;3,9;57,41;51,4;0;0
2024-07;MT-01-0032;5;2,1;3,9;95,68;85,7;0;0
2024-08;MT-01-0032;6;2,1;3,9;114,82;102,9;0;0
2024-09;MT-01-0032;2;2,1;3,9;38,27;34,3;0;0
2024-10;MT-01-0032;3;2,1;3,9;57,41;51,4;0;0
2024-11;MT-01-0032;5;2,1;3,9;95,68;85,7;0;0
2024-12;MT-01-0032;3;2,1;3,9;57,41;51,4;0;0
2025-01;MT-01-0032;1;2,1;3,9;19,14;17,1;0;0
2025-02;MT-01-0032;3;2,1;3,9;57,41;51,4;0;0
2025-03;MT-01-0032;6;2,1;3,9;114,82;102,9;0;0
2025-04;MT-01-0032;3;2,1;3,9;57,41;51,4;0;0
2025-05;MT-01-0032;4;2,1;3,9;76,54;68,6;0;0
2025-06;MT-01-0032;6;2,1;3,9;114,82;102,9;0;0
2025-07;MT-01-0032;8;2,1;3,9;153,09;137,1;0;0
2025-08;MT-01-0032;6;2,1;3,9;114,82;102,9;0;0
2025-09;MT-01-0032;3;2,1;3,9;57,41;51,4;0;0
2025-10;MT-01-0032;3;2,1;3,9;57,41;51,4;0;0
2025-11;MT-01-0032;0;2,1;3,9;0,0;0,0;1;0
2025-12;MT-01-0032;3;2,1;3,9;57,41;51,4;0;0
2024-01;MRT-08-0446;1;1;1,2;7,28;31,3;0;0
2024-02;MRT-08-0446;0;1;1,2;0,0;0,0;1;0
2024-03;MRT-08-0446;1;1;1,2;7,28;31,3;0;0
2024-04;MRT-08-0446;1;1;1,2;7,28;31,3;0;0
2024-05;MRT-08-0446;1;1;1,2;7,28;31,3;0;0
2024-06;MRT-08-0446;0;1;1,2;0,0;0,0;1;0
2024-07;MRT-08-0446;1;1;1,2;7,28;31,3;0;0
2024-08;MRT-08-0446;1;1;1,2;7,28;31,3;0;0
2024-09;MRT-08-0446;2;1;1,2;14,56;62,6;0;0
2024-10;MRT-08-0446;2;1;1,2;14,56;62,6;0;0
2024-11;MRT-08-0446;1;1;1,2;7,28;31,3;0;0
2024-12;MRT-08-0446;2;1;1,2;14,56;62,6;0;0
2025-01;MRT-08-0446;0;1;1,2;0,0;0,0;1;0
2025-02;MRT-08-0446;0;1;1,2;0,0;0,0;1;0
2025-03;MRT-08-0446;0;1;1,2;0,0;0,0;1;0
2025-04;MRT-08-0446;1;1;1,2;7,28;31,3;0;0
2025-05;MRT-08-0446;1;1;1,2;7,28;31,3;0;0
2025-06;MRT-08-0446;1;1;1,2;7,28;31,3;0;0
2025-07;MRT-08-0446;0;1;1,2;0,0;0,0;1;0
2025-08;MRT-08-0446;1;1;1,2;7,28;31,3;0;0
2025-09;MRT-08-0446;1;1;1,2;7,28;31,3;0;0
2025-10;MRT-08-0446;1;1;1,2;7,28;31,3;0;0
2025-11;MRT-08-0446;1;1;1,2;7,28;31,3;0;0
2025-12;MRT-08-0446;1;1;1,2;7,28;31,3;0;0
2024-01;MLT-08-0233;3;1,4;2,2;50,96;35,4;0;0
2024-02;MLT-08-0233;1;1,4;2,2;16,99;11,8;0;0
2024-03;MLT-08-0233;3;1,4;2,2;50,96;35,4;0;0
2024-04;MLT-08-0233;0;1,4;2,2;0,0;0,0;1;0
2024-05;MLT-08-0233;2;1,4;2,2;33,98;23,6;0;0
2024-06;MLT-08-0233;3;1,4;2,2;50,96;35,4;0;0
2024-07;MLT-08-0233;0;1,4;2,2;0,0;0,0;1;0
2024-08;MLT-08-0233;1;1,4;2,2;16,99;11,8;0;0
2024-09;MLT-08-0233;2;1,4;2,2;33,98;23,6;0;0
2024-10;MLT-08-0233;1;1,4;2,2;16,99;11,8;0;0
2024-11;MLT-08-0233;3;1,4;2,2;50,96;35,4;0;0
2024-12;MLT-08-0233;1;1,4;2,2;16,99;11,8;0;0
2025-01;MLT-08-0233;2;1,4;2,2;33,98;23,6;0;0
2025-02;MLT-08-0233;0;1,4;2,2;0,0;0,0;1;0
2025-03;MLT-08-0233;0;1,4;2,2;0,0;0,0;1;0
2025-04;MLT-08-0233;3;1,4;2,2;50,96;35,4;0;0
2025-05;MLT-08-0233;3;1,4;2,2;50,96;35,4;0;0
2025-06;MLT-08-0233;2;1,4;2,2;33,98;23,6;0;0
2025-07;MLT-08-0233;0;1,4;2,2;0,0;0,0;1;0
2025-08;MLT-08-0233;0;1,4;2,2;0,0;0,0;1;0
2025-09;MLT-08-0233;3;1,4;2,2;50,96;35,4;0;0
2025-10;MLT-08-0233;3;1,4;2,2;50,96;35,4;0;0
2025-11;MLT-08-0233;0;1,4;2,2;0,0;0,0;1;0
2025-12;MLT-08-0233;3;1,4;2,2;50,96;35,4;0;0
2024-01;TMM-08-0618;5;2,7;4,4;46,84;133,3;0;0
2024-02;TMM-08-0618;2;2,7;4,4;18,74;53,3;0;0
2024-03;TMM-08-0618;1;2,7;4,4;9,37;26,7;0;0
2024-04;TMM-08-0618;6;2,7;4,4;56,21;160,0;0;0
2024-05;TMM-08-0618;0;2,7;4,4;0,0;0,0;1;0
2024-06;TMM-08-0618;7;2,7;4,4;65,58;186,7;0;0
2024-07;TMM-08-0618;4;2,7;4,4;37,47;106,7;0;0
2024-08;TMM-08-0618;7;2,7;4,4;65,58;186,7;0;0
2024-09;TMM-08-0618;5;2,7;4,4;46,84;133,3;0;0
2024-10;TMM-08-0618;4;2,7;4,4;37,47;106,7;0;0
2024-11;TMM-08-0618;3;2,7;4,4;28,11;80,0;0;0
2024-12;TMM-08-0618;0;2,7;4,4;0,0;0,0;1;0
2025-01;TMM-08-0618;5;2,7;4,4;46,84;133,3;0;0
2025-02;TMM-08-0618;5;2,7;4,4;46,84;133,3;0;0
2025-03;TMM-08-0618;7;2,7;4,4;65,58;186,7;0;0
2025-04;TMM-08-0618;9;2,7;4,4;84,32;240,0;0;0
2025-05;TMM-08-0618;1;2,7;4,4;9,37;26,7;0;0
2025-06;TMM-08-0618;3;2,7;4,4;28,11;80,0;0;0
2025-07;TMM-08-0618;4;2,7;4,4;37,47;106,7;0;0
2025-08;TMM-08-0618;6;2,7;4,4;56,21;160,0;0;0
2025-09;TMM-08-0618;3;2,7;4,4;28,11;80,0;0;0
2025-10;TMM-08-0618;3;2,7;4,4;28,11;80,0;0;0
2025-11;TMM-08-0618;3;2,7;4,4;28,11;80,0;0;0
2025-12;TMM-08-0618;1;2,7;4,4;9,37;26,7;0;0
2024-01;LOAD-06-0760;1;1;1,2;40,5;60,0;0;0
2024-02;LOAD-06-0760;0;1;1,2;0,0;0,0;1;0
2024-03;LOAD-06-0760;1;1;1,2;40,5;60,0;0;0
2024-04;LOAD-06-0760;2;1;1,2;81,0;120,0;0;0
2024-05;LOAD-06-0760;0;1;1,2;0,0;0,0;1;0
2024-06;LOAD-06-0760;0;1;1,2;0,0;0,0;1;0
2024-07;LOAD-06-0760;1;1;1,2;40,5;60,0;0;0
2024-08;LOAD-06-0760;1;1;1,2;40,5;60,0;0;0
2024-09;LOAD-06-0760;2;1;1,2;81,0;120,0;0;0
2024-10;LOAD-06-0760;1;1;1,2;40,5;60,0;0;0
2024-11;LOAD-06-0760;0;1;1,2;0,0;0,0;1;0
2024-12;LOAD-06-0760;1;1;1,2;40,5;60,0;0;0
2025-01;LOAD-06-0760;1;1;1,2;40,5;60,0;0;0
2025-02;LOAD-06-0760;0;1;1,2;0,0;0,0;1;0
2025-03;LOAD-06-0760;2;1;1,2;81,0;120,0;0;0
2025-04;LOAD-06-0760;0;1;1,2;0,0;0,0;1;0
2025-05;LOAD-06-0760;1;1;1,2;40,5;60,0;0;0
2025-06;LOAD-06-0760;0;1;1,2;0,0;0,0;1;0
2025-07;LOAD-06-0760;1;1;1,2;40,5;60,0;0;0
2025-08;LOAD-06-0760;1;1;1,2;40,5;60,0;0;0
2025-09;LOAD-06-0760;1;1;1,2;40,5;60,0;0;0
2025-10;LOAD-06-0760;1;1;1,2;40,5;60,0;0;0
2025-11;LOAD-06-0760;0;1;1,2;0,0;0,0;1;0
2025-12;LOAD-06-0760;0;1;1,2;0,0;0,0;1;0
2024-01;AWP-01-0645;2;1;1,4;22,0;144,0;0;0
2024-02;AWP-01-0645;2;1;1,4;22,0;144,0;0;0
2024-03;AWP-01-0645;2;1;1,4;22,0;144,0;0;0
2024-04;AWP-01-0645;0;1;1,4;0,0;0,0;1;0
2024-05;AWP-01-0645;1;1;1,4;11,0;72,0;0;0
2024-06;AWP-01-0645;1;1;1,4;11,0;72,0;0;0
2024-07;AWP-01-0645;0;1;1,4;0,0;0,0;1;0
2024-08;AWP-01-0645;1;1;1,4;11,0;72,0;0;0
2024-09;AWP-01-0645;0;1;1,4;0,0;0,0;1;0
2024-10;AWP-01-0645;2;1;1,4;22,0;144,0;0;0
2024-11;AWP-01-0645;2;1;1,4;22,0;144,0;0;0
2024-12;AWP-01-0645;2;1;1,4;22,0;144,0;0;0
2025-01;AWP-01-0645;0;1;1,4;0,0;0,0;1;0
2025-02;AWP-01-0645;1;1;1,4;11,0;72,0;0;0
2025-03;AWP-01-0645;0;1;1,4;0,0;0,0;1;0
2025-04;AWP-01-0645;1;1;1,4;11,0;72,0;0;0
2025-05;AWP-01-0645;1;1;1,4;11,0;72,0;0;0
2025-06;AWP-01-0645;1;1;1,4;11,0;72,0;0;0
2025-07;AWP-01-0645;1;1;1,4;11,0;72,0;0;0
2025-08;AWP-01-0645;1;1;1,4;11,0;72,0;0;0
2025-09;AWP-01-0645;0;1;1,4;0,0;0,0;1;0
2025-10;AWP-01-0645;1;1;1,4;11,0;72,0;0;0
2025-11;AWP-01-0645;1;1;1,4;11,0;72,0;0;0
2025-12;AWP-01-0645;2;1;1,4;22,0;144,0;0;0
2024-01;TMM-01-0612;2;1;1,3;26,16;60,0;0;0
2024-02;TMM-01-0612;1;1;1,3;13,08;30,0;0;0
2024-03;TMM-01-0612;1;1;1,3;13,08;30,0;0;0
2024-04;TMM-01-0612;1;1;1,3;13,08;30,0;0;0
2024-05;TMM-01-0612;2;1;1,3;26,16;60,0;0;0
2024-06;TMM-01-0612;1;1;1,3;13,08;30,0;0;0
2024-07;TMM-01-0612;1;1;1,3;13,08;30,0;0;0
2024-08;TMM-01-0612;1;1;1,3;13,08;30,0;0;0
2024-09;TMM-01-0612;1;1;1,3;13,08;30,0;0;0
2024-10;TMM-01-0612;1;1;1,3;13,08;30,0;0;0
2024-11;TMM-01-0612;1;1;1,3;13,08;30,0;0;0
2024-12;TMM-01-0612;2;1;1,3;26,16;60,0;0;0
2025-01;TMM-01-0612;2;1;1,3;26,16;60,0;0;0
2025-02;TMM-01-0612;1;1;1,3;13,08;30,0;0;0
2025-03;TMM-01-0612;1;1;1,3;13,08;30,0;0;0
2025-04;TMM-01-0612;1;1;1,3;13,08;30,0;0;0
2025-05;TMM-01-0612;0;1;1,3;0,0;0,0;1;0
2025-06;TMM-01-0612;1;1;1,3;13,08;30,0;0;0
2025-07;TMM-01-0612;2;1;1,3;26,16;60,0;0;0
2025-08;TMM-01-0612;2;1;1,3;26,16;60,0;0;0
2025-09;TMM-01-0612;1;1;1,3;13,08;30,0;0;0
2025-10;TMM-01-0612;1;1;1,3;13,08;30,0;0;0
2025-11;TMM-01-0612;2;1;1,3;26,16;60,0;0;0
2025-12;TMM-01-0612;2;1;1,3;26,16;60,0;0;0
2024-01;MI-MC-02-0495;0;1;1,1;0,0;0,0;1;0
2024-02;MI-MC-02-0495;0;1;1,1;0,0;0,0;1;0
2024-03;MI-MC-02-0495;0;1;1,1;0,0;0,0;1;0
2024-04;MI-MC-02-0495;0;1;1,1;0,0;0,0;1;0
2024-05;MI-MC-02-0495;1;1;1,1;61,46;300,0;0;1
2024-06;MI-MC-02-0495;0;1;1,1;0,0;0,0;1;0
2024-07;MI-MC-02-0495;1;1;1,1;61,46;300,0;0;1
2024-08;MI-MC-02-0495;1;1;1,1;61,46;300,0;0;1
2024-09;MI-MC-02-0495;0;1;1,1;0,0;0,0;1;0
2024-10;MI-MC-02-0495;1;1;1,1;61,46;300,0;0;1
2024-11;MI-MC-02-0495;0;1;1,1;0,0;0,0;1;0
2024-12;MI-MC-02-0495;0;1;1,1;0,0;0,0;1;0
2025-01;MI-MC-02-0495;0;1;1,1;0,0;0,0;1;0
2025-02;MI-MC-02-0495;0;1;1,1;0,0;0,0;1;0
2025-03;MI-MC-02-0495;0;1;1,1;0,0;0,0;1;0
2025-04;MI-MC-02-0495;1;1;1,1;61,46;300,0;0;1
2025-05;MI-MC-02-0495;0;1;1,1;0,0;0,0;1;0
2025-06;MI-MC-02-0495;1;1;1,1;61,46;300,0;0;1
2025-07;MI-MC-02-0495;0;1;1,1;0,0;0,0;1;0
2025-08;MI-MC-02-0495;0;1;1,1;0,0;0,0;1;0
2025-09;MI-MC-02-0495;0;1;1,1;0,0;0,0;1;0
2025-10;MI-MC-02-0495;1;1;1,1;61,46;300,0;0;1
2025-11;MI-MC-02-0495;1;1;1,1;61,46;300,0;0;1
2025-12;MI-MC-02-0495;1;1;1,1;61,46;300,0;0;1
2024-01;MT-01-0002;1;1;1,5;11,81;10,6;0;0
2024-02;MT-01-0002;1;1;1,5;11,81;10,6;0;0
2024-03;MT-01-0002;1;1;1,5;11,81;10,6;0;0
2024-04;MT-01-0002;1;1;1,5;11,81;10,6;0;0
2024-05;MT-01-0002;1;1;1,5;11,81;10,6;0;0
2024-06;MT-01-0002;2;1;1,5;23,62;21,2;0;0
2024-07;MT-01-0002;1;1;1,5;11,81;10,6;0;0
2024-08;MT-01-0002;0;1;1,5;0,0;0,0;1;0
2024-09;MT-01-0002;0;1;1,5;0,0;0,0;1;0
2024-10;MT-01-0002;1;1;1,5;11,81;10,6;0;0
2024-11;MT-01-0002;2;1;1,5;23,62;21,2;0;0
2024-12;MT-01-0002;2;1;1,5;23,62;21,2;0;0
2025-01;MT-01-0002;0;1;1,5;0,0;0,0;1;0
2025-02;MT-01-0002;1;1;1,5;11,81;10,6;0;0
2025-03;MT-01-0002;2;1;1,5;23,62;21,2;0;0
2025-04;MT-01-0002;1;1;1,5;11,81;10,6;0;0
2025-05;MT-01-0002;2;1;1,5;23,62;21,2;0;0
2025-06;MT-01-0002;2;1;1,5;23,62;21,2;0;0
2025-07;MT-01-0002;0;1;1,5;0,0;0,0;1;0
2025-08;MT-01-0002;2;1;1,5;23,62;21,2;0;0
2025-09;MT-01-0002;1;1;1,5;11,81;10,6;0;0
2025-10;MT-01-0002;0;1;1,5;0,0;0,0;1;0
2025-11;MT-01-0002;1;1;1,5;11,81;10,6;0;0
2025-12;MT-01-0002;1;1;1,5;11,81;10,6;0;0
2024-01;TMM-01-0570;1;1;1,1;9,88;34,3;0;0
2024-02;TMM-01-0570;0;1;1,1;0,0;0,0;1;0
2024-03;TMM-01-0570;1;1;1,1;9,88;34,3;0;0
2024-04;TMM-01-0570;1;1;1,1;9,88;34,3;0;0
2024-05;TMM-01-0570;1;1;1,1;9,88;34,3;0;0
2024-06;TMM-01-0570;1;1;1,1;9,88;34,3;0;0
2024-07;TMM-01-0570;0;1;1,1;0,0;0,0;1;0
2024-08;TMM-01-0570;1;1;1,1;9,88;34,3;0;0
2024-09;TMM-01-0570;1;1;1,1;9,88;34,3;0;0
2024-10;TMM-01-0570;0;1;1,1;0,0;0,0;1;0
2024-11;TMM-01-0570;1;1;1,1;9,88;34,3;0;0
2024-12;TMM-01-0570;0;1;1,1;0,0;0,0;1;0
2025-01;TMM-01-0570;1;1;1,1;9,88;34,3;0;0
2025-02;TMM-01-0570;0;1;1,1;0,0;0,0;1;0
2025-03;TMM-01-0570;1;1;1,1;9,88;34,3;0;0
2025-04;TMM-01-0570;0;1;1,1;0,0;0,0;1;0
2025-05;TMM-01-0570;1;1;1,1;9,88;34,3;0;0
2025-06;TMM-01-0570;1;1;1,1;9,88;34,3;0;0
2025-07;TMM-01-0570;0;1;1,1;0,0;0,0;1;0
2025-08;TMM-01-0570;1;1;1,1;9,88;34,3;0;0
2025-09;TMM-01-0570;1;1;1,1;9,88;34,3;0;0
2025-10;TMM-01-0570;1;1;1,1;9,88;34,3;0;0
2025-11;TMM-01-0570;1;1;1,1;9,88;34,3;0;0
2025-12;TMM-01-0570;0;1;1,1;0,0;0,0;1;0
2024-01;LOAD-08-0767;0;1;1,5;0,0;0,0;1;0
2024-02;LOAD-08-0767;1;1;1,5;14,83;28,8;0;0
2024-03;LOAD-08-0767;1;1;1,5;14,83;28,8;0;0
2024-04;LOAD-08-0767;0;1;1,5;0,0;0,0;1;0
2024-05;LOAD-08-0767;3;1;1,5;44,49;86,4;0;0
2024-06;LOAD-08-0767;0;1;1,5;0,0;0,0;1;0
2024-07;LOAD-08-0767;2;1;1,5;29,66;57,6;0;0
2024-08;LOAD-08-0767;2;1;1,5;29,66;57,6;0;0
2024-09;LOAD-08-0767;2;1;1,5;29,66;57,6;0;0
2024-10;LOAD-08-0767;1;1;1,5;14,83;28,8;0;0
2024-11;LOAD-08-0767;0;1;1,5;0,0;0,0;1;0
2024-12;LOAD-08-0767;2;1;1,5;29,66;57,6;0;0
2025-01;LOAD-08-0767;0;1;1,5;0,0;0,0;1;0
2025-02;LOAD-08-0767;0;1;1,5;0,0;0,0;1;0
2025-03;LOAD-08-0767;1;1;1,5;14,83;28,8;0;0
2025-04;LOAD-08-0767;1;1;1,5;14,83;28,8;0;0
2025-05;LOAD-08-0767;1;1;1,5;14,83;28,8;0;0
2025-06;LOAD-08-0767;0;1;1,5;0,0;0,0;1;0
2025-07;LOAD-08-0767;1;1;1,5;14,83;28,8;0;0
2025-08;LOAD-08-0767;1;1;1,5;14,83;28,8;0;0
2025-09;LOAD-08-0767;0;1;1,5;0,0;0,0;1;0
2025-10;LOAD-08-0767;1;1;1,5;14,83;28,8;0;0
2025-11;LOAD-08-0767;2;1;1,5;29,66;57,6;0;0
2025-12;LOAD-08-0767;0;1;1,5;0,0;0,0;1;0
2024-01;LOAD-M-08-0860;1;1;1,3;10,86;90,0;0;0
2024-02;LOAD-M-08-0860;0;1;1,3;0,0;0,0;1;0
2024-03;LOAD-M-08-0860;0;1;1,3;0,0;0,0;1;0
2024-04;LOAD-M-08-0860;1;1;1,3;10,86;90,0;0;0
2024-05;LOAD-M-08-0860;1;1;1,3;10,86;90,0;0;0
2024-06;LOAD-M-08-0860;1;1;1,3;10,86;90,0;0;0
2024-07;LOAD-M-08-0860;2;1;1,3;21,71;180,0;0;0
2024-08;LOAD-M-08-0860;1;1;1,3;10,86;90,0;0;0
2024-09;LOAD-M-08-0860;0;1;1,3;0,0;0,0;1;0
2024-10;LOAD-M-08-0860;0;1;1,3;0,0;0,0;1;0
2024-11;LOAD-M-08-0860;1;1;1,3;10,86;90,0;0;0
2024-12;LOAD-M-08-0860;2;1;1,3;21,71;180,0;0;0
2025-01;LOAD-M-08-0860;1;1;1,3;10,86;90,0;0;0
2025-02;LOAD-M-08-0860;0;1;1,3;0,0;0,0;1;0
2025-03;LOAD-M-08-0860;0;1;1,3;0,0;0,0;1;0
2025-04;LOAD-M-08-0860;2;1;1,3;21,71;180,0;0;0
2025-05;LOAD-M-08-0860;1;1;1,3;10,86;90,0;0;0
2025-06;LOAD-M-08-0860;1;1;1,3;10,86;90,0;0;0
2025-07;LOAD-M-08-0860;2;1;1,3;21,71;180,0;0;0
2025-08;LOAD-M-08-0860;1;1;1,3;10,86;90,0;0;0
2025-09;LOAD-M-08-0860;1;1;1,3;10,86;90,0;0;0
2025-10;LOAD-M-08-0860;1;1;1,3;10,86;90,0;0;0
2025-11;LOAD-M-08-0860;0;1;1,3;0,0;0,0;1;0
2025-12;LOAD-M-08-0860;1;1;1,3;10,86;90,0;0;0
2024-01;MRT-08-0386;1;1;1,0;29,61;90,0;0;0
2024-02;MRT-08-0386;1;1;1,0;29,61;90,0;0;0
2024-03;MRT-08-0386;1;1;1,0;29,61;90,0;0;0
2024-04;MRT-08-0386;0;1;1,0;0,0;0,0;1;0
2024-05;MRT-08-0386;0;1;1,0;0,0;0,0;1;0
2024-06;MRT-08-0386;1;1;1,0;29,61;90,0;0;0
2024-07;MRT-08-0386;1;1;1,0;29,61;90,0;0;0
2024-08;MRT-08-0386;0;1;1,0;0,0;0,0;1;0
2024-09;MRT-08-0386;0;1;1,0;0,0;0,0;1;0
2024-10;MRT-08-0386;1;1;1,0;29,61;90,0;0;0
2024-11;MRT-08-0386;0;1;1,0;0,0;0,0;1;0
2024-12;MRT-08-0386;1;1;1,0;29,61;90,0;0;0
2025-01;MRT-08-0386;0;1;1,0;0,0;0,0;1;0
2025-02;MRT-08-0386;0;1;1,0;0,0;0,0;1;0
2025-03;MRT-08-0386;0;1;1,0;0,0;0,0;1;0
2025-04;MRT-08-0386;0;1;1,0;0,0;0,0;1;0
2025-05;MRT-08-0386;0;1;1,0;0,0;0,0;1;0
2025-06;MRT-08-0386;1;1;1,0;29,61;90,0;0;0
2025-07;MRT-08-0386;0;1;1,0;0,0;0,0;1;0
2025-08;MRT-08-0386;1;1;1,0;29,61;90,0;0;0
2025-09;MRT-08-0386;1;1;1,0;29,61;90,0;0;0
2025-10;MRT-08-0386;0;1;1,0;0,0;0,0;1;0
2025-11;MRT-08-0386;0;1;1,0;0,0;0,0;1;0
2025-12;MRT-08-0386;0;1;1,0;0,0;0,0;1;0
2024-01;MT-08-0078;0;1;1,4;0,0;0,0;1;0
2024-02;MT-08-0078;2;1;1,4;13,91;62,6;0;0
2024-03;MT-08-0078;0;1;1,4;0,0;0,0;1;0
2024-04;MT-08-0078;1;1;1,4;6,96;31,3;0;0
2024-05;MT-08-0078;2;1;1,4;13,91;62,6;0;0
2024-06;MT-08-0078;1;1;1,4;6,96;31,3;0;0
2024-07;MT-08-0078;1;1;1,4;6,96;31,3;0;0
2024-08;MT-08-0078;0;1;1,4;0,0;0,0;1;0
2024-09;MT-08-0078;1;1;1,4;6,96;31,3;0;0
2024-10;MT-08-0078;0;1;1,4;0,0;0,0;1;0
2024-11;MT-08-0078;1;1;1,4;6,96;31,3;0;0
2024-12;MT-08-0078;1;1;1,4;6,96;31,3;0;0
2025-01;MT-08-0078;0;1;1,4;0,0;0,0;1;0
2025-02;MT-08-0078;0;1;1,4;0,0;0,0;1;0
2025-03;MT-08-0078;1;1;1,4;6,96;31,3;0;0
2025-04;MT-08-0078;2;1;1,4;13,91;62,6;0;0
2025-05;MT-08-0078;1;1;1,4;6,96;31,3;0;0
2025-06;MT-08-0078;1;1;1,4;6,96;31,3;0;0
2025-07;MT-08-0078;0;1;1,4;0,0;0,0;1;0
2025-08;MT-08-0078;0;1;1,4;0,0;0,0;1;0
2025-09;MT-08-0078;0;1;1,4;0,0;0,0;1;0
2025-10;MT-08-0078;2;1;1,4;13,91;62,6;0;0
2025-11;MT-08-0078;0;1;1,4;0,0;0,0;1;0
2025-12;MT-08-0078;2;1;1,4;13,91;62,6;0;0
2024-01;MT-08-0058;0;1;1,1;0,0;0,0;1;0
2024-02;MT-08-0058;1;1;1,1;14,24;55,4;0;0
2024-03;MT-08-0058;1;1;1,1;14,24;55,4;0;0
2024-04;MT-08-0058;0;1;1,1;0,0;0,0;1;0
2024-05;MT-08-0058;2;1;1,1;28,48;110,8;0;0
2024-06;MT-08-0058;0;1;1,1;0,0;0,0;1;0
2024-07;MT-08-0058;0;1;1,1;0,0;0,0;1;0
2024-08;MT-08-0058;1;1;1,1;14,24;55,4;0;0
2024-09;MT-08-0058;0;1;1,1;0,0;0,0;1;0
2024-10;MT-08-0058;1;1;1,1;14,24;55,4;0;0
2024-11;MT-08-0058;0;1;1,1;0,0;0,0;1;0
2024-12;MT-08-0058;0;1;1,1;0,0;0,0;1;0
2025-01;MT-08-0058;0;1;1,1;0,0;0,0;1;0
2025-02;MT-08-0058;0;1;1,1;0,0;0,0;1;0
2025-03;MT-08-0058;1;1;1,1;14,24;55,4;0;0
2025-04;MT-08-0058;1;1;1,1;14,24;55,4;0;0
2025-05;MT-08-0058;1;1;1,1;14,24;55,4;0;0
2025-06;MT-08-0058;0;1;1,1;0,0;0,0;1;0
2025-07;MT-08-0058;0;1;1,1;0,0;0,0;1;0
2025-08;MT-08-0058;0;1;1,1;0,0;0,0;1;0
2025-09;MT-08-0058;1;1;1,1;14,24;55,4;0;0
2025-10;MT-08-0058;1;1;1,1;14,24;55,4;0;0
2025-11;MT-08-0058;1;1;1,1;14,24;55,4;0;0
2025-12;MT-08-0058;1;1;1,1;14,24;55,4;0;0
2024-01;LOAD-08-0778;0;1;1,1;0,0;0,0;1;0
2024-02;LOAD-08-0778;1;1;1,1;17,97;240,0;0;1
2024-03;LOAD-08-0778;1;1;1,1;17,97;240,0;0;1
2024-04;LOAD-08-0778;1;1;1,1;17,97;240,0;0;1
2024-05;LOAD-08-0778;1;1;1,1;17,97;240,0;0;1
2024-06;LOAD-08-0778;1;1;1,1;17,97;240,0;0;1
2024-07;LOAD-08-0778;0;1;1,1;0,0;0,0;1;0
2024-08;LOAD-08-0778;0;1;1,1;0,0;0,0;1;0
2024-09;LOAD-08-0778;1;1;1,1;17,97;240,0;0;1
2024-10;LOAD-08-0778;1;1;1,1;17,97;240,0;0;1
2024-11;LOAD-08-0778;0;1;1,1;0,0;0,0;1;0
2024-12;LOAD-08-0778;0;1;1,1;0,0;0,0;1;0
2025-01;LOAD-08-0778;0;1;1,1;0,0;0,0;1;0
2025-02;LOAD-08-0778;1;1;1,1;17,97;240,0;0;1
2025-03;LOAD-08-0778;0;1;1,1;0,0;0,0;1;0
2025-04;LOAD-08-0778;1;1;1,1;17,97;240,0;0;1
2025-05;LOAD-08-0778;1;1;1,1;17,97;240,0;0;1
2025-06;LOAD-08-0778;1;1;1,1;17,97;240,0;0;1
2025-07;LOAD-08-0778;0;1;1,1;0,0;0,0;1;0
2025-08;LOAD-08-0778;0;1;1,1;0,0;0,0;1;0
2025-09;LOAD-08-0778;1;1;1,1;17,97;240,0;0;1
2025-10;LOAD-08-0778;1;1;1,1;17,97;240,0;0;1
2025-11;LOAD-08-0778;0;1;1,1;0,0;0,0;1;0
2025-12;LOAD-08-0778;0;1;1,1;0,0;0,0;1;0
2024-01;MLT-01-0320;0;1;1,2;0,0;0,0;1;0
2024-02;MLT-01-0320;1;1;1,2;11,04;28,8;0;0
2024-03;MLT-01-0320;1;1;1,2;11,04;28,8;0;0
2024-04;MLT-01-0320;1;1;1,2;11,04;28,8;0;0
2024-05;MLT-01-0320;1;1;1,2;11,04;28,8;0;0
2024-06;MLT-01-0320;0;1;1,2;0,0;0,0;1;0
2024-07;MLT-01-0320;1;1;1,2;11,04;28,8;0;0
2024-08;MLT-01-0320;0;1;1,2;0,0;0,0;1;0
2024-09;MLT-01-0320;0;1;1,2;0,0;0,0;1;0
2024-10;MLT-01-0320;0;1;1,2;0,0;0,0;1;0
2024-11;MLT-01-0320;1;1;1,2;11,04;28,8;0;0
2024-12;MLT-01-0320;0;1;1,2;0,0;0,0;1;0
2025-01;MLT-01-0320;1;1;1,2;11,04;28,8;0;0
2025-02;MLT-01-0320;2;1;1,2;22,08;57,6;0;0
2025-03;MLT-01-0320;1;1;1,2;11,04;28,8;0;0
2025-04;MLT-01-0320;0;1;1,2;0,0;0,0;1;0
2025-05;MLT-01-0320;2;1;1,2;22,08;57,6;0;0
2025-06;MLT-01-0320;0;1;1,2;0,0;0,0;1;0
2025-07;MLT-01-0320;1;1;1,2;11,04;28,8;0;0
2025-08;MLT-01-0320;1;1;1,2;11,04;28,8;0;0
2025-09;MLT-01-0320;1;1;1,2;11,04;28,8;0;0
2025-10;MLT-01-0320;1;1;1,2;11,04;28,8;0;0
2025-11;MLT-01-0320;1;1;1,2;11,04;28,8;0;0
2025-12;MLT-01-0320;0;1;1,2;0,0;0,0;1;0
2024-01;AWP-01-0638;0;1;1,0;0,0;0,0;1;0
2024-02;AWP-01-0638;1;1;1,0;33,64;180,0;0;0
2024-03;AWP-01-0638;1;1;1,0;33,64;180,0;0;0
2024-04;AWP-01-0638;0;1;1,0;0,0;0,0;1;0
2024-05;AWP-01-0638;1;1;1,0;33,64;180,0;0;0
2024-06;AWP-01-0638;0;1;1,0;0,0;0,0;1;0
2024-07;AWP-01-0638;1;1;1,0;33,64;180,0;0;0
2024-08;AWP-01-0638;1;1;1,0;33,64;180,0;0;0
2024-09;AWP-01-0638;1;1;1,0;33,64;180,0;0;0
2024-10;AWP-01-0638;0;1;1,0;0,0;0,0;1;0
2024-11;AWP-01-0638;1;1;1,0;33,64;180,0;0;0
2024-12;AWP-01-0638;1;1;1,0;33,64;180,0;0;0
2025-01;AWP-01-0638;0;1;1,0;0,0;0,0;1;0
2025-02;AWP-01-0638;1;1;1,0;33,64;180,0;0;0
2025-03;AWP-01-0638;0;1;1,0;0,0;0,0;1;0
2025-04;AWP-01-0638;1;1;1,0;33,64;180,0;0;0
2025-05;AWP-01-0638;1;1;1,0;33,64;180,0;0;0
2025-06;AWP-01-0638;1;1;1,0;33,64;180,0;0;0
2025-07;AWP-01-0638;1;1;1,0;33,64;180,0;0;0
2025-08;AWP-01-0638;1;1;1,0;33,64;180,0;0;0
2025-09;AWP-01-0638;1;1;1,0;33,64;180,0;0;0
2025-10;AWP-01-0638;1;1;1,0;33,64;180,0;0;0
2025-11;AWP-01-0638;0;1;1,0;0,0;0,0;1;0
2025-12;AWP-01-0638;0;1;1,0;0,0;0,0;1;0
2024-01;MT-08-0069;1;1;1,1;8,5;42,4;0;0
2024-02;MT-08-0069;1;1;1,1;8,5;42,4;0;0
2024-03;MT-08-0069;1;1;1,1;8,5;42,4;0;0
2024-04;MT-08-0069;0;1;1,1;0,0;0,0;1;0
2024-05;MT-08-0069;1;1;1,1;8,5;42,4;0;0
2024-06;MT-08-0069;0;1;1,1;0,0;0,0;1;0
2024-07;MT-08-0069;1;1;1,1;8,5;42,4;0;0
2024-08;MT-08-0069;0;1;1,1;0,0;0,0;1;0
2024-09;MT-08-0069;1;1;1,1;8,5;42,4;0;0
2024-10;MT-08-0069;1;1;1,1;8,5;42,4;0;0
2024-11;MT-08-0069;0;1;1,1;0,0;0,0;1;0
2024-12;MT-08-0069;1;1;1,1;8,5;42,4;0;0
2025-01;MT-08-0069;1;1;1,1;8,5;42,4;0;0
2025-02;MT-08-0069;1;1;1,1;8,5;42,4;0;0
2025-03;MT-08-0069;0;1;1,1;0,0;0,0;1;0
2025-04;MT-08-0069;1;1;1,1;8,5;42,4;0;0
2025-05;MT-08-0069;1;1;1,1;8,5;42,4;0;0
2025-06;MT-08-0069;0;1;1,1;0,0;0,0;1;0
2025-07;MT-08-0069;0;1;1,1;0,0;0,0;1;0
2025-08;MT-08-0069;1;1;1,1;8,5;42,4;0;0
2025-09;MT-08-0069;1;1;1,1;8,5;42,4;0;0
2025-10;MT-08-0069;0;1;1,1;0,0;0,0;1;0
2025-11;MT-08-0069;1;1;1,1;8,5;42,4;0;0
2025-12;MT-08-0069;0;1;1,1;0,0;0,0;1;0
